,ABB.NS,ACC.NS,ADANIENT.NS,ADANIGREEN.NS,ADANIPORTS.NS,AMBUJACEM.NS,APOLLOHOSP.NS,AXISBANK.NS,BAJAJ-AUTO.NS,BAJAJFINSV.NS,BAJFINANCE.NS,BANDHANBNK.NS,BHARTIARTL.NS,BPCL.NS,BRITANNIA.NS,CHOLAFIN.NS,CIPLA.NS,COALINDIA.NS,COLPAL.NS,DABUR.NS,DIVISLAB.NS,DLF.NS,DRREDDY.NS,EICHERMOT.NS,FEDERALBNK.NS,GAIL.NS,GODREJCP.NS,GRASIM.NS,HAVELLS.NS,HCLTECH.NS,HDFCBANK.NS,HDFCLIFE.NS,HEROMOTOCO.NS,HINDALCO.NS,HINDUNILVR.NS,ICICIBANK.NS,ICICIGI.NS,IDEA.NS,INDUSINDBK.NS,INFY.NS,IOC.NS,ITC.NS,JSWSTEEL.NS,KOTAKBANK.NS,LT.NS,M&M.NS,MARUTI.NS,MPHASIS.NS,NESTLEIND.NS,NMDC.NS,NTPC.NS,ONGC.NS,PERSISTENT.NS,POWERGRID.NS,RELIANCE.NS,SBILIFE.NS,SBIN.NS,SHREECEM.NS,SIEMENS.NS,SUNPHARMA.NS,TATACONSUM.NS,TATASTEEL.NS,TCS.NS,TECHM.NS,TITAN.NS,TVSMOTOR.NS,ULTRACEMCO.NS,VEDL.NS,WIPRO.NS
2021-06-28,1769.7406005859375,1960.553466796875,1521.3726806640625,1119.8499755859375,697.2089233398438,331.3555908203125,3409.569580078125,759.2299194335938,3607.57763671875,1235.011474609375,591.3673095703125,337.5668640136719,509.605712890625,166.2179718017578,3453.499267578125,518.2490844726562,918.9877319335938,97.12261962890624,1488.3280029296875,537.7518920898438,4185.12744140625,283.40252685546875,1047.405517578125,2612.74853515625,83.49520874023438,82.65477752685547,830.752197265625,1476.915771484375,960.7418212890624,804.2980346679688,702.7136840820312,683.2696533203125,2478.809326171875,368.94580078125,2255.837890625,628.9620361328125,1537.109619140625,10.449999809265137,972.723388671875,1368.9947509765625,54.53879165649414,160.3126678466797,658.2325439453125,345.16796875,1423.2247314453125,756.9963989257812,7280.5322265625,1835.15478515625,832.0671997070312,34.62522888183594,96.80814361572266,89.5499496459961,1302.716064453125,100.80223846435548,944.7868041992188,992.8339233398438,390.3683776855469,27814.52734375,1158.406005859375,643.7027587890625,734.5889282226562,102.1032257080078,2908.176513671875,927.5602416992188,1701.5843505859375,607.6165161132812,6683.89208984375,128.3725128173828,252.8712310791016
2021-06-29,1749.2542724609375,1962.56103515625,1519.178955078125,1126.300048828125,692.0985107421875,331.4036560058594,3544.801513671875,748.8234252929688,3556.871337890625,1227.22900390625,592.8709106445312,326.9540100097656,503.60980224609375,165.89773559570312,3443.98779296875,513.993408203125,934.7804565429688,95.3411865234375,1488.8631591796875,538.0363159179688,4225.626953125,277.27203369140625,1052.9970703125,2579.046142578125,82.6827163696289,81.92713928222656,838.441162109375,1460.1126708984375,947.6712036132812,802.9103393554688,702.8073120117188,673.749755859375,2465.209716796875,361.1770324707031,2285.500732421875,619.0966796875,1521.289794921875,10.100000381469728,981.6417236328124,1361.3736572265625,53.21037292480469,160.076416015625,649.287109375,339.7506408691406,1419.888427734375,745.643798828125,7176.30224609375,1868.06298828125,836.4923095703125,34.520652770996094,98.01667785644533,87.39078521728516,1355.8662109375,102.6065444946289,945.60205078125,990.1589965820312,385.5659484863281,27563.9609375,1147.3486328125,644.93994140625,727.2971801757812,101.11581420898438,2911.74951171875,913.33349609375,1705.0797119140625,598.5739135742188,6640.35107421875,127.77322387695312,250.6538543701172
2021-06-30,1768.176025390625,1925.9970703125,1503.224853515625,1124.9000244140625,684.9925537109375,327.79522705078125,3573.131591796875,745.1885375976562,3564.804931640625,1208.1868896484375,589.2905883789062,321.5502319335937,504.2812805175781,166.55596923828125,3436.9248046875,507.956298828125,927.4329223632812,96.75975799560548,1503.3544921875,539.3640747070312,4276.16650390625,271.3829040527344,1051.049072265625,2546.677490234375,83.25624084472656,80.66050720214844,831.2297973632812,1455.693359375,949.0266723632812,802.8287963867188,700.8656005859375,675.5411987304688,2444.241943359375,359.0538330078125,2266.015869140625,610.1986083984375,1506.96044921875,9.949999809265137,979.9061279296876,1376.8336181640625,53.08736801147461,159.60397338867188,647.393798828125,339.7506408691406,1410.1619873046875,741.9232788085938,7203.521484375,1911.0899658203125,838.0963134765625,35.005516052246094,97.01651763916016,86.14653778076172,1416.7777099609375,101.04138946533205,955.9512329101562,998.828125,383.4620666503906,26946.88671875,1163.9346923828125,642.8937377929688,723.7953491210938,100.60272979736328,2916.0205078125,919.460693359375,1705.9659423828125,606.5900268554688,6592.96630859375,126.02320861816406,252.0627899169922
2021-07-01,1753.9969482421875,1908.0255126953125,1486.9307861328125,1068.699951171875,684.4085083007812,327.4584045410156,3630.974853515625,743.3463134765625,3625.7724609375,1178.992431640625,584.520263671875,317.70428466796875,501.40325927734375,164.65240478515625,3386.2138671875,500.9295043945313,933.34912109375,96.09994506835938,1523.3302001953125,559.2791748046875,4302.79345703125,270.56231689453125,1077.3009033203125,2550.63427734375,82.87079620361328,82.46613311767578,848.2316284179688,1457.198974609375,957.5466918945312,804.46142578125,695.6484375,674.9998168945312,2460.99951171875,366.1471252441406,2272.158935546875,610.1502685546875,1499.0750732421875,9.050000190734863,971.56640625,1359.065673828125,52.91517639160156,159.8402099609375,644.22265625,341.79205322265625,1402.4090576171875,743.5927734375,7269.1748046875,1944.75927734375,838.7237548828125,35.07206726074219,97.80831909179688,86.98822784423828,1427.1666259765625,100.34573364257812,950.19921875,997.5896606445312,384.5596923828125,26511.25,1163.2435302734375,651.1743774414062,725.3783569335938,100.33970642089844,2912.31591796875,910.8154296875,1713.646484375,610.3048706054688,6526.07373046875,126.04721069335938,249.15249633789065
2021-07-02,1747.592041015625,1899.6611328125,1418.8826904296875,1015.2999877929688,691.514404296875,326.4480285644531,3685.01806640625,747.52880859375,3600.592529296875,1172.407470703125,587.5177001953125,313.1767883300781,503.6577453613281,164.65240478515625,3338.6572265625,504.8388366699219,934.3988037109376,97.41954040527344,1506.6986083984375,559.94287109375,4384.228515625,274.0378723144531,1080.634521484375,2537.0009765625,82.1962661743164,81.54983520507812,851.2881469726562,1446.951904296875,954.2064208984376,803.7674560546875,692.6773071289062,676.722412109375,2458.76806640625,362.91412353515625,2280.686767578125,619.2418212890625,1493.9298095703125,8.800000190734863,973.4464721679688,1365.5108642578125,53.35797500610352,159.3677978515625,635.4664306640625,341.60284423828125,1396.1595458984375,746.5977783203125,7259.06298828125,1929.6707763671875,836.6229858398438,34.78684997558594,97.9333267211914,86.69546508789062,1412.2701416015625,99.10661315917967,964.284912109375,997.8869018554688,388.21868896484375,26467.11328125,1163.2147216796875,648.4141845703125,732.6220703125,97.96390533447266,2898.32763671875,914.3826293945312,1727.8751220703125,598.2805786132812,6538.3818359375,125.6396484375,248.8060607910156
2021-07-05,1734.488525390625,1895.359619140625,1391.2442626953125,964.5499877929688,691.1737060546875,327.4584045410156,3670.113037109375,757.1884765625,3623.142578125,1189.6336669921875,594.8594360351562,314.0530700683594,502.65045166015625,163.56715393066406,3318.175048828125,513.64697265625,930.104736328125,98.90409088134766,1503.4881591796875,557.3350219726562,4423.32080078125,283.54736328125,1073.308349609375,2575.1845703125,84.0753173828125,82.00798034667969,883.5249633789062,1446.9033203125,989.8361206054688,799.7675170898438,699.7191772460938,667.2728881835938,2474.093505859375,375.9425354003906,2291.46044921875,626.5924682617188,1506.6241455078125,9.100000381469728,983.9556274414062,1375.2220458984375,53.530181884765625,160.35202026367188,643.0656127929688,344.77960205078125,1417.1162109375,755.3269653320312,7283.59912109375,1893.180419921875,838.4931640625,33.32274627685547,98.85013580322266,88.52526092529297,1399.832275390625,100.12834930419922,973.8640747070312,1000.5122680664062,395.7654113769531,26440.369140625,1167.87939453125,647.4147338867188,735.2124633789062,99.7619171142578,2894.448974609375,902.002197265625,1723.0994873046875,597.6451416015625,6538.33349609375,130.62594604492188,247.7666778564453
2021-07-06,1718.8426513671875,1933.6920166015625,1411.648681640625,1012.75,693.7533569335938,338.5725402832031,3658.416015625,755.19677734375,3617.88232421875,1206.365966796875,607.5643310546875,311.959716796875,504.7130126953125,162.98007202148438,3313.89013671875,515.8244018554688,924.7609252929688,97.32056427001952,1500.500732421875,561.2232055664062,4388.642578125,280.8441162109375,1073.6087646484375,2584.813720703125,83.73805236816406,81.03778839111328,921.01513671875,1454.236572265625,988.9163208007812,793.4820556640625,718.0841674804688,669.38916015625,2458.262939453125,371.8892822265625,2267.115478515625,628.9620361328125,1508.3551025390625,8.800000190734863,994.0791625976562,1360.6334228515625,53.3333740234375,159.446533203125,643.447998046875,349.60943603515625,1414.8138427734375,745.9301147460938,7202.61083984375,1904.5528564453125,830.3536987304688,32.219905853271484,98.05834197998048,88.92781829833984,1404.60498046875,99.47618865966795,962.3599243164062,1013.6893920898438,393.1125793457031,27206.0234375,1168.28271484375,640.7998046875,731.66259765625,100.65877532958984,2843.288330078125,880.9346923828125,1735.8018798828125,594.6146240234375,6745.7734375,129.73895263671875,246.0343475341797
2021-07-07,1703.5389404296875,1946.7884521484373,1422.4747314453125,1017.0499877929688,700.95654296875,343.96124267578125,3667.6455078125,759.7278442382812,3611.71630859375,1234.637451171875,607.1920776367188,312.1057434082031,508.0707702636719,163.85182189941406,3316.103271484375,513.59765625,921.0393676757812,97.35356903076172,1538.4903564453125,563.6888427734375,4416.14208984375,284.70587158203125,1077.9986572265625,2584.52783203125,83.15988159179688,80.82220458984375,919.7256469726562,1450.934326171875,988.9163208007812,796.1759643554688,720.3300170898438,674.45849609375,2453.294677734375,379.8993225097656,2275.505859375,632.5407104492188,1528.2139892578125,8.850000381469727,1007.4324340820312,1362.7235107421875,53.11197280883789,160.43075561523438,659.9369506835938,350.8940124511719,1425.1041259765625,743.0680541992188,7139.78515625,1946.4605712890625,842.0864868164062,31.991737365722656,97.89165496826172,87.75676727294922,1356.0589599609375,100.41094207763672,955.679443359375,1005.0203247070312,395.9483337402344,26988.423828125,1158.5499267578125,647.319580078125,732.0943603515625,105.09129333496094,2854.313720703125,877.8710327148438,1700.79638671875,590.8020629882812,6738.0390625,130.53004455566406,245.82650756835935
2021-07-08,1665.5489501953125,1940.0489501953125,1422.72412109375,1028.6500244140625,692.77978515625,347.13671875,3624.015869140625,751.2632446289062,3637.6337890625,1230.919921875,600.2457275390625,305.82568359375,503.9455871582031,163.033447265625,3287.89892578125,509.04498291015625,907.1551513671876,96.4958267211914,1552.0899658203125,565.301025390625,4375.3525390625,277.8995361328125,1059.5185546875,2602.1181640625,82.91897583007812,80.14845275878906,919.5346069335938,1433.06298828125,995.7904663085938,797.3595581054688,711.4165649414062,670.61962890625,2442.38916015625,369.7178649902344,2244.23828125,620.837646484375,1509.0762939453125,8.800000190734863,1007.9627685546876,1359.3702392578125,52.91517639160156,159.05279541015625,638.7642211914062,345.01861572265625,1410.302978515625,740.5399169921875,7093.5888671875,1948.878173828125,837.4262084960938,31.7730712890625,97.89165496826172,85.67078399658203,1349.3819580078125,100.49790954589844,947.7760620117188,1012.1536865234376,388.2644653320313,27022.51953125,1159.5577392578125,634.7557983398438,732.334228515625,102.59906768798828,2839.976318359375,889.8316650390625,1699.9102783203125,585.4743041992188,6715.4658203125,126.8382797241211,245.2952423095703
2021-07-09,1675.5233154296875,1947.45751953125,1428.161865234375,1019.4000244140624,709.1331787109375,349.8791809082031,3677.8125,744.242431640625,3565.01123046875,1282.900390625,602.0460205078125,308.4058532714844,514.450439453125,162.5708770751953,3273.349365234375,513.9439086914062,915.8864135742188,96.79273986816406,1537.42041015625,564.8268432617188,4461.8798828125,289.96746826171875,1063.1304931640625,2585.766845703125,82.48534393310547,79.3130111694336,922.352294921875,1457.05322265625,990.8043212890624,797.4004516601562,702.7838745117188,672.5390625,2439.357666015625,376.4250793457031,2247.814697265625,617.59765625,1508.4993896484375,9.050000190734863,1002.659912109375,1361.242919921875,52.79216766357422,158.54103088378906,651.4773559570312,342.5788269042969,1409.269287109375,736.05615234375,7117.07080078125,1996.2484130859373,838.2389526367188,31.85863304138184,98.18338012695312,86.29291534423828,1337.8363037109375,100.10661315917967,938.0836181640624,1010.1721801757812,387.6241455078125,26945.072265625,1153.0498046875,635.7075805664062,734.8767700195312,106.87637329101562,2796.093505859375,882.7811889648438,1694.2481689453125,586.2564086914062,6713.17919921875,130.19439697265625,242.89309692382807
2021-07-12,1687.74658203125,1980.9625244140625,1417.535400390625,1004.2000122070312,698.9610595703125,357.7216186523437,3699.03515625,750.4664916992188,3529.5478515625,1288.3046875,603.3607788085938,307.3348693847656,508.1187438964844,160.47158813476562,3268.123046875,511.2222900390625,915.9342041015624,96.59478759765624,1545.0450439453125,562.5034790039062,4451.2578125,300.2010803222656,1069.750244140625,2583.24072265625,86.24343872070312,79.09740447998047,914.090087890625,1492.0191650390625,1009.3452758789062,799.5225830078125,695.7653198242188,672.2437133789062,2440.536376953125,374.7844848632813,2241.120849609375,625.0449829101562,1524.2711181640625,9.0,1011.6747436523438,1348.1348876953125,52.74297332763672,158.3441925048828,663.8081665039062,344.9488830566406,1410.35009765625,737.2963256835938,7159.6259765625,1983.5325927734373,838.4954833984375,31.49736213684082,98.22503662109376,86.76866912841797,1337.3780517578125,99.56314086914062,943.92626953125,1023.8941040039062,391.0086975097656,27466.478515625,1158.0604248046875,636.3262329101562,744.4231567382812,105.80705261230467,2782.976806640625,886.8519897460938,1693.5096435546875,587.18505859375,6902.13330078125,129.90675354003906,242.91616821289065
2021-07-13,1747.494140625,1992.9117431640625,1414.542236328125,989.2000122070312,685.2845458984375,355.0272827148437,3701.897705078125,767.5452270507812,3538.4248046875,1288.3543701171875,603.8268432617188,308.6005859375,508.5025329589844,160.2047119140625,3282.3427734375,512.6077880859375,921.4688110351562,97.7164535522461,1540.3634033203125,558.7100830078125,4468.03955078125,303.3387451171875,1058.6134033203125,2580.57080078125,86.0025405883789,80.20235443115234,900.2880249023438,1531.3555908203125,999.7117919921876,790.1353149414062,702.7136840820312,682.5299072265625,2445.5048828125,378.5482482910156,2234.290283203125,643.1314086914062,1484.0726318359375,8.850000381469727,1018.0380249023438,1345.609130859375,53.038177490234375,158.93470764160156,670.4514770507812,347.97625732421875,1422.4259033203125,745.2145385742188,7121.52734375,1961.9071044921875,840.8958129882812,32.666744232177734,99.93367767333984,88.12271118164062,1331.0975341796875,99.41098022460938,950.9917602539062,1042.9166259765625,392.51806640625,27501.2109375,1155.7567138671875,650.0797119140625,741.4967651367188,105.96226501464844,2778.139404296875,881.4383544921875,1697.8424072265625,596.325439453125,6936.28515625,130.00265502929688,242.4542388916016
2021-07-14,1765.5357666015625,1989.8050537109373,1398.9271240234375,979.7000122070312,678.7140502929688,358.9244384765625,3706.33935546875,766.8480834960938,3527.495849609375,1296.51806640625,601.8252563476562,309.5255432128906,508.5025329589844,159.65322875976562,3282.578369140625,508.1543273925781,932.442626953125,97.74943542480467,1541.1656494140625,555.058837890625,4484.67626953125,301.0216369628906,1049.6085205078125,2574.183349609375,86.58070373535156,79.6903076171875,897.9956665039062,1522.759765625,990.1749877929688,807.685791015625,701.4503173828125,677.7067260742188,2442.641845703125,377.9692077636719,2214.254638671875,642.5509643554688,1472.965087890625,8.800000190734863,1014.856201171875,1373.4365234375,52.69377136230469,160.70632934570312,669.4956665039062,348.1754150390625,1451.6524658203125,749.9844970703125,7022.2333984375,2127.164306640625,833.6618041992188,32.71428298950195,100.64212036132812,88.41547393798828,1346.31591796875,99.9761962890625,944.7868041992188,1042.6688232421875,394.3017578125,27838.52734375,1152.1285400390625,652.8875732421875,737.0354614257812,107.33773803710938,2801.671875,905.2337036132812,1684.1552734375,599.3558959960938,6925.7763671875,130.2903289794922,259.47711181640625
2021-07-15,1739.67138671875,2019.343017578125,1404.8138427734375,995.7999877929688,680.5147705078125,371.6263427734375,3713.792236328125,770.9310913085938,3515.13916015625,1293.2996826171875,601.4131469726562,311.2781677246094,504.0894775390625,159.0661163330078,3259.129638671875,508.5006103515625,929.0550537109376,96.79273986816406,1561.3642578125,554.2529296875,4469.251953125,311.4483642578125,1050.1534423828125,2543.197998046875,85.18346405029297,77.83078002929688,905.7801513671876,1512.512939453125,1006.7794799804688,848.7454223632812,711.5335693359375,682.7760009765625,2429.12646484375,387.4269104003906,2211.96240234375,645.5493774414062,1488.6405029296875,8.75,1017.2667236328124,1376.8336181640625,52.30016326904297,162.39923095703125,668.2529296875,348.5538635253906,1512.408203125,752.3963623046875,7003.3046875,2139.2529296875,837.56640625,32.828365325927734,100.2670669555664,85.56100463867188,1374.869140625,100.17183685302734,943.1337280273438,1043.2137451171875,394.8963928222656,27851.021484375,1170.903076171875,650.0797119140625,741.0170288085938,108.30789947509766,2797.653076171875,933.7295532226562,1675.489990234375,595.6411743164062,6995.4423828125,129.21157836914062,266.03680419921875
2021-07-16,1724.1719970703125,2035.498291015625,1392.3917236328125,1008.6500244140624,669.3204956054688,368.5951843261719,3730.32568359375,767.943603515625,3507.957275390625,1272.0172119140625,600.9962158203125,301.0060729980469,519.1512451171875,159.40414428710938,3240.436767578125,507.1151123046875,932.442626953125,96.03397369384766,1556.6824951171875,550.3173828125,4615.04931640625,319.3648681640625,1052.6651611328125,2495.28955078125,84.70166778564453,78.04638671875,908.4546508789062,1527.1304931640625,1043.37744140625,820.379150390625,712.3055419921875,687.0578002929688,2446.01025390625,391.33538818359375,2216.5927734375,638.6339721679688,1463.1558837890625,9.449999809265137,1006.85400390625,1354.754150390625,52.20176315307617,163.6984100341797,672.5543823242188,348.4443054199219,1521.2420654296875,752.2998657226562,6999.9970703125,2140.32763671875,839.1040649414062,33.97874069213867,99.2668914794922,85.4878158569336,1372.9122314453125,101.67180633544922,956.7438354492188,1040.5386962890625,393.34130859375,27526.439453125,1159.4713134765625,655.4098510742188,732.04638671875,110.2481918334961,2790.53515625,925.9236450195312,1669.385009765625,597.9384155273438,7136.42919921875,130.64990234375,266.89141845703125
2021-07-19,1700.3121337890625,2057.05419921875,1377.52490234375,979.1500244140624,655.7901000976562,371.9631042480469,3833.625,752.0598754882812,3464.15185546875,1269.562255859375,590.1986694335938,300.2758178710937,516.56103515625,161.50344848632812,3249.052978515625,501.2759094238281,929.4368286132812,95.30818176269533,1563.549072265625,558.3781127929688,4663.4052734375,319.7993469238281,1055.1573486328125,2459.53662109375,82.87079620361328,77.80382537841797,901.6730346679688,1514.0184326171875,1054.995849609375,816.4609375,688.2791137695312,668.0603637695312,2431.18994140625,383.0840759277344,2208.56982421875,634.3783569335938,1432.670654296875,9.149999618530272,979.4241333007812,1342.7784423828125,52.12796401977539,163.580322265625,667.5839233398438,343.1264953613281,1512.6431884765625,748.4409790039062,6867.73291015625,2097.8828125,843.7738037109375,33.24668502807617,101.18389129638672,83.8775863647461,1362.935791015625,101.36746978759766,950.6520385742188,1028.2535400390625,391.4203796386719,27429.15234375,1136.4638671875,656.0284423828125,734.4929809570312,109.20904541015624,2781.625732421875,918.4114379882812,1654.6148681640625,587.9182739257812,7114.82861328125,127.00609588623048,265.066650390625
2021-07-20,1680.9505615234375,2207.086669921875,1362.657958984375,945.0999755859376,654.7192993164062,389.1876525878906,3832.835693359375,742.649169921875,3484.27001953125,1257.1920166015625,582.982421875,294.67730712890625,504.3772888183594,161.46786499023438,3233.4208984375,485.1441040039063,911.44921875,94.28550720214844,1564.57470703125,557.8091430664062,4644.392578125,311.2552490234375,1040.4964599609375,2435.797607421875,80.7026596069336,76.72583770751953,906.3054809570312,1528.8787841796875,1068.45361328125,797.6860961914062,675.248046875,653.0494384765625,2390.685546875,369.621337890625,2232.639404296875,620.837646484375,1420.6014404296875,9.0,946.35400390625,1350.051025390625,51.95576095581055,162.83230590820312,651.9075317382812,339.11328125,1494.552734375,733.3911743164062,6932.09228515625,2120.896240234375,848.7003173828125,32.61920928955078,98.72512817382812,82.41375732421875,1355.495361328125,100.56311798095705,948.3195190429688,1005.3671264648438,385.01708984375,27513.458984375,1119.7626953125,643.8455200195312,726.3858032226562,106.35896301269533,2800.142333984375,912.5360107421876,1645.8017578125,569.9795532226562,7224.1435546875,122.78693389892578,262.43359375
2021-07-22,1673.2252197265625,2189.306396484375,1413.5943603515625,988.25,673.4088745117188,385.0980224609375,3933.864501953125,743.6449584960938,3437.698974609375,1303.8433837890625,607.8740234375,296.8680419921875,524.4756469726562,163.994140625,3225.65185546875,490.3473510742188,906.4393920898438,95.4731216430664,1595.0736083984375,558.0463256835938,4698.13232421875,319.07525634765625,1048.3720703125,2440.802490234375,81.1844711303711,77.50738525390625,926.1729125976562,1536.600341796875,1114.6851806640625,798.8289184570312,677.8448486328125,651.7205810546875,2419.88671875,379.7545776367188,2180.60302734375,634.4266967773438,1484.69775390625,9.25,956.573974609375,1385.0203857421875,52.49696731567383,162.98980712890625,684.9329223632812,340.0194702148437,1543.2325439453125,731.7028198242188,6996.1640625,2146.7744140625,855.2926635742188,33.38928985595703,99.35022735595705,84.53630828857422,1366.5833740234375,101.41092681884766,960.5030517578124,1016.5130004882812,386.0690612792969,27569.51953125,1138.1341552734375,654.1724853515625,733.19775390625,109.7782211303711,2809.358154296875,964.07177734375,1679.706787109375,568.268798828125,7257.51708984375,125.99921417236328,269.8709411621094
2021-07-23,1658.263916015625,2234.52197265625,1398.5281982421875,980.25,661.9713134765625,387.1187438964844,3868.321533203125,752.2590942382812,3427.61767578125,1317.47607421875,606.4366455078125,297.0140686035156,526.0105590820312,164.1542510986328,3239.306640625,494.6090698242188,904.6263427734376,95.07723999023438,1600.7808837890625,559.658447265625,4680.18701171875,322.5990600585937,1055.70263671875,2430.83935546875,82.2926254272461,76.75279235839844,936.2020874023438,1504.9854736328125,1107.375244140625,811.3998413085938,675.0609130859375,654.919677734375,2417.11572265625,378.0657043457031,2162.21923828125,654.447509765625,1427.910400390625,8.350000381469727,953.8261108398438,1385.23828125,52.152565002441406,167.24166870117188,685.888916015625,343.1563415527344,1514.663818359375,737.2500610351562,6990.701171875,2265.647216796875,862.3817749023438,32.989990234375,98.7667999267578,84.38993835449219,1468.306640625,101.30223846435548,953.709228515625,1040.73681640625,392.3350830078125,27477.623046875,1137.4718017578125,660.549560546875,743.7035522460938,110.50260162353516,2806.301025390625,974.7588500976562,1678.9169921875,569.2952270507812,7287.9716796875,128.396484375,276.77716064453125
2021-07-26,1674.398681640625,2264.7763671875,1400.77294921875,942.2000122070312,664.6480712890625,392.699951171875,4047.4296875,753.1552734375,3422.66650390625,1349.79638671875,604.62646484375,289.9063720703125,521.933349609375,162.25064086914062,3279.046630859375,487.324462890625,907.0597534179688,95.01126098632812,1610.5010986328125,564.5897216796875,4773.69775390625,322.4059753417969,1053.580322265625,2443.75830078125,84.0753173828125,76.18685150146484,932.7635498046876,1505.714111328125,1125.3353271484375,816.5425415039062,671.2241821289062,652.7048950195312,2396.013671875,386.0757751464844,2153.599609375,654.5441284179688,1400.1654052734375,8.300000190734863,946.1129760742188,1396.952880859375,51.48835372924805,166.2574462890625,673.4624633789062,346.67169189453125,1501.3660888671875,727.6990966796875,6935.06298828125,2318.47900390625,860.3570556640625,33.23717498779297,99.47527313232422,83.84101104736328,1570.2955322265625,101.17180633544922,940.642578125,1066.6947021484375,387.2125244140625,27459.849609375,1137.78857421875,669.4966430664062,744.8547973632812,111.92979431152344,2792.93701171875,965.4508056640624,1700.533447265625,571.7391967773438,7410.9580078125,130.4581298828125,272.7581787109375
2021-07-27,1632.203857421875,2267.16650390625,1393.6387939453125,914.4500122070312,645.5692138671875,393.37347412109375,4025.61474609375,728.6575927734375,3409.328369140625,1378.019775390625,611.3963623046875,287.9103698730469,518.5756225585938,161.28994750976562,3249.6181640625,479.2469787597656,871.3231201171875,93.9885711669922,1602.564453125,558.2833251953125,4647.83544921875,325.3505554199219,943.0090942382812,2451.5283203125,83.15988159179688,74.9471664428711,953.9682006835938,1475.0704345703125,1122.527587890625,814.6537475585938,673.6572265625,658.2662353515625,2382.03125,402.771484375,2147.82275390625,655.22119140625,1417.6680908203125,8.399999618530273,940.8101806640624,1395.77734375,51.14395904541016,164.28897094726562,679.2933349609375,338.1771850585937,1511.37451171875,719.2577514648438,6939.32861328125,2325.150390625,866.2864379882812,33.18964767456055,99.05853271484376,83.9141845703125,1528.1905517578125,100.80223846435548,930.7462768554688,1094.93115234375,393.2955932617188,27358.580078125,1118.8123779296875,655.1243286132812,738.5225830078125,114.7497100830078,2780.18408203125,966.0109252929688,1706.6533203125,568.0244140625,7391.0595703125,127.26979064941406,273.2201232910156
2021-07-28,1661.442138671875,2288.3876953125,1396.781982421875,945.6500244140624,647.7107543945312,393.9508361816406,3976.408203125,719.8942260742188,3406.740966796875,1394.2572021484375,614.3937377929688,288.25115966796875,544.8137817382812,161.3433380126953,3224.521484375,476.81878662109375,849.1846313476562,95.04426574707033,1598.373046875,559.6109619140625,4744.06396484375,320.5716552734375,921.2803344726562,2431.55419921875,82.43717956542969,74.30036926269531,956.0694580078124,1489.49365234375,1120.7847900390625,807.3447265625,663.15283203125,654.4274291992188,2368.26171875,401.7581481933594,2165.244873046875,662.5718383789062,1441.902587890625,8.350000381469727,957.1524047851562,1398.4334716796875,51.16856002807617,164.643310546875,689.8558349609375,329.1947326660156,1515.1285400390625,703.001953125,6867.25390625,2317.180419921875,856.611572265625,33.12308883666992,97.34991455078124,83.6946029663086,1496.73876953125,99.1718521118164,922.7523803710938,1122.919921875,389.2249450683594,26991.666015625,1118.49560546875,654.6483764648438,724.2750854492188,117.71190643310548,2793.1552734375,964.8907470703124,1701.2244873046875,562.7454223632812,7447.88232421875,129.4992218017578,273.4511108398437
2021-07-29,1649.1697998046875,2259.805908203125,1397.131103515625,924.2999877929688,642.1135864257812,393.3253784179688,3986.62451171875,714.2677001953125,3357.89453125,1456.981201171875,627.943359375,285.7599182128906,544.0942993164062,159.79554748535156,3207.10009765625,482.8150024414063,842.6956787109375,93.79063415527344,1524.4896240234375,557.2279052734375,4698.666015625,328.2951354980469,909.7734985351562,2410.34130859375,82.7744369506836,74.1117172241211,942.6016235351562,1500.2261962890625,1141.26220703125,827.46484375,663.5973510742188,652.261962890625,2340.978759765625,442.0980529785156,2140.808837890625,666.8884887695312,1438.6331787109375,8.25,956.4774780273438,1408.362548828125,51.11934280395508,162.2417449951172,715.377685546875,326.9639892578125,1516.83935546875,705.655029296875,6702.833984375,2390.518798828125,851.4879150390625,34.74882125854492,97.30821990966795,83.98738098144531,1508.81689453125,97.04144287109376,929.95361328125,1118.4119873046875,403.9066162109375,27136.486328125,1125.11865234375,669.1157836914062,720.7251586914062,125.78358459472656,2791.408447265625,972.0009155273438,1716.6224365234375,549.2548217773438,7492.4453125,138.36904907226562,272.7581787109375
2021-07-30,1661.539794921875,2288.579345703125,1417.086669921875,882.2999877929688,656.5687866210938,395.6347961425781,3982.923095703125,705.952392578125,3416.643798828125,1419.37158203125,611.0676879882812,284.5386962890625,538.81787109375,158.51461791992188,3223.8623046875,471.5164489746094,877.955078125,94.54940795898438,1519.941650390625,572.5743408203125,4759.099609375,325.97808837890625,917.2791748046876,2412.34326171875,84.26802825927734,75.21666717529297,943.5090942382812,1506.7823486328125,1136.3243408203125,841.7129516601562,667.4340209960938,653.6400146484375,2355.984375,429.2626037597656,2139.47900390625,662.038330078125,1419.2069091796875,8.25,945.8237915039062,1402.701171875,50.75034332275391,161.3756103515625,704.4329223632812,329.5830383300781,1522.0189208984375,716.8941650390625,6687.6904296875,2327.97119140625,841.4067993164062,34.454097747802734,98.51673889160156,84.38993835449219,1518.5762939453125,99.2152862548828,921.8239135742188,1088.4417724609375,394.9878845214844,27751.892578125,1124.859375,736.6459350585938,725.5701904296875,123.68804168701172,2766.64599609375,1042.457763671875,1692.341064453125,566.3136596679688,7413.39013671875,144.7217254638672,271.2337341308594
2021-08-02,1646.1873779296875,2317.161376953125,1434.9964599609375,876.1500244140625,673.6035766601562,402.3225708007813,3995.9033203125,718.1514282226562,3427.30517578125,1409.68603515625,608.3596801757812,292.6474304199219,542.1755981445312,162.89111328125,3300.376708984375,521.7652587890625,878.909423828125,94.94529724121094,1496.2647705078125,571.0012817382812,4781.2646484375,339.68719482421875,915.4003295898438,2481.322265625,83.40078735351562,76.9953384399414,947.85498046875,1545.924560546875,1147.41015625,850.294921875,665.6561279296875,659.8412475585938,2372.098388671875,430.2276916503906,2139.020751953125,660.9713134765625,1403.2958984375,8.25,952.5726928710938,1421.0352783203125,51.90656661987305,163.2259979248047,713.7527465820312,331.6345520019531,1533.89892578125,730.979248046875,6782.81591796875,2352.193115234375,841.9771728515625,34.25444793701172,98.1417007446289,85.70738983154297,1515.6533203125,99.12834930419922,938.6724243164062,1096.9620361328125,397.8235473632813,28761.6953125,1139.1131591796875,737.6455078125,728.736328125,121.5968246459961,2812.021728515625,1043.448974609375,1748.602783203125,559.372802734375,7471.9072265625,150.1874542236328,273.58966064453125
2021-08-03,1633.7196044921875,2325.860107421875,1439.5865478515625,890.9000244140625,686.3067016601562,406.2678527832031,4039.87841796875,735.5288696289062,3415.39501953125,1426.636962890625,621.251953125,293.6732788085937,556.61376953125,164.88365173339844,3364.930908203125,512.052490234375,885.6845092773438,95.17620849609376,1492.5640869140625,585.48974609375,4856.83154296875,342.8731384277344,919.3236083984376,2525.84619140625,85.90618133544922,77.23788452148438,971.4953002929688,1546.653076171875,1192.1409912109375,853.6207885742188,671.2943115234375,663.2371215820312,2403.5595703125,433.1228942871094,2188.58056640625,669.7015380859375,1397.5103759765625,7.400000095367432,985.40185546875,1441.6336669921875,52.22636413574219,165.27320861816406,707.6350708007812,335.7274475097656,1553.287109375,743.6654663085938,6900.17626953125,2410.80126953125,869.043212890625,34.44459533691406,98.05834197998048,86.29291534423828,1481.085205078125,101.12830352783205,945.5794067382812,1121.235595703125,408.4346008300781,28672.59765625,1168.0523681640625,756.4910888671875,736.5078735351562,121.35105895996094,2869.234130859375,1056.8507080078125,1816.3634033203125,558.9818115234375,7668.6279296875,150.01966857910156,276.892578125
2021-08-04,1600.2274169921875,2292.881103515625,1426.365966796875,898.1500244140625,676.2318115234375,403.2366943359375,4013.91796875,750.6657104492188,3418.785400390625,1415.8785400390625,623.9254760742188,294.9921875,551.0494995117188,162.65985107421875,3369.734130859375,512.052490234375,896.6583862304688,95.4731216430664,1486.3662109375,560.5640869140625,4815.5068359375,338.33563232421875,928.494140625,2518.695556640625,84.55711364746094,76.75279235839844,944.6075439453124,1510.1817626953125,1194.512939453125,854.031494140625,685.6119384765625,664.713623046875,2391.964111328125,427.2359924316406,2179.640869140625,693.2244873046875,1393.7012939453125,6.0,983.9556274414062,1436.451416015625,51.80816268920898,164.24961853027344,714.2784423828125,348.533935546875,1542.690185546875,739.2277221679688,6807.68701171875,2385.28076171875,858.2657470703125,34.07381057739258,98.22503662109376,85.89035034179688,1477.7275390625,101.59207153320312,952.8261108398438,1126.3380126953125,417.9937438964844,28603.525390625,1176.7484130859375,747.87744140625,727.9688110351562,122.1271743774414,2859.669677734375,1048.4473876953125,1776.289306640625,555.9512329101562,7577.4541015625,149.10870361328125,275.6915283203125
2021-08-05,1629.4658203125,2286.762939453125,1429.1595458984375,889.6500244140625,675.1124267578125,403.0923461914063,4021.1728515625,746.1844482421875,3406.964111328125,1396.6871337890625,613.044677734375,301.09814453125,574.3616943359375,161.3611297607422,3400.669189453125,534.8477172851562,902.1453247070312,95.9679718017578,1475.218994140625,561.9463500976562,4776.02587890625,338.9148254394531,931.12255859375,2604.835205078125,82.82261657714844,77.02228546142578,932.2381591796876,1493.2330322265625,1177.569580078125,871.44140625,694.7593994140625,659.0045776367188,2403.303466796875,427.62200927734375,2161.852294921875,681.3902587890625,1394.8582763671875,5.949999809265137,961.9249877929688,1440.196533203125,51.883033752441406,169.48574829101562,729.5724487304688,352.87579345703125,1546.681884765625,732.571044921875,6778.41259765625,2386.578857421875,865.4617919921875,34.23543167114258,97.09986114501952,85.52442169189453,1490.4580078125,101.5630874633789,966.64013671875,1124.257568359375,404.1810607910156,28440.05078125,1187.28759765625,748.2579956054688,737.1793212890625,124.7487564086914,2868.404052734375,1075.768310546875,1775.9931640625,554.8270263671875,7488.47998046875,149.5162353515625,277.5855407714844
2021-08-06,1627.02099609375,2238.154052734375,1533.2274169921875,910.5499877929688,691.8064575195312,388.6583862304688,4035.288330078125,737.7695922851562,3432.926025390625,1397.760009765625,610.69482421875,296.8484191894531,583.187744140625,162.10833740234375,3393.93603515625,524.0944213867188,869.60546875,96.39686584472656,1465.3646240234375,557.7999877929688,4768.70263671875,330.9500427246094,931.9013671875,2619.3271484375,83.97894287109375,80.17539978027344,928.6564331054688,1487.016845703125,1193.690185546875,862.2434692382812,698.4090576171875,662.8434448242188,2416.0927734375,426.7051696777344,2174.505615234375,676.7341918945312,1394.2799072265625,7.099999904632568,992.5846557617188,1437.2786865234375,52.85629653930664,168.69833374023438,723.9327392578125,353.96124267578125,1530.4774169921875,731.5098876953125,6849.06640625,2412.9501953125,856.5213623046875,33.91218566894531,98.05834197998048,85.3780288696289,1506.594482421875,101.44712829589844,946.1681518554688,1140.06005859375,398.5096130371094,27870.544921875,1201.08056640625,747.353759765625,749.6520385742188,123.2180633544922,2890.983154296875,1089.90283203125,1764.5928955078125,557.1732788085938,7360.0546875,150.6189727783203,276.2458801269531
2021-08-09,1607.8548583984375,2210.67138671875,1490.0736083984375,906.5499877929688,681.2935180664062,390.14990234375,3952.02685546875,752.3585815429688,3439.43896484375,1421.4375,607.6386108398438,294.35711669921875,574.8892822265625,161.0053253173828,3424.164794921875,516.06640625,881.4554443359375,94.51642608642578,1472.2315673828125,554.5114135742188,4758.71142578125,330.4190673828125,938.1707763671876,2618.03173828125,84.55711364746094,78.58536529541016,931.5218505859376,1468.7086181640625,1196.2073974609375,862.7365112304688,703.6729125976562,656.543701171875,2418.22412109375,419.5154418945313,2186.42626953125,681.7781982421875,1387.1439208984375,6.900000095367432,1005.4077758789062,1448.6884765625,52.10762786865234,168.3440399169922,714.3739624023438,354.6981506347656,1518.21728515625,747.6209106445312,6830.69140625,2419.53173828125,865.1551513671875,33.17062759399414,97.26654052734376,84.17035675048828,1512.4647216796875,102.28768920898438,940.7783813476562,1125.941650390625,396.4514465332031,27758.962890625,1191.54931640625,750.7802124023438,733.8213500976562,121.7822494506836,2902.250244140625,1109.59619140625,1775.8450927734375,553.1651611328125,7328.76708984375,148.41346740722656,275.6915283203125
2021-08-10,1614.3577880859375,2195.711181640625,1443.2781982421875,908.4000244140624,674.5770263671875,385.57916259765625,4010.364013671875,758.3834838867188,3388.406982421875,1400.8387451171875,605.3770751953125,289.4234924316406,596.9063720703125,158.22996520996094,3425.20068359375,505.9572143554688,875.6503295898438,93.82363891601562,1475.2635498046875,552.6527709960938,4806.58251953125,322.69561767578125,928.6790771484376,2623.164306640625,83.25624084472656,78.07332611083984,941.0256958007812,1447.7774658203125,1184.9278564453125,873.5355224609375,705.4275512695312,659.7920532226562,2384.759521484375,412.0361633300781,2183.9501953125,679.8867797851562,1385.504638671875,6.650000095367432,996.53759765625,1460.838623046875,51.03453063964844,165.23382568359375,690.285888671875,361.1412048339844,1509.6636962890625,758.5706787109375,6753.72119140625,2425.44189453125,868.52978515625,32.0202522277832,95.30786895751952,84.0605697631836,1526.9586181640625,100.0558624267578,945.7152099609376,1117.173583984375,390.0939636230469,26624.6640625,1186.193359375,755.1109008789062,740.5853881835938,118.45352935791016,2912.032958984375,1140.2783203125,1775.8944091796875,543.3404541015625,7307.74560546875,146.11215209960938,278.94830322265625
2021-08-11,1637.4844970703125,2175.732421875,1433.84912109375,901.5,680.5635375976562,383.22161865234375,3974.384765625,757.6365356445312,3325.241455078125,1417.7747802734375,605.1513671875,288.397705078125,595.6112670898438,160.1157684326172,3414.182861328125,497.0867614746094,873.0116577148438,94.978271484375,1478.7861328125,548.1728515625,4771.70947265625,320.08892822265625,923.8309936523438,2607.718994140625,82.09989929199219,79.3130111694336,935.8677978515624,1459.2386474609375,1197.417724609375,876.2042236328125,699.4851684570312,656.1992797851562,2371.5869140625,421.3973083496094,2191.881591796875,672.757080078125,1390.181396484375,6.650000095367432,1003.864990234375,1461.1002197265625,52.2324104309082,164.28897094726562,716.0467529296875,354.8144836425781,1504.769287109375,751.2387084960938,6772.57763671875,2393.5634765625,863.5154418945312,32.666744232177734,97.47491455078124,85.63418579101562,1495.55517578125,102.229736328125,958.963134765625,1124.9014892578125,391.5575256347656,26064.87890625,1262.0401611328125,741.9760131835938,733.9652709960938,122.98953247070312,2921.0302734375,1140.752197265625,1766.221435546875,548.2772216796875,7286.529296875,155.5572509765625,277.74725341796875
2021-08-12,1680.314697265625,2190.979248046875,1439.6861572265625,913.7000122070312,685.3331909179688,384.713134765625,4079.75732421875,754.200927734375,3362.89111328125,1431.1978759765625,608.2615966796875,288.1534729003906,597.8178100585938,159.45753479003906,3409.756591796875,507.4438781738281,868.6459350585938,95.2751922607422,1463.670654296875,548.458740234375,4761.76708984375,322.5025329589844,918.291748046875,2510.154296875,82.48534393310547,81.19950103759766,946.37451171875,1458.16357421875,1192.721923828125,900.4716796875,702.5031127929688,664.3692016601562,2372.73779296875,424.8955993652344,2193.578125,680.3231811523438,1398.28173828125,6.5,998.2249145507812,1471.5953369140625,51.9578971862793,164.48583984375,715.8555908203125,356.22930908203125,1542.9278564453125,748.8268432617188,6763.4140625,2475.453125,861.9017944335938,32.98048782348633,99.30855560302734,85.08525085449219,1530.2919921875,108.40352630615234,955.8832397460938,1123.5640869140625,390.7342834472656,26109.5546875,1262.3570556640625,741.1195068359375,742.840087890625,123.7786102294922,2927.624267578125,1195.0062255859375,1799.9783935546875,539.6256713867188,7302.41748046875,155.12574768066406,279.87213134765625
2021-08-13,1709.259521484375,2206.84765625,1433.7991943359375,919.0999755859376,685.4306030273438,387.2631530761719,4011.6474609375,756.7403564453125,3413.208984375,1428.882568359375,604.047607421875,286.78570556640625,611.1526489257812,161.85926818847656,3370.910888671875,498.870849609375,858.1873168945312,94.84632873535156,1464.2947998046875,560.7547607421875,4800.42333984375,321.1026916503906,905.7918701171876,2443.240478515625,82.1962661743164,79.98676300048828,939.1631469726562,1462.658447265625,1202.6456298828125,919.3186645507812,714.1069946289062,659.9888916015625,2363.572509765625,429.5599670410156,2204.7646484375,683.6697387695312,1398.28173828125,6.300000190734863,987.426513671875,1491.279052734375,52.2324104309082,166.49363708496094,715.9989624023438,356.2890930175781,1585.6484375,751.1905517578125,6753.9619140625,2465.961669921875,868.3515014648438,32.65723419189453,98.55844116210938,84.97547912597656,1509.5177001953125,107.09918975830078,971.8032836914062,1128.07177734375,394.4390258789063,26116.818359375,1292.7647705078125,740.7862548828125,774.6932373046875,126.04657745361328,3025.146484375,1192.07568359375,1814.09326171875,540.9453735351562,7294.59521484375,157.5709991455078,284.3299865722656
2021-08-16,1719.478271484375,2195.0419921875,1426.9146728515625,925.25,688.1074829101562,381.2970581054688,4289.02099609375,758.8316040039062,3344.244384765625,1452.01611328125,625.691650390625,287.8603820800781,608.274658203125,165.09716796875,3442.245849609375,496.7399597167969,852.2863159179688,93.6916732788086,1482.88818359375,560.8024291992188,4752.1640625,318.2546081542969,907.534423828125,2394.3623046875,81.71446228027344,80.04066467285156,947.043212890625,1456.7957763671875,1186.7188720703125,922.7678833007812,716.165771484375,662.9910888671875,2342.3857421875,429.2684326171875,2224.84521484375,681.5842895507812,1389.843994140625,5.949999809265137,982.4611206054688,1484.4854736328125,53.505157470703125,166.06056213378906,728.0430908203125,355.1632385253906,1573.95849609375,771.1121826171875,6584.828125,2459.3349609375,869.5730590820312,32.78083038330078,99.05853271484376,84.53630828857422,1504.4447021484375,104.75141143798828,984.4171142578124,1128.567138671875,388.63037109375,25506.2734375,1281.390625,743.1658325195312,769.6082153320312,131.02671813964844,3033.48828125,1178.88916015625,1813.4022216796875,526.183837890625,7183.083984375,161.33462524414062,283.66015625
2021-08-17,1706.81494140625,2206.9912109375,1438.4388427734375,936.8499755859376,674.236328125,386.3489379882813,4856.99462890625,753.6034545898438,3396.882568359375,1470.7734375,628.9244995117188,286.68804931640625,600.8876953125,165.4529571533203,3481.04443359375,504.81744384765625,868.0223388671875,91.8772201538086,1503.0423583984375,568.6661376953125,4780.79931640625,314.103271484375,915.1958618164062,2413.357177734375,80.22085571289062,79.23217010498047,960.3677368164062,1447.1221923828125,1185.4603271484375,938.6173706054688,708.7028198242188,658.9061889648438,2372.439453125,424.2640075683594,2277.477294921875,680.177734375,1399.1495361328125,5.75,969.0904541015624,1516.9293212890625,52.75648498535156,164.72203063964844,711.4107666015625,356.3588562011719,1557.468994140625,762.7672729492188,6641.30224609375,2544.493408203125,890.3579711914062,31.849123001098636,97.84998321533205,83.32865905761719,1551.7674560546875,106.2296371459961,980.2276000976562,1124.30712890625,385.5659484863281,25723.943359375,1296.19140625,746.3544921875,799.0147705078125,129.6728057861328,3103.453125,1218.405517578125,1850.1697998046875,517.9232788085938,7244.09521484375,145.3450164794922,293.2918395996094
2021-08-18,1722.314208984375,2252.445556640625,1456.748046875,942.5,686.6473388671875,393.9508361816406,4728.9892578125,751.2632446289062,3419.72216796875,1497.629638671875,642.0718383789062,283.65948486328125,597.6259155273438,164.9192352294922,3503.880859375,502.2406005859375,872.05224609375,91.2834243774414,1488.149658203125,569.4287719726562,4782.84521484375,315.79278564453125,912.5772094726562,2484.347900390625,80.22085571289062,78.47756958007812,960.12890625,1466.860107421875,1194.9002685546875,931.4728393554688,707.9307861328125,660.5302734375,2356.240478515625,414.88665771484375,2279.540283203125,667.6643676757812,1431.4053955078125,6.449999809265137,958.8685913085938,1509.787109375,53.00603485107422,164.5251922607422,704.9107666015625,348.6571655273437,1551.861572265625,763.4425659179688,6597.6083984375,2546.9111328125,898.8397216796875,31.74455070495605,97.14154052734376,82.8529052734375,1552.99951171875,104.69343566894533,984.0321044921876,1103.748779296875,383.91943359375,25848.68359375,1282.36962890625,745.1646118164062,807.2659301757812,129.39254760742188,3110.003173828125,1217.3709716796875,1855.944091796875,513.2308349609375,7432.2119140625,141.86903381347656,290.7510681152344
2021-08-20,1676.6966552734375,2189.593017578125,1426.9146728515625,935.8499755859376,668.9312133789062,377.0150146484375,4688.09814453125,737.1720581054688,3346.9658203125,1494.8551025390625,653.5512084960938,271.7405700683594,588.751953125,161.9660186767578,3668.869140625,480.783203125,854.7810668945312,89.46894073486328,1495.5513916015625,583.05908203125,4693.47900390625,298.3184509277344,887.0615234375,2495.860107421875,76.99275207519531,75.64785766601562,986.82568359375,1450.688720703125,1196.9820556640625,917.5941772460938,708.74951171875,657.3803100585938,2299.883544921875,392.2449645996094,2401.8134765625,660.2922973632812,1419.68896484375,5.949999809265137,948.9857177734376,1509.3516845703125,51.65842056274414,164.48583984375,654.3927001953125,339.46099853515625,1514.558349609375,757.943603515625,6608.025390625,2550.26904296875,930.2213745117188,28.711748123168945,95.14118194580078,80.65716552734375,1537.1768798828125,103.5340576171875,972.9808959960938,1114.8948974609375,372.0277099609375,25813.19140625,1277.3016357421875,724.4630126953125,812.926513671875,118.62599182128906,3109.08642578125,1205.908447265625,1852.4893798828125,499.055908203125,7326.51806640625,129.09169006347656,286.4318542480469
2021-08-23,1637.8753662109375,2161.77587890625,1393.5889892578125,933.6500244140624,650.5336303710938,375.9083862304688,4684.888671875,733.039306640625,3272.69287109375,1524.1314697265625,662.4895629882812,260.5055847167969,597.3380737304688,160.72068786621094,3640.900390625,479.8912353515625,861.9773559570312,88.38029479980469,1479.0980224609375,581.3433837890625,4747.97509765625,297.9297790527344,879.0494995117188,2440.55419921875,75.40278625488281,75.8904037475586,983.5780639648438,1407.6951904296875,1219.153564453125,955.165283203125,713.3584594726562,658.3155517578125,2285.474853515625,395.35455322265625,2415.338134765625,662.2322998046875,1432.8519287109375,6.0,957.8511962890624,1514.403564453125,51.40885925292969,162.4385986328125,654.0104370117188,342.1112365722656,1502.3458251953125,738.8900756835938,6583.91162109375,2567.192626953125,951.6002807617188,27.913143157958984,94.51607513427734,81.79164123535156,1552.97509765625,101.82393646240234,979.3670654296876,1124.950927734375,374.5889892578125,25513.541015625,1246.058837890625,724.65380859375,798.7269287109375,117.164306640625,3177.128662109375,1220.3876953125,1846.122802734375,490.0621948242188,7187.33740234375,131.34512329101562,290.4970092773437
2021-08-24,1659.339599609375,2180.41650390625,1434.5975341796875,949.7000122070312,676.9132080078125,380.4310302734375,4781.18896484375,743.2466430664062,3314.1787109375,1642.8731689453125,684.849853515625,258.6493530273437,594.8917236328125,162.39295959472656,3590.000732421875,505.5607604980469,880.4960327148438,89.86482238769531,1469.8681640625,565.091796875,4736.82275390625,306.2865905761719,893.1751708984375,2444.295654296875,77.18547058105469,78.396728515625,968.009033203125,1426.7491455078125,1225.44677734375,946.7886962890624,729.3839111328125,660.5794067382812,2281.4248046875,408.9589538574219,2414.283935546875,673.630126953125,1412.938720703125,6.25,973.78955078125,1498.81298828125,52.85629653930664,162.00555419921875,661.1317138671875,339.73004150390625,1526.1531982421875,750.7081298828125,6562.01708984375,2506.436279296875,940.1361083984376,29.42479133605957,94.9744873046875,82.8529052734375,1553.361572265625,102.3746566772461,989.0368041992188,1149.67041015625,381.9984436035156,25756.046875,1266.906494140625,736.1055297851562,802.948486328125,121.1311492919922,3155.990966796875,1261.196533203125,1845.382568359375,496.6608581542969,7289.3642578125,137.3142547607422,292.6681823730469
2021-08-25,1692.782470703125,2167.416015625,1472.0638427734375,997.1500244140624,701.5892944335938,382.06689453125,4712.939453125,735.97705078125,3291.78515625,1587.2545166015625,681.4010620117188,258.5028381347656,587.552734375,163.92295837402344,3618.817138671875,506.4031982421875,875.6503295898438,91.61328887939452,1477.58203125,572.0022583007812,4730.296875,298.6099548339844,885.6889038085938,2474.61083984375,77.5227279663086,78.10027313232422,994.1802978515624,1414.583984375,1165.9510498046875,947.9793701171876,728.7055053710938,676.7715454101562,2279.804931640625,418.5306701660156,2425.287109375,670.3319702148438,1412.1676025390625,6.300000190734863,974.2739868164062,1511.6163330078125,52.95612716674805,162.517333984375,653.6758422851562,338.1956481933594,1514.7484130859375,744.8231201171875,6473.51904296875,2500.25732421875,946.3150634765624,29.710006713867188,95.0161590576172,84.64611053466797,1558.74853515625,101.73698425292967,997.5969848632812,1145.4595947265625,380.7635498046875,25810.33984375,1260.917236328125,733.91064453125,802.0849609375,119.88506317138672,3195.99560546875,1260.981201171875,1799.040771484375,507.6098327636719,7217.9892578125,139.06423950195312,291.7904663085937
2021-08-26,1697.91650390625,2175.25439453125,1472.4129638671875,1046.449951171875,702.5140991210938,383.3178405761719,4642.5654296875,743.2466430664062,3293.34619140625,1592.683837890625,680.125732421875,258.94244384765625,563.0414428710938,166.0756378173828,3701.781982421875,526.0269775390625,874.4029541015625,90.59061431884766,1475.352783203125,577.1494750976562,4720.75146484375,298.8529052734375,876.839599609375,2473.891357421875,75.35460662841797,76.8875503540039,995.8997802734376,1406.1317138671875,1176.359130859375,958.7373657226562,727.4889526367188,687.8944091796875,2257.296142578125,412.1171569824219,2444.9091796875,677.849609375,1418.6285400390625,5.900000095367432,970.3499145507812,1504.7791748046875,52.7065658569336,161.10003662109375,642.3487548828125,338.25543212890625,1516.601806640625,753.8434448242188,6374.3154296875,2456.46923828125,953.1046752929688,28.245899200439453,93.9743194580078,84.57292938232422,1552.951171875,100.345703125,1010.2107543945312,1141.14990234375,375.732421875,26073.275390625,1273.3568115234375,725.799072265625,818.6831665039062,118.5785903930664,3207.219482421875,1249.2596435546875,1791.8353271484375,497.78509521484375,7144.41552734375,137.8656005859375,290.543212890625
2021-08-27,1809.099853515625,2244.606689453125,1502.695556640625,1049.0999755859375,707.6731567382812,394.5763244628906,4706.4697265625,749.2716064453125,3300.5283203125,1616.3165283203125,683.5253295898438,269.7378234863281,570.9560546875,167.69459533691406,3711.811279296875,520.1300048828125,886.4928588867188,91.41537475585938,1476.422607421875,580.2471923828125,4783.0888671875,302.9826965332031,895.7354125976562,2471.349365234375,75.11369323730469,77.3456802368164,1006.7886352539062,1424.94140625,1195.7230224609375,955.041748046875,724.5177612304688,693.0620727539062,2279.889892578125,425.5272216796875,2455.499755859375,678.7711181640625,1502.0885009765625,6.0,959.4014892578124,1488.3177490234375,52.88125991821289,162.1236572265625,647.6060180664062,341.45367431640625,1556.8511962890625,747.8139038085938,6389.98974609375,2592.1767578125,948.5726318359376,28.939924240112305,94.51607513427734,85.3780288696289,1571.8656005859375,101.0703353881836,1008.829345703125,1173.1015625,377.2875061035156,26408.76171875,1279.7781982421875,736.5349731445312,813.5501708984375,119.3633270263672,3249.40771484375,1245.726318359375,1798.9420166015625,499.6424865722656,7397.16015625,140.28683471679688,293.3149108886719
2021-08-30,1879.1636962890625,2281.31396484375,1513.1722412109375,1060.3499755859375,710.5934448242188,401.9376831054688,4699.01220703125,780.7899169921875,3319.219482421875,1652.723388671875,703.0403442382812,279.31201171875,595.2276000976562,168.13937377929688,3754.000244140625,543.3217163085938,896.8555908203125,94.7473602294922,1515.259765625,587.8727416992188,4971.60888671875,310.7564697265625,910.7859497070312,2450.099609375,78.38998413085938,78.69316864013672,1038.73876953125,1437.49755859375,1226.221435546875,955.41162109375,733.7821655273438,701.182861328125,2324.3955078125,435.3904418945313,2464.440185546875,692.2544555664062,1528.5587158203125,5.949999809265137,973.8379516601562,1478.955078125,53.580020904541016,163.77716064453125,656.2566528320312,345.8973388671875,1577.760009765625,763.6355590820312,6555.93994140625,2565.536376953125,938.3489379882812,29.576902389526367,95.80796813964844,87.93973541259766,1605.6123046875,101.73698425292967,1028.23681640625,1169.782470703125,386.6636657714844,26664.134765625,1300.6258544921875,751.2313232421875,825.5910034179688,124.23133850097656,3232.943359375,1223.1456298828125,1854.1180419921875,508.1474914550781,7532.2822265625,143.1635284423828,292.1600341796875
2021-08-31,1853.7880859375,2306.83740234375,1584.0638427734375,1068.3499755859375,728.4068603515625,405.16119384765625,4908.40380859375,783.229736328125,3325.8662109375,1711.4405517578125,738.263427734375,278.4327392578125,637.0550537109375,167.81912231445312,3764.500244140625,549.1196899414062,909.42529296875,96.2319107055664,1510.04296875,592.4002685546875,5039.15673828125,311.4852600097656,915.8871459960938,2570.304443359375,78.29363250732422,78.77401733398438,1050.0096435546875,1466.0784912109375,1228.1094970703125,970.9326171875,739.93505859375,706.4982299804688,2337.696533203125,455.0682678222656,2497.816162109375,697.4925537109375,1537.6708984375,6.099999904632568,961.532958984375,1486.2711181640625,55.326927185058594,166.3755645751953,657.2603759765625,349.4542236328125,1589.2598876953125,765.3237915039062,6603.3955078125,2595.131591796875,925.3018798828124,29.291690826416016,96.64144134521484,88.23250579833984,1604.9842529296875,101.65003967285156,1022.7565307617188,1181.0277099609375,389.7280578613281,27773.640625,1308.6884765625,757.7682495117188,829.8605346679688,125.06350708007812,3307.318359375,1247.665283203125,1896.7088623046875,513.3775024414062,7658.06884765625,145.17721557617188,296.0865783691406
2021-09-01,1841.515869140625,2317.209228515625,1561.713623046875,1079.800048828125,724.9512939453125,405.5942077636719,4977.048828125,795.5781860351562,3353.032470703125,1675.2681884765625,737.78271484375,279.0677490234375,639.3095703125,169.72271728515625,3781.31005859375,563.7879638671875,885.4853515625,95.14324188232422,1517.177001953125,596.9279174804688,5067.451171875,323.4374694824219,927.4524536132812,2593.23291015625,79.40177917480469,78.04638671875,1048.62451171875,1452.0078125,1301.98291015625,956.4381713867188,738.8588256835938,707.2855834960938,2336.84375,445.156494140625,2505.88525390625,698.317138671875,1575.1337890625,6.099999904632568,967.6854858398438,1461.274169921875,55.27701950073242,164.958251953125,646.7935180664062,348.0494079589844,1602.7554931640625,742.7490234375,6544.365234375,2538.13525390625,942.3699951171876,28.939924240112305,96.18303680419922,87.6103744506836,1610.298583984375,101.82393646240234,1026.810302734375,1209.2144775390625,393.2498168945313,27960.529296875,1316.2618408203125,752.4718627929688,832.2590942382812,121.69600677490234,3244.8662109375,1237.8834228515625,1914.2784423828125,517.97216796875,7594.02685546875,142.89984130859375,296.5947265625
2021-09-02,1852.4190673828125,2365.148681640625,1567.0518798828125,1085.3499755859375,733.8092651367188,412.5225830078125,4981.44384765625,799.3623657226562,3319.710205078125,1666.979736328125,735.70751953125,277.0650329589844,639.4055786132812,170.71900939941406,3847.936279296875,577.6632690429688,916.573486328125,95.75183868408205,1538.8470458984375,610.84423828125,5031.3154296875,329.3163757324219,946.1924438476562,2622.061279296875,79.7872314453125,78.20807647705078,1075.0347900390625,1464.954833984375,1347.97216796875,963.08984375,743.4910888671875,747.1015014648438,2327.89111328125,444.03900146484375,2568.37451171875,703.40966796875,1570.746337890625,7.150000095367432,978.6824340820312,1471.1597900390625,54.97754669189453,165.15509033203125,654.8228759765625,353.97760009765625,1602.5654296875,725.9143676757812,6552.08154296875,2586.624755859375,962.03564453125,29.14908218383789,97.09986114501952,86.84185791015625,1634.4068603515625,101.88192749023438,1039.1746826171875,1231.90283203125,393.1125793457031,29771.990234375,1316.0889892578125,753.855712890625,836.0968627929688,122.8946762084961,3351.253662109375,1239.17626953125,1941.6197509765625,518.2654418945312,7775.6904296875,146.6155548095703,300.93707275390625
2021-09-03,1807.7796630859373,2360.177978515625,1562.0631103515625,1081.3499755859375,734.8314208984375,420.6055603027344,4952.8505859375,794.681884765625,3352.31884765625,1670.08349609375,738.1556396484375,279.1166076660156,631.6828002929688,174.81085205078125,3883.8154296875,566.3649291992188,902.9964599609376,98.9638442993164,1537.8660888671875,611.2256469726562,5072.95458984375,333.9806213378906,953.7566528320312,2688.639404296875,79.83541870117188,79.44776916503906,1069.1607666015625,1475.8985595703125,1384.95703125,964.7322998046876,737.4318237304688,722.88720703125,2386.8056640625,448.2660827636719,2536.87744140625,702.5851440429688,1571.566162109375,7.25,972.530029296875,1481.219482421875,56.44993591308594,165.8243865966797,660.414794921875,357.0563049316406,1607.6025390625,723.4544067382812,6619.79296875,2643.620849609375,963.2738037109376,29.396265029907227,97.5166015625,90.09888458251952,1662.62158203125,101.7659683227539,1081.79443359375,1232.6458740234375,394.6219482421875,29887.40234375,1305.80908203125,753.3307495117188,834.5616455078125,124.49436950683594,3355.882568359375,1242.7528076171875,1993.1435546875,528.2857055664062,7753.2998046875,147.81417846679688,302.6231994628906
2021-09-06,1810.8597412109373,2363.762451171875,1578.476318359375,1112.75,731.2297973632812,421.76025390625,4934.03515625,797.4702758789062,3373.3740234375,1671.3458251953125,736.482666015625,278.9212341308594,627.9892578125,174.6329345703125,3841.296875,565.7700805664062,911.7280883789062,98.9638442993164,1518.291748046875,605.0775756835938,5069.837890625,335.7297058105469,957.1444702148438,2729.21875,79.40177917480469,79.17826080322266,1063.0953369140625,1495.9783935546875,1384.95703125,985.5914916992188,732.5889892578125,724.5112915039062,2401.939208984375,455.9914855957031,2549.62255859375,699.5296020507812,1507.5367431640625,7.25,961.096923828125,1507.130859375,55.70125961303711,164.80079650878906,656.3523559570312,353.60894775390625,1610.1685791015625,728.13330078125,6604.16748046875,2709.39208984375,961.2084350585938,29.21563720703125,97.05818176269533,89.03760528564453,1706.272705078125,100.92540740966795,1098.5977783203125,1233.1412353515625,394.3017578125,29980.4296875,1286.141845703125,748.4160766601562,834.7535400390625,123.9208984375,3364.57373046875,1259.300537109375,1994.4761962890625,534.2000122070312,7775.54296875,151.09840393066406,317.1053161621094
2021-09-07,1828.9013671875,2374.0390625,1554.6295166015625,1110.050048828125,725.6812744140625,424.8395385742188,4817.0419921875,784.5740966796875,3364.09521484375,1674.7591552734375,731.670166015625,276.42999267578125,643.2908325195312,171.4840087890625,3856.740966796875,569.3381958007812,912.0159301757812,99.5385971069336,1543.885498046875,608.1276245117188,5074.7080078125,326.54693603515625,953.5424194335938,2708.353271484375,78.58271026611328,77.72297668457031,1062.76123046875,1518.8922119140625,1398.85107421875,970.8506469726562,734.2501220703125,722.739501953125,2385.356689453125,449.2378234863281,2546.964111328125,695.406982421875,1532.9461669921875,8.25,970.1077270507812,1486.4451904296875,55.8260383605957,166.72988891601562,653.6279907226562,351.6760559082031,1598.28857421875,726.5414428710938,6633.3447265625,2665.290771484375,968.1123046875,28.778303146362305,96.55809020996094,87.79335021972656,1697.7452392578125,100.28775024414062,1105.5274658203125,1227.2958984375,392.51806640625,30096.33203125,1273.5870361328125,734.7218017578125,833.0745849609375,123.20513916015624,3333.042236328125,1236.9351806640625,2007.554443359375,541.38525390625,7847.5537109375,149.56417846679688,311.4695129394531
2021-09-08,1835.2086181640625,2341.01171875,1552.484375,1158.300048828125,726.9954223632812,419.49896240234375,4752.19970703125,791.3956298828125,3323.6357421875,1652.758056640625,732.2490234375,279.36083984375,640.7006225585938,174.1881561279297,3824.67578125,571.9644775390625,913.26318359375,100.85724639892578,1521.18994140625,610.6536865234375,4952.90771484375,325.2351379394531,956.2391357421876,2686.144775390625,80.07630920410156,78.20807647705078,1059.4178466796875,1540.633056640625,1387.0872802734375,976.2703857421876,737.5955810546875,731.9921875,2385.867919921875,443.4073791503906,2568.236572265625,699.3355102539062,1553.244384765625,8.050000190734863,968.5089721679688,1474.7740478515625,56.20037078857422,166.33616638183594,656.7346801757812,361.739013671875,1583.89013671875,728.13330078125,6540.8447265625,2649.038330078125,942.9761352539062,28.94942855834961,97.7147445678711,88.42522430419922,1672.98486328125,101.9690399169922,1101.201904296875,1208.7686767578125,394.5762023925781,30234.96484375,1272.9825439453125,741.9269409179688,844.1080322265625,123.30430603027344,3296.5751953125,1230.6007080078125,2029.3187255859373,534.3466796875,7814.94580078125,152.3673858642578,305.9030456542969
2021-09-09,1828.070068359375,2350.3798828125,1541.5587158203125,1215.949951171875,729.7696533203125,421.8083801269531,4661.48046875,786.8645629882812,3301.554443359375,1671.6953125,729.055419921875,277.0650329589844,658.2567138671875,174.75747680664062,3833.52783203125,563.193359375,910.864501953125,100.51912689208984,1547.675537109375,608.4136962890625,4923.541015625,323.5346374511719,956.3850708007812,2703.604736328125,79.40177917480469,78.23502349853516,1059.5133056640625,1561.34814453125,1407.7098388671875,984.2774047851562,733.9458618164062,725.7908325195312,2384.460693359375,450.4524841308594,2577.1767578125,698.6565551757812,1563.75537109375,8.399999618530273,968.4121704101562,1473.337158203125,56.30019378662109,167.43853759765625,658.55078125,362.2371826171875,1587.216552734375,724.2743530273438,6561.10009765625,2680.60302734375,972.33056640625,28.90188980102539,98.14313507080078,90.80403137207033,1688.7833251953125,102.3524932861328,1098.5977783203125,1162.351806640625,395.4452209472656,30113.759765625,1284.5869140625,740.829345703125,840.0784301757812,124.78323364257812,3311.64208984375,1235.2547607421875,2007.94921875,532.5381469726562,7762.8818359375,153.8454132080078,305.9723205566406
2021-09-13,1819.8072509765625,2362.471923828125,1529.03662109375,1185.199951171875,725.2919311523438,419.7876586914063,4687.45654296875,785.0719604492188,3300.61767578125,1690.4276123046875,730.5172119140625,277.4069519042969,665.1160888671875,177.2303924560547,3855.234375,579.1995849609375,911.9678955078124,104.54261016845705,1536.796142578125,610.2247924804688,4953.05419921875,330.0451354980469,960.1526489257812,2690.941162109375,79.1126937866211,78.63927459716797,1070.9755859375,1569.60498046875,1403.982177734375,992.366455078125,727.83984375,723.3792724609375,2378.577880859375,464.8343811035156,2554.895751953125,686.19189453125,1578.412841796875,7.949999809265137,965.3117065429688,1473.598388671875,56.89913177490234,168.61961364746094,663.7604370117188,366.6609497070313,1588.78466796875,719.2577514648438,6630.01708984375,2746.186767578125,972.09521484375,28.816329956054688,98.52867126464844,91.47309112548828,1733.327880859375,102.58844757080078,1074.1175537109375,1154.37646484375,395.9483337402344,30105.904296875,1271.9169921875,744.6465454101562,846.314697265625,126.2018051147461,3358.765380859375,1232.0228271484375,2004.3465576171875,533.4180297851562,7767.5751953125,157.26023864746094,309.85272216796875
2021-09-14,1865.08251953125,2335.276123046875,1509.82958984375,1149.4000244140625,735.318115234375,416.1310119628906,4674.2216796875,791.096923828125,3346.564208984375,1679.754150390625,727.7700805664062,277.7977294921875,665.9794311523438,175.45130920410156,3862.438232421875,576.0775756835938,914.55859375,104.61019897460938,1545.4014892578125,609.2716674804688,4962.453125,332.6202087402344,960.0260620117188,2705.619384765625,79.35360717773438,84.08311462402344,1064.0985107421875,1574.93017578125,1418.94091796875,1017.2086791992188,724.5645751953125,727.6119384765625,2431.35400390625,464.4456481933594,2533.072509765625,686.2403564453125,1557.053466796875,8.699999809265137,1004.3582153320312,1468.59033203125,57.52302551269531,170.155029296875,663.04345703125,372.18060302734375,1612.3070068359375,723.7437744140625,6650.03173828125,2796.75927734375,961.55322265625,28.88288116455078,99.29976654052734,92.14212036132812,1733.2794189453125,102.7064437866211,1072.7135009765625,1160.0731201171875,396.0855407714844,30101.14453125,1271.197021484375,745.6962890625,845.5472412109375,125.24028778076172,3394.18408203125,1251.4576416015625,2029.072021484375,537.62158203125,7681.5341796875,154.53350830078125,311.0999450683594
2021-09-15,1863.71337890625,2358.6484375,1513.4217529296875,1126.949951171875,745.5877075195312,420.5574340820313,4733.08740234375,788.109375,3371.589599609375,1679.5196533203125,727.4364624023438,284.4410400390625,696.007080078125,174.33050537109375,3848.171630859375,574.8387451171875,914.3667602539062,108.90418243408205,1543.0384521484375,607.3651733398438,5024.8388671875,332.7659912109375,966.227294921875,2726.388916015625,80.6063003540039,84.70294952392578,1076.372314453125,1570.04443359375,1405.0474853515625,1045.623046875,723.7457275390625,734.6005859375,2451.177001953125,473.0455627441406,2544.90087890625,692.9334106445312,1553.4854736328125,8.949999809265137,1021.1685791015624,1490.6259765625,58.097015380859375,170.0762939453125,665.9110717773438,372.96771240234375,1631.8377685546875,728.470947265625,6664.06591796875,2921.56494140625,956.2655029296876,29.329721450805664,106.41095733642578,95.48735809326172,1765.214599609375,104.94818115234376,1077.1746826171875,1161.6087646484375,406.0105895996094,30476.150390625,1272.0322265625,744.9806518554688,836.1927490234375,125.48175048828124,3454.1474609375,1262.4892578125,2092.391357421875,536.0574340820312,7646.7265625,156.57220458984375,311.37713623046875
2021-09-16,1865.81591796875,2322.610107421875,1499.8516845703125,1169.6500244140625,749.1892700195312,413.9659729003906,4820.6962890625,799.2628173828125,3402.27978515625,1669.9488525390625,727.1765747070312,290.791259765625,689.3875122070312,177.19598388671875,3835.646728515625,603.9771118164062,915.374267578125,109.74943542480467,1530.73193359375,610.4154663085938,5032.630859375,332.7173767089844,960.259765625,2743.89697265625,82.7744369506836,84.70294952392578,1055.1676025390625,1542.343017578125,1406.886962890625,1037.2872314453125,729.8986206054688,743.3118896484375,2489.927490234375,469.64447021484375,2538.298828125,705.398193359375,1558.548095703125,11.25,1095.7735595703125,1482.613037109375,59.070289611816406,181.6902618408203,659.0287475585938,379.9620056152344,1635.8770751953125,730.2557983398438,6685.23828125,2906.00439453125,951.923583984375,28.9209098815918,106.2396011352539,95.6731948852539,1785.361083984375,105.86256408691406,1099.775390625,1173.9437255859375,424.1682739257813,30103.255859375,1266.7625732421875,745.3623657226562,838.5433959960938,123.89933013916016,3409.383056640625,1248.2686767578125,2081.385498046875,532.4893188476562,7592.56005859375,157.5405731201172,308.5130310058594
2021-09-17,1802.4013671875,2289.29638671875,1476.9530029296875,1153.25,746.7071533203125,403.9583740234375,4847.8583984375,803.992919921875,3410.0419921875,1680.6473388671875,728.8739013671875,280.6308898925781,698.54931640625,176.06594848632812,3815.68212890625,601.4498901367188,915.422119140625,105.962646484375,1545.0450439453125,623.3309326171875,4989.6767578125,325.2837219238281,951.0308227539062,2780.6875,80.26904296875,83.05902099609375,1041.6995849609375,1532.9136962890625,1425.0892333984375,1037.4517822265625,740.2860107421875,736.0279541015625,2499.9033203125,459.6840515136719,2496.119873046875,698.5596313476562,1546.687255859375,11.149999618530272,1094.853271484375,1473.075927734375,59.02038192749024,182.00526428222656,652.1942138671875,400.1178588867188,1631.0775146484375,727.5545043945312,6765.77783203125,2923.67041015625,958.9507446289062,28.02722930908203,106.0254135131836,94.96696472167967,1709.316162109375,105.47911834716795,1082.7227783203125,1187.7152099609375,415.38671875,30003.892578125,1255.7916259765625,734.7218017578125,838.6873168945312,119.51422119140624,3343.480224609375,1251.0269775390625,2068.455322265625,534.8355102539062,7540.15380859375,153.92184448242188,307.3119812011719
2021-09-20,1833.64404296875,2223.432861328125,1415.6898193359375,1131.1500244140625,728.9909057617188,394.3357238769531,4818.07958984375,792.5408935546875,3368.868408203125,1698.486572265625,730.2130737304688,274.7203063964844,695.4794311523438,169.66903686523438,3846.429443359375,582.123291015625,900.117919921875,104.27213287353516,1539.8726806640625,615.4196166992188,4977.30712890625,313.8659973144531,929.6914672851562,2698.6162109375,76.8000259399414,80.7413558959961,1031.2408447265625,1500.473388671875,1362.44677734375,1048.0045166015625,729.8518676757812,718.7037963867188,2463.58203125,431.8435974121094,2567.732421875,688.7138671875,1570.0233154296875,10.75,1056.048828125,1470.0706787109375,57.19860458374024,184.05247497558597,605.2607421875,398.8226318359375,1619.815185546875,712.0221557617188,6703.998046875,2843.669921875,965.9330444335938,25.859588623046875,105.12580108642578,95.52452087402344,1706.344970703125,104.41722869873048,1084.4439697265625,1166.612060546875,400.15618896484375,29554.666015625,1230.2789306640625,721.93408203125,822.2330322265625,108.0621109008789,3339.680419921875,1233.57421875,2050.441650390625,533.173583984375,7407.328125,146.04739379882812,306.0416259765625
2021-09-21,1833.4974365234373,2229.5029296875,1438.2392578125,1120.699951171875,729.6722412109375,397.6074523925781,4831.41357421875,792.0429077148438,3326.71337890625,1755.2027587890625,766.6529541015625,273.938720703125,697.1102905273438,167.00534057617188,3838.0009765625,573.2033081054688,917.3890991210938,105.7597885131836,1544.95556640625,620.804931640625,5044.85498046875,321.3482666015625,945.0145263671876,2738.33251953125,77.13729858398438,80.84915161132812,1032.0048828125,1521.5302734375,1366.22265625,1067.1800537109375,726.1553955078125,724.2651977539062,2430.288330078125,438.2571105957031,2578.827392578125,690.5083618164062,1579.570068359375,10.800000190734863,1102.1683349609375,1496.7227783203125,57.398250579833984,190.1547393798828,639.433349609375,400.7156372070313,1635.5443115234375,712.4081420898438,6536.7451171875,2926.27880859375,959.6093139648438,26.25889205932617,106.3252944946289,100.50515747070312,1729.7767333984375,103.76831817626952,1089.1317138671875,1173.646484375,401.3910827636719,29513.427734375,1249.4566650390625,729.5685424804688,824.0559692382812,111.4339370727539,3374.13818359375,1259.7745361328125,2058.83154296875,521.1982421875,7423.65673828125,149.28384399414062,308.3975524902344
2021-09-22,1827.77685546875,2261.287353515625,1434.5477294921875,1141.550048828125,725.486572265625,403.6697082519531,4844.5498046875,785.0719604492188,3352.006103515625,1757.9471435546875,764.6709594726562,277.455810546875,697.206298828125,169.568115234375,3821.944580078125,565.9684448242188,924.4895629882812,109.61419677734376,1534.2098388671875,618.0408325195312,5006.33203125,358.6137390136719,943.5932006835938,2727.252685546875,78.14909362792969,80.84915161132812,1007.1707763671876,1538.6298828125,1375.275390625,1080.3194580078125,717.6162719726562,721.558349609375,2427.517578125,449.9180603027344,2553.19921875,682.2632446289062,1569.58935546875,10.399999618530272,1105.8985595703125,1495.3726806640625,58.1219596862793,191.72952270507807,648.6097412109375,395.65423583984375,1626.0404052734375,725.962646484375,6588.8310546875,2975.798583984375,947.0446166992188,27.49482727050781,106.5823211669922,99.35293579101562,1795.82080078125,104.26973724365234,1100.817138671875,1180.28466796875,401.4368286132813,29250.88671875,1245.079833984375,734.9126586914062,819.4986572265625,112.60674285888672,3373.439697265625,1304.5047607421875,2054.09375,527.9923706054688,7455.82373046875,150.30320739746094,308.6516418457031
2021-09-23,1856.0859375,2247.4267578125,1471.0662841796875,1149.199951171875,734.4420166015625,403.7178039550781,5021.64404296875,808.7730712890625,3389.52197265625,1846.6790771484373,775.0122680664062,282.09637451171875,697.2542114257812,169.48741149902344,3806.736083984375,580.7359008789062,928.9032592773438,113.16433715820312,1517.3997802734375,617.325927734375,5076.65625,390.4862365722656,934.0430908203124,2740.875,78.87179565429688,82.4122314453125,1010.6093139648438,1570.0933837890625,1392.5091552734375,1090.8309326171875,734.6009521484375,713.2900390625,2432.505126953125,469.5958557128906,2551.181884765625,695.5039672851562,1520.4581298828125,10.550000190734863,1132.785400390625,1517.713134765625,58.89558410644531,190.94210815429688,647.3670654296875,403.3160400390625,1681.923828125,731.7028198242188,6603.974609375,3055.93603515625,942.9474487304688,27.17158317565918,108.12449645996094,102.40079498291016,1822.3687744140625,105.15464782714844,1127.7203369140625,1207.034912109375,411.4532470703125,29375.333984375,1245.5115966796875,734.674072265625,816.140625,113.71918487548828,3379.64111328125,1311.3134765625,2077.78271484375,527.6013793945312,7450.0556640625,152.69866943359375,311.4926147460937
2021-09-24,1837.1153564453125,2197.431640625,1458.4442138671875,1151.800048828125,724.9998779296875,395.2018127441406,4673.5791015625,794.731689453125,3398.979248046875,1848.8896484375,764.646484375,275.5995483398437,709.342041015625,167.40892028808594,3807.25390625,570.9734497070312,928.4714965820312,112.3190689086914,1507.85791015625,621.376953125,4975.796875,398.8430480957031,932.68994140625,2811.818115234375,77.9081802368164,82.25053405761719,994.9446411132812,1592.4696044921875,1369.9019775390625,1115.3856201171875,749.3632202148438,714.4219360351562,2415.794189453125,465.2230529785156,2518.492919921875,701.275634765625,1530.487060546875,11.5,1126.875244140625,1536.264892578125,58.5212516784668,187.7531890869141,630.0657348632812,404.133056640625,1681.02099609375,751.9622802734375,6705.78271484375,3059.36865234375,944.1475830078124,26.620161056518555,106.45379638671876,101.17420959472656,1813.86572265625,103.9157943725586,1124.4593505859375,1210.7503662109375,403.1748352050781,28877.111328125,1221.0645751953125,735.2467041015625,802.8045043945312,109.70059967041016,3381.431640625,1305.4959716796875,2065.790283203125,525.1574096679688,7354.04150390625,149.38577270507812,312.5088806152344
2021-09-27,1813.93994140625,2229.072998046875,1527.83935546875,1153.449951171875,730.304931640625,402.2262878417969,4509.375,793.6362915039062,3491.40771484375,1799.4986572265625,764.8475952148438,280.2889709472656,706.19140625,169.74977111816406,3775.89501953125,567.05859375,923.7219848632812,112.96148681640624,1500.9466552734375,603.552490234375,4804.3701171875,408.1229553222656,932.9430541992188,2762.26806640625,78.63089752197266,83.27462768554688,992.126708984375,1611.0838623046875,1344.3897705078125,1063.6484375,760.3822631835938,709.6972045898438,2483.57568359375,467.7981567382813,2484.429443359375,708.1141967773438,1511.2974853515625,11.350000381469728,1114.909423828125,1499.074462890625,59.22002029418945,187.95004272460935,620.0289916992188,405.1792297363281,1653.3167724609375,782.7371826171875,7140.98681640625,2945.8212890625,933.5936889648438,26.59164428710937,108.681396484375,104.07339477539062,1743.03857421875,103.82731628417967,1143.36865234375,1211.4931640625,408.5260925292969,28940.140625,1207.4443359375,728.1847534179688,801.1734619140625,109.5626220703125,3351.428466796875,1262.1015625,2063.174560546875,542.7538452148438,7453.18408203125,146.5825653076172,302.0688781738281
2021-09-28,1760.7930908203125,2198.86572265625,1483.9871826171875,1144.5,719.0620727539062,397.5112609863281,4356.77587890625,785.9185180664062,3487.21435546875,1751.520263671875,740.1080932617188,280.04473876953125,680.3890380859375,173.38204956054688,3770.291748046875,549.8134765625,931.6858520507812,118.03305053710938,1497.6470947265625,597.023193359375,4659.72900390625,398.4543151855469,941.0231323242188,2765.81787109375,77.95636749267578,85.9696044921875,1006.119873046875,1611.0350341796875,1326.28466796875,1042.1329345703125,755.6798095703125,714.4219360351562,2490.055908203125,464.6399841308594,2497.587158203125,695.6495361328125,1506.6688232421875,10.949999809265137,1099.455322265625,1469.4178466796875,61.36621856689453,187.20201110839844,631.690673828125,412.1236572265625,1650.98828125,777.6242065429688,7160.66357421875,2887.606201171875,928.9619140625,26.715240478515625,113.05093383789062,105.70882415771484,1696.489013671875,108.51722717285156,1154.057373046875,1199.1090087890625,406.9710693359375,28711.326171875,1209.978271484375,739.68408203125,789.3245849609375,110.46378326416016,3300.9423828125,1218.7069091796875,2101.71875,543.1448974609375,7419.35400390625,148.1370849609375,295.46295166015625
2021-09-29,1780.2525634765625,2171.00048828125,1482.341064453125,1138.6500244140625,722.2743530273438,391.1121826171875,4369.072265625,778.8978271484375,3478.783447265625,1739.8834228515625,737.37060546875,277.8465881347656,678.3854370117188,176.3282928466797,3741.192626953125,568.3470458984375,947.6137084960938,125.57282257080078,1496.7998046875,593.9730224609375,4681.5478515625,399.2317504882813,950.3396606445312,2727.63623046875,78.38998413085938,84.24480438232422,976.5099487304688,1631.7010498046875,1324.3482666015625,1052.1517333984375,745.7603149414062,723.231689453125,2460.725830078125,480.18792724609375,2462.2392578125,688.2288208007812,1543.2640380859375,11.25,1088.2646484375,1473.9031982421875,63.61223602294922,187.47760009765625,649.8045043945312,404.601318359375,1635.6395263671875,783.4608154296875,7122.27490234375,2878.864501953125,927.15576171875,27.17158317565918,120.50484466552734,107.60446166992188,1711.611328125,115.0654525756836,1144.90869140625,1194.7989501953125,420.7837219238281,28848.240234375,1225.2685546875,774.230224609375,790.0441284179688,111.72281646728516,3312.078857421875,1202.59033203125,2119.682861328125,538.403564453125,7298.359375,148.90158081054688,295.9941711425781
2021-09-30,1829.19482421875,2155.132080078125,1464.830078125,1146.5999755859375,718.2833862304688,385.0980224609375,4426.45849609375,763.3626708984375,3419.364990234375,1775.11279296875,752.3527221679688,276.47882080078125,672.716796875,174.431396484375,3718.77978515625,559.2288208007812,943.727783203125,125.16712951660156,1488.818603515625,588.1585693359375,4673.9990234375,405.4021301269531,950.28125,2676.743408203125,81.23265838623047,85.61924743652344,983.7213745117188,1631.261474609375,1329.43115234375,1050.79638671875,746.275146484375,711.0753784179688,2414.984130859375,474.1630859375,2477.36865234375,679.8381958007812,1532.753173828125,11.899999618530272,1077.316162109375,1459.052978515625,62.53913879394531,185.94219970703125,638.8119506835938,399.629638671875,1618.484619140625,774.72998046875,7077.9052734375,2841.564697265625,924.246826171875,27.190597534179688,121.53296661376952,107.41861724853516,1795.45849609375,112.0272979736328,1141.0135498046875,1203.864501953125,414.3804931640625,28376.134765625,1226.333984375,780.8626098632812,780.5936889648438,111.14936065673828,3297.798095703125,1189.8779296875,2133.84716796875,537.1328125,7231.43310546875,146.60806274414062,292.92218017578125
2021-10-01,1817.75390625,2138.8818359375,1455.450927734375,1151.050048828125,715.4118041992188,387.0706787109375,4404.53125,764.9561157226562,3437.163818359375,1714.339599609375,738.0917358398438,282.340576171875,660.5975341796875,174.7744598388672,3692.55322265625,553.6787109375,946.2705078125,127.60148620605467,1505.1380615234375,589.0166015625,4706.7255859375,405.4021301269531,964.9130249023438,2659.715087890625,80.12450408935547,87.93692016601562,974.5995483398438,1638.7852783203125,1315.8765869140625,1046.0333251953125,740.5433349609375,718.0147705078125,2428.15673828125,470.664794921875,2479.431884765625,671.5929565429688,1526.0511474609375,11.399999618530272,1069.7103271484375,1450.2999267578125,63.5872917175293,185.31228637695312,644.4993896484375,397.2483520507813,1612.734619140625,798.6553955078125,6908.3857421875,2770.031494140625,929.208984375,27.314191818237305,119.86227416992188,108.71954345703124,1760.165771484375,113.17765808105467,1143.0289306640625,1197.870361328125,413.14556884765625,28570.53515625,1237.304931640625,788.8310546875,768.7446899414062,111.92117309570312,3258.18603515625,1181.81982421875,2135.722412109375,551.3076782226562,7316.9365234375,145.69064331054688,293.9154663085937
2021-10-04,1831.7371826171875,2165.79052734375,1523.2496337890625,1176.0999755859375,724.4158935546875,391.1603088378906,4492.28759765625,775.760986328125,3413.387451171875,1777.0538330078125,754.9969482421875,288.54425048828125,665.9730224609375,175.90451049804688,3665.996826171875,559.3280029296875,918.7324829101562,128.4467315673828,1500.5452880859375,594.973876953125,5085.03271484375,412.3985290527344,981.8228759765624,2634.24462890625,81.95536804199219,87.07453155517578,983.4826049804688,1603.6087646484375,1345.60009765625,1050.0576171875,741.9703369140625,715.2586669921875,2434.636962890625,491.41156005859375,2463.06494140625,679.2076416015625,1520.4581298828125,11.399999618530272,1084.9703369140625,1462.1451416015625,63.0132942199707,186.2965240478516,651.094970703125,396.7303161621094,1630.1744384765625,811.4863891601562,6916.1025390625,2827.560302734375,926.4998168945312,28.217374801635746,124.70303344726562,109.72310638427734,1794.4920654296875,113.05966186523438,1157.72607421875,1219.4688720703125,423.6651306152344,28756.8359375,1282.3408203125,793.9844360351562,781.2652587890625,114.18917083740234,3295.832763671875,1205.7791748046875,2127.3818359375,547.93505859375,7348.2734375,152.0360565185547,296.1328125
2021-10-05,1836.3819580078125,2163.926513671875,1524.2474365234375,1222.199951171875,724.1724853515625,388.4178466796875,4427.24853515625,779.3458862304688,3447.334716796875,1781.175537109375,757.85693359375,291.52392578125,683.4188842773438,179.1332244873047,3655.920654296875,553.77783203125,896.711669921875,133.8564453125,1498.6279296875,587.3484497070312,5082.2568359375,403.89599609375,980.2457885742188,2647.867431640625,82.62989044189453,88.77236938476562,995.3744506835938,1589.7823486328125,1345.3583984375,1071.820068359375,746.509033203125,721.6566772460938,2425.2578125,481.305419921875,2483.6494140625,676.2005615234375,1493.40966796875,11.550000190734863,1132.25244140625,1474.3822021484375,64.83507537841797,184.8004608154297,649.3743896484375,395.0166015625,1631.552734375,813.3192749023438,7000.9345703125,2875.340576171875,921.8704223632812,27.884626388549805,124.57450103759766,121.65437316894533,1812.2471923828125,112.05680847167967,1181.75341796875,1250.28125,425.0830383300781,28243.48828125,1294.434814453125,783.0098266601562,768.9366455078125,113.55965423583984,3348.239990234375,1217.8453369140625,2164.247802734375,549.4014892578125,7297.82177734375,154.4315643310547,298.81207275390625
2021-10-06,1831.8839111328125,2106.140869140625,1476.254638671875,1214.5999755859375,704.7528686523438,379.9980163574219,4324.87353515625,775.7111206054688,3363.515625,1758.1317138671875,758.9313354492188,298.6069030761719,675.7466430664062,180.48524475097656,3709.033447265625,555.2644653320312,876.4660034179688,130.40777587890625,1498.3157958984375,586.1570434570312,5003.0693359375,396.5594787597656,965.0591430664062,2617.98388671875,81.32901763916016,89.68864440917969,972.3073120117188,1562.4229736328125,1325.848876953125,1047.4296875,755.609619140625,714.2743530273438,2385.697265625,462.45355224609375,2462.927490234375,668.8284912109375,1498.038330078125,11.449999809265137,1096.6456298828125,1457.6162109375,64.93489837646484,182.083984375,630.1613159179688,389.7160949707031,1610.9765625,804.6849365234375,6944.02587890625,2848.1552734375,910.5390625,27.25714874267578,122.77527618408205,124.96241760253906,1797.9222412109375,110.67047882080078,1159.40185546875,1200.8426513671875,418.2224426269531,27598.73046875,1264.37255859375,764.0191040039062,787.3577270507812,110.37322998046876,3328.67431640625,1194.23046875,2119.830810546875,531.804931640625,7199.0703125,148.2899627685547,293.6844177246094
2021-10-07,1830.0748291015625,2165.98193359375,1517.36279296875,1205.6500244140625,716.5798950195312,387.6961059570313,4373.81396484375,773.8687744140625,3415.70703125,1743.526123046875,760.1822509765625,320.9792175292969,676.8217163085938,181.29241943359372,3673.248291015625,578.6544189453125,878.9607543945312,128.95391845703125,1505.62841796875,586.3477172851562,4965.37548828125,410.64947509765625,952.3060913085938,2706.242919921875,82.3407974243164,86.05045318603516,982.86181640625,1555.5831298828125,1349.860107421875,1072.7642822265625,753.5508422851562,713.9789428710938,2422.78515625,464.0083618164063,2447.66015625,681.147705078125,1493.2650146484375,11.350000381469728,1130.4117431640625,1472.814453125,66.00799560546875,183.42254638671875,637.1392211914062,389.0585021972656,1627.513427734375,847.2780151367188,7226.8798828125,2916.43896484375,905.2395629882812,27.44729423522949,122.3469009399414,119.23836517333984,1841.6214599609373,111.08343505859376,1165.0860595703125,1203.81494140625,418.86273193359375,27549.244140625,1288.2728271484375,785.6340942382812,791.0994262695312,111.17521667480467,3400.298828125,1221.4219970703125,2344.581787109375,545.2466430664062,7190.857421875,148.21351623535156,297.0104675292969
2021-10-08,1799.027587890625,2142.13134765625,1544.4522705078125,1176.550048828125,720.230224609375,387.8404846191406,4325.3671875,778.6986694335938,3404.10888671875,1751.43017578125,758.641845703125,337.83172607421875,679.7537841796875,181.3933258056641,3656.95654296875,564.0357055664062,879.9682006835938,127.43241119384766,1505.00439453125,578.5792236328125,4939.5146484375,404.0903015136719,944.1481323242188,2703.364990234375,82.48534393310547,85.24195861816406,973.5966796875,1562.2275390625,1327.833740234375,1085.781005859375,749.8778076171875,710.7799682617188,2423.1689453125,460.2671508789063,2420.748046875,682.311767578125,1474.798828125,11.350000381469728,1137.872314453125,1501.42578125,65.78340148925781,182.43832397460935,636.4700317382812,385.8503112792969,1641.246826171875,846.8438720703125,7166.595703125,2972.68603515625,902.4258422851562,27.68497085571289,120.89039611816406,119.64725494384766,1938.5616455078125,110.72945404052734,1209.857177734375,1185.3868408203125,418.9542236328125,27252.5390625,1280.4979248046875,783.8687133789062,785.5347900390625,112.20574951171876,3437.638427734375,1241.0289306640625,2327.653564453125,547.2018432617188,7172.42724609375,149.8699951171875,305.4179992675781
2021-10-11,1790.080078125,2150.687255859375,1536.3203125,1162.0999755859375,717.8453369140625,387.7442626953125,4323.29296875,783.8770751953125,3436.7177734375,1767.84716796875,766.9718627929688,318.9764709472656,675.2090454101562,183.39108276367188,3616.745361328125,565.2745971679688,876.7538452148438,133.1126251220703,1513.431396484375,580.1519775390625,5009.400390625,412.8357849121094,952.9389038085938,2735.79052734375,83.11170959472656,85.56534576416016,978.7068481445312,1613.96630859375,1338.193359375,1069.971923828125,764.4530029296875,706.0552368164062,2436.55517578125,473.7257995605469,2425.378662109375,691.9149169921875,1481.74169921875,10.850000381469728,1136.758056640625,1472.77099609375,65.6585922241211,187.438232421875,642.7311401367188,393.6316833496094,1631.74267578125,864.01611328125,7427.79541015625,2841.930908203125,907.0932006835938,29.10154914855957,124.06043243408205,122.6579132080078,1907.182373046875,114.12152862548828,1201.4324951171875,1194.94775390625,429.2451477050781,27513.013671875,1288.157470703125,794.5092163085938,783.1361694335938,113.24490356445312,3219.22998046875,1206.7701416015625,2331.799072265625,546.5176391601562,7167.04931640625,151.7557830810547,301.5606994628906
2021-10-12,1787.195556640625,2146.67236328125,1550.9876708984375,1208.3499755859375,717.3099365234375,388.3696899414063,4297.7607421875,793.83544921875,3549.7109375,1818.6156005859373,770.763916015625,320.5395812988281,670.8109130859375,183.734130859375,3642.501220703125,568.0001220703125,878.8648071289062,130.71206665039062,1521.5020751953125,587.9202880859375,5090.0966796875,416.8684387207031,956.0443725585938,2791.288330078125,85.37619018554688,85.13416290283203,980.5216674804688,1600.18896484375,1375.0819091796875,1026.816650390625,762.4877319335938,692.3732299804688,2486.730224609375,484.5607604980469,2453.849365234375,687.3558349609375,1478.221923828125,10.649999618530272,1145.138916015625,1467.71923828125,65.50887298583984,189.99725341796875,644.0215454101562,397.5572509765625,1632.978271484375,858.7100830078125,7421.04345703125,2859.0478515625,922.828125,28.825838088989254,123.84628295898438,121.58004760742188,1879.8858642578125,114.0625457763672,1208.2943115234375,1199.406005859375,441.8229064941406,27202.12109375,1304.916259765625,791.7894287109375,783.040283203125,114.61604309082033,3190.62451171875,1184.5775146484375,2460.3125,560.9857788085938,7088.73291015625,159.1205596923828,304.47100830078125
2021-10-13,1766.855712890625,2160.10302734375,1566.20361328125,1193.5,738.8223266601562,388.7546691894531,4323.638671875,791.2960205078125,3539.8076171875,1815.1822509765625,777.9802856445312,320.5884094238281,674.2805786132812,185.10633850097656,3657.333251953125,589.2096557617188,876.5139770507812,128.51434326171875,1511.380615234375,594.5926513671875,5112.49951171875,415.410888671875,959.5782470703124,2787.594482421875,90.19425964355467,85.7000961303711,1010.895751953125,1638.6876220703125,1364.8671875,1039.13525390625,767.0732421875,689.912353515625,2494.02001953125,493.6951293945313,2426.891845703125,688.6653442382812,1466.07177734375,10.699999809265137,1147.657958984375,1488.6661376953125,65.50887298583984,196.21763610839844,651.3817749023438,400.3967895507813,1665.1492919921875,902.3643188476562,7216.896484375,2865.272216796875,918.3103637695312,28.825838088989254,125.388427734375,118.94104766845705,1933.6580810546875,117.63162994384766,1220.5911865234375,1180.7303466796875,440.6337585449219,27310.025390625,1295.385009765625,804.05224609375,813.7420654296875,116.78916931152344,3192.676513671875,1208.4510498046875,2504.334716796875,564.2608032226562,7186.75048828125,162.8157501220703,310.707275390625
2021-10-14,1778.7369384765625,2208.04248046875,1642.6829833984375,1206.550048828125,791.1920776367188,393.3253784179688,4275.142578125,798.7150268554688,3538.246337890625,1845.18701171875,771.4654541015625,315.9478759765625,670.2733764648438,185.36866760253903,3667.833251953125,588.7142944335938,874.4509887695312,124.28801727294922,1499.2520751953125,586.3953247070312,5232.546875,422.60162353515625,965.468017578125,2737.181640625,89.71244812011719,86.26603698730469,992.126708984375,1712.411865234375,1427.2188720703125,1027.473876953125,789.5324096679688,682.923583984375,2496.236572265625,501.5177001953125,2429.458984375,705.4952392578125,1465.975341796875,10.75,1172.3648681640625,1494.37109375,67.08108520507812,202.00494384765625,662.2787475585938,402.0805969238281,1700.5517578125,898.5536499023438,7231.1240234375,2990.0322265625,918.5361938476562,29.19661903381348,128.00160217285156,118.23483276367188,2034.946533203125,120.72874450683594,1223.0594482421875,1174.587646484375,448.7750244140625,27448.21484375,1306.9320068359375,802.859375,815.1331787109375,118.5785903930664,3160.515380859375,1233.1431884765625,2530.837158203125,570.7127685546875,7230.84716796875,169.16114807128906,327.17578125
2021-10-18,1789.0045166015625,2202.832763671875,1611.9017333984375,1203.6500244140625,789.001953125,395.1055603027344,4277.1181640625,809.918212890625,3493.6826171875,1864.0543212890625,771.7254638671875,324.3008728027344,665.1911010742188,186.66017150878903,3613.684814453125,593.4219360351562,867.15869140625,125.3023681640625,1487.3470458984375,585.39453125,5204.203125,429.2579040527344,949.658203125,2711.423583984375,91.83240509033205,86.96673583984375,971.543212890625,1713.8284912109375,1408.43603515625,1003.0425415039062,781.5313110351562,692.5700073242188,2476.030029296875,527.4633178710938,2433.539306640625,723.10107421875,1465.203857421875,10.600000381469728,1181.666259765625,1560.9134521484375,68.05437469482422,206.7292938232422,684.216064453125,400.84515380859375,1699.7437744140625,878.8248291015625,7385.5478515625,3072.503662109375,923.9093017578124,29.95719337463379,128.13011169433594,120.50213623046876,1994.604736328125,120.22732543945312,1226.320556640625,1181.4735107421875,455.4984130859375,27678.798828125,1304.9451904296875,797.7061767578125,809.7124633789062,121.68307495117188,3191.757080078125,1275.2447509765625,2555.266845703125,572.7657470703125,7234.56201171875,191.000732421875,327.86871337890625
2021-10-19,1805.3836669921875,2143.89990234375,1565.9542236328125,1181.3499755859375,771.1884765625,374.657470703125,4248.1298828125,798.3167114257812,3489.757080078125,1903.83447265625,759.3385009765625,308.52301025390625,665.6798095703125,182.8462371826172,3574.650634765625,602.8372802734375,869.5094604492188,124.7613754272461,1458.9886474609375,576.9111938476562,5057.17578125,402.7299499511719,934.919189453125,2593.760498046875,89.47154998779297,83.9483642578125,962.6600341796876,1678.6031494140625,1378.518798828125,1011.8294067382812,790.1405639648438,691.7825317382812,2452.114990234375,518.6690673828125,2335.243896484375,725.0411376953125,1474.60595703125,10.0,1156.862548828125,1587.04248046875,66.7816162109375,193.65863037109372,661.0360717773438,405.5777587890625,1754.487060546875,885.143798828125,7384.24609375,3246.1884765625,920.582275390625,28.96844482421875,128.2157440185547,117.90031433105467,2025.25927734375,117.18919372558594,1237.3038330078125,1182.41455078125,446.5795593261719,27193.2890625,1331.26416015625,789.5467529296875,809.0887451171875,117.8757553100586,3180.38037109375,1326.482177734375,2452.71240234375,570.1751098632812,7010.4658203125,189.1149444580078,328.70025634765625
2021-10-20,1789.73779296875,2163.831298828125,1586.1590576171875,1179.1500244140625,773.76806640625,377.92913818359375,4095.72802734375,801.4536743164062,3433.639892578125,1856.59423828125,761.5018920898438,309.3045959472656,692.41064453125,178.02334594726562,3542.726318359375,589.507080078125,869.2216796875,122.05657196044922,1438.96826171875,564.901123046875,4983.44287109375,401.2723388671875,925.5930786132812,2543.3955078125,90.57970428466795,81.71153259277344,947.90283203125,1653.7840576171875,1361.962646484375,1012.4865112304688,783.1922607421875,692.3732299804688,2400.916015625,498.4567565917969,2272.755126953125,723.4890747070312,1450.6912841796875,10.600000381469728,1164.3231201171875,1569.79736328125,65.15949249267578,194.17042541503903,654.9185180664062,401.6123046875,1717.0887451171875,867.6338500976562,7321.646484375,3176.34814453125,916.2666625976562,28.359981536865234,125.30277252197266,115.14976501464844,2041.3720703125,114.65247344970705,1223.0594482421875,1157.943115234375,457.2821044921875,26958.236328125,1273.1552734375,777.6657104492188,793.402099609375,115.84059143066406,3158.240234375,1326.654541015625,2380.16455078125,566.3136596679688,6970.86669921875,181.57177734375,324.2655639648437
2021-10-21,1833.4974365234373,2137.782470703125,1591.497314453125,1198.949951171875,758.6314086914062,365.5640563964844,4083.974609375,804.441162109375,3393.804443359375,1854.2388916015625,759.1422119140625,309.2068786621094,680.291259765625,182.0390472412109,3497.854248046875,608.684814453125,874.6428833007812,123.34131622314452,1421.0882568359375,559.8969116210938,5058.685546875,395.5877685546875,905.684814453125,2555.051513671875,93.03692626953124,80.68745422363281,933.6709594726562,1705.864990234375,1244.90771484375,1002.3854370117188,784.3386840820312,683.661865234375,2350.528076171875,479.7992248535156,2242.58837890625,732.8497314453125,1451.65576171875,10.300000190734863,1147.5611572265625,1527.3809814453125,65.70851135253906,192.6743927001953,644.3560791015625,427.1782531738281,1716.1859130859375,865.3667602539062,7306.6962890625,3108.887939453125,914.1514892578124,27.751527786254883,126.71644592285156,115.22413635253906,1950.277587890625,114.47550964355467,1187.7772216796875,1147.589599609375,460.0721435546875,27116.607421875,1260.715576171875,781.0057373046875,781.7449951171875,113.3742446899414,3091.423095703125,1313.6834716796875,2364.667724609375,564.1141357421875,6970.2802734375,178.59019470214844,321.655517578125
2021-10-22,1867.0382080078125,2114.552978515625,1539.5631103515625,1202.1500244140625,741.5479736328125,361.9074401855469,3978.834228515625,813.30419921875,3449.56494140625,1862.078125,756.4833374023438,315.80133056640625,678.7764282226562,180.5054168701172,3474.92333984375,593.074951171875,860.0582885742188,118.94593048095705,1394.42431640625,563.090087890625,4941.560546875,401.9525146484375,902.9200439453124,2506.31689453125,100.11949157714844,81.11864471435547,917.7196044921876,1674.5970458984375,1248.3446044921875,988.5590209960938,786.4207763671875,679.92138671875,2339.6572265625,457.1575927734375,2250.244384765625,736.5357666015625,1446.978759765625,10.25,1159.18798828125,1497.8985595703125,65.23435974121094,186.2965240478516,638.3340454101562,432.68798828125,1703.3553466796875,856.5394287109375,7146.24365234375,2979.139404296875,903.3883056640624,27.09552955627441,124.14611053466795,116.748046875,1870.633544921875,114.71146392822266,1189.99658203125,1156.4073486328125,460.0721435546875,27233.935546875,1251.385986328125,775.4230346679688,762.9880981445312,111.78319549560548,3061.974609375,1307.822998046875,2380.757080078125,605.90576171875,6990.421875,165.0582733154297,315.2344055175781
2021-10-25,1809.246337890625,2111.11181640625,1528.787109375,1202.4000244140625,732.05712890625,361.7149963378906,4112.765625,841.5859985351562,3357.89453125,1805.092529296875,750.2481079101562,303.6382141113281,675.453369140625,174.22959899902344,3419.4091796875,572.162841796875,865.3356323242188,117.728759765625,1366.5113525390625,554.0825805664062,4866.123046875,389.8060302734375,910.4548950195312,2457.582763671875,98.77042388916016,79.90591430664062,900.1925659179688,1671.5189208984375,1257.6395263671875,964.8797607421876,775.3081665039062,672.5390625,2290.76025390625,459.8784484863281,2251.849609375,816.4654541015625,1443.50732421875,10.399999618530272,1141.117919921875,1487.229248046875,65.10956573486328,183.77687072753903,644.4993896484375,429.32037353515625,1695.6572265625,859.2890014648438,7003.201171875,2932.45751953125,888.632568359375,26.715240478515625,123.28933715820312,119.98175811767578,1913.052490234375,113.64962768554688,1178.4017333984375,1119.2540283203125,463.3194580078125,26779.15625,1242.5745849609375,776.04345703125,756.9436645507812,111.52880096435548,3056.81201171875,1313.5543212890625,2348.33203125,586.060791015625,6990.6162109375,165.873779296875,308.4437866210937
2021-10-26,1804.7481689453125,2137.734375,1540.4112548828125,1179.949951171875,729.96435546875,365.9971008300781,4215.43701171875,838.3994750976562,3382.875244140625,1831.6590576171875,770.7540893554688,298.3626708984375,680.43798828125,173.96726989746094,3477.56005859375,599.5172119140625,870.7568359375,118.37117767333984,1379.2193603515625,554.130126953125,4888.47607421875,404.0903015136719,908.5176391601562,2484.923828125,98.28861236572266,81.92713928222656,920.7762451171876,1699.611328125,1244.6170654296875,966.0390625,773.3196411132812,679.2324829101562,2302.441162109375,472.3167419433594,2248.158935546875,804.5342407226562,1451.9931640625,10.399999618530272,1118.978759765625,1497.026611328125,65.63365173339844,186.375244140625,663.7125244140625,440.5689697265625,1707.156982421875,863.003173828125,7038.6484375,2969.345458984375,918.8182373046876,27.10503578186035,122.68960571289062,121.24549865722656,1898.4862060546875,112.32225799560548,1205.2371826171875,1161.2125244140625,468.8536682128906,27272.91015625,1249.2840576171875,776.3297119140625,776.0844116210938,115.87078857421876,3047.75390625,1347.3389892578125,2422.952880859375,611.8690185546875,7107.26123046875,168.47311401367188,308.6516418457031
2021-10-27,1838.09326171875,2150.2568359375,1563.060791015625,1206.0999755859375,726.0219116210938,367.44049072265625,4223.93017578125,784.2255249023438,3369.269775390625,1797.5926513671875,734.1083984375,289.3258056640625,686.4486694335938,172.61524963378906,3482.31591796875,617.9515380859375,885.1495361328125,117.3906478881836,1367.44775390625,563.9479370117188,5015.53662109375,402.6813354492188,907.8361206054688,2478.831787109375,96.69865417480467,80.71440124511719,964.6181640625,1688.8629150390625,1238.98828125,974.6083374023438,768.6640625,682.9728393554688,2293.61669921875,466.2919616699219,2211.025634765625,809.9662475585938,1446.834228515625,10.25,1107.012939453125,1519.213623046875,65.28427124023438,187.7531890869141,654.6795654296875,436.045654296875,1696.0374755859375,855.5264892578125,7095.4599609375,3067.83544921875,908.6343994140624,26.677207946777344,121.06173706054688,117.37993621826172,1950.90576171875,112.23377990722656,1189.99658203125,1175.033447265625,474.89105224609375,27596.765625,1250.3780517578125,787.3995971679688,785.5347900390625,114.36164855957033,3054.01123046875,1351.260498046875,2428.233642578125,611.820068359375,7190.46630859375,160.72604370117188,310.014404296875
2021-10-28,1939.742431640625,2187.012451171875,1395.4349365234375,1147.1500244140625,669.8072509765625,375.3310546875,4236.72216796875,755.19677734375,3301.6435546875,1795.16748046875,734.3143310546875,291.42626953125,674.1339721679688,169.8304901123047,3467.295166015625,603.5806884765625,855.6445922851562,112.62334442138672,1353.0010986328125,562.0892333984375,4988.06982421875,385.3360900878906,889.7776489257812,2424.725341796875,94.24144744873048,79.47471618652344,940.69140625,1663.457763671875,1226.4210205078125,953.78564453125,745.643310546875,672.3912963867188,2274.5185546875,455.5541687011719,2204.61328125,774.7545776367188,1419.2550048828125,9.699999809265137,1139.42236328125,1497.2022705078125,64.21117401123047,177.2415313720703,637.99951171875,418.1614685058594,1724.2642822265625,852.6805419921875,7108.43310546875,2993.9677734375,908.0033569335938,25.58388328552246,117.6775131225586,111.65589904785156,1926.966552734375,109.66758728027344,1176.9525146484375,1156.3082275390625,458.6085205078125,27680.515625,1245.54052734375,770.6990966796875,776.8518676757812,112.07208251953124,2994.414306640625,1321.4835205078125,2344.3837890625,637.3350219726562,7280.85791015625,153.33575439453125,303.4547119140625
2021-10-29,2072.976318359375,2230.554443359375,1420.42919921875,1152.8499755859375,674.5770263671875,389.5244140625,4209.609375,738.9147338867188,3307.4873046875,1778.5458984375,726.06787109375,284.7341003417969,669.8335571289062,168.57937622070312,3461.504150390625,609.2794799804688,868.4060668945312,111.2033233642578,1375.652099609375,558.41943359375,5016.31591796875,387.3281555175781,907.1548461914062,2383.76171875,93.9041748046875,80.22930145263672,913.755859375,1681.72998046875,1225.644775390625,946.9552001953124,740.6134643554688,669.782958984375,2265.4384765625,446.8084411621094,2207.842529296875,778.004150390625,1432.5504150390625,9.550000190734863,1104.7359619140625,1465.4373779296875,63.86180114746094,175.7454833984375,639.62451171875,404.7408447265625,1679.025146484375,853.06640625,7217.1376953125,2961.83984375,908.4216918945312,27.219118118286133,113.6506576538086,110.80101776123048,1895.65966796875,109.1661605834961,1148.713134765625,1134.957763671875,459.3403015136719,28114.67578125,1259.3046875,758.6749267578125,776.6600341796875,113.48204803466795,2973.498291015625,1273.6934814453125,2352.67529296875,647.6974487304688,7466.04052734375,154.9412384033203,298.765869140625
2021-11-01,2033.666259765625,2269.652099609375,1442.0809326171875,1172.3499755859375,685.6739501953125,394.3357238769531,4283.2412109375,749.2216796875,3324.34912109375,1753.052001953125,727.4169311523438,281.1193542480469,696.368896484375,170.17352294921875,3463.763916015625,583.4118041992188,872.43603515625,115.46343231201172,1378.857666015625,569.0951538085938,5092.33740234375,397.2882690429688,934.85107421875,2455.90380859375,94.43415832519533,80.95694732666016,930.5189208984376,1748.07666015625,1250.1002197265625,984.584716796875,751.1178588867188,678.986328125,2285.5595703125,464.6399841308594,2220.71240234375,779.7987060546875,1467.5528564453125,10.100000381469728,1190.870849609375,1493.8194580078125,65.70851135253906,178.61949157714844,658.55078125,413.7775573730469,1706.3016357421875,839.656494140625,7345.5673828125,3039.780517578125,905.5267333984376,27.694477081298828,115.06434631347656,113.84886932373048,1957.11376953125,110.75895690917967,1149.4151611328125,1152.5928955078125,471.735107421875,28615.89453125,1287.5240478515625,774.7073364257812,791.435302734375,117.70328521728516,3042.32763671875,1311.8736572265625,2375.130615234375,656.2512817382812,7601.9951171875,153.99830627441406,302.7848815917969
2021-11-02,2016.798095703125,2286.57177734375,1469.5196533203125,1174.25,683.6784057617188,391.8819580078125,4237.11669921875,752.7071533203125,3338.356201171875,1750.7467041015625,731.4788208007812,303.8336486816406,697.7861328125,167.95379638671875,3468.237060546875,604.3734741210938,866.8228759765625,114.4153060913086,1378.7218017578125,570.0482177734375,5070.13037109375,417.8887634277344,924.0742797851562,2439.0673828125,98.24044036865234,81.36119842529297,917.2899169921876,1704.155029296875,1252.6234130859375,969.2266235351562,751.7963256835938,681.7916870117188,2288.62890625,455.16546630859375,2231.598388671875,776.9371948242188,1458.512451171875,10.050000190734863,1174.835693359375,1491.9302978515625,65.28427124023438,177.63523864746094,643.1612548828125,413.8074340820313,1725.594970703125,831.1187133789062,7515.52099609375,3100.741943359375,897.6068115234375,26.9719352722168,117.07776641845705,113.70020294189452,1967.4530029296875,109.4316177368164,1132.6571044921875,1155.26806640625,477.2236328125,28343.341796875,1296.1627197265625,778.142822265625,799.9742431640625,113.28370666503906,3049.15380859375,1297.4681396484375,2422.16357421875,682.3526611328125,7541.62060546875,156.97994995117188,302.0226745605469
2021-11-03,2023.154541015625,2313.8154296875,1482.590576171875,1204.5,690.346435546875,397.3187561035156,4383.98681640625,747.4789428710938,3299.591552734375,1747.438232421875,737.4540405273438,293.4290466308594,683.2722778320312,167.4492950439453,3418.279296875,607.3963623046875,875.6983032226562,114.78722381591795,1363.1470947265625,581.9630126953125,5006.576171875,417.50006103515625,929.0490112304688,2419.30517578125,96.55411529541016,81.14559936523438,917.0033569335938,1744.70556640625,1252.5748291015625,973.9458618164062,739.9584350585938,681.4470825195312,2252.09521484375,464.7857360839844,2224.633544921875,762.3868408203125,1477.754150390625,9.899999618530272,1141.3116455078125,1495.9720458984375,66.15773010253906,175.15493774414062,650.2346801757812,406.01611328125,1795.7818603515625,819.0594482421875,7460.0595703125,3020.009521484375,895.8473510742188,26.9814395904541,117.16343688964844,112.99398040771484,1933.97216796875,108.51722717285156,1124.8670654296875,1167.9002685546875,482.6663818359375,28453.69921875,1331.09130859375,751.9470825195312,793.3541870117188,114.35302734375,3056.19921875,1304.387939453125,2386.629638671875,690.7109985351562,7712.2353515625,158.33058166503906,301.422119140625
2021-11-04,2059.041748046875,2324.283203125,1486.1324462890625,1200.4000244140625,694.7266845703125,397.6074523925781,4383.9375,749.8192749023438,3353.96923828125,1755.8763427734375,738.3223266601562,292.5986328125,685.2269287109375,169.4066925048828,3418.279296875,609.5767211914062,873.8273315429688,115.42963409423828,1374.117431640625,583.8694458007812,5072.7109375,417.50006103515625,927.9781494140624,2553.372802734375,97.4213638305664,81.65765380859375,928.1309814453124,1750.6171875,1256.214111328125,979.5343627929688,745.80712890625,685.4828491210938,2282.83154296875,459.2467956542969,2235.24267578125,758.6522216796875,1478.092529296875,10.0,1152.114990234375,1501.420166015625,67.20585632324219,178.38323974609375,650.2346801757812,409.8918762207031,1814.2672119140625,842.0684204101562,7472.74365234375,3035.799072265625,903.119384765625,27.067005157470703,117.50614166259766,113.03113555908205,1956.3651123046875,109.1661605834961,1131.77392578125,1170.8228759765625,485.2276916503906,28519.13671875,1327.95263671875,759.1043090820312,793.8338012695312,114.340087890625,3070.551025390625,1310.7420654296875,2400.250732421875,692.8616943359375,7705.341796875,159.1205596923828,301.9764404296875
2021-11-08,2040.7069091796875,2407.35302734375,1564.7569580078125,1226.0,711.0313720703125,413.5328979492188,4351.146484375,747.9271240234375,3369.98388671875,1828.305908203125,752.897216796875,288.6907958984375,692.9480590820312,174.249755859375,3501.008544921875,632.6199340820312,876.7058715820312,116.10585021972656,1394.251953125,578.388671875,4769.45263671875,429.6951904296875,932.37841796875,2601.003662109375,97.8550033569336,81.87323760986328,927.7488403320312,1806.6553955078125,1287.123291015625,979.3275146484376,748.7549438476562,692.2254638671875,2287.435546875,456.5259094238281,2243.591796875,756.7607421875,1460.88134765625,9.800000190734863,1028.144775390625,1526.7261962890625,70.10073852539062,180.94227600097656,655.5875854492188,422.2164916992188,1829.0936279296875,829.1892700195312,7412.169921875,3098.544677734375,910.7693481445312,27.6184196472168,120.2049789428711,115.14976501464844,1982.8165283203125,111.58485412597656,1133.177978515625,1189.548095703125,478.6414794921875,28989.7734375,1367.1143798828125,763.4464111328125,802.4207153320312,115.83627319335938,3065.387939453125,1354.5684814453125,2503.890869140625,696.2833251953125,8031.17236328125,165.5169677734375,304.1244812011719
2021-11-09,2136.6845703125,2426.423828125,1631.8072509765625,1230.800048828125,717.7479248046875,414.9763488769531,4477.12646484375,741.9520874023438,3385.2841796875,1813.6103515625,743.4635620117188,299.8280944824219,697.0530395507812,173.7452850341797,3410.510009765625,634.3047485351562,877.1376953125,115.29439544677734,1389.782470703125,574.9572143554688,4822.63330078125,425.0309143066406,933.0792236328124,2613.474853515625,98.33679962158205,81.19950103759766,917.2421264648438,1821.214599609375,1287.70556640625,971.0069580078124,735.65380859375,695.3753662109375,2314.25,451.4728393554688,2242.900146484375,762.9688720703125,1458.995849609375,10.399999618530272,1035.0238037109375,1531.1197509765625,69.72640228271484,180.11550903320312,646.7935180664062,417.9023742675781,1847.1986083984373,860.687744140625,7308.91455078125,3087.51513671875,905.5816040039062,28.103286743164062,118.66277313232422,116.45069885253906,1998.880615234375,110.05105590820312,1142.123046875,1196.0870361328125,484.0385437011719,28698.267578125,1387.0693359375,764.7347412109375,801.7491455078125,115.20675659179688,3067.969482421875,1357.1796875,2479.56005859375,715.0527954101562,7984.1923828125,162.38250732421875,304.1706848144531
2021-11-10,2122.65234375,2441.574951171875,1652.1619873046875,1228.8499755859375,718.2833862304688,412.1857604980469,4496.83056640625,746.2341918945312,3364.987548828125,1828.944580078125,743.85107421875,303.98016357421875,718.7993774414062,174.04795837402344,3482.927978515625,641.88671875,875.5065307617188,112.72479248046876,1402.197265625,576.9111938476562,4778.26708984375,422.212890625,940.2833251953124,2635.060302734375,96.69865417480467,81.98104095458984,932.9068603515624,1831.5721435546875,1307.260498046875,967.9845581054688,727.6994018554688,695.4244384765625,2318.043701171875,437.0423889160156,2214.30029296875,757.48828125,1476.8839111328125,10.300000190734863,1000.094970703125,1529.054931640625,69.60162353515625,181.76901245117188,633.17236328125,413.6878967285156,1853.423828125,887.2180786132812,7245.3505859375,3078.362060546875,906.16259765625,27.42827796936035,117.72032928466795,117.2312469482422,2007.021240234375,108.78270721435548,1154.8953857421875,1172.804443359375,479.6934814453125,28822.126953125,1376.2423095703125,774.039306640625,808.225341796875,111.98153686523438,3049.241455078125,1363.620849609375,2452.416259765625,736.6085205078125,7926.310546875,164.70152282714844,301.46832275390625
2021-11-11,2124.216796875,2445.446533203125,1661.191650390625,1230.800048828125,715.5578002929688,405.3055725097656,4511.05419921875,734.981201171875,3345.58251953125,1783.5557861328125,731.2188110351562,299.7792358398437,712.1043701171875,173.66006469726562,3431.039306640625,633.8092651367188,868.2622680664062,112.92764282226562,1387.931396484375,573.3219604492188,4707.65087890625,404.236083984375,937.4795532226562,2594.384521484375,96.55411529541016,80.57965087890625,908.0248413085938,1802.16064453125,1306.04736328125,960.9885864257812,724.4476928710938,691.5856323242188,2302.781982421875,441.1237487792969,2192.204833984375,748.321533203125,1457.932373046875,9.850000381469728,1001.1609497070312,1523.0357666015625,69.00628662109375,181.0997467041016,637.95166015625,409.3139953613281,1835.888671875,892.1381225585938,7189.21435546875,3064.76904296875,901.43408203125,27.504337310791016,117.07776641845705,114.10904693603516,1995.59521484375,107.45537567138672,1157.0015869140625,1142.5367431640625,466.1551818847656,28483.15234375,1380.734375,758.53173828125,803.6680908203125,112.07208251953124,3052.654541015625,1324.756103515625,2495.353271484375,730.3031005859375,7871.41064453125,165.0582733154297,296.4792175292969
2021-11-12,2162.353515625,2458.59033203125,1701.4019775390625,1292.300048828125,730.3536987304688,406.893310546875,4612.0458984375,732.989501953125,3243.07275390625,1823.72021484375,743.6204833984375,303.7359313964844,726.6671142578125,174.64007568359375,3472.992431640625,656.5055541992188,878.8648071289062,112.89383697509766,1375.02001953125,576.6239624023438,4717.92724609375,416.2368469238281,942.9896850585938,2612.276123046875,96.45774841308594,79.77114868164062,878.366943359375,1815.9381103515625,1332.15283203125,970.634033203125,726.646728515625,709.303466796875,2287.5634765625,455.3111877441406,2218.729248046875,753.3171997070312,1460.30126953125,10.300000190734863,1004.794189453125,1564.246337890625,68.82510375976562,183.3831787109375,641.7274780273438,413.41888427734375,1862.7376708984373,904.7279052734376,7214.6787109375,3069.48291015625,915.2252807617188,27.20010757446289,116.90640258789062,114.9639663696289,2003.5189208984373,107.36685943603516,1174.4615478515625,1164.0362548828125,467.7559814453125,28854.626953125,1373.333984375,769.6494750976562,813.502197265625,111.007080078125,3085.7783203125,1379.6370849609375,2506.605224609375,712.7066650390625,7900.83984375,167.275390625,304.9098205566406
2021-11-15,2100.55224609375,2450.130615234375,1745.6531982421875,1305.050048828125,729.8670043945312,405.3536987304688,5018.43408203125,730.201171875,3212.828369140625,1809.4189453125,739.2200927734375,305.3967590332031,720.8517456054688,174.0888214111328,3524.45751953125,642.5804443359375,900.1659545898438,108.02509307861328,1376.14892578125,578.1076049804688,4780.11767578125,412.0584411621094,948.9085083007812,2575.197265625,95.92776489257812,79.25911712646484,880.9459838867188,1813.3975830078125,1348.165283203125,969.3922119140624,728.6353759765625,703.3975830078125,2296.260009765625,443.0186462402344,2236.995849609375,750.1161499023438,1485.7315673828125,10.100000381469728,1009.1058349609376,1570.3531494140625,68.7733383178711,187.47760009765625,632.31201171875,417.9223327636719,1850.4775390625,895.6594848632812,7237.10400390625,3132.96142578125,931.2013549804688,26.658191680908203,117.50614166259766,117.3056182861328,2056.131591796875,111.08343505859376,1167.5318603515625,1149.1748046875,463.36517333984375,28548.58984375,1351.59375,773.6575927734375,817.9635009765625,107.40241241455078,3109.626220703125,1374.5450439453125,2506.50634765625,719.6475219726562,7871.55712890625,165.41505432128906,304.37860107421875
2021-11-16,2128.763671875,2382.880859375,1707.7877197265625,1314.3499755859375,726.6060791015625,394.3357238769531,5034.13720703125,723.1307373046875,3219.564208984375,1817.327880859375,741.32470703125,309.0115051269531,713.7659301757812,171.4551239013672,3475.6298828125,638.1205444335938,884.429931640625,107.5517578125,1361.6123046875,583.850341796875,4726.49853515625,411.81549072265625,937.9955444335938,2600.09228515625,93.85598754882812,78.47756958007812,893.219970703125,1781.4454345703125,1357.5301513671875,963.2243041992188,724.3072509765625,702.4132690429688,2345.412109375,433.0096740722656,2220.297607421875,741.1433715820312,1469.7286376953125,10.0,989.1465454101562,1574.878662109375,67.81563568115234,185.3910369873047,635.5620727539062,415.04290771484375,1858.318115234375,926.4343872070312,7764.953125,3161.88623046875,930.508056640625,26.51558494567871,115.06434631347656,116.82239532470705,2078.041748046875,110.67047882080078,1140.4019775390625,1142.3387451171875,452.8913879394531,27627.3984375,1355.0777587890625,761.9672241210938,799.5904541015625,105.96658325195312,3112.338623046875,1392.6065673828125,2498.955810546875,721.5537109375,7706.90625,169.59439086914062,305.5565795898437
2021-11-17,2143.187255859375,2362.61572265625,1702.6490478515625,1313.5,715.9957885742188,393.7102966308594,5663.3994140625,709.3880004882812,3197.34912109375,1821.8839111328125,746.4218139648438,304.0290222167969,703.7479248046875,168.96435546875,3404.341552734375,620.7763061523438,868.6939086914062,105.5569305419922,1340.032958984375,581.93603515625,4640.05419921875,406.13092041015625,928.3966674804688,2565.4599609375,93.5669174194336,78.1541748046875,880.3251953125,1751.6434326171875,1334.62744140625,954.158203125,716.25927734375,699.9031982421875,2344.0908203125,432.8153076171875,2205.997802734375,738.475830078125,1478.43115234375,9.949999809265137,1001.8391723632812,1570.6168212890625,66.49555206298828,188.57994079589844,633.12451171875,409.11474609375,1856.037353515625,920.790771484375,7981.3974609375,3151.176513671875,931.222900390625,26.277904510498047,116.90640258789062,117.00823974609376,2085.409423828125,112.70572662353516,1115.9898681640625,1176.222412109375,455.6813354492188,27187.640625,1355.30810546875,755.1917114257812,802.46875,105.21202850341795,3082.146484375,1408.7529296875,2466.975341796875,723.1178588867188,7682.75634765625,172.37213134765625,305.71826171875
2021-11-18,2101.97021484375,2332.93408203125,1684.988525390625,1345.75,706.7483520507812,385.7234802246094,5519.837890625,703.4129028320312,3165.008056640625,1788.5357666015625,734.383056640625,298.4115295410156,698.1770629882812,165.49359130859375,3363.424560546875,611.8067626953125,856.1722412109375,103.73114776611328,1333.4869384765625,582.6538696289062,4661.23974609375,404.138916015625,909.5398559570312,2497.443115234375,91.25423431396484,75.97126007080078,878.3192749023438,1733.908447265625,1332.3953857421875,927.4570922851562,720.2833251953125,693.4559326171875,2289.09814453125,427.8594055175781,2213.608642578125,740.0280151367188,1462.33154296875,9.949999809265137,977.0838623046876,1563.5433349609375,66.96146392822266,187.00515747070312,621.8451538085938,403.40576171875,1802.909912109375,891.1251831054688,7829.384765625,3056.439453125,927.802001953125,25.821557998657227,115.92111206054688,114.70376586914062,2010.524169921875,113.56111907958984,1120.201904296875,1171.1199951171875,460.84967041015625,26673.4140625,1332.4735107421875,754.523681640625,798.2952270507812,102.32744598388672,3041.715576171875,1364.6219482421875,2446.099365234375,707.6231689453125,7594.76025390625,157.76991271972656,300.93707275390625
2021-11-22,2053.32177734375,2268.935302734375,1672.017578125,1340.949951171875,695.9920654296875,374.0319519042969,5352.818359375,683.5459594726562,3072.802490234375,1703.95556640625,692.5223999023438,290.0585327148437,725.2987670898438,161.53286743164062,3372.841796875,590.1016235351562,859.1468505859375,101.8039321899414,1333.9385986328125,580.7874755859375,4557.5556640625,389.1257934570313,897.108154296875,2444.439697265625,88.12248992919922,74.00391387939453,870.7735595703125,1737.621337890625,1336.810791015625,919.0949096679688,709.0303344726562,678.0512084960938,2246.255126953125,429.6571350097656,2203.5986328125,729.4546508789062,1413.9853515625,10.600000381469728,975.58203125,1545.9697265625,64.45073699951172,181.80841064453125,628.0105590820312,389.6563415527344,1772.0218505859375,869.0809326171875,7585.595703125,2972.732177734375,908.1922607421876,25.783531188964844,111.50875854492188,112.96931457519533,1981.9710693359373,114.56396484375,1070.5848388671875,1140.010498046875,444.93304443359375,26119.423828125,1303.8221435546875,735.532958984375,779.7781982421875,100.46904754638672,3026.5751953125,1341.5989990234375,2360.324951171875,693.9370727539062,7483.39599609375,167.35183715820312,297.51861572265625
2021-11-23,2056.64599609375,2297.947265625,1704.1456298828125,1407.050048828125,709.86328125,380.8640747070313,5387.140625,682.799072265625,3064.461181640625,1733.33154296875,698.016845703125,299.43731689453125,741.7184448242188,162.34950256347656,3448.6962890625,600.8056030273438,873.7312622070312,105.6245346069336,1340.890625,585.3338623046875,4639.5185546875,396.4137573242188,901.8491821289062,2493.510009765625,89.37518310546875,74.65071868896484,871.7286987304688,1742.5560302734375,1351.174072265625,921.1648559570312,709.1239013671875,684.49853515625,2244.20849609375,437.4797058105469,2208.81103515625,729.3091430664062,1410.2625732421875,10.600000381469728,950.8267211914062,1526.1990966796875,65.30490112304688,182.35958862304688,653.150146484375,395.1261596679688,1792.7880859375,869.5633544921875,7575.56396484375,3012.3203125,917.0946044921876,27.047992706298828,114.37892150878906,113.08494567871094,2018.399169921875,119.07693481445312,1080.5941162109375,1142.8341064453125,451.0161437988281,26254.369140625,1329.91064453125,749.3226928710938,787.6455078125,102.79741668701172,3031.695068359375,1358.35498046875,2356.771240234375,696.7720947265625,7487.45361328125,180.73080444335935,296.94122314453125
2021-11-24,2039.6314697265625,2298.759765625,1751.24072265625,1391.3499755859375,742.7647705078125,378.65087890625,5330.79248046875,682.3011474609375,3039.703369140625,1737.3834228515625,704.197998046875,301.9774169921875,741.7184448242188,164.69737243652344,3412.157958984375,585.344482421875,857.2756958007812,107.58556365966795,1328.430908203125,577.1026000976562,4561.01318359375,392.0895690917969,895.248779296875,2433.791259765625,89.66427612304688,75.56700134277344,872.8748779296875,1706.9886474609375,1332.0072021484375,926.8360595703124,710.293701171875,676.4271240234375,2234.7021484375,439.3260498046875,2190.8671875,737.4088745117188,1438.6904296875,11.0,940.21728515625,1490.2606201171875,66.05553436279297,179.2887420654297,653.1023559570312,400.8052978515625,1770.1209716796875,861.7008666992188,7397.556640625,2940.19189453125,912.5693359375,27.190597534179688,115.96397399902344,118.28824615478516,1984.3143310546875,119.93234252929688,1064.9912109375,1152.9892578125,451.1076049804688,26395.017578125,1310.9923095703125,743.3582763671875,766.5379638671875,101.6289291381836,3013.361083984375,1338.8135986328125,2345.0751953125,686.40966796875,7408.59912109375,176.1437225341797,294.0309143066406
2021-11-25,2001.6412353515625,2280.310302734375,1759.1231689453125,1405.050048828125,742.1807250976562,375.86029052734375,5630.90380859375,677.072998046875,3025.9638671875,1733.4063720703125,699.1452026367188,307.790283203125,747.826904296875,163.37033081054688,3365.119384765625,579.1500244140625,863.5125732421875,107.2136459350586,1315.7000732421875,580.4046630859375,4675.06982421875,395.7335205078125,893.9929809570312,2417.913818359375,89.51972961425781,76.2946548461914,876.8388061523438,1726.3355712890625,1348.4080810546875,931.265625,713.989990234375,678.001953125,2212.236572265625,434.418701171875,2167.15771484375,728.5331420898438,1443.5733642578125,11.649999618530272,929.4625244140624,1513.4581298828125,65.04605865478516,182.1233673095703,650.8560180664062,405.5279235839844,1758.14599609375,859.7713012695312,7304.0439453125,2985.45556640625,916.92724609375,27.190597534179688,115.83545684814452,119.56017303466795,1963.587890625,120.4927749633789,1129.1016845703125,1148.7786865234375,448.729248046875,26185.646484375,1240.990966796875,747.1278076171875,775.0289306640625,101.21067810058594,3015.636474609375,1357.310302734375,2366.74072265625,685.7742309570312,7439.39794921875,187.35659790039065,294.1233215332031
2021-11-26,1950.8411865234373,2209.619873046875,1665.8314208984375,1372.550048828125,698.0850219726562,358.2989807128906,5617.619140625,658.9984741210938,2975.02099609375,1664.9139404296875,667.8711547851562,276.1368713378906,722.0245361328125,153.8767852783203,3348.074462890625,539.9519653320312,927.5601196289062,105.4216766357422,1317.5057373046875,576.1932983398438,4809.484375,366.1931762695313,925.0089111328124,2334.931396484375,85.47254943847656,72.00963592529297,857.2103271484375,1651.4390869140625,1287.9967041015625,919.0537109375,697.122314453125,660.136474609375,2156.5615234375,405.2177429199219,2154.287841796875,700.548095703125,1405.5731201171875,10.850000381469728,873.7509765625,1486.4383544921875,62.61298370361328,176.37539672851562,600.9114990234375,391.4197998046875,1689.954833984375,823.6420288085938,6916.294921875,2800.19140625,919.0405883789062,25.840574264526367,110.39495849609376,113.39330291748048,1888.6060791015625,119.1654281616211,1092.7098388671875,1119.8980712890625,430.3885803222656,25474.1171875,1207.0987548828125,732.2406005859375,735.5963134765625,95.92011260986328,3016.4677734375,1329.5,2262.607177734375,661.6279296875,7230.11376953125,180.3740234375,287.07861328125
2021-11-29,2037.235595703125,2188.68505859375,1661.34130859375,1352.75,683.9216918945312,355.2197570800781,5657.0283203125,648.3927001953125,2942.546142578125,1685.6572265625,677.5549926757812,262.6549072265625,722.6109619140625,150.03854370117188,3322.930908203125,537.3751831054688,925.9287719726562,104.30593872070312,1305.0006103515625,572.3648071289062,4793.4619140625,364.249755859375,914.6312866210938,2315.264892578125,83.8825912475586,70.2579116821289,872.2539672851562,1645.4296875,1290.8111572265625,938.1790161132812,702.432861328125,672.9328002929688,2123.651123046875,408.27874755859375,2149.028564453125,696.862060546875,1386.81494140625,11.199999809265137,867.5984497070312,1490.568115234375,61.499977111816406,174.4069061279297,597.9960327148438,402.4393310546875,1679.595458984375,820.7960205078125,6896.0400390625,2735.477294921875,908.4336547851562,25.65993881225586,108.38153839111328,111.08071899414062,1938.44091796875,118.13306427001952,1105.799072265625,1125.74365234375,425.4489440917969,25101.322265625,1228.6376953125,716.7330932617188,734.9247436523438,96.13138580322266,3064.731689453125,1337.5516357421875,2294.093994140625,668.9598388671875,7223.75830078125,176.7553253173828,291.305419921875
2021-11-30,2016.21142578125,2185.6259765625,1659.1461181640625,1295.4000244140625,665.670166015625,360.4640502929688,5617.76708984375,652.923828125,2890.89013671875,1720.28271484375,686.532470703125,266.17193603515625,711.7623291015625,151.0797882080078,3338.845703125,545.6011962890625,931.9737548828124,102.78445434570312,1295.06884765625,569.445556640625,4752.01708984375,364.2011413574219,910.396484375,2274.061279296875,83.64168548583984,69.96146392822266,881.7101440429688,1624.421630859375,1320.16748046875,942.7326049804688,698.830078125,670.1273803710938,2088.2685546875,401.08782958984375,2138.0966796875,692.9334106445312,1389.8121337890625,11.050000190734863,855.5357055664062,1504.8907470703125,61.577632904052734,174.13131713867188,581.5549926757812,390.9415893554688,1677.219482421875,806.03564453125,6817.23583984375,2650.031005859375,915.7081909179688,25.260637283325195,109.02413177490234,109.53900146484376,1999.580810546875,121.96760559082033,1089.4486083984375,1149.81884765625,421.286865234375,25627.7265625,1239.2918701171875,719.1665649414062,747.0134887695312,92.37581634521484,3088.491455078125,1341.7294921875,2344.7294921875,671.1105346679688,7268.24560546875,172.70343017578125,294.3773803710937
2021-12-01,1973.2344970703125,2154.128173828125,1689.528564453125,1328.5999755859375,689.1295776367188,357.3847961425781,5502.4541015625,676.774169921875,2899.142333984375,1734.8135986328125,690.599365234375,269.8355407714844,705.898193359375,150.5693817138672,3329.193359375,554.3228759765625,890.57080078125,105.18502044677734,1289.741455078125,551.4036254882812,4628.70751953125,372.2664794921875,896.86474609375,2339.152587890625,85.32801055908203,70.36572265625,896.3240966796875,1641.1793212890625,1320.79833984375,957.6768798828124,704.0238037109375,682.9728393554688,2087.330810546875,412.89453125,2163.28271484375,705.8832397460938,1392.85791015625,12.800000190734863,904.6103515625,1506.867919921875,60.93053436279297,174.72190856933594,609.0842895507812,389.2378540039063,1697.4154052734375,805.2637939453125,7015.40234375,2756.62158203125,927.4339599609376,26.16381454467773,109.40966033935548,109.65464782714844,2032.506591796875,122.23306274414062,1117.3486328125,1154.0791015625,434.77935791015625,25617.662109375,1233.8782958984375,711.29345703125,741.4489135742188,93.35459899902344,3131.06640625,1381.9000244140625,2329.627685546875,662.9965209960938,7159.56982421875,176.9846954345703,293.2456359863281
2021-12-02,2066.08251953125,2164.834716796875,1728.3917236328125,1341.5999755859375,719.451416015625,363.1103210449219,5524.13427734375,673.2887573242188,2969.48974609375,1772.25830078125,704.5120239257812,272.3755798339844,715.9650268554688,154.6934356689453,3369.922119140625,561.6074829101562,883.9501342773438,107.7208023071289,1300.5313720703125,553.7486572265625,4653.154296875,374.1612854003906,907.8458862304688,2351.86376953125,85.66527557373047,70.95861053466797,882.6174926757812,1684.4169921875,1338.4124755859375,980.8590087890624,713.896484375,694.2433471679688,2108.218994140625,419.89111328125,2198.755615234375,700.7421264648438,1415.2906494140625,12.800000190734863,916.14013671875,1536.17236328125,62.45767974853516,177.51715087890625,618.212890625,391.4098815917969,1700.45654296875,819.590087890625,7065.26953125,2844.036376953125,932.47314453125,26.92439079284668,110.26642608642578,111.00363159179688,2122.199951171875,126.53951263427734,1124.5272216796875,1177.064697265625,436.3344421386719,25811.869140625,1265.927490234375,731.2385864257812,741.8805541992188,95.9287338256836,3188.0380859375,1418.5018310546875,2355.587158203125,665.0006103515625,7160.15625,172.21923828125,298.7890014648437
2021-12-03,2032.395263671875,2162.492919921875,1704.2955322265625,1389.6500244140625,717.8453369140625,362.3885803222656,5365.55908203125,670.20166015625,2933.312255859375,1745.3673095703125,693.5967407226562,270.91015625,702.08642578125,157.5720977783203,3346.61474609375,562.7968139648438,875.1226196289062,108.02509307861328,1309.244384765625,556.4285278320312,4633.4306640625,375.27880859375,894.9469604492188,2355.700927734375,85.95435333251953,71.2820053100586,872.1585083007812,1664.92333984375,1342.3912353515625,969.8475341796876,708.1881713867188,680.1183471679688,2099.47998046875,412.651611328125,2162.175537109375,694.8250122070312,1401.4637451171875,14.449999809265137,921.5660400390624,1525.0130615234375,63.26007843017578,174.52505493164062,616.10986328125,381.4365539550781,1711.9090576171875,807.4345092773438,6953.14111328125,2825.500732421875,923.7786865234376,27.751527786254883,108.80990600585938,112.46826171875,2094.975341796875,121.58412170410156,1090.739501953125,1155.1689453125,432.8126525878906,25442.947265625,1258.843994140625,717.4487915039062,742.887939453125,96.41165161132812,3185.89453125,1386.861572265625,2338.560302734375,657.2288208007812,7169.20068359375,171.9134063720703,295.9941711425781
2021-12-06,2009.072998046875,2119.572021484375,1641.9346923828125,1378.699951171875,704.2174682617188,356.1820068359375,5234.59033203125,660.3428344726562,2899.321044921875,1685.961669921875,682.0682983398438,265.0972595214844,681.8062744140625,156.57174682617188,3292.419189453125,550.6062622070312,858.715087890625,106.4486083984375,1290.193359375,542.9808959960938,4526.04638671875,365.8531188964844,875.9050903320312,2344.716552734375,84.55711364746094,69.44941711425781,846.9422607421875,1622.7603759765625,1329.969482421875,940.9938354492188,703.6261596679688,673.47412109375,2063.28759765625,409.4448852539063,2127.90234375,688.27734375,1372.4559326171875,15.0,887.1702270507812,1489.645751953125,62.61298370361328,171.57232666015625,614.4849243164062,375.6578369140625,1694.2315673828125,793.1564331054688,6793.17041015625,2766.91943359375,909.2034301757812,27.18108940124512,106.53947448730467,110.50257110595705,2048.81201171875,119.1654281616211,1070.06396484375,1137.88037109375,425.63189697265625,25146.73046875,1255.7916259765625,703.46826171875,717.2711181640625,95.6182861328125,3094.836181640625,1350.695068359375,2295.179931640625,646.3287963867188,7053.97412109375,171.09796142578125,288.487548828125
2021-12-07,2019.976318359375,2146.0986328125,1674.71142578125,1389.699951171875,724.9025268554688,358.68389892578125,5249.25830078125,684.1434326171875,2932.063232421875,1707.4735107421875,696.9227905273438,272.08251953125,683.0278930664062,158.34793090820312,3271.70166015625,557.345703125,853.2457885742188,107.95343780517578,1304.413818359375,547.8621826171875,4504.6181640625,380.1374206542969,880.1885986328125,2371.290283203125,86.38799285888672,71.44369506835938,858.977294921875,1646.9931640625,1369.1759033203125,951.83984375,713.8729858398438,683.5142822265625,2098.926025390625,429.9972839355469,2141.8330078125,712.6248779296875,1369.5067138671875,14.25,897.8280639648438,1504.01220703125,62.43179702758789,173.73764038085938,631.49951171875,386.009765625,1708.915283203125,796.8223876953125,6931.82421875,2789.0244140625,924.8735961914062,27.627927780151367,107.396240234375,112.46826171875,2017.7225341796875,121.40716552734376,1078.7825927734375,1148.4320068359375,436.0600280761719,25278.4921875,1272.9248046875,709.7190551757812,729.8397216796875,99.06771850585938,3136.930419921875,1372.368896484375,2349.71435546875,651.314453125,7136.88623046875,175.4047088623047,292.1369323730469
2021-12-08,2046.4276123046875,2191.218505859375,1711.6790771484375,1390.5,741.1586303710938,362.7254028320313,5267.8759765625,694.2014770507812,2972.74609375,1758.6358642578125,722.2708129882812,276.3323059082031,698.958984375,159.71580505371094,3367.332275390625,563.09423828125,861.593505859375,108.13257598876952,1316.9189453125,549.44140625,4485.2841796875,386.45361328125,889.9236450195312,2403.66796875,87.06251525878906,72.06353759765625,862.2725219726562,1676.990966796875,1376.066162109375,970.0130615234376,727.02099609375,675.6396484375,2123.5234375,444.5248718261719,2159.362060546875,730.812744140625,1397.208984375,14.300000190734863,915.89794921875,1540.653564453125,62.32826232910156,177.12344360351562,643.2568359375,382.6819763183594,1734.5286865234375,811.1004638671875,7171.3212890625,2866.187255859375,931.3209838867188,27.94166755676269,109.02413177490234,114.39539337158205,2071.10888671875,120.81721496582033,1095.2008056640625,1158.6861572265625,449.64398193359375,25677.404296875,1283.2047119140625,722.9361572265625,740.8253173828125,101.15462493896484,3174.036376953125,1396.8714599609375,2374.390380859375,667.2490844726562,7258.66357421875,174.2069854736328,296.4330749511719
2021-12-09,2249.48095703125,2217.7451171875,1718.4139404296875,1390.0999755859375,749.28662109375,363.302734375,5168.41552734375,691.0645751953125,2980.73095703125,1756.1358642578125,730.002197265625,275.3064880371094,697.7861328125,160.77745056152344,3412.676025390625,572.4600830078125,858.283203125,109.38660430908205,1303.646240234375,554.8970947265625,4458.01171875,387.3281555175781,894.5089111328125,2439.547119140625,87.49614715576172,72.35999298095703,886.1038818359375,1683.34228515625,1347.9710693359375,967.4883422851562,714.4111328125,672.4406127929688,2149.357177734375,442.7756958007813,2158.57763671875,732.36474609375,1390.0538330078125,16.399999618530273,916.9638061523438,1549.5281982421875,61.96588897705078,185.3516540527344,644.3560791015625,381.864990234375,1786.5631103515625,821.08544921875,7158.6376953125,2867.697509765625,922.0286865234376,27.96068000793457,107.9959945678711,113.58602142333984,2095.893310546875,119.87332153320312,1112.5701904296875,1150.611572265625,446.9912109375,25936.26171875,1308.2279052734375,725.0355224609375,745.9581909179688,101.48663330078124,3152.026611328125,1402.4422607421875,2342.409912109375,669.302001953125,7268.34375,177.59629821777344,297.1259765625
2021-12-10,2214.278076171875,2213.4912109375,1736.523681640625,1388.9000244140625,747.2910766601562,363.3989562988281,5180.76123046875,685.1890869140625,2984.07666015625,1767.5628662109375,731.19921875,273.5967712402344,694.609619140625,162.08412170410156,3420.727783203125,574.6405639648438,857.70751953125,108.41920471191406,1298.6802978515625,553.03076171875,4389.34326171875,407.2484436035156,894.3239135742188,2424.869140625,89.23064422607422,73.00679016113281,900.7177734375,1709.1871337890625,1351.076904296875,962.2303466796876,712.399169921875,674.0154418945312,2154.3876953125,442.24127197265625,2152.166015625,735.2747802734375,1392.2777099609375,16.399999618530273,915.3651123046876,1545.837890625,62.147071838378906,185.9028167724609,649.5656127929688,377.9593505859375,1780.48046875,829.3822021484375,7162.3994140625,2868.56689453125,921.3355102539062,28.12230491638184,108.0816650390625,113.74019622802734,2095.627685546875,119.54888916015624,1113.70263671875,1164.7296142578125,452.52545166015625,25926.390625,1408.29150390625,726.5625,738.4266357421875,101.7582778930664,3182.70068359375,1395.0001220703125,2309.048095703125,666.955810546875,7274.7958984375,178.2333984375,294.8393249511719
2021-12-13,2256.52197265625,2194.8505859375,1715.719970703125,1385.949951171875,738.2869873046875,365.5159912109375,5142.63623046875,701.07275390625,2949.014404296875,1728.9302978515625,708.2649536132812,275.74609375,687.1817016601562,160.20579528808594,3379.57470703125,573.8971557617188,855.2127685546875,106.77106475830078,1287.6651611328125,554.0836791992188,4412.67041015625,402.4869995117188,895.5895385742188,2395.177490234375,88.60429382324219,71.87489318847656,887.4410400390625,1692.8203125,1329.5325927734375,959.6640014648438,707.065185546875,663.8278198242188,2127.232421875,445.3022766113281,2125.918701171875,731.3947143554688,1373.95458984375,15.5,909.35791015625,1533.009033203125,61.24113082885742,184.7217559814453,640.9627685546875,373.2466735839844,1769.170654296875,813.3675537109375,7249.93212890625,2950.992919921875,907.5538940429688,28.046247482299805,107.7817840576172,112.5068130493164,2132.0556640625,120.5812530517578,1091.3736572265625,1175.6776123046875,446.2137145996094,25953.1015625,1443.8826904296875,727.7553100585938,723.5075073242188,100.49061584472656,3158.940185546875,1425.9005126953125,2320.05322265625,660.1615600585938,7249.375,181.52081298828125,298.14227294921875
2021-12-14,2222.248046875,2217.888427734375,1716.2686767578125,1436.3499755859375,743.3974609375,364.2649841308594,5147.87109375,707.944091796875,2936.702392578125,1708.9205322265625,693.26806640625,273.889892578125,675.9420776367188,159.91998291015625,3371.0048828125,550.0116577148438,859.3386840820312,106.69940948486328,1317.280029296875,554.5621337890625,4533.4482421875,405.2077941894531,904.6917724609376,2386.303955078125,87.68887329101562,72.92593383789062,888.9693603515625,1682.609375,1312.5008544921875,962.3546142578124,702.9944458007812,659.0045776367188,2117.683349609375,448.6547546386719,2138.78857421875,735.9053955078125,1387.4915771484375,15.25,916.6246337890624,1539.5989990234375,61.03406524658203,179.99740600585938,640.7236938476562,366.7306213378906,1773.1624755859375,807.3380126953125,7227.5068359375,2917.720703125,919.8319091796876,28.639480590820312,108.25301361083984,113.23912048339844,2129.59130859375,125.2121810913086,1078.0125732421875,1177.56005859375,446.8997497558594,25980.34375,1448.921630859375,721.504638671875,709.4998779296875,100.65446472167967,3171.32373046875,1429.8612060546875,2324.347412109375,645.3511962890625,7221.94970703125,183.43206787109372,298.835205078125
2021-12-15,2182.644287109375,2184.765380859375,1691.5240478515625,1439.25,725.6812744140625,364.601806640625,5128.66015625,709.5374145507812,2939.2451171875,1662.7332763671875,671.8153076171875,271.496337890625,669.9313354492188,156.9188232421875,3335.173095703125,537.0281982421875,859.4346923828125,106.12613677978516,1308.296142578125,548.7236328125,4469.45654296875,399.3774719238281,895.6868286132812,2391.964111328125,86.05072784423828,71.14724731445312,881.8533325195312,1665.4119873046875,1311.433349609375,951.2190551757812,701.84814453125,662.302001953125,2137.59130859375,445.3994140625,2141.2333984375,729.6972045898438,1354.180908203125,14.949999809265137,909.35791015625,1523.82666015625,59.89517593383789,176.41477966308594,629.4444580078125,372.1109008789063,1787.513427734375,816.3582763671875,7299.65576171875,2937.171630859375,918.1250610351562,28.474231719970703,108.5528793334961,110.965087890625,2117.779052734375,123.79637908935548,1074.864990234375,1163.78857421875,443.4694519042969,25774.06640625,1430.40625,739.68408203125,716.02392578125,99.5204620361328,3124.546875,1428.9034423828125,2293.0576171875,658.6952514648438,7207.234375,179.88987731933594,293.9847717285156
2021-12-16,2185.43115234375,2166.55517578125,1698.259033203125,1402.25,725.3406372070312,361.5225524902344,5140.26513671875,706.6992797851562,2902.35400390625,1666.98974609375,689.6329345703125,269.1028137207031,665.9730224609375,159.6749725341797,3353.0654296875,540.8935546875,845.3297729492188,107.30851745605467,1306.580810546875,545.804443359375,4481.87451171875,393.6929016113281,895.1123657226562,2370.666748046875,85.37619018554688,69.82670593261719,871.58544921875,1678.0167236328125,1320.79833984375,960.2021484375,701.8948974609375,659.0045776367188,2106.855224609375,437.7712097167969,2130.66943359375,718.9299926757812,1361.867919921875,14.699999809265137,899.4266967773438,1556.6898193359375,59.92106628417969,175.50927734375,632.9334106445312,370.7857360839844,1780.9556884765625,823.2078857421875,7186.658203125,2938.406982421875,920.709228515625,28.185047149658203,109.1526336669922,112.04428100585938,2175.875732421875,122.822998046875,1088.7694091796875,1153.0389404296875,440.130615234375,25886.73046875,1426.28857421875,729.5208129882812,710.2193603515625,99.44715881347656,3134.392822265625,1438.521728515625,2326.7158203125,622.3291015625,7248.6904296875,182.20884704589844,297.6341552734375
2021-12-17,2151.059326171875,2117.4208984375,1641.6353759765625,1413.25,704.7042236328125,354.69049072265625,4727.8037109375,686.0355834960938,2836.33349609375,1617.1748046875,677.0987548828125,260.8963623046875,650.9705200195312,157.08213806152344,3330.040283203125,505.8085021972656,825.3720092773438,104.94377899169922,1290.148193359375,540.5401000976562,4394.2138671875,379.1657104492188,879.6531372070312,2359.0107421875,82.09989929199219,69.79977416992188,858.690673828125,1627.695068359375,1280.8638916015625,969.8475341796876,689.23828125,646.3067626953125,2084.3037109375,437.4311218261719,2057.556396484375,706.4651489257812,1313.811767578125,14.050000190734863,855.5357055664062,1599.96533203125,58.41979217529297,171.61167907714844,631.1171875,357.4448547363281,1755.48486328125,805.1672973632812,7037.9248046875,2986.8740234375,912.2225952148438,27.875205993652344,107.56758880615234,107.45765686035156,2241.798828125,123.8553695678711,1060.0318603515625,1131.9853515625,427.918701171875,25748.09375,1394.38330078125,733.8152465820312,696.8832397460938,97.62757873535156,3136.79931640625,1429.9915771484375,2250.861328125,601.7509155273438,7173.99169921875,176.14404296875,309.87579345703125
2021-12-20,2074.68798828125,2022.640869140625,1586.4085693359375,1369.5,683.0457153320312,337.0810546875,4647.06005859375,671.5460815429688,2770.357666015625,1579.450439453125,650.9071044921875,240.8687438964844,643.3471069335938,146.99655151367188,3269.535400390625,488.4146728515625,857.611572265625,100.82342529296876,1278.320068359375,534.27099609375,4293.890625,356.33026123046875,887.9766845703125,2308.597412109375,78.10090637207031,67.88634490966797,851.2881469726562,1579.473876953125,1251.5560302734375,960.3262329101562,667.059814453125,623.6673583984375,2009.2755126953125,420.8628540039063,2093.398681640625,688.6653442382812,1306.704833984375,13.649999618530272,819.7833862304688,1580.6781005859375,56.297340393066406,167.24166870117188,614.2459716796875,347.2224426269531,1710.103271484375,785.5831909179688,7028.27880859375,2835.84375,902.7369995117188,26.956018447875977,104.3118896484375,103.29505920410156,2134.253662109375,123.79637908935548,1031.4527587890625,1115.291015625,410.9044799804688,25007.314453125,1356.3736572265625,729.0436401367188,680.7648315429688,92.5267333984375,3112.7763671875,1390.9962158203125,2210.34326171875,593.4904174804688,7001.4208984375,171.19155883789062,307.6353759765625
2021-12-21,2152.28125,2044.292724609375,1616.890625,1383.1500244140625,706.3103637695312,347.810302734375,4787.95458984375,663.081298828125,2793.197509765625,1580.024169921875,645.3538818359375,240.5268096923828,651.8990478515625,148.7114715576172,3301.41259765625,500.506103515625,850.8471069335938,103.65392303466795,1304.323486328125,535.13232421875,4291.2119140625,362.35491943359375,899.6976928710938,2318.383056640625,77.61910247802734,69.53026580810547,894.8914184570312,1599.0162353515625,1299.156982421875,997.6663818359376,674.6163940429688,628.7366333007812,2001.388671875,432.8639221191406,2096.85791015625,698.7536010742188,1324.302734375,13.949999809265137,830.5382080078125,1591.83740234375,56.685585021972656,167.32041931152344,629.2532348632812,346.03680419921875,1736.9046630859375,783.5573120117188,7055.81689453125,2844.127685546875,918.9569702148438,27.53438377380371,104.6974105834961,104.87532043457033,2140.4130859375,121.87908935546876,1046.806640625,1124.7528076171875,407.9772338867188,25367.73828125,1358.50439453125,742.9765625,677.0709838867188,95.2992172241211,3157.759033203125,1421.374267578125,2258.017333984375,600.9200439453125,7164.21337890625,178.4216766357422,319.1147766113281
2021-12-22,2233.88427734375,2055.142333984375,1654.40673828125,1403.0999755859375,703.6333618164062,350.02349853515625,4716.79052734375,666.5668334960938,2797.702880859375,1591.3963623046875,664.353759765625,246.9747314453125,669.2471313476562,152.0801544189453,3293.17236328125,508.4349670410156,853.6775512695312,104.1555404663086,1299.5833740234375,539.8701171875,4444.91064453125,366.5818786621094,905.0714721679688,2385.728515625,78.34181213378906,70.17706298828125,915.1885375976562,1601.1170654296875,1330.9395751953125,1012.4035034179688,676.2072143554688,629.86865234375,2002.5826416015625,450.2581481933594,2101.285888671875,710.830322265625,1300.7099609375,13.899999618530272,844.6356201171875,1603.3482666015625,56.45263671875,166.92672729492188,631.8340454101562,351.1878662109375,1778.199462890625,789.828125,7160.56689453125,2900.878173828125,917.5274658203124,27.66864776611328,104.9972915649414,105.45346069335938,2193.219970703125,123.06978607177734,1071.649169921875,1113.9041748046875,416.9875183105469,25720.998046875,1363.8603515625,761.0607299804688,685.9456787109375,97.34730529785156,3177.405517578125,1444.7017822265625,2269.960693359375,603.4129028320312,7213.0029296875,181.1494903564453,316.7357788085937
2021-12-23,2213.69140625,2056.002685546875,1672.46630859375,1422.050048828125,711.8587646484375,355.4602966308594,4817.53564453125,675.9776000976562,2831.828125,1613.75146484375,678.732421875,253.0318756103516,663.3829345703125,154.0809783935547,3347.415283203125,534.8477172851562,872.9158325195312,105.83952331542967,1322.78759765625,545.0386962890625,4362.119140625,372.8494567871094,914.0861206054688,2379.396484375,79.16088104248047,71.60539245605469,921.5403442382812,1621.63671875,1332.2498779296875,1016.2534790039062,675.6925048828125,630.459228515625,2040.011474609375,448.2660827636719,2122.5048828125,709.375244140625,1309.07373046875,13.800000190734863,844.0057983398438,1632.257080078125,58.05742645263672,171.09988403320312,621.5584106445312,353.81817626953125,1785.2799072265625,797.690673828125,7125.2646484375,2916.6220703125,918.3855590820312,27.875205993652344,106.7108383178711,108.30563354492188,2236.750244140625,127.22200012207033,1071.2640380859375,1115.04345703125,422.4302368164063,25854.033203125,1396.0535888671875,756.2415161132812,697.2670288085938,97.24383544921876,3205.366455078125,1465.6358642578125,2299.72021484375,606.4432983398438,7177.1689453125,182.20884704589844,320.8470764160156
2021-12-24,2194.86767578125,2032.34375,1694.41748046875,1385.4000244140625,703.1953125,354.0168762207031,4782.9169921875,664.7244873046875,2812.156005859375,1588.8665771484375,672.2813110351562,249.17288208007807,661.721435546875,151.95767211914062,3334.890625,515.4221801757812,871.5245361328125,104.54965209960938,1316.1063232421875,539.5352172851562,4331.68212890625,368.8654174804688,903.153564453125,2338.768798828125,78.05272674560547,70.52740478515625,922.9253540039062,1574.05078125,1320.846923828125,1047.5081787109375,673.259521484375,627.3585815429688,2039.798583984375,445.9338684082031,2119.091796875,705.3012084960938,1296.0201416015625,13.649999618530272,834.3654174804688,1637.4415283203125,57.0738410949707,171.6510772705078,622.5620727539062,348.39813232421875,1767.1748046875,783.991455078125,7057.6982421875,2945.546630859375,919.1338500976562,27.389789581298828,103.88347625732422,106.76390075683594,2231.121337890625,125.42068481445312,1074.6837158203125,1137.5831298828125,417.9937438964844,25832.630859375,1367.402099609375,749.5135498046875,689.783447265625,96.1917495727539,3212.54296875,1500.4532470703125,2289.405517578125,596.8141479492188,7063.947265625,183.16229248046875,322.648681640625
2021-12-27,2146.9033203125,2042.5244140625,1726.3460693359375,1375.5,703.97412109375,355.98956298828125,4780.498046875,669.355224609375,2813.98486328125,1598.1029052734375,676.0833740234375,247.07241821289065,660.450927734375,152.87640380859375,3308.42822265625,522.0625610351562,892.5857543945312,104.65714263916016,1314.84228515625,537.3816528320312,4356.9580078125,371.7806091308594,922.2830810546876,2339.776123046875,78.29363250732422,70.36572265625,912.1318969726562,1565.8917236328125,1334.09375,1049.1639404296875,678.827392578125,629.720947265625,2047.940673828125,440.0061950683594,2123.197265625,713.9343872070312,1302.1119384765625,13.449999809265137,828.6488647460938,1639.7701416015625,57.33268356323242,171.29672241210938,624.23486328125,353.3897399902344,1773.6376953125,789.6832885742188,7031.076171875,2956.85107421875,922.8701782226562,27.369138717651367,104.39753723144533,105.87743377685548,2233.2958984375,125.8480987548828,1073.5286865234375,1151.2059326171875,418.99993896484375,25817.1640625,1355.13525390625,757.8160400390625,689.3516845703125,96.73934936523438,3234.595703125,1553.7236328125,2301.10205078125,592.0729370117188,7083.74658203125,180.302001953125,323.1799011230469
2021-12-28,2158.246337890625,2056.432861328125,1747.0999755859375,1398.800048828125,709.86328125,365.8527526855469,4784.5966796875,672.6414794921875,2833.568115234375,1606.8603515625,677.643310546875,247.90283203125,664.653564453125,155.3263397216797,3343.6953125,518.345947265625,895.5123291015625,106.6635971069336,1322.020263671875,538.3388061523438,4407.75244140625,374.8900451660156,923.6265258789062,2379.54052734375,78.91999053955078,71.71319580078125,924.3103637695312,1584.84814453125,1358.5008544921875,1062.9908447265625,683.5064697265625,632.23095703125,2061.41162109375,445.2051086425781,2130.30126953125,713.7403564453125,1343.3514404296875,13.75,826.1296997070312,1658.9693603515625,58.13508987426758,173.2652130126953,628.3451538085938,353.6787109375,1805.285888671875,809.1227416992188,7038.7451171875,3047.927001953125,925.3875732421876,27.41044807434082,106.3252944946289,107.5347900390625,2245.15625,125.54280853271484,1086.2783203125,1166.711181640625,421.8814697265625,26231.10546875,1385.514404296875,777.8565063476562,697.4589233398438,97.2265853881836,3243.74072265625,1572.0897216796875,2349.0234375,596.9119873046875,7241.2109375,182.63259887695312,325.8823547363281
2021-12-29,2177.31494140625,2067.330078125,1714.22314453125,1392.6500244140625,703.5361328125,361.6188049316406,4915.36767578125,667.7120971679688,2910.696044921875,1621.650634765625,678.1338500976562,244.33694458007807,661.5259399414062,155.61216735839844,3352.1240234375,512.6967163085938,897.6712036132812,105.15874481201172,1313.8038330078125,542.3108520507812,4501.50146484375,374.79296875,941.0231323242188,2458.062255859375,78.96815490722656,71.2820053100586,917.6719970703124,1567.9437255859375,1352.629638671875,1069.614013671875,680.2545166015625,634.6425170898438,2074.584228515625,441.4152526855469,2128.225341796875,713.6433715820312,1334.55224609375,14.449999809265137,842.9400634765625,1656.8167724609375,57.72093200683594,170.66683959960938,626.9591064453125,351.5465087890625,1800.866455078125,803.3343505859375,7089.47998046875,3029.80322265625,927.522216796875,27.141918182373047,105.51134490966795,107.07225036621094,2245.712158203125,124.93220520019533,1088.1353759765625,1174.6868896484375,415.6611633300781,26131.494140625,1370.8577880859375,800.4736938476562,697.171142578125,96.2607421875,3233.37060546875,1555.333984375,2371.0341796875,609.2783813476562,7255.73046875,179.798828125,325.07391357421875
2021-12-30,2185.920166015625,2067.90380859375,1692.6214599609375,1311.050048828125,704.9962158203125,356.9518127441406,4909.58935546875,666.0689086914062,2855.649169921875,1613.5169677734375,674.1553344726562,243.06689453125,663.9694213867188,154.32595825195312,3365.590087890625,504.1732177734375,914.1748046875,104.76464080810548,1319.76318359375,547.0486450195312,4507.63720703125,368.4767456054688,954.9540405273438,2453.02587890625,79.20906066894531,70.94851684570312,907.7382202148438,1557.1953125,1346.1275634765625,1090.4368896484375,683.833984375,630.8529663085938,2073.433349609375,436.9452209472656,2145.5234375,713.6433715820312,1328.412353515625,14.0,857.8610229492188,1663.23095703125,57.2291374206543,170.0762939453125,617.3047485351562,349.7630920410156,1792.17041015625,800.05419921875,7024.083984375,3062.343505859375,927.8522338867188,27.141918182373047,108.7242431640625,108.30563354492188,2324.14794921875,125.39015197753906,1068.4786376953125,1184.1483154296875,413.19134521484375,25933.31640625,1356.056884765625,796.3223876953125,698.46630859375,94.94564819335938,3267.544677734375,1566.7364501953125,2405.729248046875,601.8975830078125,7232.50927734375,176.54132080078125,329.87823486328125
2021-12-31,2184.15966796875,2118.090087890625,1705.642333984375,1330.25,710.8853759765625,363.254638671875,4951.71484375,675.7285766601562,2898.874755859375,1637.334228515625,684.5751342773438,246.8770294189453,668.3186645507812,157.38836669921875,3395.819580078125,515.7691040039062,905.875,104.65714263916016,1337.4599609375,555.1842651367188,4556.63037109375,379.40863037109375,955.4019165039062,2486.50634765625,79.97994995117188,71.81001281738281,924.9312744140624,1585.1412353515625,1355.735107421875,1092.1341552734375,692.2095336914062,639.3673706054688,2099.18212890625,462.1134338378906,2177.397705078125,717.9600219726562,1354.9061279296875,15.350000381469728,860.5255737304688,1658.7496337890625,57.72093200683594,171.6904296875,627.0069580078125,357.9031677246094,1801.864501953125,807.6275024414062,7163.17138671875,3109.1171875,942.1549072265624,27.53438377380371,106.5823211669922,109.770263671875,2369.44189453125,124.81005096435548,1072.5775146484375,1184.9410400390625,421.19537353515625,26496.830078125,1359.9154052734375,807.0584106445312,713.2894897460938,95.84681701660156,3271.570068359375,1558.5548095703125,2489.726318359375,612.9443359375,7422.04296875,180.72576904296875,330.45562744140625
2022-01-03,2156.6328125,2152.12109375,1713.3251953125,1346.9000244140625,717.017822265625,372.3961181640625,4929.0966796875,693.4545288085938,2923.721923828125,1694.72900390625,708.3483276367188,246.5839385986328,675.6488647460938,157.65380859375,3406.6962890625,532.4691162109375,892.82568359375,111.2855453491211,1321.6591796875,556.237060546875,4530.38037109375,383.5870056152344,944.9171752929688,2608.24658203125,84.02713012695312,73.06058502197266,914.6631469726562,1623.591064453125,1364.61474609375,1097.9710693359375,711.042236328125,640.3024291992188,2111.54443359375,464.5427856445313,2178.458984375,741.7739868164062,1363.1734619140625,15.550000190734863,883.92431640625,1668.1517333984375,58.47157669067383,172.51718139648438,637.6170654296875,363.5523681640625,1827.477783203125,800.53662109375,7257.1669921875,3132.869873046875,940.8281860351562,27.94750213623047,107.95316314697266,110.27131652832033,2353.86083984375,125.17640686035156,1088.74658203125,1198.21728515625,430.6629943847656,26752.0546875,1363.0540771484375,810.1598510742188,717.6549072265625,98.52013397216795,3341.056396484375,1553.5496826171875,2491.158203125,615.1439208984375,7551.93505859375,187.39968872070312,332.003173828125
2022-01-04,2170.61669921875,2126.26318359375,1715.1712646484375,1366.699951171875,719.5974731445312,375.7159729003906,4903.5146484375,706.201416015625,2934.47216796875,1710.1131591796875,720.4557495117188,248.6844024658203,681.6596069335938,157.59254455566406,3426.3779296875,541.1907958984375,886.8286743164062,109.63741302490234,1322.5621337890625,549.44140625,4501.5986328125,383.2954711914063,941.470947265625,2595.007568359375,85.27982330322266,73.8109130859375,907.1174926757812,1653.2957763671875,1359.9078369140625,1104.01513671875,715.2066040039062,642.910888671875,2118.620849609375,462.64788818359375,2215.3154296875,749.6795654296875,1376.5169677734375,15.25,876.2701416015625,1668.766845703125,59.041015625,173.4226837158203,640.8193359375,369.1617126464844,1841.4486083984373,802.5142822265625,7359.60205078125,3108.384765625,950.9212036132812,28.050779342651367,113.86488342285156,113.93289947509766,2336.5166015625,128.5958709716797,1113.3172607421875,1209.3135986328125,442.2802429199219,26464.087890625,1357.5830078125,799.4238891601562,708.8760986328125,99.06771850585938,3399.690673828125,1557.90185546875,2549.5419921875,616.3169555664062,7480.02294921875,177.57415771484375,333.296630859375
2022-01-05,2176.923583984375,2142.513916015625,1711.629150390625,1399.6500244140625,734.8314208984375,378.8433532714844,4912.05859375,723.8775634765625,2996.388671875,1795.2373046875,752.61767578125,257.3793334960937,684.1519165039062,161.16539001464844,3446.38916015625,562.945556640625,890.9545288085938,110.13900756835938,1323.781005859375,557.5293579101562,4439.99267578125,390.6805419921875,932.6996459960938,2665.614990234375,86.7734375,75.61727905273438,911.7499389648438,1707.08642578125,1358.7432861328125,1085.220703125,732.1912841796875,643.3046264648438,2136.610595703125,461.9190979003906,2228.73876953125,764.4238891601562,1401.60888671875,15.100000381469728,875.8341674804688,1620.878173828125,60.69757843017578,173.658935546875,663.8560180664062,383.0207214355469,1851.95068359375,809.89453125,7499.70263671875,3033.0068359375,953.1538696289062,28.629148483276367,113.0937728881836,115.89856719970705,2260.544189453125,127.40516662597656,1118.526123046875,1208.570556640625,450.4215393066406,26719.900390625,1338.6068115234375,796.9427490234375,703.839111328125,101.5513153076172,3378.8623046875,1512.4215087890625,2542.7802734375,624.3820190429688,7489.01806640625,176.8326416015625,329.60107421875
2022-01-06,2175.9951171875,2129.130859375,1709.2841796875,1409.800048828125,720.1328125,372.4442443847656,4903.3671875,727.263427734375,3049.606201171875,1795.0477294921875,760.2166137695312,258.3562927246094,694.31640625,161.61451721191406,3460.891845703125,559.8731079101562,884.6697387695312,110.81977081298828,1315.42919921875,557.5770874023438,4372.49267578125,387.6682434082031,922.7796020507812,2702.59716796875,86.7734375,77.17354583740234,906.49658203125,1681.1925048828125,1345.3026123046875,1063.818603515625,720.447021484375,636.7588500976562,2128.0849609375,465.5631408691406,2206.228271484375,761.5138549804688,1401.0284423828125,15.300000190734863,893.031982421875,1597.2852783203125,60.69757843017578,172.20223999023438,644.2127075195312,376.992919921875,1829.0458984375,810.232177734375,7602.66796875,2981.382080078125,939.3746948242188,28.639480590820312,112.15133666992188,116.2454833984375,2190.586669921875,125.75651550292967,1094.4761962890625,1194.4522705078125,449.7812194824219,26045.78125,1320.1492919921875,791.6939697265625,696.0198364257812,100.31382751464844,3332.04248046875,1472.8603515625,2562.274658203125,634.3534545898438,7292.4931640625,179.24266052246094,326.0209350585937
2022-01-07,2177.8037109375,2183.90576171875,1695.3153076171875,1423.0999755859375,716.5311889648438,382.2593078613281,4960.0615234375,727.5621337890625,3026.677734375,1772.1336669921875,751.4942016601562,264.80419921875,688.7455444335938,161.77783203125,3519.513427734375,569.7345581054688,877.7133178710938,112.46791076660156,1327.1668701171875,562.31494140625,4399.3271484375,389.2715759277344,916.7340698242188,2709.552490234375,88.02613067626953,77.56260681152344,914.6154174804688,1756.529052734375,1327.979736328125,1068.49658203125,725.5004272460938,649.9487915039062,2130.72802734375,479.5562744140625,2229.061767578125,769.4679565429688,1398.7080078125,15.100000381469728,893.5648803710938,1594.209716796875,61.34467315673828,171.96600341796875,643.1612548828125,379.4538879394531,1810.4180908203125,799.7648315429688,7625.720703125,2965.8671875,951.5809326171876,28.639480590820312,112.53688049316406,121.06332397460938,2195.87744140625,125.29856872558594,1103.30810546875,1206.14306640625,449.3695983886719,26554.564453125,1310.214599609375,791.07373046875,706.2377319335938,100.06375122070312,3372.3427734375,1483.0880126953125,2539.375244140625,626.6793212890625,7389.68017578125,179.13673400878906,328.6771545410156
2022-01-10,2230.41259765625,2217.888427734375,1748.6962890625,1438.9000244140625,719.2080688476562,384.2800903320313,5002.92626953125,739.71142578125,3064.68408203125,1776.3154296875,758.5535888671875,267.68621826171875,688.9898681640625,162.32908630371094,3548.659423828125,556.156494140625,879.104736328125,115.15509796142578,1322.9232177734375,563.8463134765625,4349.75,396.4137573242188,914.9136352539062,2701.0146484375,92.07331085205078,79.28559875488281,889.3036499023438,1796.7862548828125,1311.6759033203125,1066.4678955078125,729.5243530273438,652.557373046875,2198.08349609375,478.9732055664063,2220.666015625,786.443359375,1397.0157470703125,14.850000381469728,892.2084350585938,1626.2381591796875,61.96588897705078,175.82423400878906,642.4443359375,388.1617736816406,1856.227294921875,812.2581176757812,7837.53564453125,2929.940185546875,942.264892578125,28.908004760742188,112.96527099609376,122.06544494628906,2171.116943359375,124.56583404541016,1104.2138671875,1217.7349853515625,460.7124633789063,26455.203125,1333.0206298828125,788.926513671875,702.2081298828125,100.81399536132812,3395.40185546875,1493.663818359375,2623.07666015625,635.2332153320312,7416.27392578125,179.66641235351562,320.3620300292969
2022-01-11,2287.666748046875,2196.332275390625,1839.7928466796875,1567.949951171875,744.7601928710938,382.6442565917969,4996.80322265625,740.1595458984375,3066.156005859375,1776.385009765625,752.5244140625,270.95904541015625,687.5238037109375,159.71580505371094,3525.1640625,574.0953369140625,878.8648071289062,113.6144790649414,1313.3072509765625,562.3627319335938,4399.1806640625,397.2882690429688,909.1115112304688,2680.724609375,92.94055938720705,78.81315612792969,874.0210571289062,1804.65234375,1317.7413330078125,1112.4599609375,732.6826171875,647.83251953125,2189.685302734375,472.6082763671875,2217.529296875,786.3463745117188,1379.3695068359375,11.800000190734863,889.3987426757812,1630.499755859375,61.39643478393555,174.76126098632812,617.2091674804688,385.93994140625,1863.8780517578125,811.7275390625,7855.13916015625,2935.89013671875,944.8444213867188,28.185047149658203,113.35081481933594,124.06969451904295,2170.198974609375,124.47422790527344,1112.1627197265625,1221.9952392578125,462.8163757324219,26547.005859375,1332.4158935546875,794.3660888671875,708.6842651367188,97.46804809570312,3426.950927734375,1512.073486328125,2618.98046875,628.2923583984375,7436.9541015625,175.34950256347656,320.662353515625
2022-01-12,2265.17578125,2212.774169921875,1826.0238037109373,1647.550048828125,743.2514038085938,382.88482666015625,4952.7021484375,743.74462890625,3069.14501953125,1789.93798828125,762.7921142578125,277.11383056640625,713.668212890625,158.71543884277344,3484.528564453125,593.12451171875,869.5094604492188,114.18772888183594,1308.6123046875,557.5293579101562,4376.14453125,405.74224853515625,913.8135375976562,2701.398193359375,94.9159698486328,79.81361389160156,883.4772338867188,1831.1324462890625,1315.8004150390625,1119.497802734375,728.3545532226562,662.6957397460938,2208.655517578125,483.8805236816406,2226.2939453125,799.0536499023438,1379.9012451171875,12.800000190734863,912.2645874023438,1649.698974609375,61.68117141723633,175.39117431640625,628.058349609375,389.885498046875,1876.28076171875,849.4968872070312,7881.0849609375,2945.04345703125,942.221923828125,29.186861038208008,114.67880249023438,127.1531219482422,2167.08251953125,125.1458740234375,1141.851318359375,1237.8472900390625,466.749755859375,26229.82421875,1352.8316650390625,797.9924926757812,706.2377319335938,98.92974853515624,3377.943603515625,1506.241455078125,2579.103515625,640.12109375,7488.1875,176.197021484375,319.36883544921875
2022-01-13,2255.446533203125,2212.15283203125,1849.221923828125,1661.800048828125,751.6715087890625,381.4414367675781,4922.03369140625,737.6201782226562,3078.869384765625,1818.8499755859373,766.1133422851562,287.7626647949219,715.2318725585938,161.0836944580078,3530.531494140625,584.1550903320312,886.6367797851562,118.05726623535156,1323.96142578125,555.806396484375,4470.77099609375,399.18310546875,920.151123046875,2717.51513671875,96.9395523071289,80.56394958496094,882.9039916992188,1814.3746337890625,1287.70556640625,1104.677490234375,714.94921875,659.8412475585938,2211.29833984375,493.1607055664063,2227.2626953125,799.9752197265625,1363.36669921875,12.800000190734863,898.2639770507812,1666.7017822265625,62.71651077270508,176.33602905273438,657.4993286132812,383.8576354980469,1918.28857421875,864.4020385742188,7790.70703125,3026.00439453125,942.57080078125,30.168018341064453,115.6212387084961,126.38226318359376,2182.95361328125,127.00826263427734,1148.28271484375,1247.0614013671875,467.7559814453125,26367.0859375,1359.1954345703125,825.9536743164062,700.5770874023438,105.30687713623048,3411.198486328125,1496.1009521484375,2585.322265625,645.6444702148438,7437.44189453125,179.93124389648438,300.1517333984375
2022-01-14,2289.720703125,2254.166015625,1866.084228515625,1697.949951171875,759.3613891601562,387.5037231445313,4912.8486328125,718.69921875,3062.632080078125,1817.3228759765625,768.4533081054688,289.7165832519531,704.2855224609375,162.6965789794922,3495.68798828125,580.9834594726562,884.1900634765625,118.05726623535156,1321.4783935546875,551.1163940429688,4496.630859375,405.54791259765625,912.995849609375,2705.043701171875,95.87958526611328,80.20266723632812,877.55517578125,1814.814453125,1305.12548828125,1107.119873046875,722.9738159179688,660.9240112304688,2190.92138671875,492.0432434082031,2180.673095703125,795.416015625,1368.733154296875,12.75,891.433349609375,1695.30322265625,63.82952117919922,175.27305603027344,652.5765991210938,386.218994140625,1943.33154296875,850.1239624023438,7797.60400390625,2987.37744140625,927.5462036132812,30.14736557006836,115.96397399902344,124.14678955078124,2147.781494140625,126.85562133789062,1149.9586181640625,1251.9161376953125,465.01177978515625,26586.177734375,1379.03564453125,820.4663696289062,731.5667114257812,104.6558074951172,3472.677490234375,1512.5955810546875,2559.165771484375,643.9825439453125,7489.99560546875,178.07736206054688,295.55535888671875
2022-01-17,2269.038330078125,2273.81005859375,1873.6175537109373,1835.300048828125,758.33935546875,392.4112243652344,4851.31494140625,709.6868286132812,3113.44091796875,1833.3807373046875,770.4548950195312,294.25946044921875,712.1043701171875,163.55404663085938,3451.521728515625,595.3544921875,873.3475341796875,117.30485534667967,1324.6837158203125,545.1822509765625,4510.0234375,411.81549072265625,909.7247924804688,2728.643310546875,96.36139678955078,80.42500305175781,883.4772338867188,1874.809814453125,1289.7921142578125,1042.16796875,711.907958984375,663.5816040039062,2303.293701171875,491.6545104980469,2204.521240234375,794.7369995117188,1384.9774169921875,12.5,891.8693237304688,1704.221923828125,64.06248474121094,176.84783935546875,668.5397338867188,386.0695190429688,1966.7589111328125,869.03271484375,7972.47607421875,3006.5537109375,924.34521484375,29.90981674194336,117.03492736816406,127.84691619873048,2115.0732421875,126.00077056884766,1155.9595947265625,1276.0408935546875,470.1800842285156,27044.587890625,1371.4049072265625,814.2156372070312,734.0612182617188,106.04850769042967,3517.30859375,1499.2344970703125,2563.9033203125,642.7117919921875,7694.8798828125,172.56874084472656,298.7196960449219
2022-01-18,2316.122802734375,2153.9375,1836.8494873046875,1900.0999755859373,742.6674194335938,366.2857360839844,4559.00634765625,722.1845703125,3034.21630859375,1811.71923828125,759.7996215820312,288.4465637207031,698.1770629882812,162.5536651611328,3410.79248046875,607.0,865.6235961914062,115.22679138183594,1327.4375,539.7266235351562,4409.50537109375,392.4782409667969,913.8427734375,2624.987060546875,94.72325134277344,79.4245376586914,886.7724609375,1809.8798828125,1276.5938720703125,1009.87841796875,715.5341186523438,658.61083984375,2295.9189453125,481.9856262207031,2186.02392578125,798.4230346679688,1399.72314453125,12.050000190734863,871.6679077148438,1687.746337890625,64.166015625,173.81637573242188,650.1869506835938,387.0060729980469,1921.900146484375,860.687744140625,7634.5458984375,2930.44384765625,926.5636596679688,28.92866325378418,115.66410064697266,126.30518341064452,2101.135009765625,125.26802825927734,1142.1683349609375,1254.19482421875,463.5939025878906,26661.876953125,1338.808349609375,808.0126342773438,701.7764282226562,103.03887939453124,3492.323974609375,1445.5723876953125,2566.913818359375,628.7811279296875,7387.67529296875,170.79429626464844,292.5527038574219
2022-01-19,2292.2138671875,2133.432373046875,1845.1810302734373,1938.449951171875,724.4158935546875,360.7046508789063,4460.38525390625,726.5662841796875,3066.20068359375,1804.109375,742.9041748046875,296.6041564941406,687.7681274414062,161.0224609375,3367.23828125,606.6529541015625,859.3866577148438,117.44818878173828,1306.896728515625,544.1771850585938,4365.0419921875,396.7052307128906,912.1682739257812,2608.150634765625,94.9641571044922,82.23136901855469,895.5121459960938,1765.176513671875,1270.0919189453125,992.8644409179688,710.4807739257812,645.765380859375,2301.844482421875,490.5369873046875,2131.038818359375,784.3577270507812,1375.936767578125,11.949999809265137,865.4669189453125,1640.560791015625,64.76133728027344,173.5014190673828,644.8818359375,379.7328186035156,1920.6646728515625,862.8585205078125,7731.53173828125,2826.781982421875,905.4024047851562,29.248823165893555,115.4927215576172,131.23867797851562,2061.63916015625,124.96272277832033,1142.077880859375,1236.559326171875,471.82659912109375,25922.271484375,1370.8577880859375,800.1873168945312,688.5361938476562,104.31085205078124,3431.876953125,1453.710693359375,2555.365234375,628.3900756835938,7268.880859375,171.93313598632812,286.9399719238281
2022-01-20,2336.364990234375,2154.654052734375,1861.6939697265625,1966.699951171875,718.3807373046875,360.9451904296875,4587.6494140625,725.8692626953125,2951.958740234375,1722.4383544921875,738.8276977539062,293.0382385253906,699.2033081054688,160.4916229248047,3395.018798828125,643.3733520507812,846.6251831054688,118.2722396850586,1295.2041015625,535.8502807617188,4217.2353515625,396.3165588378906,893.9832153320312,2622.63671875,94.28961944580078,81.89788818359375,862.2725219726562,1789.1160888671875,1271.595947265625,981.30078125,706.0592041015625,639.268798828125,2310.072265625,489.1765441894531,2086.66357421875,785.9583129882812,1340.5472412109375,12.050000190734863,849.9160766601562,1602.469482421875,64.9684066772461,172.24160766601562,652.3854370117188,377.1324157714844,1904.127685546875,849.4486694335938,7751.44970703125,2792.731689453125,895.7015380859375,29.589649200439453,115.57840728759766,128.61778259277344,2051.7109375,131.06890869140625,1122.0816650390625,1227.24609375,467.8017272949219,25598.369140625,1388.45361328125,782.5326538085938,694.1009521484375,104.0607681274414,3354.64208984375,1450.9256591796875,2531.083984375,621.88916015625,7299.2880859375,173.28382873535156,284.19140625
2022-01-21,2304.583984375,2118.090087890625,1824.277587890625,1934.550048828125,704.655517578125,354.7386474609375,4633.923828125,709.5374145507812,3051.03369140625,1630.2484130859375,723.4727172851562,288.6907958984375,679.5094604492188,155.857177734375,3407.402587890625,648.328857421875,832.3284912109375,113.75778198242188,1304.59423828125,527.9060668945312,4070.79248046875,383.9271240234375,875.4085693359375,2600.85986328125,90.4833526611328,79.70245361328125,851.2403564453125,1751.1058349609375,1204.8768310546875,975.1226196289062,711.9547729492188,631.394287109375,2344.72998046875,492.3833312988281,2145.338623046875,780.3807373046875,1335.9544677734375,11.850000381469728,827.5345458984375,1569.0792236328125,63.0012321472168,170.90306091308594,636.8524169921875,377.3615417480469,1859.0311279296875,844.3355712890625,7899.26708984375,2768.52099609375,907.1834716796876,28.86669540405273,114.89299011230467,126.1510009765625,2078.23486328125,131.34365844726562,1122.2626953125,1229.1783447265625,459.8434753417969,24582.03515625,1357.66796875,771.796630859375,697.0751342773438,100.87004852294922,3360.735107421875,1387.0792236328125,2495.402099609375,616.952392578125,7193.83935546875,171.2445068359375,279.9577331542969
2022-01-24,2355.090576171875,2071.91845703125,1711.9783935546875,1837.8499755859373,683.7758178710938,339.5348205566406,4442.80419921875,701.6702880859375,3017.57763671875,1567.569091796875,680.1060180664062,300.7561950683594,674.2805786132812,152.3455810546875,3318.45751953125,637.674560546875,855.9803466796875,112.00213623046876,1267.7559814453125,522.6895751953125,3951.183349609375,361.4803466796875,849.7469482421875,2548.383544921875,88.65247344970703,78.28514099121094,822.2034301757812,1652.025390625,1145.09619140625,939.1801147460938,695.6015625,617.7613525390625,2307.301025390625,464.8829040527344,2107.697998046875,774.5120849609375,1286.9794921875,10.949999809265137,824.7732543945312,1526.1112060546875,62.30237579345703,166.76922607421875,594.36376953125,364.8376159667969,1805.666015625,824.5585327148438,7766.83349609375,2697.811767578125,894.9197998046875,27.66864776611328,113.60784912109376,127.73126983642578,1964.4815673828125,130.67196655273438,1076.9935302734375,1213.6728515625,452.0223388671875,23878.7578125,1292.10009765625,764.2576904296875,663.3991088867188,94.7904281616211,3306.24951171875,1317.09619140625,2371.922607421875,598.4761352539062,6996.6787109375,165.31216430664062,265.01239013671875
2022-01-25,2347.023193359375,2083.867919921875,1737.521484375,1929.0,692.19580078125,338.2357788085937,4430.8037109375,749.0723266601562,3095.017822265625,1549.784912109375,683.2456665039062,316.6806030273437,695.733642578125,156.20423889160156,3333.0068359375,637.872802734375,868.9818725585938,115.47757720947266,1280.035400390625,519.5310668945312,3943.9755859375,369.4970397949219,857.242919921875,2582.5361328125,92.36238861083984,79.8969955444336,854.3447265625,1681.9254150390625,1149.414794921875,938.17822265625,696.2567138671875,620.9112548828125,2371.970458984375,472.0252380371094,2147.045166015625,777.6161499023438,1301.62841796875,11.300000190734863,856.746826171875,1513.2384033203125,62.871826171875,168.7377166748047,603.3011474609375,369.5702209472656,1829.8062744140625,824.3656005859375,8297.625,2802.9833984375,898.4099731445312,28.019798278808597,115.92111206054688,127.30729675292967,2002.1175537109373,133.63348388671875,1074.8875732421875,1216.645263671875,470.7746887207031,24052.150390625,1318.773193359375,771.128662109375,679.0377807617188,95.6441650390625,3304.97802734375,1306.17236328125,2345.716552734375,606.7855224609375,6940.31201171875,168.46372985839844,260.3622436523437
2022-01-27,2175.212158203125,2072.157958984375,1682.2445068359375,1910.25,690.2490234375,338.3800964355469,4239.4375,770.63232421875,3123.567138671875,1532.9088134765625,670.8096923828125,314.92205810546875,691.23779296875,156.06134033203125,3290.488525390625,649.0722045898438,890.0430908203125,115.04763793945312,1258.7723388671875,506.37060546875,3837.46728515625,363.5695495605469,828.7191772460938,2536.34423828125,96.45774841308594,78.5352554321289,839.9696044921875,1648.4588623046875,1111.421142578125,899.8145141601562,690.127197265625,611.757080078125,2314.8037109375,475.32916259765625,2117.615478515625,770.8259887695312,1327.78369140625,10.649999618530272,860.47705078125,1474.971435546875,63.51891708374024,168.9739532470703,598.4739990234375,376.4648742675781,1816.0728759765625,827.7903442382812,8507.51171875,2685.591796875,879.0320434570312,27.72028350830078,115.66410064697266,127.73126983642578,1974.32421875,131.19102478027344,1058.96728515625,1200.4464111328125,483.8555603027344,23526.185546875,1319.873779296875,774.9935913085938,677.3108520507812,93.8547592163086,3199.20751953125,1258.2984619140625,2280.12744140625,615.73046875,6942.6103515625,173.83998107910156,252.0567626953125
2022-01-28,2220.242919921875,2118.281005859375,1689.9273681640625,1938.4000244140625,691.2710571289062,347.088623046875,4423.4951171875,761.5203857421875,3120.087646484375,1516.8310546875,673.7776489257812,309.6465148925781,699.5941772460938,156.18382263183594,3305.085205078125,634.3544311523438,894.5047607421875,115.83586883544922,1265.40869140625,511.0605163574219,3838.295166015625,367.6507568359375,821.369140625,2504.781982421875,96.55411529541016,78.81315612792969,841.4500732421875,1658.1812744140625,1108.5098876953125,902.0686645507812,684.6527709960938,610.7235107421875,2278.269775390625,476.4953002929688,2106.729248046875,757.7307739257812,1327.78369140625,10.800000190734863,875.446533203125,1481.6494140625,64.24366760253906,171.33607482910156,600.3379516601562,378.2682495117188,1803.4327392578125,838.9812622070312,8247.806640625,2781.9765625,878.9818725585938,28.52586936950684,120.0764389038086,130.1209259033203,2081.2255859375,128.35162353515625,1057.9483642578125,1194.40283203125,478.8244323730469,23686.123046875,1320.0185546875,789.5467529296875,688.7760620117188,93.5356903076172,3234.97607421875,1227.8768310546875,2285.605712890625,588.4559936523438,6951.556640625,173.54859924316406,255.48074340820312
2022-01-31,2250.116943359375,2185.004638671875,1711.1302490234375,1877.8499755859373,697.2575073242188,351.37066650390625,4402.50634765625,769.835693359375,3180.264404296875,1565.812744140625,686.826904296875,308.2787475585937,712.7885131835938,162.1249237060547,3329.239990234375,623.8982543945312,906.738525390625,114.51017761230467,1286.1754150390625,513.740478515625,3931.21630859375,379.8458251953125,837.7630004882812,2537.927490234375,96.9395523071289,80.20266723632812,848.470458984375,1687.983642578125,1149.414794921875,917.8903198242188,695.1571044921875,612.692138671875,2322.733642578125,475.2319641113281,2097.6884765625,765.1513671875,1323.8194580078125,10.649999618530272,844.9746704101562,1525.583740234375,64.81310272216797,173.3833465576172,601.1982421875,370.0883483886719,1814.5047607421875,854.5617065429688,8292.5126953125,2843.48681640625,885.5391845703125,28.701446533203125,121.70433807373048,133.0501708984375,2136.132568359375,131.52684020996094,1080.9339599609375,1221.8466796875,492.4084167480469,23825.935546875,1346.865478515625,796.3700561523438,697.7947387695312,93.6133041381836,3275.478271484375,1287.37109375,2329.7265625,592.7083129882812,7055.734375,170.4235382080078,264.9429931640625
2022-02-01,2236.4755859375,2229.7421875,1743.009033203125,1904.0,719.1107788085938,366.045166015625,4456.533203125,778.6488647460938,3153.32080078125,1587.199951171875,688.2348022460938,311.8935241699219,706.6800537109375,154.6934356689453,3443.47021484375,648.1307373046875,908.0819091796876,116.83909606933594,1291.3216552734375,523.024658203125,4001.588623046875,393.352783203125,839.0578002929688,2515.57470703125,96.602294921875,81.98124694824219,860.0279541015625,1730.83056640625,1152.7144775390625,945.7759399414062,700.4443969726562,614.1194458007812,2324.822021484375,496.5617980957031,2127.117919921875,786.0068359375,1323.8677978515625,10.699999809265137,893.61328125,1557.085205078125,63.02711486816406,179.328125,625.4296264648438,375.0799255371094,1891.772216796875,839.0294799804688,8255.9580078125,2880.512451171875,892.7181396484375,30.05440902709961,120.93321990966795,131.77828979492188,2183.029296875,130.03082275390625,1077.3558349609375,1203.7156982421875,486.919921875,25026.26171875,1400.6173095703125,851.0042724609375,706.2377319335938,100.66739654541016,3331.935546875,1310.655029296875,2400.300537109375,612.211181640625,7348.90869140625,179.11024475097656,266.81695556640625
2022-02-02,2245.86279296875,2204.887939453125,1775.38671875,1916.300048828125,725.3892822265625,365.6602783203125,4608.88525390625,800.7565307617188,3153.8115234375,1667.254150390625,711.080810546875,313.1635437011719,708.634765625,156.02047729492188,3409.9921875,633.511962890625,913.26318359375,117.41234588623048,1319.8079833984375,533.5531005859375,4109.99658203125,388.2512512207031,859.6767578125,2561.19091796875,97.71044921875,80.98079681396484,869.4840087890625,1737.426025390625,1174.210205078125,977.6272583007812,716.4464721679688,634.0520629882812,2304.060791015625,499.428466796875,2147.64501953125,789.3533935546875,1338.1781005859375,11.399999618530272,945.0133056640624,1570.3094482421875,64.42485046386719,182.7926483154297,630.7347412109375,387.0957336425781,1884.3592529296875,838.6918334960938,8213.3720703125,2862.891845703125,884.5399780273438,31.087207794189453,120.93321990966795,132.048095703125,2153.634033203125,130.67196655273438,1079.5523681640625,1208.8182373046875,493.780517578125,24806.13671875,1412.7520751953125,849.9545288085938,712.330078125,100.68032836914062,3380.63525390625,1290.809326171875,2432.083251953125,612.1134033203125,7275.33349609375,181.8115997314453,272.068603515625
2022-02-03,2254.76171875,2192.5087890625,1747.9478759765625,1912.550048828125,713.0269165039062,367.4885864257813,4585.6748046875,796.2254028320312,3230.62744140625,1631.535888671875,697.6587524414062,316.7783203125,705.311767578125,153.9584503173828,3354.7607421875,637.0303344726562,914.1748046875,115.58505249023438,1327.5728759765625,532.5960083007812,4151.6845703125,391.8466491699219,851.7523193359375,2562.246337890625,97.3249969482422,81.92566680908203,881.9010620117188,1693.0645751953125,1171.0074462890625,965.7717895507812,709.0303344726562,624.4548950195312,2371.501708984375,498.1651916503906,2120.198974609375,784.697265625,1338.613525390625,11.350000381469728,928.5419921875,1527.6490478515625,64.52838897705078,184.6036529541016,624.3304443359375,380.4103698730469,1837.7421875,826.005615234375,8288.9931640625,2758.58984375,875.26220703125,31.79983139038086,120.49235534667967,129.11878967285156,2108.24169921875,129.02333068847656,1065.6026611328125,1174.240966796875,494.0549011230469,24350.03125,1412.3756103515625,843.178955078125,708.1565551757812,100.60272979736328,3352.93212890625,1265.87158203125,2442.891357421875,642.5162353515625,7211.14501953125,182.89747619628903,267.5572814941406
2022-02-04,2283.70654296875,2174.489501953125,1753.385986328125,1950.3499755859373,707.6244506835938,366.045166015625,4630.2197265625,795.2296142578125,3180.888916015625,1617.329345703125,702.3436889648438,312.0400390625,703.8945922851562,153.38681030273438,3354.38427734375,669.6871337890625,907.7940673828124,114.9401397705078,1313.8038330078125,544.6079711914062,4192.6416015625,388.2026672363281,847.3326416015625,2524.400390625,95.30142211914062,81.45323181152344,871.442138671875,1695.6051025390625,1173.8221435546875,971.6578369140624,713.07763671875,614.5623168945312,2320.558837890625,510.3120422363281,2127.994873046875,780.914306640625,1319.710205078125,11.300000190734863,926.3135986328124,1529.8896484375,64.26954650878906,184.4855194091797,628.3451538085938,375.4585876464844,1851.3328857421875,812.0170288085938,8247.4208984375,2793.464111328125,876.4598388671875,31.686227798461918,118.33203887939452,130.73760986328125,2085.716064453125,128.04629516601562,1055.8873291015625,1161.26220703125,485.0904235839844,24274.58203125,1403.339599609375,853.103759765625,704.031005859375,101.439208984375,3344.42822265625,1260.5616455078125,2439.140380859375,638.3615112304688,7274.01416015625,188.75038146972656,264.5497131347656
2022-02-07,2208.019775390625,2181.611083984375,1727.9427490234375,2024.6500244140625,696.13818359375,368.2102661132813,4420.0869140625,786.3168334960938,3101.173583984375,1567.98828125,679.9932250976562,313.35894775390625,690.5046997070312,152.0801544189453,3247.59375,644.3150024414062,895.5123291015625,115.33424377441406,1297.5968017578125,542.4066162109375,4092.31787109375,376.2019348144531,839.0091552734375,2495.572509765625,95.87958526611328,82.39810943603516,849.5211181640625,1673.18017578125,1159.6529541015625,966.2725830078124,686.945556640625,593.7930908203125,2257.722412109375,507.8340148925781,2082.78857421875,762.8233642578125,1292.7811279296875,10.949999809265137,904.0289916992188,1506.955810546875,63.62245178222656,181.2572479248047,622.4187622070312,364.3494567871094,1791.02978515625,800.2471313476562,8209.900390625,2766.50732421875,864.0814819335938,31.79983139038086,119.16968536376952,132.66476440429688,2054.864501953125,130.45826721191406,1049.4561767578125,1133.421875,487.7890319824219,24413.509765625,1399.2850341796875,846.5189819335938,676.2074584960938,102.0169906616211,3312.9560546875,1257.1669921875,2377.9931640625,622.67138671875,7303.052734375,193.5174560546875,257.724853515625
2022-02-08,2172.08349609375,2203.16748046875,1712.1778564453125,1928.0,698.7176513671875,362.0999145507813,4345.3681640625,795.2296142578125,3085.694580078125,1595.7127685546875,692.1986694335938,311.7958068847656,692.8504638671875,154.10137939453125,3270.9951171875,651.6491088867188,909.6650390625,114.61766815185548,1298.9061279296875,538.1472778320312,4166.3916015625,373.6754455566406,841.4915771484375,2483.868408203125,95.39777374267578,80.20266723632812,838.5845336914062,1678.5054931640625,1151.7442626953125,970.11328125,683.997802734375,591.037109375,2278.09912109375,511.9154052734375,2089.015625,768.740478515625,1321.0152587890625,10.850000381469728,908.5343627929688,1508.9766845703125,62.820045471191406,182.083984375,630.9738159179688,362.2272338867188,1782.5712890625,802.707275390625,8294.5869140625,2729.161865234375,864.77001953125,31.686227798461918,119.03746032714844,128.69482421875,2021.2210693359373,128.26004028320312,1067.09716796875,1120.6907958984375,486.0509643554688,24313.8046875,1369.07861328125,853.2468872070312,668.8198852539062,105.1732177734375,3281.789794921875,1248.3756103515625,2411.996826171875,641.782958984375,7256.12158203125,195.6891326904297,259.2286071777344
2022-02-09,2191.395751953125,2208.47265625,1779.17822265625,1919.800048828125,713.9515991210938,368.3546142578125,4520.93212890625,800.507568359375,3179.283203125,1622.52392578125,698.3160400390625,313.798583984375,703.0637817382812,153.3663787841797,3312.33642578125,676.8726196289062,929.0471801757812,120.81614685058594,1322.697509765625,546.0436401367188,4216.943359375,375.424560546875,850.6035766601562,2518.88427734375,98.4331512451172,79.45233917236328,821.4393920898438,1699.9044189453125,1187.748046875,985.9344482421876,700.72509765625,590.7908935546875,2326.612548828125,526.9774169921875,2101.285888671875,778.731689453125,1321.643798828125,10.800000190734863,937.068359375,1526.5506591796875,64.80074310302734,181.2178497314453,633.7935791015625,365.6546325683594,1795.11669921875,810.56982421875,8632.1796875,2773.69287109375,867.0601196289062,32.16131591796875,119.08153533935548,126.38226318359376,2119.820556640625,127.83262634277344,1079.5299072265625,1115.291015625,489.6184387207031,25003.19140625,1400.2119140625,852.6216430664062,671.7941284179688,105.41036987304688,3296.781005859375,1266.306640625,2452.614013671875,645.0579223632812,7336.9794921875,199.5028076171875,263.2541198730469
2022-02-10,2188.46240234375,2202.0205078125,1782.1217041015625,1907.949951171875,711.615478515625,360.7046508789063,4534.16650390625,806.4328002929688,3184.457763671875,1636.07666015625,700.2440795898438,314.0428466796875,707.6573486328125,152.97325134277344,3328.533935546875,685.9088745117188,935.5719604492188,120.42201232910156,1317.1898193359375,540.3965454101562,4201.65087890625,380.08880615234375,850.9832763671875,2532.98681640625,100.64946746826172,78.7020034790039,814.8486328125,1728.0946044921875,1183.2840576171875,993.8243408203124,713.5923461914062,596.74609375,2331.08837890625,531.7875366210938,2106.360107421875,781.3507080078125,1299.791259765625,11.149999618530272,942.1065673828124,1554.932373046875,64.2118911743164,182.87136840820312,642.8744506835938,372.0710144042969,1806.71142578125,822.9666748046875,8493.2841796875,2846.828125,867.28955078125,32.904930114746094,120.31599426269533,130.35215759277344,2142.39501953125,129.48129272460938,1078.4202880859375,1135.6510009765625,494.4666137695313,24832.294921875,1414.6923828125,860.1721801757812,678.0304565429688,107.65250396728516,3305.37255859375,1278.2314453125,2459.572509765625,653.4651489257812,7308.087890625,201.01239013671875,265.4288330078125
2022-02-11,2131.0126953125,2150.209228515625,1760.370361328125,1907.5999755859373,704.4608154296875,354.0168762207031,4459.34814453125,800.4578247070312,3182.048583984375,1608.0830078125,687.9404296875,310.5257568359375,698.958984375,152.931884765625,3277.681396484375,675.5817260742188,919.6920166015624,119.31130981445312,1314.1651611328125,536.8074340820312,4179.73583984375,367.8937072753906,842.1632690429688,2492.50244140625,99.20404815673828,78.17398834228516,788.0087890625,1671.0303955078125,1140.0499267578125,971.5745239257812,710.6680908203125,586.0169677734375,2317.87353515625,527.3662109375,2083.15771484375,767.0914306640625,1299.066162109375,10.800000190734863,951.8440551757812,1512.535400390625,65.33606719970703,183.0288543701172,641.775146484375,364.3095703125,1778.43701171875,823.5455932617188,8427.40625,2747.422607421875,851.7677612304688,32.667381286621094,120.93323516845705,129.619873046875,2037.168701171875,126.88617706298828,1076.3140869140625,1122.8209228515625,484.4500732421875,24490.90625,1391.1759033203125,846.5139770507812,672.5617065429688,108.17853546142578,3239.271484375,1240.280517578125,2410.61474609375,645.6444702148438,7160.5478515625,200.24435424804688,259.7839050292969
2022-02-14,2044.716064453125,2058.966064453125,1660.243896484375,1862.1500244140625,677.2538452148438,341.6999206542969,4431.14990234375,770.1343383789062,3111.8349609375,1564.2757568359375,665.8009033203125,303.44287109375,674.0850830078125,149.6832733154297,3199.94287109375,655.3743286132812,916.2377319335938,115.83586883544922,1276.0626220703125,529.3895874023438,4166.73193359375,345.0096435546875,818.643310546875,2466.2646484375,92.69965362548828,76.45098876953125,763.8908081054688,1605.3675537109375,1121.90234375,957.172119140625,689.5423583984375,548.5634155273438,2258.106201171875,506.522216796875,2055.988037109375,731.103759765625,1243.2259521484375,10.149999618530272,912.3130493164062,1478.1346435546875,62.39179229736328,176.9430389404297,598.9041748046875,348.0892639160156,1709.770751953125,795.9541625976562,8069.798828125,2654.424560546875,844.8374633789062,31.551963806152344,116.8330535888672,128.11669921875,1914.6593017578125,123.2529754638672,1059.1712646484375,1086.1629638671875,458.65423583984375,23201.357421875,1349.819580078125,831.8460083007812,666.1334228515625,102.34898376464844,3273.28662109375,1210.032958984375,2366.938232421875,627.3148803710938,6931.2685546875,191.4781951904297,250.6454925537109
2022-02-15,2000.5654296875,2135.822265625,1740.3648681640625,1889.5,701.4431762695312,349.8310546875,4606.02099609375,793.6362915039062,3202.166748046875,1634.245361328125,700.7395629882812,318.8299255371094,695.4404296875,152.66287231445312,3275.185791015625,666.4461669921875,884.52587890625,117.26905059814452,1287.0330810546875,538.3388061523438,4213.3876953125,361.0430603027344,832.8468627929688,2613.235107421875,96.79501342773438,77.39585876464844,777.26318359375,1672.935791015625,1154.6553955078125,975.623779296875,710.1767578125,564.6079711914062,2369.07177734375,518.7661743164062,2112.77197265625,752.7836303710938,1252.266845703125,10.649999618530272,939.5391235351562,1527.38525390625,63.56949615478516,179.80540466308594,612.3820190429688,361.2906494140625,1782.9991455078125,824.4620361328125,8317.013671875,2740.420166015625,869.5487060546875,30.839336395263672,119.34607696533205,126.5364227294922,2018.5267333984373,124.22996520996094,1095.1329345703125,1109.5943603515625,480.0593872070313,24499.654296875,1402.4708251953125,843.3399658203125,673.5210571289062,104.1513214111328,3346.970703125,1253.1195068359375,2463.570068359375,648.4304809570312,7127.9892578125,197.0133209228516,260.6629943847656
2022-02-16,1988.293701171875,2140.697509765625,1734.2286376953125,1931.75,721.0576171875,347.088623046875,4528.38818359375,793.73583984375,3200.11474609375,1623.9859619140625,693.5330810546875,315.5570983886719,705.4583740234375,154.81480407714844,3260.21240234375,665.0560913085938,895.3203735351562,117.41234588623048,1289.6966552734375,537.764404296875,4349.11669921875,357.4476928710937,840.420654296875,2596.398681640625,95.97594451904295,77.45144653320312,793.0233764648438,1681.9254150390625,1170.7647705078125,974.9976196289062,709.217529296875,577.157958984375,2376.0205078125,514.3447265625,2109.451171875,741.1433715820312,1244.5313720703125,10.600000381469728,938.279541015625,1523.0357666015625,65.04164123535156,179.60382080078125,609.8489379882812,364.6682434082031,1768.410400390625,833.771728515625,8278.671875,2735.889404296875,871.3034057617188,31.541635513305664,117.4502944946289,129.92819213867188,1951.91943359375,123.19446563720705,1092.8681640625,1111.7740478515625,472.6499328613281,24506.685546875,1386.8319091796875,835.6932373046875,672.5617065429688,102.77586364746094,3342.850830078125,1256.906005859375,2455.82177734375,650.1902465820312,7019.06884765625,194.4444122314453,260.91748046875
2022-02-17,2010.393310546875,2128.700927734375,1727.094482421875,2047.5999755859373,714.6817016601562,346.2225341796875,4508.53564453125,779.5451049804688,3209.393798828125,1614.8792724609375,694.891845703125,314.5312805175781,700.7670288085938,154.35958862304688,3262.190185546875,670.96435546875,890.6187744140625,116.83909606933594,1282.292724609375,530.6339111328125,4326.76318359375,355.2613220214844,837.41259765625,2612.035888671875,94.9159698486328,77.70155334472656,795.6021728515625,1672.1053466796875,1171.298583984375,971.0316772460938,704.889404296875,583.3101196289062,2381.68994140625,517.5028686523438,2128.870849609375,727.8540649414062,1254.10400390625,10.550000190734863,926.0713500976562,1515.5667724609375,64.98811340332031,179.52320861816406,610.0401611328125,362.1275939941406,1776.013427734375,831.8422241210938,8249.25390625,2754.745361328125,866.62744140625,31.4123649597168,117.05349731445312,132.39495849609375,1899.7069091796875,123.63378143310548,1106.7049560546875,1115.9351806640625,469.2196350097656,24317.3515625,1418.9495849609375,829.6337280273438,691.1266479492188,102.70256805419922,3317.514892578125,1259.9959716796875,2460.904541015625,656.1535034179688,6889.0791015625,195.42433166503903,261.38018798828125
2022-02-18,2019.9273681640625,2085.014892578125,1732.4326171875,2041.8499755859373,708.1597900390625,325.5820007324219,4416.5322265625,784.1260375976562,3240.485595703125,1606.4312744140625,689.7555541992188,311.9912414550781,696.4177856445312,154.42164611816406,3278.71728515625,668.3823852539062,872.2920532226562,119.88457489013672,1273.4893798828125,524.3167724609375,4240.2705078125,349.4795837402344,841.3358154296875,2589.491455078125,94.33779907226562,78.28514099121094,788.390869140625,1683.34228515625,1165.815673828125,972.65966796875,707.6266479492188,581.6859741210938,2365.14990234375,514.6362915039062,2133.483642578125,726.4476928710938,1240.1802978515625,10.649999618530272,925.6353759765624,1499.8822021484375,64.8542709350586,178.91848754882812,604.9261474609375,363.9708251953125,1789.6993408203125,821.9537353515625,8265.3115234375,2766.09521484375,861.0478515625,30.86945533752441,116.7007827758789,129.42715454101562,1873.1514892578125,122.81790924072266,1098.0543212890625,1139.86181640625,471.3692321777344,23949.20703125,1423.3807373046875,829.970458984375,688.3922729492188,102.68963623046876,3326.018310546875,1251.6396484375,2456.7099609375,648.6260375976562,6762.609375,192.8023834228516,260.24658203125
2022-02-21,2054.593017578125,2088.599609375,1681.446533203125,1955.9000244140625,692.19580078125,325.7744140625,4372.1845703125,785.5699462890625,3193.512939453125,1598.0181884765625,687.42529296875,306.76446533203125,693.8766479492188,152.60079956054688,3272.690185546875,669.4251098632812,870.5170288085938,119.072021484375,1273.89599609375,529.8681640625,4147.6416015625,336.7014465332031,836.8771362304688,2589.251708984375,96.1204833984375,75.75623321533203,772.7261352539062,1653.7353515625,1165.670166015625,972.450927734375,712.1885986328125,572.876220703125,2364.5400390625,497.5335388183594,2117.1083984375,731.8312377929688,1224.8544921875,11.25,922.8256225585938,1520.7509765625,63.810394287109375,175.77389526367188,595.6063842773438,364.0804443359375,1771.4991455078125,811.4380493164062,8307.3671875,2805.408935546875,865.676025390625,30.413423538208008,116.34808349609376,127.2849578857422,1862.9564208984373,124.35552215576172,1086.957763671875,1124.257568359375,468.21337890625,24272.6015625,1399.169189453125,811.6473388671875,684.2667236328125,101.91781616210938,3260.70556640625,1234.4486083984375,2422.55810546875,643.640380859375,6661.755859375,187.47915649414065,264.11016845703125
2022-02-22,2021.5406494140625,2069.959228515625,1663.9854736328125,1971.949951171875,686.7933349609375,324.6197509765625,4519.74560546875,775.9103393554688,3212.4267578125,1615.7025146484375,687.9159545898438,300.511962890625,683.4188842773438,147.0347137451172,3286.34521484375,686.7528076171875,876.41796875,118.11178588867188,1284.640380859375,526.47021484375,4115.0126953125,315.1778564453125,821.3496704101562,2614.674072265625,95.83139038085938,74.78357696533203,745.8861694335938,1645.6251220703125,1167.902099609375,959.7603759765624,706.8545532226562,563.7713012695312,2379.921142578125,501.6148986816406,2094.18212890625,728.7756958007812,1233.556640625,10.899999618530272,909.8906860351562,1523.9583740234375,62.68622589111328,173.23406982421875,594.554931640625,366.9996643066406,1752.96630859375,823.1596069335938,8317.109375,2857.995361328125,865.9102783203125,30.413423538208008,116.4803466796875,128.4923858642578,1906.4549560546875,124.35552215576172,1082.0208740234375,1090.7698974609375,455.9100341796875,23992.62890625,1394.130126953125,813.52294921875,686.1856079101562,98.19673919677734,3144.1083984375,1229.5306396484375,2418.363525390625,648.6260375976562,6599.2783203125,185.4399261474609,261.033203125
2022-02-23,2050.77880859375,2056.480712890625,1684.9384765625,1987.3499755859373,687.912841796875,318.46124267578125,4554.068359375,773.9684448242188,3194.2265625,1610.1287841796875,691.1734008789062,308.1810913085937,688.4523315429688,147.7796630859375,3306.497802734375,679.5040283203125,877.8572998046875,117.07766723632812,1293.1729736328125,519.9618530273438,4072.935791015625,334.46649169921875,817.9326782226562,2596.59033203125,96.65048217773438,76.84004211425781,767.4249877929688,1631.6033935546875,1165.76708984375,962.6408081054688,702.269287109375,560.1292114257812,2327.3291015625,504.0442504882813,2085.37158203125,722.2764892578125,1237.5697021484375,10.699999809265137,921.1300048828124,1531.4273681640625,62.71299743652344,174.12095642089844,587.5770263671875,375.837158203125,1730.01416015625,820.3135986328125,8390.462890625,2845.22607421875,857.0963134765625,30.999753952026367,114.80499267578124,125.22068786621094,1922.3056640625,124.29273986816406,1075.249755859375,1091.5626220703125,456.1844482421875,24198.931640625,1388.1060791015625,808.1847534179688,693.9089965820312,98.2226104736328,3124.295166015625,1230.18359375,2463.372314453125,636.8462524414062,6629.24609375,186.55221557617188,262.39813232421875
2022-02-24,2000.272216796875,1925.232177734375,1540.510986328125,1849.75,637.4411010742188,295.3669128417969,4328.0341796875,727.263427734375,3103.7607421875,1521.466796875,650.2841186523438,284.4410400390625,655.7108154296875,137.8269500732422,3245.14501953125,643.3095092773438,859.530517578125,110.7990493774414,1261.6617431640625,510.82122802734375,3834.350341796875,311.4366760253906,796.8171997070312,2510.729736328125,90.4351577758789,72.11570739746094,736.5733032226562,1509.0230712890625,1113.5078125,917.180419921875,664.135498046875,524.5951538085938,2170.2509765625,503.0239562988281,2003.263427734375,686.19189453125,1199.81103515625,9.649999618530272,848.414306640625,1474.5760498046875,58.88543701171875,168.11402893066406,544.22802734375,357.654052734375,1670.186279296875,767.735595703125,7919.08837890625,2702.021728515625,848.3993530273438,29.19731903076172,109.69080352783205,122.02686309814452,1833.197021484375,119.93102264404295,1021.6695556640624,1044.4521484375,432.3552551269531,22771.591796875,1323.92822265625,787.0242919921875,650.2069702148438,92.61727905273438,2982.14208984375,1160.287841796875,2375.4267578125,605.221435546875,6275.55029296875,179.05728149414062,248.54025268554688
2022-02-25,2084.71044921875,1968.7747802734373,1615.0943603515625,1923.5,676.6698608398438,297.0509033203125,4576.4404296875,754.8980102539062,3130.07958984375,1574.05615234375,683.800048828125,300.1700134277344,673.0589599609375,139.19261169433594,3223.250244140625,679.0076293945312,886.2530517578125,120.73402404785156,1272.8575439453125,521.4932250976562,4030.80908203125,338.9363708496094,813.1915893554688,2521.522216796875,93.22964477539062,74.92253112792969,743.450439453125,1531.985595703125,1133.8875732421875,943.1878051757812,681.3073120117188,530.451904296875,2229.509033203125,518.8148193359375,2002.617431640625,708.162841796875,1230.2208251953125,10.25,898.215576171875,1489.0303955078125,60.14344024658203,172.50836181640625,572.1874389648438,369.9786987304688,1688.909423828125,779.1195068359375,8059.86376953125,2792.13671875,846.9818115234375,30.61972427368164,114.93727111816406,124.2469482421875,1880.5548095703125,123.82205963134766,1034.4420166015625,1045.8392333984375,441.7771606445313,23589.125,1384.9493408203125,799.8167114257812,680.716796875,98.77021026611328,3086.55419921875,1209.641357421875,2436.4755859375,617.7833251953125,6423.9697265625,192.06085205078125,256.9151611328125
2022-02-28,2111.6513671875,1997.06982421875,1640.787109375,1843.4000244140625,688.6914672851562,302.3914489746094,4743.705078125,739.3131103515625,3149.662841796875,1598.0479736328125,687.0279541015625,299.2419128417969,670.95751953125,144.75865173339844,3227.676513671875,686.1074829101562,887.5962524414062,125.2398681640625,1309.560302734375,539.2001953125,4154.16796875,340.83123779296875,791.1514282226562,2484.491943359375,93.47054290771484,80.50836944580078,733.516845703125,1561.9344482421875,1150.676513671875,940.8916015625,667.340576171875,514.9979858398438,2209.50927734375,557.538818359375,2003.909423828125,720.4335327148438,1222.002197265625,10.300000190734863,892.0631103515625,1507.4827880859375,61.562049865722656,174.0403289794922,599.7644653320312,367.1989440917969,1726.6402587890625,762.960205078125,8019.40185546875,2845.500732421875,843.3505859375,31.086618423461918,117.71479034423828,125.14276885986328,1911.6981201171875,131.25889587402344,1068.682373046875,1050.3472900390625,442.005859375,24013.28515625,1359.6951904296875,811.6954956054688,689.4476928710938,105.27238464355467,3115.87939453125,1227.311279296875,2513.56396484375,603.7550048828125,6421.67236328125,201.4361572265625,257.1695861816406
2022-03-02,2130.964111328125,1976.61328125,1638.143310546875,1882.550048828125,691.4170532226562,292.6725769042969,4801.43701171875,747.1304931640625,3008.656005859375,1602.0850830078125,670.27490234375,285.7599182128906,658.98486328125,141.5721435546875,3194.05712890625,674.6880493164062,885.7252807617188,136.50442504882812,1306.94189453125,541.0186767578125,4052.773193359375,337.04156494140625,750.21533203125,2406.114501953125,92.55510711669922,84.78807067871094,718.568359375,1513.0782470703125,1114.9150390625,931.3738403320312,643.0098876953125,552.008544921875,2114.3916015625,583.144287109375,1982.6900634765625,693.41845703125,1210.1572265625,10.449999809265137,878.159423828125,1496.23583984375,60.08991241455078,173.59689331054688,616.15771484375,359.8758850097656,1695.9898681640625,750.9010009765625,7537.17529296875,2882.98388671875,853.17333984375,32.81304931640625,115.46631622314452,126.93446350097656,1886.4534912109373,132.35719299316406,1086.3463134765625,1110.783203125,433.8188781738281,23539.158203125,1374.031005859375,789.5731811523438,682.156005859375,111.18816375732422,3108.822265625,1213.6888427734375,2559.066650390625,584.5455322265625,6256.875,205.1438446044922,256.8919982910156
2022-03-03,2111.6513671875,1869.7886962890625,1640.138916015625,1950.9000244140625,687.912841796875,279.2490234375,4857.291015625,734.5828857421875,2941.56494140625,1567.2647705078125,662.11181640625,277.5046081542969,656.8346557617188,143.3516387939453,3170.1845703125,671.1629028320312,897.0475463867188,139.5698699951172,1301.3887939453125,538.7694702148438,4052.3349609375,329.46209716796875,724.0669555664062,2311.523681640625,92.26603698730467,88.37300872802734,700.89794921875,1469.205322265625,1071.7293701171875,951.5365600585938,641.4891357421875,523.4140014648438,2106.634765625,589.1690673828125,1929.0887451171875,677.3646850585938,1199.5211181640625,11.100000381469728,883.8759155273438,1512.095947265625,61.37468338012695,176.9027099609375,625.8120727539062,357.135986328125,1665.3870849609375,735.1758422851562,7326.2763671875,2879.3681640625,833.6615600585938,33.1387939453125,116.4803466796875,132.659912109375,1986.9708251953125,136.7188720703125,1077.1746826171875,1071.301513671875,427.5528564453125,22451.740234375,1369.7158203125,789.5731811523438,659.1775512695312,112.39116668701172,3107.2880859375,1241.803955078125,2540.90478515625,572.4235229492188,5847.5458984375,209.72555541992188,263.53173828125
2022-03-04,2107.6904296875,1921.934326171875,1611.40283203125,1894.300048828125,681.536865234375,281.5584716796875,4688.8388671875,712.0269775390625,2892.495849609375,1530.2490234375,641.4635620117188,266.9046630859375,638.9002075195312,144.1586151123047,3174.84619140625,653.8848876953125,893.4972534179688,133.69752502441406,1299.5382080078125,515.9418334960938,3988.293212890625,318.3359069824219,745.445068359375,2244.1298828125,89.85698699951172,86.39990234375,689.6746826171875,1443.800048828125,1051.980224609375,950.4931030273438,639.3836059570312,513.3246459960938,2014.1748046875,567.304931640625,1863.125244140625,667.4219360351562,1178.0067138671875,10.350000381469728,873.8478393554688,1514.2490234375,60.6252326965332,181.8211669921875,604.0658569335938,349.1453552246094,1626.84814453125,706.4749755859375,6990.3720703125,2917.308837890625,831.5267944335938,32.161563873291016,114.80499267578124,128.72607421875,1976.9456787109373,134.96163940429688,1053.2833251953125,1047.572998046875,422.5675048828125,22179.587890625,1326.2452392578125,797.9893188476562,642.7713012695312,110.13177490234376,3089.710693359375,1265.2620849609375,2409.381103515625,542.3140258789062,5915.59619140625,197.7813873291016,266.1922912597656
2022-03-07,2062.26904296875,1864.1964111328125,1560.5662841796875,1803.75,659.7810668945312,270.5885925292969,4606.95947265625,664.7743530273438,2885.84912109375,1434.4412841796875,600.9520263671875,248.00054931640625,660.10888671875,139.87542724609375,2969.646728515625,603.0437622070312,903.0444946289062,139.3852081298828,1265.182861328125,484.26080322265625,3969.056396484375,304.7318115234375,733.9090576171875,2167.7666015625,84.21985626220703,89.84588623046875,634.896240234375,1413.46044921875,1040.3834228515625,963.6427001953124,619.872314453125,495.60687255859375,1916.0498046875,602.2390747070312,1793.42529296875,634.1502685546875,1165.485107421875,9.550000190734863,808.4473266601562,1528.791259765625,60.08991241455078,181.37771606445312,609.0364379882812,341.1249084472656,1553.382080078125,666.197265625,6529.0771484375,2861.702392578125,829.145751953125,33.23651885986328,114.67273712158205,145.62986755371094,2012.04541015625,133.54959106445312,1014.3324584960938,1019.3861694335938,402.7631530761719,21628.79296875,1286.2789306640625,791.2564086914062,633.0809326171875,111.40806579589844,3055.12548828125,1239.5841064453125,2358.745849609375,518.2164306640625,5571.2373046875,205.19680786132807,264.5959777832031
2022-03-08,2087.791259765625,1875.6197509765625,1598.03271484375,1783.949951171875,670.5372924804688,272.2244873046875,4664.146484375,667.612548828125,2959.408447265625,1442.17578125,604.567626953125,255.5719451904297,667.536865234375,141.36524963378906,2932.260986328125,611.2359008789062,930.2945556640624,139.71759033203125,1291.5025634765625,499.1920166015625,4056.035888671875,320.27935791015625,753.2138061523438,2164.313232421875,86.38799285888672,87.48372650146484,669.6163940429688,1424.84375,1043.5859375,981.2593383789062,621.2759399414062,505.0071411132813,1962.19287109375,573.2811279296875,1798.084228515625,645.06298828125,1177.3782958984375,9.899999618530272,814.5513916015625,1562.4888916015625,62.659454345703125,182.9499969482422,602.0585327148438,343.356689453125,1576.2393798828125,675.941162109375,6565.0068359375,2906.462158203125,825.380615234375,33.27994537353516,117.9352569580078,139.51490783691406,2037.119873046875,133.2671661376953,1012.4979248046876,1022.407958984375,402.7631530761719,22212.53515625,1303.13427734375,822.3718872070312,655.9634399414062,109.47637939453124,3155.987060546875,1272.5301513671875,2340.53466796875,523.1533203125,5703.57421875,201.99229431152344,271.81414794921875
2022-03-09,2095.321044921875,1912.661865234375,1652.8603515625,1828.75,695.1160278320312,280.6442565917969,4652.986328125,671.3966674804688,2978.94677734375,1498.5126953125,635.046875,260.603271484375,675.8443603515625,141.79977416992188,2941.7724609375,636.010986328125,941.8087158203124,137.8709259033203,1308.34130859375,505.4612121582031,4124.02197265625,329.6078796386719,765.2658081054688,2199.808837890625,89.08610534667969,85.87188720703125,670.5237426757812,1459.1898193359375,1060.375,987.4373779296876,641.5593872070312,506.63128662109375,1996.0484619140625,571.4347534179688,1843.19775390625,647.4395751953125,1195.218017578125,10.300000190734863,848.1235961914062,1593.375,62.60592651367188,184.84478759765625,599.4776611328125,346.5449523925781,1607.079833984375,708.9351196289062,6777.73828125,2942.29736328125,819.7533569335938,33.18222427368164,115.95128631591795,136.6326904296875,2057.92333984375,130.59991455078125,1066.214111328125,1015.7203979492188,413.19134521484375,21603.51953125,1321.0902099609375,835.1162719726562,670.7866821289062,108.2561492919922,3184.610595703125,1309.7847900390625,2402.126220703125,542.9982299804688,5883.3798828125,203.58258056640625,270.911865234375
2022-03-10,2110.18408203125,1957.351318359375,1738.9681396484375,1881.8499755859373,710.9827270507812,282.13580322265625,4711.013671875,692.0603637695312,3053.308837890625,1543.647216796875,646.074951171875,260.3590087890625,681.952880859375,144.42759704589844,3035.095947265625,665.7511596679688,947.0860595703124,132.18324279785156,1351.590087890625,522.3068237304688,4189.134765625,344.6209411621094,757.8768920898438,2209.354248046875,91.25423431396484,81.98124694824219,678.9769897460938,1519.331787109375,1094.3895263671875,995.3273315429688,651.6425170898438,513.1278076171875,2022.40966796875,577.0223388671875,1939.1907958984373,656.315185546875,1218.47265625,10.25,876.173095703125,1604.4027099609375,64.7472152709961,187.06211853027344,622.0363159179688,349.583740234375,1642.4822998046875,712.7940063476562,6956.130859375,2930.809814453125,843.8262939453125,33.27994537353516,117.22985076904295,135.81478881835938,2077.60888671875,131.07061767578125,1083.4927978515625,1040.340576171875,428.7420349121094,21832.63671875,1345.5042724609375,836.3666381835938,694.8204956054688,112.85681915283205,3174.39697265625,1292.898193359375,2435.833740234375,552.57861328125,5917.7958984375,207.421142578125,272.18426513671875
2022-03-11,2073.025390625,1951.902587890625,1730.237548828125,1860.050048828125,710.0579833984375,282.3763732910156,4794.375,687.9774169921875,3053.888916015625,1553.7818603515625,650.3037719726562,256.84197998046875,679.1184692382812,149.80743408203125,3013.389404296875,666.7440795898438,1001.6822509765624,134.2515106201172,1352.989501953125,524.0774536132812,4226.63427734375,343.7464599609375,774.056640625,2197.6025390625,91.83240509033205,84.7046890258789,677.6397705078125,1530.4222412109375,1060.326416015625,996.4125366210938,653.5609130859375,510.6670227050781,2031.51611328125,572.455078125,1932.2254638671875,657.5762329101562,1214.4600830078125,10.399999618530272,873.7025146484375,1600.9757080078125,66.21935272216797,190.56954956054688,640.1980590820312,351.30743408203125,1642.909912109375,708.8867797851562,6850.75439453125,3007.697998046875,828.44775390625,34.159446716308594,116.34808349609376,136.8663787841797,2116.009521484375,133.32992553710938,1086.617919921875,1048.71240234375,430.2513732910156,22026.3984375,1367.0223388671875,867.5783081054688,687.3848876953125,112.253173828125,3155.285888671875,1294.160400390625,2461.2998046875,568.5620727539062,5886.94873046875,207.39373779296875,271.2357482910156
2022-03-14,2032.4931640625,1967.3408203125,1732.233154296875,1822.4000244140625,711.1287231445312,280.2112731933594,4862.92041015625,707.0975952148438,3080.252197265625,1564.7098388671875,653.97802734375,258.8447570800781,684.5429077148438,148.8349151611328,3000.158447265625,674.4894409179688,1006.1920776367188,133.21739196777344,1371.408447265625,517.4254760742188,4279.62109375,333.6891174316406,770.4935913085938,2219.47509765625,91.44696044921876,84.67691040039062,678.1651000976562,1541.414794921875,1063.334716796875,1004.2607421875,674.9673461914062,504.4165954589844,2040.8409423828125,574.1070556640625,1899.843505859375,675.2791137695312,1215.523681640625,10.199999809265137,879.37060546875,1661.341796875,64.66691589355469,192.70623779296875,635.51416015625,356.43853759765625,1660.1121826171875,716.9906005859375,7057.3603515625,3032.640625,830.3482666015625,33.93143081665039,116.52442932128906,133.828369140625,2172.543212890625,133.92613220214844,1095.5404052734375,1059.808837890625,443.7896118164063,21993.79296875,1366.8486328125,858.2003173828125,692.9496459960938,111.84786224365234,3193.72802734375,1308.261474609375,2506.11181640625,578.973388671875,5901.51708984375,206.07763671875,276.7650451660156
2022-03-15,2045.400634765625,1969.5394287109373,1697.6103515625,1798.75,702.1246337890625,283.9640808105469,4753.73193359375,695.2471313476562,3081.590576171875,1567.7437744140625,654.0860595703125,274.67144775390625,687.1817016601562,144.96556091308594,3035.001708984375,680.9935302734375,1024.8065185546875,127.71438598632812,1371.0474853515625,532.787353515625,4272.2666015625,331.5027160644531,759.3079223632812,2211.5126953125,90.04972076416016,82.5092544555664,692.1104125976562,1528.4677734375,1050.0882568359375,982.5531616210938,666.2877197265625,496.7880554199219,2020.36181640625,543.9343872070312,1880.3773193359373,676.4430541992188,1170.658203125,10.0,868.7611694335938,1616.1773681640625,63.70334243774414,191.77899169921875,612.8599853515625,345.4788513183594,1656.9759521484375,734.3558959960938,7157.046875,2917.354736328125,834.861572265625,32.04212951660156,115.55451202392578,127.55760192871094,2100.595458984375,131.5727081298828,1070.4488525390625,1060.6510009765625,444.4299621582031,22425.626953125,1341.2470703125,857.6232299804688,718.2305908203125,106.3934555053711,3150.682861328125,1269.6142578125,2523.8291015625,581.4661865234375,5887.193359375,196.1521759033203,271.9298095703125
2022-03-16,2142.4541015625,2035.3067626953125,1754.084228515625,1833.6500244140625,704.5582275390625,297.6763610839844,4882.822265625,720.8402099609375,3184.85888671875,1609.2554931640625,671.1629028320312,287.6650085449219,695.8802490234375,147.44857788085938,3120.509033203125,692.51220703125,1013.0526123046876,130.66900634765625,1382.0177001953125,540.4921875,4287.8515625,345.44696044921875,767.8650512695312,2262.021484375,94.77142333984376,84.7046890258789,713.744873046875,1567.3575439453125,1102.7841796875,1001.464111328125,677.5875854492188,509.1905212402344,2064.89306640625,556.5185546875,1911.6983642578125,686.7738037109375,1178.8770751953125,10.300000190734863,899.7658081054688,1660.1993408203125,65.28253936767578,195.6089324951172,626.3378295898438,350.8092346191406,1669.0933837890625,746.3668212890625,7220.4169921875,2835.70654296875,852.15966796875,32.6936149597168,117.05349731445312,130.32298278808594,2149.895751953125,131.38442993164062,1088.5203857421875,1075.710693359375,450.74169921875,23207.505859375,1366.5010986328125,855.2667236328125,717.510986328125,109.1098861694336,3205.03662109375,1296.858642578125,2553.7861328125,596.0321655273438,6165.505859375,204.73416137695312,276.811279296875
2022-03-17,2054.837646484375,2029.0933837890625,1815.5970458984373,1901.199951171875,720.4248046875,294.6452331542969,4780.34912109375,736.1762084960938,3256.812255859375,1633.80126953125,686.2529296875,294.5525207519531,706.5335083007812,150.7178497314453,3160.343994140625,714.8048095703125,1006.048095703125,130.4104766845703,1384.816650390625,536.2329711914062,4387.2978515625,352.78338623046875,787.0139770507812,2337.857421875,94.48234558105467,84.09330749511719,713.0285034179688,1582.7960205078125,1113.2166748046875,999.2930908203124,692.5135498046875,521.839111328125,2108.81396484375,560.5026245117188,1939.2833251953125,698.510986328125,1227.4168701171875,10.25,903.4476928710938,1629.62109375,64.96133422851562,197.46343994140625,654.8707275390625,362.6656188964844,1699.2213134765625,766.385009765625,7420.27197265625,2843.85302734375,874.1912231445312,32.856483459472656,117.1857681274414,132.659912109375,2177.32470703125,132.76510620117188,1124.0064697265625,1118.1148681640625,459.1116333007813,23694.119140625,1379.0992431640625,876.8119506835938,740.9691162109375,112.4040985107422,3219.80908203125,1299.9923095703125,2667.9873046875,597.9873046875,6231.6982421875,207.53086853027344,278.17626953125
2022-03-21,2045.1563720703125,1965.14208984375,1798.9342041015625,1876.050048828125,715.6064453125,289.0159606933594,4708.74169921875,722.8817138671875,3202.033203125,1614.83935546875,674.086669921875,288.1534729003906,692.166259765625,147.82102966308594,3048.844970703125,692.9591064453125,1007.7752075195312,134.6577911376953,1373.4853515625,525.99169921875,4340.4482421875,343.89215087890625,779.7711181640625,2282.024169921875,93.80780792236328,82.9437026977539,689.8659057617188,1533.548828125,1103.560546875,975.2060546875,695.5314331054688,514.1613159179688,2084.1083984375,573.2811279296875,1892.3707275390625,689.44140625,1199.5211181640625,10.050000190734863,884.9901733398438,1628.259033203125,63.168006896972656,197.14089965820312,651.2384033203125,354.1170959472656,1669.1885986328125,755.8694458007812,7432.37646484375,2841.10693359375,854.6961669921875,32.91077423095703,117.1857681274414,134.41262817382812,2150.988037109375,128.5916748046875,1117.5296630859375,1085.6676025390625,448.7750244140625,23005.728515625,1360.5352783203125,878.9279174804688,717.4630737304688,112.36096954345705,3179.43798828125,1288.0673828125,2672.182373046875,595.0546264648438,6053.40771484375,219.37564086914065,277.6210327148437
2022-03-22,2031.1727294921875,1967.579833984375,1827.470458984375,1877.449951171875,719.5001831054688,289.54522705078125,4620.0458984375,728.3588256835938,3262.165283203125,1646.1566162109375,685.4091186523438,296.31103515625,702.966064453125,152.45596313476562,2974.30810546875,706.960205078125,990.791748046875,135.433349609375,1358.9486083984375,511.1083068847656,4332.9482421875,348.5078430175781,784.7164916992188,2283.606689453125,95.25323486328124,82.45512390136719,667.9450073242188,1546.3004150390625,1091.7208251953125,982.1775512695312,699.11083984375,521.0023193359375,2112.08154296875,576.6822509765625,1839.138427734375,696.6680297851562,1209.0452880859375,10.050000190734863,898.8453979492188,1658.4422607421875,64.58661651611328,201.3740081787109,665.7677001953125,360.2445678710937,1686.05810546875,757.8953247070312,7491.31103515625,2916.850830078125,833.3148803710938,32.93248748779297,117.14167022705078,136.67164611816406,2204.924072265625,130.9764862060547,1146.4031982421875,1087.50048828125,451.6107177734375,22989.01171875,1343.30322265625,879.216552734375,722.3561401367188,112.279052734375,3244.531494140625,1338.900634765625,2677.611083984375,598.8182983398438,6073.3056640625,221.5691070556641,282.27117919921875
2022-03-23,2005.40625,1978.525146484375,1806.9661865234373,1921.4000244140625,714.24365234375,286.6103210449219,4551.50048828125,723.7282104492188,3213.140625,1637.448974609375,687.2732543945312,296.1156921386719,688.9898681640625,151.71107482910156,2921.43115234375,716.6915893554688,973.3766479492188,135.21177673339844,1379.444580078125,500.4363098144531,4435.2197265625,346.8559265136719,803.5928344726562,2296.749755859375,94.9641571044922,82.54135131835938,663.216796875,1545.909423828125,1107.63623046875,985.7675170898438,692.13916015625,517.6064453125,2086.8095703125,591.2583618164062,1825.3463134765625,696.7650146484375,1211.0758056640625,10.0,902.3818359375,1645.26171875,65.14869689941406,203.18820190429688,673.319091796875,352.6524963378906,1679.595458984375,746.8009033203125,7373.8291015625,2966.508056640625,829.2485961914062,32.81304931640625,117.67071533203124,136.7884979248047,2180.164794921875,131.85511779785156,1150.049072265625,1082.1505126953125,448.8207092285156,23028.251953125,1329.9232177734375,866.4241333007812,718.4224243164062,114.77989196777344,3254.5693359375,1342.3388671875,2655.155517578125,597.4496459960938,6095.20654296875,224.0916290283203,282.8032531738281
2022-03-24,1993.52490234375,1988.7054443359373,1828.7177734375,1911.4000244140625,713.9515991210938,285.8404846191406,4571.599609375,719.2468872070312,3197.438232421875,1634.5897216796875,686.56201171875,290.4004821777344,690.3580932617188,150.0557403564453,2922.93798828125,726.2242431640625,987.3375244140624,138.4249267578125,1362.1990966796875,501.2977294921875,4377.849609375,346.515869140625,842.766845703125,2273.2939453125,94.43415832519533,84.55315399169922,663.837646484375,1562.81396484375,1112.294677734375,995.2853393554688,675.0140380859375,514.1613159179688,2102.06005859375,604.3770141601562,1813.6756591796875,683.0878295898438,1203.001953125,10.149999618530272,896.0355834960938,1657.8270263671875,64.55985260009766,205.4861297607422,683.5469360351562,341.5732421875,1683.6822509765625,738.6488647460938,7289.04541015625,3051.039306640625,832.3037719726562,34.11601638793945,119.39015197753906,138.2296142578125,2252.47607421875,132.26303100585938,1167.916748046875,1078.8809814453125,445.5733947753906,22891.095703125,1328.90966796875,874.1668701171875,710.4591674804688,116.46578979492188,3287.401123046875,1365.3184814453125,2584.581787109375,595.2989501953125,6210.4326171875,225.4625701904297,282.5025634765625
2022-03-25,1945.2674560546875,1973.2197265625,1862.841552734375,1921.25,723.4911499023438,286.56219482421875,4625.578125,718.2510375976562,3260.291748046875,1630.0587158203125,684.2023315429688,293.0382385253906,693.2902221679688,149.10389709472656,2914.132568359375,727.117919921875,972.465087890625,137.4646759033203,1371.182861328125,497.5171203613281,4338.40283203125,354.77545166015625,849.1823120117188,2241.827880859375,93.95235443115234,84.86929321289062,654.1427001953125,1554.65478515625,1114.6240234375,984.6405639648438,669.5162353515625,511.40521240234375,2072.6484375,605.1057739257812,1801.7744140625,678.2861938476562,1223.6942138671875,10.100000381469728,897.4404907226562,1648.908203125,63.59626770019531,204.2766876220703,689.521240234375,343.18731689453125,1664.246337890625,737.7806396484375,7152.5615234375,3001.51953125,820.4992065429688,34.12687683105469,118.81700897216795,136.94432067871094,2270.05029296875,131.5727081298828,1175.70703125,1082.4970703125,448.866455078125,22876.931640625,1317.03564453125,867.9149169921875,703.5992431640625,115.46546936035156,3250.2294921875,1332.241943359375,2491.20703125,593.1348876953125,6172.154296875,225.1334991455078,279.17108154296875
2022-03-28,1958.5662841796875,1968.8702392578125,1905.446533203125,1930.8499755859373,717.4072265625,280.78857421875,4601.27978515625,732.939697265625,3290.090087890625,1648.5865478515625,686.939697265625,290.2050476074219,716.4536743164062,148.8555908203125,2914.415283203125,721.6566162109375,975.9193115234376,141.26881408691406,1371.5892333984375,493.06646728515625,4301.779296875,353.5122375488281,834.385009765625,2283.22314453125,95.06051635742188,87.42715454101562,657.8679809570312,1574.0997314453125,1096.670166015625,971.7830200195312,670.4052734375,504.5641784667969,2072.2568359375,612.3938598632812,1822.1632080078125,689.0532836914062,1223.8875732421875,9.949999809265137,906.0636596679688,1646.5799560546875,64.2118911743164,207.25999450683597,697.8850708007812,343.775146484375,1655.217529296875,742.1219482421875,7212.26708984375,3055.524169921875,806.1007690429688,35.0498046875,118.861083984375,137.37274169921875,2248.44677734375,133.2357940673828,1187.5281982421875,1067.0413818359375,455.0867309570313,22816.150390625,1316.1378173828125,871.3294677734375,711.1787719726562,115.46546936035156,3250.448974609375,1326.9322509765625,2503.052001953125,597.4629516601562,6218.35205078125,226.6963653564453,277.7135925292969
2022-03-29,1993.6717529296875,2034.7333984375,1912.979736328125,1923.300048828125,741.6940307617188,291.0367431640625,4556.9814453125,734.732177734375,3291.294677734375,1646.8651123046875,690.6632080078125,288.397705078125,737.8578491210938,148.33834838867188,2922.890625,710.1874389648438,996.7887573242188,137.39080810546875,1375.4716796875,493.6885070800781,4443.060546875,362.4035034179688,841.8031616210938,2379.636474609375,94.00054168701172,87.7432861328125,664.1719970703125,1586.55810546875,1119.5245361328125,974.9140014648438,679.29541015625,514.8011474609375,1926.463623046875,613.4627075195312,1833.18798828125,693.8549194335938,1233.6534423828125,9.850000381469728,900.2503662109375,1657.212158203125,63.3286018371582,205.2845764160156,720.635009765625,344.73162841796875,1660.0172119140625,746.0772705078125,7175.4208984375,3092.046142578125,809.057861328125,34.50690841674805,118.4643096923828,133.20518493652344,2309.883544921875,132.6082000732422,1187.7998046875,1093.0970458984375,452.7998962402344,23256.783203125,1332.2113037109375,884.2661743164062,713.0496826171875,115.09464263916016,3248.388916015625,1325.1043701171875,2505.9140625,603.4139404296875,6381.2919921875,225.0238494873047,278.7778015136719
2022-03-30,2037.38232421875,2056.097900390625,1990.8057861328125,1857.1500244140625,746.9991455078125,297.8175964355469,4558.0185546875,747.3296508789062,3277.912353515625,1709.45947265625,711.512451171875,293.2825012207031,732.5311889648438,149.0004425048828,2964.89111328125,728.3096313476562,987.28955078125,135.10096740722656,1381.882080078125,505.0783996582031,4420.658203125,372.0235290527344,847.8096313476562,2385.4404296875,93.51873016357422,88.20313262939453,695.1669921875,1629.5513916015625,1116.9044189453125,972.8263549804688,691.0630493164062,533.7986450195312,1979.62158203125,582.852783203125,1859.8040771484373,708.9873046875,1285.9158935546875,9.850000381469728,897.4888305664062,1672.9844970703125,62.739742279052734,200.93052673339844,685.888916015625,351.3273010253906,1685.6304931640625,765.3720703125,7329.21875,3138.682373046875,827.0397338867188,34.57205581665039,119.30197143554688,126.19437408447266,2324.0595703125,136.2481689453125,1210.6270751953125,1113.4949951171875,452.1595458984375,23693.0859375,1357.3785400390625,885.468505859375,734.78076171875,112.80076599121094,3271.357177734375,1302.4296875,2490.466796875,611.6273193359375,6494.80712890625,218.6352996826172,277.9912109375
2022-03-31,2110.18408203125,2056.5283203125,2010.262451171875,1914.699951171875,753.6183471679688,294.0832214355469,4460.533203125,757.9851684570312,3259.087158203125,1702.6282958984375,712.3073120117188,300.3165588378906,737.8578491210938,148.7107696533203,3019.51025390625,713.4147338867188,976.8308715820312,135.21177673339844,1392.4912109375,513.214111328125,4287.65625,369.6913757324219,836.3319702148438,2357.23583984375,93.85598754882812,89.46768188476562,713.7925415039062,1625.93603515625,1118.5057373046875,971.615966796875,687.9749145507812,529.762939453125,1999.229248046875,553.408935546875,1890.0181884765625,708.4052734375,1284.368896484375,9.649999618530272,906.3058471679688,1675.532470703125,63.676570892333984,202.0996551513672,700.3226318359375,349.484130859375,1679.9754638671875,778.1065673828125,7293.24072265625,3090.94775390625,830.986572265625,35.2995491027832,119.03746032714844,127.6744613647461,2313.427490234375,136.05992126464844,1193.3255615234375,1113.1474609375,451.4734802246094,23637.466796875,1371.7142333984375,879.8417358398438,745.8623046875,112.72747802734376,3278.721923828125,1305.17138671875,2503.29833984375,615.4143676757812,6455.30615234375,221.1852569580078,273.8731384277344
2022-04-01,2067.50048828125,2056.19384765625,2039.0980224609373,1945.0999755859373,764.8612670898438,299.684814453125,4451.44677734375,771.3294677734375,3336.61669921875,1710.487548828125,726.8429565429688,312.9193115234375,741.3274536132812,154.93894958496094,3042.34716796875,702.7896728515625,973.760498046875,137.50160217285156,1399.12744140625,519.1961669921875,4265.8876953125,375.0358581542969,833.2167358398438,2380.30810546875,97.9031753540039,93.14641571044922,719.2369995117188,1631.7501220703125,1138.4486083984375,976.5419311523438,704.6554565429688,541.722412109375,1952.1708984375,554.380615234375,1917.2340087890625,714.1768798828125,1303.99755859375,10.100000381469728,938.4732666015624,1672.633056640625,65.36283874511719,204.2363739013672,699.8925170898438,354.0273742675781,1701.31201171875,797.4012451171875,7427.07177734375,3060.9248046875,839.4324340820312,36.16818618774414,126.04744720458984,130.82931518554688,2292.770751953125,141.23748779296875,1202.8819580078125,1105.1075439453125,464.8745727539063,24208.173828125,1371.135009765625,874.0226440429688,757.7592163085938,113.58121490478516,3295.203369140625,1294.42138671875,2488.197021484375,618.4637451171875,6522.03662109375,222.52874755859372,278.45391845703125
2022-04-04,2083.39111328125,2082.178466796875,2061.248779296875,2110.449951171875,796.789306640625,306.26910400390625,4508.78271484375,780.8397216796875,3357.8056640625,1716.19091796875,734.9422607421875,311.50274658203125,750.4168701171875,157.33917236328125,3079.4033203125,694.6471557617188,986.1861572265624,138.68345642089844,1410.5491943359375,521.3018188476562,4380.7236328125,376.34765625,840.5570068359375,2406.9296875,98.77042388916016,92.94523620605467,736.0956420898438,1641.2769775390625,1145.4359130859375,991.069091796875,775.2146606445312,562.836181640625,2014.566650390625,570.9003295898438,1963.6390380859373,724.216552734375,1305.3026123046875,10.25,956.4947509765624,1654.5318603515625,65.46989440917969,205.9699249267578,700.3704223632812,365.8638610839844,1735.763916015625,804.2991333007812,7499.171875,3032.0,852.0043334960938,36.97168731689453,127.23780822753906,130.90721130371094,2326.147216796875,142.7122802734375,1206.4376220703125,1117.961669921875,468.7164916992188,24357.876953125,1406.119873046875,890.71044921875,756.1281127929688,115.71986389160156,3305.37255859375,1304.4749755859375,2484.396728515625,623.2342529296875,6593.75390625,231.11073303222656,280.2121887207031
2022-04-05,2158.6865234375,2111.847412109375,2135.083740234375,2189.800048828125,825.5050659179688,311.3302001953125,4498.21435546875,779.8438110351562,3398.8896484375,1678.5166015625,724.9149780273438,308.0834045410156,749.2440795898438,157.2564239501953,3110.856689453125,699.6618041992188,980.09326171875,138.79425048828125,1432.625,525.41748046875,4345.26904296875,383.0525512695313,843.0393676757812,2440.02685546875,94.67506408691406,92.399169921875,736.33447265625,1663.360107421875,1221.4715576171875,998.0824584960938,752.4981079101562,560.7198486328125,2032.43115234375,570.2686767578125,1974.1102294921875,719.5604858398438,1307.1397705078125,10.350000381469728,942.9786987304688,1635.3326416015625,65.6572494506836,209.1951141357422,701.0872802734375,359.1186828613281,1744.9830322265625,807.048583984375,7486.681640625,3037.30908203125,861.7123413085938,36.61336517333984,131.47024536132812,133.86732482910156,2386.44287109375,146.25811767578125,1189.3851318359375,1110.070556640625,465.9721984863281,24744.3125,1411.6514892578125,893.6441040039062,773.9256591796875,115.97856903076172,3344.3408203125,1296.1190185546875,2516.1796875,626.5787353515625,6576.3994140625,229.7124481201172,279.5356750488281
2022-04-06,2160.54443359375,2107.7705078125,2155.18896484375,2197.39990234375,827.2572021484375,315.1628723144531,4456.23681640625,770.4829711914062,3391.842041015625,1668.6512451171875,720.8432006835938,307.741455078125,758.0892333984375,159.65663146972656,3091.1748046875,697.8247680664062,987.3375244140624,143.18934631347656,1436.7781982421875,518.239013671875,4272.89990234375,386.7936401367188,832.6909790039062,2427.795166015625,95.68685913085938,93.31885528564452,718.7117919921875,1660.8681640625,1214.8726806640625,977.2516479492188,725.6406860351562,547.1361694335938,2045.1982421875,564.8268432617188,1976.1859130859373,719.3665161132812,1322.1756591796875,10.800000190734863,938.1825561523438,1606.9947509765625,67.47734832763672,209.3160858154297,704.8630981445312,354.5754089355469,1760.90234375,798.6553955078125,7469.6572265625,2927.01123046875,870.9664306640625,37.38429260253906,134.9091033935547,134.60736083984375,2366.538330078125,148.51742553710938,1186.214599609375,1098.9036865234375,470.1343383789063,24326.353515625,1424.104736328125,892.6822509765625,776.420166015625,118.20777130126952,3292.222412109375,1270.2669677734375,2507.148193359375,637.3004150390625,6586.17626953125,237.22512817382807,276.9229736328125
2022-04-07,2143.62744140625,2099.12548828125,2094.374755859375,2166.0,795.669921875,319.978271484375,4480.6826171875,788.8064575195312,3392.242919921875,1652.0745849609375,715.2752075195312,308.52301025390625,745.13916015625,157.5874786376953,3102.098876953125,681.9368896484375,994.7257080078124,140.89944458007812,1432.8507080078125,526.9489135742188,4332.85107421875,389.9031982421875,840.6055908203125,2435.18212890625,94.86779022216795,92.37042999267578,746.5068359375,1643.4755859375,1212.3006591796875,979.58935546875,709.6854248046875,550.23681640625,2048.42236328125,558.5105590820312,1997.17431640625,726.1080932617188,1350.458251953125,10.899999618530272,942.348876953125,1591.3101806640625,66.13905334472656,206.9375,695.9255981445312,351.994873046875,1735.7166748046875,804.8779296875,7369.6328125,2897.0341796875,869.6109008789062,37.04769515991211,135.34999084472656,131.53042602539062,2284.590087890625,145.19122314453125,1165.2899169921875,1100.640869140625,471.049072265625,24335.693359375,1431.026611328125,895.423583984375,772.2467041015625,116.37523651123048,3229.802734375,1278.275146484375,2426.506591796875,627.51318359375,6586.66455078125,233.3316650390625,270.99774169921875
2022-04-08,2189.391357421875,2132.380126953125,2166.114501953125,2321.85009765625,816.9876708984375,331.5253601074219,4549.4755859375,791.5948486328125,3399.4697265625,1671.5455322265625,722.7711791992188,316.3386535644531,744.8460083007812,159.13934326171875,3152.762939453125,736.5514526367188,970.6420288085938,143.70639038085938,1412.71630859375,533.0745239257812,4388.8564453125,384.8988342285156,862.5972290039062,2451.298828125,96.55411529541016,93.20389556884766,775.2572631835938,1730.7327880859375,1230.496826171875,972.9519653320312,708.7028198242188,555.9459228515625,2058.7490234375,565.3128051757812,2014.01171875,731.6856689453125,1334.55224609375,11.199999809265137,954.9445190429688,1594.4732666015625,67.95914459228516,215.92779541015625,723.2158203125,355.5916442871094,1739.9459228515625,827.163330078125,7290.009765625,2893.509765625,882.2520751953125,37.883766174316406,134.0714569091797,133.12728881835938,2287.017578125,145.97572326660156,1184.6748046875,1151.8587646484375,472.10101318359375,24845.328125,1458.8291015625,889.3157348632812,784.52734375,118.20777130126952,3231.117919921875,1261.040283203125,2477.43798828125,642.71044921875,6684.78125,235.9638671875,272.3040771484375
2022-04-11,2165.776123046875,2193.633544921875,2175.34375,2665.14990234375,831.832275390625,353.9808654785156,4604.7861328125,782.781494140625,3378.771484375,1654.4649658203125,719.8325805664062,315.4105529785156,740.8876342773438,160.7119140625,3155.352783203125,738.8848876953125,983.979248046875,145.07286071777344,1409.19482421875,528.719482421875,4386.76220703125,391.7980651855469,852.8912963867188,2442.08935546875,96.4095687866211,94.61214447021484,775.8304443359375,1778.5142822265625,1237.5325927734375,946.3601684570312,700.0467529296875,558.505126953125,2035.17626953125,560.0653686523438,1995.5599365234373,736.8268432617188,1311.1524658203125,10.850000381469728,949.9547119140624,1552.25244140625,68.97625732421875,215.68588256835935,733.539306640625,355.3824462890625,1693.138671875,826.6326904296875,7297.1953125,2864.264892578125,880.9876708984375,37.76432800292969,134.99728393554688,133.3609619140625,2192.107421875,144.9088134765625,1182.2064208984375,1134.0416259765625,471.0033874511719,24789.267578125,1447.7950439453125,890.0852661132812,788.1731567382812,117.09962463378906,3240.54248046875,1261.4320068359375,2457.5986328125,640.300537109375,6706.046875,240.0491943359375,266.44879150390625
2022-04-12,2157.65966796875,2143.0390625,2192.056640625,2792.39990234375,822.4388427734375,353.4403381347656,4569.376953125,795.1300659179688,3311.76953125,1628.5369873046875,713.73486328125,325.7663269042969,724.8589477539062,157.5047149658203,3149.184814453125,735.5087890625,985.6583862304688,137.39080810546875,1392.2203369140625,530.0117797851562,4357.15234375,382.4209289550781,851.304443359375,2419.257080078125,94.86779022216795,95.8192367553711,769.9561157226562,1715.343017578125,1218.7059326171875,944.3980712890624,698.8067626953125,553.4850463867188,2002.4969482421875,527.0260009765625,1967.1448974609373,740.9494018554688,1307.864990234375,10.600000381469728,954.4600830078124,1531.075927734375,67.47734832763672,213.50885009765625,722.5467529296875,359.0489196777344,1661.01513671875,830.4434204101562,7348.2685546875,2798.452392578125,880.5787963867188,36.84138870239258,134.55641174316406,131.5693359375,2127.709716796875,146.28953552246094,1159.945556640625,1140.5927734375,469.1281127929688,24709.595703125,1419.442138671875,886.1417236328125,779.154541015625,113.85285186767578,3235.896484375,1231.663330078125,2455.9697265625,639.6118774414062,6624.69873046875,228.6705322265625,260.6635437011719
2022-04-13,2177.41259765625,2169.81005859375,2194.551025390625,2864.300048828125,818.15576171875,362.8254699707031,4686.07470703125,789.7525024414062,3298.610107421875,1605.782470703125,719.0280151367188,318.634521484375,723.8815307617188,156.84255981445312,3154.410888671875,725.1817016601562,975.4395751953124,137.8340301513672,1382.0177001953125,532.069580078125,4382.33056640625,380.2345581054688,837.0620727539062,2390.14111328125,95.3495864868164,96.94009399414062,751.0916748046875,1725.5540771484375,1236.0770263671875,939.3471069335938,685.4481811523438,555.9951171875,1982.018310546875,531.3016967773438,1985.5035400390625,739.3973999023438,1313.715087890625,10.399999618530272,952.8129272460938,1536.43603515625,68.46770477294922,217.3387908935547,732.53564453125,354.6152648925781,1673.46533203125,835.5565185546875,7204.6953125,2792.5029296875,878.8862915039062,36.39621353149414,135.74676513671875,135.73687744140625,2102.07666015625,144.0302276611328,1155.68798828125,1138.4091796875,473.5646362304688,24946.537109375,1428.9412841796875,901.002197265625,784.431396484375,113.78817749023438,3210.3408203125,1227.70263671875,2429.4677734375,639.4151611328125,6580.2119140625,233.4961853027344,260.8968200683594
2022-04-18,2135.168701171875,2117.30029296875,2228.87451171875,2970.5,820.2973022460938,357.1256103515625,4498.46044921875,795.5283813476562,3314.044921875,1579.5550537109375,712.4544067382812,315.0686340332031,712.9840087890625,153.84228515625,3148.99609375,719.7698364257812,986.234130859375,139.93917846679688,1394.4326171875,538.578125,4407.31396484375,377.8538208007813,834.28759765625,2408.896484375,93.42236328125,96.53773498535156,760.643310546875,1701.4678955078125,1241.9970703125,919.85205078125,652.9293212890625,565.2969970703125,1991.604248046875,529.9412231445312,2009.029296875,735.080810546875,1312.4097900390625,10.100000381469728,947.0479736328124,1424.71044921875,68.57476806640625,217.78225708007807,733.9694213867188,348.796630859375,1652.1287841796875,843.2743530273438,7305.00830078125,2636.072021484375,887.4493408203125,36.53736877441406,143.90306091308594,136.94432067871094,2046.4412841796875,145.03433227539062,1152.1551513671875,1164.7130126953125,466.0636901855469,25017.15625,1415.7349853515625,892.1051635742188,788.9407348632812,115.47840881347656,3092.9541015625,1170.34130859375,2461.151611328125,645.2679443359375,6491.7763671875,232.5913848876953,251.28582763671875
2022-04-19,2104.56201171875,2020.335693359375,2163.470703125,2911.949951171875,797.5193481445312,348.1336364746094,4757.08984375,794.4827880859375,3262.78955078125,1568.9066162109375,712.2680053710938,316.143310546875,707.1199340820312,155.5390167236328,3077.42578125,731.685791015625,959.7994995117188,146.07008361816406,1356.69140625,525.46533203125,4296.76318359375,367.1163024902344,819.6362915039062,2355.02978515625,92.7960205078125,97.71607208251952,740.2984008789062,1681.0460205078125,1247.8197021484375,893.5527954101562,628.013671875,538.129638671875,1972.3017578125,525.5198364257812,1949.4315185546875,743.325927734375,1298.0025634765625,9.899999618530272,933.822509765625,1372.515869140625,69.75247192382812,210.8883514404297,713.4659423828125,340.24810791015625,1621.145751953125,841.7307739257812,7171.51513671875,2615.156982421875,858.145751953125,36.74366760253906,141.65457153320312,137.99591064453125,2026.39111328125,142.9946746826172,1196.0655517578125,1116.3734130859375,468.1676025390625,24452.150390625,1379.736328125,886.8150024414062,759.246337890625,114.40045928955078,3043.72900390625,1132.6080322265625,2420.8310546875,630.1197509765625,6439.07666015625,234.4558563232422,247.48341369628903
2022-04-20,2090.13818359375,2169.417236328125,2179.08544921875,2810.85009765625,805.6474609375,364.8891906738281,4722.125,791.3956298828125,3319.531494140625,1547.8238525390625,689.9910278320312,315.60595703125,722.6109619140625,161.37405395507812,3111.610107421875,704.875,971.0738525390624,147.0673065185547,1378.0447998046875,526.7095947265625,4339.86328125,367.0191955566406,835.9328002929688,2433.647216796875,92.60330200195312,95.18695831298828,764.5117797851562,1696.8753662109375,1260.9693603515625,909.5411987304688,633.6752319335938,550.5321044921875,1982.4107666015625,529.6011352539062,1997.312744140625,732.8983154296875,1318.01806640625,10.0,942.3003540039062,1395.0985107421875,71.41197204589844,209.27577209472656,706.2490844726562,342.9979858398437,1607.697509765625,850.1721801757812,7394.90380859375,2641.701416015625,875.1952514648438,36.91739654541016,141.52230834960938,136.71060180664062,1934.9765625,142.4612579345703,1231.2344970703125,1119.996337890625,465.8807373046875,25291.076171875,1380.75,888.2578125,777.5714721679688,113.33543395996094,3118.15869140625,1139.5714111328125,2450.540771484375,641.0382080078125,6655.59521484375,231.3575439453125,250.3060607910156
2022-04-21,2096.05419921875,2230.1796875,2281.2578125,2811.5,827.8899536132812,370.8347778320313,4825.1416015625,798.466064453125,3303.11572265625,1580.403564453125,700.3519287109375,328.6483459472656,719.0925903320312,164.58123779296875,3164.0634765625,715.5,958.1204223632812,152.8288116455078,1405.763671875,537.764404296875,4411.35595703125,378.8255615234375,841.1702880859375,2543.68310546875,93.0851058959961,94.26727294921876,762.2192993164062,1723.892822265625,1281.7371826171875,917.72314453125,643.0565795898438,561.99951171875,2019.7081298828125,524.9853515625,2027.7574462890625,739.494384765625,1354.6644287109375,10.0,958.4810180664062,1422.4256591796875,72.29525756835938,209.96112060546875,701.8042602539062,350.87896728515625,1629.4619140625,878.8729858398438,7599.87109375,2655.15673828125,874.606689453125,36.90653991699219,143.46217346191406,135.6589813232422,1947.6475830078125,142.61813354492188,1260.06298828125,1136.076416015625,472.2839965820313,25628.138671875,1378.4619140625,908.0716552734376,786.781982421875,112.29197692871094,3181.147705078125,1142.617919921875,2488.344970703125,647.4319458007812,6694.06982421875,233.0300750732422,251.56576538085935
2022-04-22,2113.2646484375,2223.449951171875,2268.236572265625,2882.800048828125,850.9112548828125,367.7391357421875,4754.47216796875,777.3541870117188,3249.719482421875,1542.324951171875,697.6685791015625,322.6400451660156,722.0245361328125,162.80177307128906,3168.018798828125,708.4993286132812,927.8478393554688,149.3201904296875,1446.7554931640625,535.8502807617188,4375.755859375,368.9625854492188,816.3360595703125,2524.49658203125,92.26603698730467,94.38224029541016,761.3120727539062,1677.5772705078125,1277.4188232421875,920.102783203125,634.283447265625,545.3643798828125,1999.3167724609373,499.6228637695313,1962.2552490234373,725.2351684570312,1274.4093017578125,9.949999809265137,929.9954223632812,1393.12109375,71.92052459716797,210.52554321289065,691.4807739257812,344.28326416015625,1610.3111572265625,888.1827392578125,7624.27392578125,2650.671875,873.8763427734375,36.24419784545898,141.4781951904297,135.54212951660156,1955.196533203125,141.48849487304688,1249.5098876953125,1128.83056640625,457.9224548339844,25430.15234375,1355.206298828125,889.5081787109375,782.5125732421875,110.17057800292967,3167.033447265625,1137.2213134765625,2480.152587890625,635.0379638671875,6593.94921875,228.012451171875,250.86590576171875
2022-04-25,2053.517333984375,2222.271240234375,2279.112060546875,2824.0,836.6993408203125,369.8520202636719,4618.51513671875,777.4537963867188,3285.807373046875,1523.457763671875,687.3419189453125,325.0824279785156,722.6109619140625,152.9939422607422,3103.793701171875,710.1874389648438,914.55859375,139.20054626464844,1454.339599609375,527.666748046875,4295.4970703125,353.70654296875,801.28564453125,2488.6650390625,91.92877197265624,90.73225402832033,727.0216674804688,1654.9566650390625,1263.444091796875,909.9169311523438,639.03271484375,531.53466796875,1994.3931884765625,481.499755859375,1938.083984375,729.6487426757812,1262.564697265625,9.800000190734863,917.1090698242188,1371.7249755859375,68.38739776611328,205.8086700439453,684.1205444335938,344.50244140625,1575.146484375,872.1199340820312,7631.84521484375,2558.22314453125,873.2493896484375,34.50690841674805,137.64256286621094,132.15357971191406,1945.4627685546875,139.85679626464844,1220.6138916015625,1083.1710205078125,452.5711669921875,25227.884765625,1310.02685546875,865.654541015625,760.5895385742188,105.2378921508789,3110.618896484375,1105.798583984375,2422.113525390625,638.7266235351562,6448.2177734375,220.49981689453125,246.97021484375
2022-04-26,2041.635986328125,2270.704345703125,2389.965087890625,2952.449951171875,885.3214721679688,378.5000915527344,4567.15478515625,771.7774658203125,3472.404296875,1540.343994140625,710.4037475585938,332.1165466308594,739.1771850585938,154.29750061035156,3176.117431640625,758.6455078125,938.7863159179688,141.37957763671875,1467.2059326171875,535.8980712890625,4402.1513671875,368.0880432128906,808.8984375,2541.57275390625,93.95235443115234,90.27240753173828,758.20751953125,1678.700927734375,1286.7835693359375,913.6322631835938,641.98046875,541.2301635742188,2097.789794921875,479.5076904296875,1981.998046875,731.1522216796875,1284.272216796875,10.0,949.9547119140624,1389.2110595703125,69.08332824707031,208.7919921875,689.3778686523438,347.2622985839844,1615.6334228515625,906.9949951171876,7626.44384765625,2533.188232421875,884.8311157226562,34.854366302490234,138.43612670898438,130.05030822753906,1969.517822265625,145.34812927246094,1257.1416015625,1086.744384765625,462.40472412109375,25741.005859375,1317.2672119140625,883.0157470703125,788.700927734375,106.38052368164062,3108.95361328125,1110.1942138671875,2515.1923828125,670.3506469726562,6511.91748046875,225.70932006835935,246.9235382080078
2022-04-27,2043.596435546875,2308.575927734375,2328.9013671875,2841.64990234375,863.7116088867188,377.9104309082031,4467.2998046875,762.7153930664062,3484.493408203125,1479.670654296875,658.7514038085938,325.9617004394531,735.4633178710938,151.66966247558594,3143.675537109375,739.331787109375,938.1626586914062,138.4988250732422,1477.1378173828125,535.8502807617188,4412.86572265625,365.124267578125,793.80908203125,2547.472900390625,93.51873016357422,89.46768188476562,756.4883422851562,1661.3079833984375,1277.12744140625,914.7174072265624,642.2144165039062,539.0647583007812,2178.616455078125,478.3901672363281,1978.999755859375,714.6134033203125,1274.7962646484375,9.600000381469728,944.1897583007812,1364.43212890625,68.17327880859375,207.62283325195312,688.8042602539062,347.0231628417969,1593.8692626953125,894.1640014648438,7512.2900390625,2560.83154296875,875.5700073242188,34.756649017333984,137.24578857421875,128.41445922851562,1979.2518310546875,143.90469360351562,1258.364501953125,1066.247314453125,454.8580627441406,25154.3125,1309.3897705078125,871.521728515625,766.2022094726562,107.51020050048828,3122.015869140625,1097.8341064453125,2460.066162109375,675.3672485351562,6402.65576171875,226.28512573242188,242.11805725097656
2022-04-28,2056.537109375,2334.954345703125,2373.252197265625,2912.199951171875,863.5169067382812,376.7311706542969,4482.01611328125,776.5574951171875,3420.926513671875,1498.178466796875,660.080810546875,328.5994873046875,730.4298095703125,152.84910583496094,3162.18017578125,734.962646484375,941.472900390625,140.53012084960938,1487.0244140625,547.7186279296875,4445.98291015625,368.91400146484375,802.5901489257812,2570.976318359375,94.0969009399414,90.7035140991211,766.9951171875,1672.740478515625,1278.195068359375,927.3654174804688,641.65283203125,562.4424438476562,2193.69287109375,474.7947387695313,2068.258056640625,724.7501220703125,1293.2645263671875,9.550000190734863,957.6089477539062,1390.616943359375,69.56510162353516,210.52554321289065,696.9292602539062,351.8354797363281,1633.9761962890625,890.3533935546875,7608.5029296875,2561.15185546875,885.4053955078125,35.342979431152344,140.81690979003906,128.37554931640625,2091.73583984375,147.85850524902344,1277.16064453125,1108.58154296875,464.2342224121094,25447.21484375,1320.3951416015625,885.8532104492188,778.7227783203125,108.7304458618164,3142.267578125,1106.58203125,2480.645751953125,670.203125,6469.630859375,225.7367248535156,243.7976226806641
2022-04-29,2055.26220703125,2287.9453125,2326.805908203125,2882.800048828125,833.6331176757812,365.773681640625,4399.5439453125,725.5704345703125,3327.3828125,1488.128662109375,654.6011352539062,326.69439697265625,722.2689208984375,150.0557403564453,3088.114501953125,733.5724487304688,941.472900390625,135.06402587890625,1493.8863525390625,532.8353271484375,4388.3203125,361.3345947265625,804.498291015625,2523.39306640625,92.5069351196289,91.47948455810548,747.31884765625,1653.588623046875,1273.0517578125,916.1179809570312,647.8526000976562,573.27001953125,2184.41162109375,469.0128479003906,2061.800048828125,721.0155029296875,1237.8597412109375,9.5,948.11376953125,1377.3927001953125,67.4505844116211,209.27577209472656,695.0653076171875,356.8370666503906,1610.3111572265625,889.5816040039062,7444.19287109375,2602.4794921875,880.7255249023438,34.886940002441406,137.73072814941406,124.9869613647461,2097.561279296875,142.93194580078125,1263.7542724609375,1097.315673828125,453.9890441894531,25495.310546875,1315.616455078125,893.2113037109375,790.3319702148438,109.61004638671876,3109.303955078125,1095.8756103515625,2426.358154296875,644.1365966796875,6482.63427734375,223.9271240234375,237.38250732421875
2022-05-02,2010.952392578125,2305.923828125,2334.2890625,2830.35009765625,833.779052734375,371.6209411621094,4251.7841796875,724.32568359375,3232.723388671875,1492.749267578125,650.1221313476562,328.7460327148437,724.565673828125,151.6489715576172,3080.6279296875,741.26806640625,937.05908203125,138.60958862304688,1483.4580078125,533.3137817382812,4392.46044921875,357.1561584472656,802.930908203125,2448.708984375,91.10970306396484,90.559814453125,737.2418823242188,1641.1304931640625,1251.7498779296875,905.6348266601562,656.7893676757812,570.7599487304688,2167.54931640625,470.71337890625,2057.787109375,718.7844848632812,1241.437255859375,9.300000190734863,986.43359375,1354.0635986328125,67.79855346679688,212.17845153808597,699.6535034179688,353.5691223144531,1596.150146484375,888.8580322265625,7364.0869140625,2508.108642578125,886.0227661132812,34.82179260253906,138.8770294189453,121.79318237304688,2013.405029296875,145.31674194335938,1259.3157958984375,1073.046630859375,449.1408996582031,25798.9375,1301.5701904296875,888.1615600585938,790.95556640625,111.6926498413086,3105.5341796875,1071.6773681640625,2355.636474609375,638.4315795898438,6530.29833984375,223.65289306640625,230.944091796875
2022-05-04,1974.7789306640625,2259.652099609375,2248.780029296875,2671.35009765625,791.1920776367188,361.7444763183594,3963.919921875,704.2594604492188,3119.819580078125,1429.37646484375,622.0221557617188,318.3414611816406,706.0447998046875,150.407470703125,3188.12451171875,707.1588745117188,918.7804565429688,138.38800048828125,1459.80224609375,514.9846801757812,4231.2607421875,338.5476989746094,777.3178100585938,2382.2265625,91.0133285522461,90.559814453125,721.6727294921875,1585.1412353515625,1215.988525390625,887.002685546875,634.4707641601562,558.7020263671875,2099.750732421875,448.6061706542969,2003.4017333984373,702.53662109375,1232.9764404296875,9.100000381469728,947.8715209960938,1349.2745361328125,67.37030029296875,209.43702697753903,680.1536254882812,353.81817626953125,1552.9068603515625,864.4984741210938,7135.63330078125,2456.574951171875,869.071533203125,34.01829528808594,139.8910369873047,126.38910675048828,1996.3162841796875,149.11363220214844,1220.0023193359375,1069.870361328125,438.7584838867188,24779.28125,1274.433837890625,866.520263671875,770.7115478515625,108.7735595703125,3050.610595703125,1055.6617431640625,2260.28759765625,617.234130859375,6376.74560546875,216.716064453125,229.42776489257807
2022-05-05,2177.359619140625,2237.79345703125,2250.37646484375,2845.89990234375,789.78076171875,360.0246887207031,3900.51025390625,699.4295654296875,3143.908203125,1411.09326171875,619.0492553710938,313.21240234375,702.6728515625,149.3936004638672,3085.995361328125,710.2868041992188,910.0009765625,137.280029296875,1437.2071533203125,506.37060546875,4252.34814453125,330.38525390625,771.7590942382812,2334.595703125,90.72425079345705,92.74405670166016,727.8811645507812,1570.142333984375,1212.2037353515625,910.006591796875,633.0435180664062,560.8182983398438,2180.054443359375,448.5575866699219,1998.8350830078125,706.9501953125,1247.2388916015625,9.050000190734863,907.662353515625,1392.857666015625,67.28999328613281,211.2914886474609,676.521240234375,358.2020263671875,1556.4234619140625,867.3445434570312,7145.0380859375,2465.13330078125,845.8165283203125,34.09430313110352,139.6706085205078,128.41445922851562,2016.6575927734373,146.69741821289062,1196.1109619140625,1075.62744140625,439.0786743164063,24676.15625,1333.6302490234375,844.638427734375,744.8547973632812,110.74836730957033,3080.11083984375,1099.662109375,2232.69970703125,620.72607421875,6214.197265625,222.19976806640625,233.8134002685547
2022-05-06,2209.8076171875,2205.962890625,2242.693603515625,2874.800048828125,789.8294067382812,359.091064453125,3780.258056640625,670.6000366210938,3122.362548828125,1361.318115234375,588.7172241210938,311.4538879394531,694.1698608398438,147.86241149902344,3115.00048828125,632.3865356445312,896.903564453125,138.4249267578125,1446.35498046875,488.9029235839844,4057.59423828125,319.8420715332031,765.3047485351562,2266.38671875,87.78523254394531,92.08303833007812,722.1979370117188,1529.787109375,1201.9654541015625,891.459228515625,616.5033569335938,557.0779418945312,2233.822509765625,431.2119140625,1982.7822265625,697.6865844726562,1239.02001953125,9.050000190734863,886.9279174804688,1355.689208984375,67.58442687988281,215.00050354003903,659.9369506835938,353.7583923339844,1541.977294921875,862.327880859375,7021.1904296875,2465.95751953125,816.5892944335938,33.10622024536133,140.19969177246094,130.05030822753906,1971.508544921875,149.61569213867188,1186.9393310546875,1051.308837890625,442.6919555664063,23579.48828125,1283.556640625,849.5919799804688,733.9172973632812,110.700927734375,3009.276123046875,1123.5120849609375,2180.139404296875,618.7587280273438,6062.15869140625,214.2916412353516,226.32521057128903
2022-05-09,2260.29345703125,2193.633544921875,2192.7548828125,2706.39990234375,771.5291137695312,360.4177856445313,3720.008544921875,660.9403076171875,3183.922119140625,1375.6243896484375,592.3130493164062,305.93408203125,695.3915405273438,146.2484588623047,3062.499755859375,630.94677734375,900.309814453125,135.21177673339844,1446.4464111328125,482.9208068847656,4121.14892578125,317.9472351074219,760.46630859375,2248.974853515625,90.38699340820312,89.72634887695312,723.3919677734375,1516.25390625,1179.595947265625,913.4442749023438,617.5560913085938,555.0107421875,2172.298583984375,431.5520629882813,1952.752685546875,689.0532836914062,1222.53369140625,8.949999809265137,862.0272827148438,1379.8531494140625,66.37994384765625,212.0171813964844,648.4185180664062,352.2041320800781,1535.989990234375,863.7266845703125,7099.3662109375,2417.90234375,792.9931030273438,32.183284759521484,140.19969177246094,128.3365936279297,1938.083251953125,153.8518829345703,1140.5831298828125,1056.569580078125,435.32818603515625,23662.748046875,1273.3912353515625,851.6117553710938,727.4891357421875,107.9888153076172,3020.233642578125,1097.747314453125,2154.92041015625,605.3812866210938,6086.01611328125,208.19705200195312,225.41542053222656
2022-05-10,2186.62353515625,2159.8876953125,2104.80126953125,2486.699951171875,748.6539306640625,352.0154113769531,3641.535888671875,657.0067138671875,3205.601806640625,1360.2801513671875,581.6675415039062,306.569091796875,703.3570556640625,146.26914978027344,3057.320556640625,633.4789428710938,888.6517944335938,125.60919189453124,1454.4049072265625,481.006591796875,4184.703125,309.2017517089844,762.0629272460938,2317.32763671875,89.03792572021484,85.5877914428711,736.7164916992188,1506.8245849609375,1188.13623046875,910.430908203125,627.4755859375,550.4337158203125,2152.255615234375,411.0482482910156,2011.56591796875,689.974853515625,1225.9180908203125,8.699999809265137,882.422607421875,1364.6077880859375,65.3093032836914,209.43702697753903,616.8268432617188,358.1123962402344,1528.1966552734375,857.0217895507812,7249.4501953125,2426.094482421875,793.7738037109375,30.587146759033203,137.0694122314453,120.31310272216795,1918.2034912109373,152.91049194335938,1120.813232421875,1073.046630859375,434.68792724609375,23901.0625,1303.452880859375,828.96044921875,715.544189453125,100.45611572265624,3014.6669921875,1081.3394775390625,2109.66455078125,606.1189575195312,6224.70751953125,196.4240875244141,222.849365234375
2022-05-11,2225.296630859375,2129.53125,2114.57958984375,2648.050048828125,739.698486328125,352.8507080078125,3634.375,669.5543212890625,3223.2666015625,1330.310302734375,569.7515869140625,305.49444580078125,706.4845581054688,143.64132690429688,3069.844970703125,620.1727905273438,899.63818359375,125.4614715576172,1441.689697265625,485.3615112304688,4182.21875,317.0240783691406,756.2316284179688,2292.001220703125,87.3997802734375,86.59369659423828,745.7427368164062,1500.2288818359375,1192.940185546875,900.5418090820312,631.0081787109375,554.7155151367188,2152.735107421875,410.6109313964844,1995.9752197265625,692.7879638671875,1241.9691162109375,8.649999618530273,894.6306762695312,1341.5421142578125,64.47955322265625,206.13116455078125,620.3158569335938,360.6629638671875,1492.8892822265625,855.7676391601562,7134.2353515625,2404.995849609375,793.3798217773438,30.98889541625977,134.5123291015625,123.54589080810548,1862.81103515625,150.11776733398438,1109.3319091796875,1079.1014404296875,435.9227600097656,22997.861328125,1342.2896728515625,822.1795654296875,713.9130859375,100.52510833740234,2991.21630859375,1065.802001953125,2087.307861328125,610.00439453125,6199.0419921875,193.77813720703125,220.1667022705078
2022-05-12,2189.466064453125,2139.109619140625,2040.6446533203125,2436.800048828125,694.3372802734375,367.100341796875,3536.791015625,646.94873046875,3198.419921875,1282.496337890625,548.7943725585938,297.1414489746094,689.4296875,140.6824188232422,3029.351318359375,604.930419921875,883.4703979492188,123.39322662353516,1431.9930419921875,476.9866333007813,4123.388671875,313.088623046875,755.4430541992188,2287.68408203125,82.3407974243164,86.39250946044922,736.668701171875,1451.861328125,1164.117431640625,899.2684936523438,616.7843627929688,538.6709594726562,2092.517822265625,394.3828430175781,1973.1876220703125,674.9395141601562,1207.788330078125,8.149999618530273,842.84326171875,1325.76953125,65.36283874511719,203.9138641357422,597.2313842773438,350.8889465332031,1450.453857421875,834.7363891601562,6996.49755859375,2299.915283203125,779.3308715820312,29.881370544433597,130.98532104492188,121.9100341796875,1796.738037109375,148.04673767089844,1086.731201171875,1052.747802734375,423.207763671875,22255.37109375,1318.2520751953125,817.5626220703125,708.108642578125,96.38578033447266,2988.279296875,1055.6617431640625,2022.0146484375,592.3971557617188,6047.7373046875,186.85110473632807,221.0531311035156
2022-05-13,2245.490478515625,2076.136962890625,2049.57470703125,2171.550048828125,687.134033203125,352.8998718261719,3504.147705078125,633.3057250976562,3249.36279296875,1258.3048095703125,541.1757202148438,310.135009765625,674.2805786132812,139.44091796875,3087.408203125,627.6203002929688,896.7596435546875,124.61199951171876,1465.885498046875,479.3316040039063,4169.85009765625,309.8819274902344,764.0684204101562,2333.732177734375,80.46176147460938,84.95550537109375,761.4552001953125,1441.357177734375,1198.4715576171875,893.1144409179688,611.2462768554688,542.1161499023438,2134.303466796875,377.03717041015625,2024.2059326171875,657.042724609375,1238.05322265625,8.350000381469727,845.2169799804688,1321.9033203125,64.93457794189453,208.50978088378903,573.955810546875,354.60528564453125,1458.3896484375,858.1312866210938,6850.17578125,2236.802978515625,788.1210327148438,29.55563163757324,127.10552215576172,119.6120376586914,1744.913818359375,148.29779052734375,1099.0506591796875,1037.2137451171875,406.7423400878906,22194.34375,1332.500732421875,848.8224487304688,707.6768798828125,94.60070037841795,2993.758544921875,1047.000732421875,2064.60546875,624.2671508789062,6058.58984375,174.15655517578125,218.650390625
2022-05-16,2207.455078125,2157.578857421875,2101.20947265625,2281.699951171875,693.5585327148438,361.6461791992188,3641.3876953125,636.2932739257812,3315.16015625,1262.9903564453125,553.8963012695312,330.651123046875,677.505859375,139.08914184570312,3093.434814453125,631.2446899414062,895.6082763671875,126.82795715332033,1446.400634765625,475.5030517578125,4108.4873046875,318.0929870605469,757.07861328125,2511.497314453125,82.1962661743164,86.62242889404297,761.5985107421875,1419.02978515625,1199.4906005859375,886.6632080078125,617.754638671875,541.0826416015625,2175.043701171875,379.90380859375,2045.5625,662.5233764648438,1254.92578125,9.399999618530272,858.3455200195312,1308.459228515625,65.36283874511719,204.88140869140625,575.7241821289062,361.2408752441406,1466.373046875,871.4927978515625,6990.662109375,2268.107421875,779.2755126953125,29.9356689453125,130.7207489013672,119.57308197021484,1749.0159912109375,147.607421875,1099.322265625,1036.9161376953125,416.21002197265625,21619.451171875,1332.124267578125,851.8040771484375,705.6620483398438,95.16122436523438,2960.356689453125,1034.989013671875,2082.27392578125,642.8087768554688,5878.93115234375,170.73764038085938,218.3471221923828
2022-05-17,2249.167236328125,2186.707763671875,2179.98388671875,2285.800048828125,724.9512939453125,362.432373046875,3766.232666015625,652.2266845703125,3339.29296875,1294.6119384765625,572.7244873046875,333.6796264648437,691.0422973632812,141.7169952392578,3172.4921875,655.0764770507812,900.02197265625,136.3197479248047,1441.094970703125,480.3365783691406,4191.52099609375,324.652099609375,760.1159057617188,2596.638427734375,83.54531860351562,88.63423156738281,782.8507690429688,1447.5130615234375,1215.6488037109375,919.2163696289062,621.9674072265625,546.15185546875,2199.095703125,416.295654296875,2071.164306640625,688.7138671875,1267.9793701171875,9.350000381469728,875.7371826171875,1334.2490234375,66.59407043457031,213.4282073974609,613.529052734375,366.7107543945313,1524.5374755859375,878.6800537109375,7265.7509765625,2356.712158203125,784.2989501953125,31.22777366638184,132.70469665527344,127.09022521972656,1808.8507080078125,149.77259826660156,1145.497314453125,1062.475341796875,427.46136474609375,21673.5,1338.7852783203125,857.719482421875,704.4627075195312,102.50852966308594,3025.9326171875,1042.953369140625,2148.1591796875,665.0881958007812,5971.76708984375,190.8646240234375,227.04835510253903
2022-05-18,2234.119384765625,2197.31787109375,2176.24169921875,2396.10009765625,739.6011352539062,354.86529541015625,3689.044189453125,656.7080078125,3382.384521484375,1273.6590576171875,570.55615234375,323.1773376464844,680.3890380859375,137.35105895996094,3196.505859375,658.1050415039062,918.3486328125,137.0584259033203,1469.1785888671875,487.9457702636719,4253.22509765625,315.7608642578125,760.46630859375,2586.37353515625,82.96715545654297,88.3180923461914,793.1666870117188,1453.326904296875,1205.798583984375,911.4070434570312,621.9201049804688,541.3778686523438,2212.603271484375,423.7781372070313,2113.970947265625,686.1432495117188,1242.83935546875,9.199999809265137,875.0590209960938,1326.12109375,63.19477844238281,215.12142944335935,603.20556640625,368.0059509277344,1494.5047607421875,881.0919189453125,7298.30419921875,2419.36669921875,785.2694702148438,30.95632743835449,130.94117736816406,127.1291732788086,1872.7872314453125,143.0260772705078,1149.6641845703125,1065.949462890625,418.9542236328125,22131.345703125,1361.317138671875,864.8370971679688,723.6993408203125,101.77983856201172,3023.477783203125,1020.191650390625,2138.68359375,669.0719604492188,6094.9619140625,190.1511383056641,224.5289764404297
2022-05-19,2230.24755859375,2191.767333984375,2110.0400390625,2317.5,713.31884765625,357.7152099609375,3587.114013671875,647.4965209960938,3299.7255859375,1238.898681640625,559.9401245117188,307.1552429199219,658.98486328125,135.17843627929688,3137.837158203125,634.07470703125,900.02197265625,133.84524536132812,1431.2611083984375,471.0045471191406,4090.078125,311.5339050292969,765.0711669921875,2542.7236328125,80.41358184814453,88.37557220458984,759.9270629882812,1424.4530029296875,1179.1595458984375,856.826171875,609.2109985351562,520.411865234375,2192.124267578125,405.2177429199219,2089.200439453125,669.6044921875,1209.576904296875,8.899999618530273,839.306640625,1254.0244140625,62.76652145385742,222.2572021484375,573.716796875,355.3724365234375,1471.172607421875,851.4263305664062,7142.04736328125,2249.572021484375,773.2887573242188,30.42428207397461,130.50030517578125,124.63644409179688,1755.642578125,143.27713012695312,1123.1683349609375,1048.8272705078125,409.3493957519531,21851.078125,1329.0833740234375,850.8422241210938,692.0380859375,96.76953125,2859.6708984375,964.7448120117188,2084.59326171875,667.9899291992188,5937.39990234375,180.489013671875,210.48570251464844
2022-05-20,2244.069091796875,2200.019287109375,2214.606201171875,2273.64990234375,747.1451416015625,356.7325439453125,3622.86865234375,670.30126953125,3379.351318359375,1253.654296875,566.0821533203125,309.6465148925781,672.3258056640625,137.7235107421875,3249.147216796875,641.323486328125,938.7863159179688,137.3538818359375,1451.6605224609375,481.7722473144531,4192.93310546875,322.1256408691406,827.3075561523438,2597.69384765625,82.1962661743164,89.84130859375,724.3949584960938,1454.30419921875,1193.037109375,873.336181640625,625.2571411132812,536.1610717773438,2257.177490234375,416.9758911132813,2145.845947265625,688.27734375,1210.20556640625,9.100000381469728,868.6157836914062,1278.6275634765625,62.60592651367188,225.7646026611328,603.2533569335938,364.4889221191406,1530.239990234375,871.9269409179688,7317.64404296875,2250.853515625,810.1773681640625,31.80325126647949,131.91114807128906,126.11650848388672,1795.6942138671875,143.74778747558594,1188.6602783203125,1063.41845703125,422.9790649414063,21639.466796875,1374.0888671875,880.7073974609375,709.5957641601562,100.9476547241211,2886.8916015625,984.3733520507812,2109.368408203125,673.3507690429688,5992.2021484375,186.9403381347656,214.42808532714844
2022-05-23,2251.81396484375,2174.4765625,2165.815185546875,2248.35009765625,733.517333984375,357.1747436523437,3671.21630859375,672.5418701171875,3377.879150390625,1254.7718505859375,568.4761962890625,306.7156677246094,670.322265625,137.43382263183594,3283.802490234375,646.8347778320312,930.7743530273438,136.13510131835938,1449.96826171875,484.5957946777344,3796.607421875,321.5426025390625,832.3405151367188,2629.83203125,82.00353240966797,88.0594253540039,718.8072509765625,1424.0621337890625,1208.66162109375,864.3809204101562,617.2340698242188,542.5098876953125,2287.285888671875,401.4765625,2195.526123046875,689.7323608398438,1180.4725341796875,9.050000190734863,874.3323364257812,1290.2705078125,63.007415771484375,221.32997131347656,523.3898315429688,369.5005187988281,1562.6011962890625,908.683349609375,7617.4736328125,2306.73486328125,816.5341186523438,27.829200744628903,132.3961181640625,120.81947326660156,1837.6390380859373,140.95509338378906,1180.7117919921875,1068.5303955078125,421.6070251464844,21580.9453125,1370.2081298828125,886.8631591796875,700.0973510742188,88.21495056152344,2912.095947265625,994.8182983398438,2123.43359375,684.5150756835938,5784.5791015625,181.7376251220703,217.4140167236328
2022-05-24,2238.138427734375,2172.069580078125,2155.388671875,2136.300048828125,732.154541015625,355.20928955078125,3586.9658203125,661.2888793945312,3375.336669921875,1233.255126953125,568.947021484375,305.4455871582031,662.8455200195312,136.6061553955078,3268.169921875,638.1956176757812,931.1101684570312,134.69468688964844,1418.8658447265625,480.6236877441406,3566.54541015625,315.3235778808594,846.3883056640625,2608.726318359375,81.47356414794922,87.36968231201172,728.7409057617188,1370.6622314453125,1181.7313232421875,841.8440551757812,624.3104248046875,544.2325439453125,2298.004638671875,389.4754638671875,2130.80810546875,686.9193725585938,1172.0118408203125,9.0,870.020751953125,1266.1943359375,63.54273986816406,218.38699340820312,515.8862915039062,375.13970947265625,1545.6365966796875,913.4588012695312,7526.0341796875,2277.947509765625,825.7975463867188,27.449169158935547,129.5303497314453,117.35299682617188,1756.370849609375,142.4612579345703,1184.765380859375,1065.4532470703125,422.658935546875,21291.482421875,1390.5966796875,875.1768188476562,686.1376953125,86.78343200683594,2882.508544921875,956.0404663085938,2112.52685546875,697.2532348632812,5737.40380859375,181.6484222412109,214.5913848876953
2022-05-25,2170.8896484375,2147.65673828125,2069.530029296875,2187.35009765625,689.0809326171875,355.4549560546875,3480.9365234375,662.2349243164062,3382.920166015625,1238.120361328125,571.7531127929688,300.70733642578125,672.6190795898438,134.9715118408203,3311.535888671875,625.3363647460938,932.5015258789062,133.4759063720703,1437.34423828125,473.2538146972656,3427.894775390625,303.17706298828125,838.6683959960938,2576.92431640625,80.46176147460938,87.42715454101562,721.0040283203125,1344.0843505859375,1193.1341552734375,827.1589965820312,628.972900390625,560.1785278320312,2261.142578125,385.6370849609375,2120.7060546875,691.9634399414062,1208.223388671875,8.75,865.563720703125,1239.350341796875,61.45499038696289,219.87863159179688,505.1326904296875,380.1114807128906,1496.6431884765625,895.6594848632812,7511.1806640625,2146.13916015625,830.44140625,26.287357330322266,134.6005096435547,118.87200164794922,1656.994384765625,141.11196899414062,1183.0216064453125,1087.8858642578125,421.8692932128906,20904.357421875,1359.174072265625,876.4271850585938,687.14501953125,86.15821075439453,2795.7060546875,922.7899780273438,2086.0244140625,690.6629028320312,5663.2431640625,181.261962890625,207.54641723632807
2022-05-26,2148.04833984375,2169.171630859375,2041.842041015625,2164.0,682.8509521484375,359.091064453125,3617.732421875,680.4089965820312,3441.40185546875,1245.27587890625,570.811279296875,309.0603332519531,677.9456787109375,134.2266082763672,3353.39501953125,634.4221801757812,925.4970703125,135.35951232910156,1471.923095703125,476.5081176757813,3359.08056640625,310.8050537109375,838.02587890625,2614.29052734375,81.95536804199219,86.90983581542969,744.9786376953125,1360.695556640625,1138.1090087890625,832.4642944335938,646.912353515625,568.9881591796875,2297.52587890625,396.3262939453125,2103.638916015625,706.6592407226562,1225.869873046875,8.600000381469727,869.6815795898438,1251.212646484375,61.13379287719727,220.2839813232422,527.3568115234375,380.3306579589844,1486.9493408203125,897.010009765625,7528.3017578125,2195.93359375,848.1588134765625,27.34058952331543,135.92312622070312,118.32672119140624,1672.602294921875,142.5867919921875,1171.7440185546875,1097.1666259765625,435.6188354492188,21334.564453125,1358.85546875,865.6065673828125,692.9496459960938,90.72008514404295,2848.043212890625,938.8494873046876,2114.204833984375,696.7122192382812,5743.4658203125,186.1376037597656,211.5121307373047
2022-05-27,2239.167724609375,2159.396484375,2075.5166015625,2166.449951171875,684.4085083007812,359.9755249023437,3814.23486328125,685.43798828125,3419.72216796875,1273.28466796875,588.0499267578125,316.97369384765625,668.9050903320312,133.3989715576172,3350.240478515625,652.0974731445312,927.22412109375,134.3253936767578,1456.6004638671875,476.3644714355469,3423.36572265625,315.37213134765625,854.83837890625,2630.59912109375,83.73805236816406,82.08151245117188,748.9425659179688,1364.7506103515625,1146.454833984375,852.1575317382812,658.9115600585938,588.7238159179688,2370.160400390625,397.5895385742188,2150.135986328125,717.6204833984375,1218.5211181640625,8.899999618530273,896.616943359375,1284.07568359375,61.10702133178711,222.34884643554688,524.2024536132812,387.8130798339844,1520.926025390625,919.2470703125,7661.36083984375,2273.828369140625,847.6087646484375,27.13428497314453,132.66062927246094,112.01700592041016,1721.58642578125,141.017822265625,1166.3089599609375,1112.8001708984375,435.665283203125,21566.537109375,1375.91357421875,869.4058227539062,696.0198364257812,89.9870834350586,2878.35986328125,977.71435546875,2121.36083984375,711.8602905273438,5815.57373046875,183.04576110839844,217.8572540283203
2022-05-30,2338.76708984375,2169.515869140625,2160.826416015625,2151.64990234375,715.1683959960938,365.1348876953125,3844.0625,690.7658081054688,3440.821533203125,1289.816650390625,599.5980224609375,320.1976318359375,683.223388671875,136.21299743652344,3367.80322265625,671.8580322265625,946.8461303710938,138.27720642089844,1471.7401123046875,488.23291015625,3473.8193359375,337.04156494140625,850.9053955078125,2646.2841796875,86.86979675292969,82.62757873535156,760.78662109375,1408.037109375,1181.63427734375,882.7161254882812,663.4082641601562,599.3546142578125,2414.386474609375,404.974853515625,2167.065185546875,726.0596313476562,1247.6256103515625,9.300000190734863,907.0810546875,1341.586181640625,62.15089416503906,222.22496032714844,515.0737915039062,379.2446594238281,1578.47265625,963.142578125,7729.79541015625,2367.696044921875,850.7726440429688,26.906265258789062,133.0574188232422,112.21175384521484,1824.2398681640625,143.2457275390625,1206.9356689453125,1139.8980712890625,440.9142761230469,22091.12109375,1400.50146484375,854.401123046875,719.7177734375,90.32772827148438,2978.929931640625,1013.1845092773438,2226.6787109375,727.5493774414062,5966.78076171875,186.2268218994141,222.1961975097656
2022-05-31,2379.449462890625,2159.740478515625,2162.72216796875,1888.949951171875,720.1814575195312,363.0220336914063,3930.33837890625,682.3510131835938,3447.423828125,1290.8095703125,596.7478637695312,318.43914794921875,684.3474731445312,134.9922332763672,3435.18310546875,674.8368530273438,952.7471923828124,142.48757934570312,1488.526123046875,496.7513427734375,3497.97509765625,335.7783203125,850.7788696289062,2667.677734375,85.6170883178711,84.61062622070312,732.5615234375,1395.9208984375,1166.3009033203125,883.4375,657.4441528320312,591.2112426757812,2417.3056640625,410.6109313964844,2171.0322265625,730.2791748046875,1223.9842529296875,9.600000381469728,901.8973999023438,1335.1927490234375,62.09736633300781,223.54649353027344,526.9266967773438,368.0159606933594,1572.4378662109375,997.8729858398438,7683.93115234375,2373.96630859375,850.0327758789062,27.38402366638184,137.5543670654297,117.82038116455078,1825.332275390625,146.16400146484375,1192.3743896484375,1165.4573974609375,434.8756103515625,21752.67578125,1409.7979736328125,827.7581787109375,728.92822265625,91.03485107421876,2969.310302734375,1027.3292236328125,2187.295654296875,724.5000610351562,5947.17724609375,190.80517578125,223.03599548339844
2022-06-01,2407.97705078125,2157.2353515625,2146.109130859375,1848.4000244140625,717.3099365234375,365.2331848144531,3791.7646484375,683.1974487304688,3318.951904296875,1257.13720703125,589.68359375,324.88702392578125,678.9231567382812,134.90945434570312,3344.3076171875,666.843505859375,943.727783203125,144.81436157226562,1485.4615478515625,495.3635559082031,3462.764404296875,327.4700927734375,840.9171752929688,2658.995361328125,86.05072784423828,85.64527130126953,731.4631958007812,1403.68896484375,1155.9654541015625,864.0413208007812,660.2369384765625,599.30517578125,2403.1015625,399.0471496582031,2129.700927734375,730.085205078125,1211.220947265625,9.350000381469728,899.4751586914062,1312.9481201171875,63.27507781982422,224.53762817382807,544.3713989257812,371.6525268554688,1566.260009765625,1010.4146118164062,7657.9365234375,2315.293212890625,828.413818359375,27.46002578735352,138.25979614257812,116.65189361572266,1815.258544921875,143.8419189453125,1192.75927734375,1144.2158203125,435.0613708496094,21433.21484375,1401.1676025390625,807.222900390625,730.2234497070312,91.71611785888672,2961.234375,998.038818359375,2169.134033203125,725.1394653320312,5842.6083984375,187.92140197753903,219.6301727294922
2022-06-02,2370.773681640625,2160.084228515625,2204.478759765625,1925.800048828125,728.5528564453125,367.05120849609375,3600.3984375,688.6744995117188,3290.9375,1291.0091552734375,594.3635864257812,321.5653991699219,680.193603515625,136.2957763671875,3368.556884765625,674.39013671875,947.1339721679688,146.40248107910156,1454.22216796875,499.3356628417969,3432.764892578125,330.628173828125,843.6722412109375,2612.8037109375,88.65247344970703,85.73149871826172,734.6151733398438,1399.780517578125,1136.604736328125,882.5462036132812,655.6217651367188,600.0455932617188,2320.749755859375,398.318359375,2107.88232421875,727.2721557617188,1195.024658203125,9.550000190734863,913.6210327148438,1339.099609375,62.98065185546875,225.9004669189453,548.099365234375,370.1679992675781,1555.9483642578125,1007.7134399414062,7644.4326171875,2365.682373046875,835.72900390625,27.753196716308597,140.24374389648438,118.75516510009766,1838.755859375,141.55125427246094,1233.88427734375,1135.282470703125,436.50140380859375,21279.04296875,1393.6956787109375,826.7482299804688,727.4891357421875,93.26836395263672,3021.072998046875,997.5167236328124,2192.181396484375,726.6640625,5874.091796875,191.31057739257807,221.2164459228516
2022-06-03,2270.1455078125,2095.589111328125,2185.1220703125,1855.9000244140625,720.230224609375,360.5651550292969,3544.64306640625,674.4837646484375,3276.662841796875,1266.6182861328125,591.4545288085938,310.7211608886719,670.95751953125,135.79917907714844,3324.248779296875,653.7855224609375,922.0427856445312,145.51608276367188,1429.614501953125,491.9178466796875,3387.911376953125,321.29962158203125,845.0059204101562,2576.060791015625,86.86979675292969,84.84054565429688,729.1229248046875,1308.8101806640625,1121.99951171875,885.3475952148438,653.349853515625,594.9126586914062,2251.600341796875,395.2573852539063,2114.478515625,721.9854736328125,1178.0067138671875,9.199999809265137,895.5510864257812,1351.26513671875,63.3286018371582,225.2397003173828,537.6324462890625,370.3673095703125,1570.109375,992.3740844726562,7431.89404296875,2350.625244140625,825.02392578125,27.54689598083496,136.67263793945312,118.09303283691406,1845.260986328125,141.83367919921875,1258.8853759765625,1132.70166015625,431.5311279296875,20298.6796875,1360.390380859375,832.08642578125,723.3156127929688,92.03949737548828,3036.209228515625,999.170654296875,2175.845947265625,718.352294921875,5552.41650390625,188.42681884765625,221.8462677001953
2022-06-06,2316.906005859375,2100.648193359375,2220.093994140625,1802.3499755859373,721.5443115234375,358.5997009277344,3588.990478515625,669.405029296875,3405.40283203125,1249.1331787109375,590.748046875,318.683349609375,667.4879150390625,132.15745544433594,3288.4169921875,654.232421875,936.5313720703124,143.92796325683594,1404.5953369140625,486.7972106933594,3408.706298828125,317.6071472167969,838.33740234375,2545.218505859375,87.49614715576172,85.15668487548828,726.0665893554688,1296.351806640625,1115.2060546875,880.509033203125,652.4741821289062,598.2687377929688,2214.12841796875,397.5895385742188,2103.915283203125,724.3621215820312,1161.134033203125,9.25,899.8627319335938,1358.68017578125,62.9271240234375,226.97422790527344,553.4522705078125,372.4894409179688,1558.846923828125,999.41650390625,7437.19921875,2323.210693359375,816.6588745117188,27.058279037475582,136.8489990234375,119.92362213134766,1816.0841064453125,141.08056640625,1253.4730224609375,1133.54541015625,430.7879028320313,19673.828125,1368.7022705078125,826.9886474609375,732.6701049804688,92.97084045410156,3028.08935546875,995.9498901367188,2170.07177734375,716.7784423828125,5457.08740234375,190.68626403808597,220.7732391357422
2022-06-07,2305.289794921875,2100.74658203125,2222.588623046875,1829.25,715.0224609375,357.07647705078125,3564.890625,663.081298828125,3420.658935546875,1231.3988037109375,576.776611328125,320.2953491210937,669.7847290039062,132.52993774414062,3186.240966796875,655.17578125,933.364990234375,145.92234802246094,1388.8154296875,479.7622680664063,3410.26513671875,309.7362060546875,806.8345947265625,2540.229248046875,87.83340454101562,86.79486083984375,716.1805419921875,1296.3031005859375,1099.3876953125,868.2855834960938,644.9717407226562,597.4790649414062,2240.358642578125,392.7794494628906,2040.3509521484373,713.2068481445312,1113.464599609375,9.199999809265137,894.9697875976562,1337.9451904296875,63.27507781982422,226.23085021972656,546.856689453125,370.26763916015625,1510.6141357421875,1005.7839965820312,7532.54541015625,2294.286376953125,804.64697265625,26.645671844482425,138.6566162109375,126.07754516601562,1797.150634765625,141.20608520507812,1255.828125,1125.9024658203125,430.50921630859375,19460.09765625,1364.0103759765625,815.8795166015625,725.9060668945312,92.14298248291016,2967.853759765625,983.8508911132812,2073.587890625,731.8773803710938,5431.52001953125,187.23760986328125,218.183837890625
2022-06-08,2259.901123046875,2097.946533203125,2172.350830078125,1801.9000244140625,709.2305297851562,356.7816467285156,3591.4599609375,655.861572265625,3385.0166015625,1244.00341796875,584.2039184570312,323.5681457519531,648.2827758789062,134.04039001464844,3165.5703125,665.2546997070312,923.9618530273438,145.99620056152344,1385.796630859375,473.58880615234375,3404.469482421875,316.9755249023437,817.5821533203125,2541.428466796875,87.78523254394531,87.62832641601562,714.5567016601562,1298.35498046875,1076.3392333984375,874.482177734375,647.24365234375,592.1982421875,2253.517822265625,392.0991821289063,2026.9271240234373,707.6292724609375,1071.064697265625,9.149999618530272,885.2808227539062,1331.9957275390625,63.168006896972656,221.2750701904297,550.72802734375,367.7469482421875,1505.9573974609375,1008.1473999023438,7612.6513671875,2308.840087890625,803.5347900390625,26.85197639465332,138.48023986816406,127.2849578857422,1754.5986328125,140.92369079589844,1233.7711181640625,1127.6395263671875,437.8485107421875,19261.763671875,1368.7022705078125,814.9176635742188,726.4337768554688,93.716796875,3004.436279296875,978.5411376953124,2101.2744140625,738.7627563476562,5408.689453125,186.25653076171875,219.46685791015625
2022-06-09,2306.073486328125,2100.5009765625,2214.257080078125,1812.6500244140625,715.9471435546875,358.9927978515625,3624.893310546875,658.55029296875,3460.40478515625,1244.602294921875,578.7339477539062,326.1082458496094,661.0372924804688,137.74420166015625,3152.15087890625,671.4111938476562,932.597412109375,146.80873107910156,1388.8154296875,476.3165893554688,3416.060302734375,315.6636657714844,841.676513671875,2605.560546875,88.02613067626953,87.11100769042969,728.7409057617188,1279.1546630859375,1098.611083984375,873.1665649414062,652.1190795898438,597.0843505859375,2264.105712890625,388.4551696777344,2027.526611328125,710.7817993164062,1088.0826416015625,9.199999809265137,891.675537109375,1345.3157958984375,63.3286018371582,223.71170043945312,546.9522705078125,371.6725158691406,1515.9840087890625,1008.2440185546876,7648.7255859375,2373.325439453125,805.6680908203125,26.493661880493164,136.8048858642578,128.95977783203125,1748.2877197265625,141.11196899414062,1267.6038818359375,1155.084716796875,433.8072204589844,18882.35546875,1372.03271484375,826.0750122070312,729.5532836914062,90.103515625,3024.691650390625,991.0755615234376,2111.98388671875,751.6976928710938,5359.85107421875,180.1024627685547,221.6363220214844
2022-06-10,2287.39892578125,2097.84814453125,2198.193115234375,1757.5999755859375,707.089111328125,358.8453674316406,3654.96923828125,657.9527587890625,3462.50146484375,1222.89599609375,556.0645751953125,316.143310546875,658.1052856445312,136.97862243652344,3164.95849609375,645.7919921875,927.6559448242188,146.62408447265625,1387.80908203125,480.7194213867188,3436.368408203125,312.991455078125,847.2546997070312,2602.538818359375,88.36338806152344,85.70275115966797,716.3237915039062,1296.156494140625,1090.26513671875,861.876708984375,639.5283203125,585.436767578125,2267.460693359375,374.8507080078125,2029.556640625,698.4140014648438,1083.97314453125,9.100000381469728,884.7964477539062,1311.3941650390625,62.76652145385742,223.13351440429688,547.2390747070312,357.0462951660156,1506.4798583984375,999.947265625,7653.78955078125,2295.52197265625,805.9923706054688,25.950759887695312,136.89309692382812,128.25868225097656,1696.63330078125,140.8609161376953,1229.3326416015625,1146.3499755859375,429.0692138671875,18863.517578125,1373.683349609375,813.4268188476562,731.6807861328125,88.27961730957031,2965.38232421875,966.050537109375,2114.500732421875,751.1567993164062,5388.35205078125,179.0916748046875,215.0579376220703
2022-06-13,2291.41796875,2083.947021484375,2075.117919921875,1798.699951171875,676.7672119140625,356.4377136230469,3606.966552734375,646.251708984375,3462.724365234375,1136.3245849609375,525.7227172851562,300.0234680175781,656.1016235351562,131.57810974121094,3163.21630859375,604.7317504882812,916.0938110351562,141.1210479736328,1387.80908203125,476.460205078125,3383.869384765625,298.9986572265625,830.8316650390625,2590.978515625,85.47254943847656,84.09330749511719,705.1961669921875,1262.98291015625,1060.278076171875,841.8864135742188,627.9315185546875,574.480224609375,2264.71533203125,356.0960388183594,2026.7884521484373,667.3734741210938,1077.10791015625,8.699999809265137,838.5315551757812,1264.9520263671875,60.812599182128906,218.5907287597656,539.1140747070312,346.1962585449219,1456.06103515625,968.8827514648438,7621.4765625,2164.858154296875,809.8145141601562,24.756372451782227,131.29391479492188,124.28589630126952,1614.1512451171875,139.5430145263672,1206.074951171875,1125.3067626953125,414.204833984375,18821.033203125,1379.504638671875,797.8450927734375,711.7109375,85.54163360595703,2841.55712890625,915.65234375,2075.166748046875,738.1727294921875,5236.90087890625,172.25387573242188,208.12960815429688
2022-06-14,2275.63525390625,2078.887939453125,2191.5576171875,1788.75,685.9660034179688,353.3420715332031,3660.598388671875,648.044189453125,3284.7373046875,1131.3797607421875,527.439697265625,307.1064453125,666.6082763671875,130.06759643554688,3185.676025390625,614.5128173828125,925.6409912109376,141.9705352783203,1379.210205078125,474.4023132324219,3434.031005859375,304.9747619628906,839.3693237304688,2612.035888671875,86.62889099121094,84.4669189453125,704.0499267578125,1279.3985595703125,1093.8485107421875,846.2155151367188,621.020751953125,565.0042114257812,2228.812255859375,348.1763000488281,2002.8939208984373,664.9484252929688,1107.9046630859375,8.800000190734863,817.9425048828125,1279.204345703125,59.019264221191406,219.25148010253903,537.1068115234375,346.6644897460937,1468.0362548828125,983.3055419921876,7534.7158203125,2111.08203125,810.6312866210938,24.70207977294922,133.49827575683594,121.48157501220705,1633.4974365234375,140.54710388183594,1190.3134765625,1123.7186279296875,416.2951354980469,18893.029296875,1390.451904296875,793.5648193359375,711.6141967773438,85.90382385253906,2833.569091796875,896.677001953125,2074.772216796875,737.6317138671875,5307.73779296875,173.1160125732422,208.03628540039065
2022-06-15,2259.31298828125,2085.322509765625,2179.734130859375,1757.8499755859375,685.041259765625,355.7006530761719,3676.895751953125,647.795166015625,3299.323974609375,1178.604736328125,538.15380859375,306.76446533203125,666.6571655273438,129.94346618652344,3188.0771484375,628.7125244140625,929.574951171875,140.38238525390625,1387.305908203125,475.0245056152344,3488.0400390625,308.1814270019531,844.1296997070312,2609.493896484375,85.90618133544922,84.81180572509766,708.5391845703125,1301.237548828125,1085.1756591796875,840.273681640625,618.8670654296875,572.2592163085938,2270.379638671875,347.39892578125,1997.822021484375,666.6458740234375,1112.69091796875,8.800000190734863,817.0704956054688,1262.9095458984375,58.45718383789063,217.5582733154297,538.1582641601562,346.0567321777344,1482.9573974609375,989.3351440429688,7575.0341796875,2140.73876953125,807.308837890625,24.767230987548828,130.63258361816406,117.93721771240234,1652.0426025390625,139.48023986816406,1175.9107666015625,1117.4156494140625,419.314453125,18996.64453125,1379.968017578125,790.9197387695312,713.4515991210938,87.2126235961914,2829.818359375,887.8856201171875,2077.78271484375,741.5170288085938,5332.71923828125,173.23492431640625,205.33029174804688
2022-06-16,2199.75927734375,2047.5977783203125,2078.3603515625,1711.0999755859375,663.577392578125,353.19464111328125,3618.572021484375,632.2600708007812,3263.726806640625,1144.8924560546875,518.4278564453125,303.0032043457031,639.3888549804688,128.97096252441406,3192.78564453125,621.7119750976562,902.8526000976562,132.8849639892578,1385.5679931640625,475.6945190429688,3472.260498046875,295.451904296875,834.7840576171875,2544.642822265625,83.73805236816406,80.75946807861328,708.634765625,1255.6546630859375,1065.4913330078125,819.0949096679688,606.4891967773438,563.1781005859375,2195.2177734375,326.6035461425781,1997.96142578125,658.1582641601562,1094.4158935546875,8.5,784.4186401367188,1240.709716796875,57.89509201049805,215.32815551757807,521.7649536132812,333.93133544921875,1451.6419677734375,969.79931640625,7555.88720703125,2113.370361328125,810.7538452148438,23.453407287597656,126.04744720458984,111.82225799560548,1577.279541015625,135.77749633789062,1159.4698486328125,1096.96826171875,410.2565307617188,18404.197265625,1356.3358154296875,783.5136108398438,701.0731811523438,81.9546890258789,2773.068359375,848.9337158203125,2034.2537841796875,734.87744140625,5187.1337890625,159.02413940429688,197.02561950683597
2022-06-17,2130.353515625,2018.96044921875,2091.1318359375,1711.25,651.1663818359375,351.1800842285156,3655.70947265625,632.558837890625,3237.63037109375,1173.130859375,531.7371215820312,303.2474670410156,629.0776977539062,124.56363677978516,3137.884033203125,636.8053588867188,877.7133178710938,134.91629028320312,1352.773193359375,463.8260498046875,3391.466552734375,293.4598693847656,807.3700561523438,2498.88232421875,84.12349700927734,79.86852264404297,692.7789916992188,1260.5401611328125,1042.34765625,813.8319702148438,610.4889526367188,543.6832275390625,2150.207275390625,324.2714233398437,1964.22314453125,666.2578735351562,1076.3828125,8.199999809265137,781.802734375,1231.9183349609375,55.78056716918945,217.4756774902344,530.12890625,333.4929504394531,1416.04931640625,962.46728515625,7415.59423828125,2007.4659423828125,799.6260375976562,23.583703994750977,123.84304809570312,110.18640899658205,1547.3502197265625,132.63958740234375,1173.0574951171875,1074.0888671875,409.6990966796875,17749.052734375,1345.8516845703125,763.1226196289062,688.2112426757812,82.40913391113281,2726.203369140625,840.01171875,1911.3665771484373,728.0411376953125,5062.0322265625,156.94308471679688,189.04757690429688
2022-06-20,2144.8623046875,2024.1669921875,2075.2177734375,1743.6500244140625,645.5205078125,351.13092041015625,3764.800048828125,625.6875610351562,3226.032470703125,1168.619873046875,536.7311401367188,267.7350158691406,626.3899536132812,122.51514434814452,3236.5537109375,614.8602294921875,888.3638916015625,130.63209533691406,1359.1766357421875,479.3316040039063,3441.725830078125,290.0588073730469,808.363037109375,2516.58203125,81.71446228027344,75.38507843017578,724.9680786132812,1285.8966064453125,1043.8577880859375,814.9357299804688,625.8251953125,546.0029907226562,2137.266845703125,312.41607666015625,2043.75244140625,665.3848876953125,1089.097900390625,7.949999809265137,759.6633911132812,1255.7611083984375,55.16494369506836,218.1364288330078,526.0663452148438,334.6088562011719,1398.7996826171875,948.0444946289062,7389.35791015625,1994.56005859375,815.22705078125,22.71505546569824,121.02140808105467,104.69461822509766,1526.7418212890625,130.69407653808594,1151.7930908203125,1067.9842529296875,403.8462219238281,18111.248046875,1323.2911376953125,774.5684814453125,693.2399291992188,78.29186248779297,2746.94384765625,852.458984375,1936.28955078125,718.6966552734375,5214.5595703125,137.02415466308594,193.4564971923828
2022-06-21,2183.976806640625,2049.562744140625,2156.984619140625,1809.0999755859373,670.7805786132812,352.70330810546875,3761.34326171875,633.8534545898438,3252.1728515625,1172.6368408203125,544.4527587890625,275.5507202148437,639.486572265625,124.64640045166016,3285.121826171875,621.4140625,900.2139282226562,136.50442504882812,1371.9378662109375,484.212890625,3505.9619140625,306.1894226074219,831.1139526367188,2592.897216796875,84.60530090332031,78.3740463256836,727.8335571289062,1303.58251953125,1077.720947265625,837.4723510742188,632.6412963867188,557.1568603515625,2177.919677734375,329.6645812988281,2052.22216796875,675.2305908203125,1103.2635498046875,8.449999809265137,774.0029907226562,1287.5069580078125,56.61030960083008,222.9270477294922,550.77587890625,335.0671691894531,1425.885986328125,962.7566528320312,7504.7666015625,2091.6767578125,815.4530029296875,23.57284545898437,123.40217590332033,108.35581970214844,1607.937255859375,132.0120086669922,1170.3851318359375,1088.2333984375,418.7570495605469,18246.337890625,1359.202880859375,786.2548217773438,703.2974243164062,80.41867065429688,2834.804931640625,870.5203857421875,2051.181884765625,732.2216186523438,5298.2529296875,140.3538818359375,198.35531616210935
2022-06-22,2172.310791015625,2026.03369140625,2084.546630859375,1736.0999755859375,650.5336303710938,351.7696838378906,3741.14501953125,624.1937866210938,3243.60791015625,1141.2646484375,533.7042846679688,275.0133972167969,628.2957763671875,126.5914077758789,3260.550048828125,612.82470703125,879.7763061523438,132.47874450683594,1361.8294677734375,477.5608825683594,3506.059326171875,295.6947937011719,829.6050415039062,2554.475830078125,83.64168548583984,76.79334259033203,727.8811645507812,1294.5931396484375,1073.1409912109375,815.9966430664062,629.6591796875,544.67041015625,2199.92333984375,307.5087585449219,2050.220947265625,666.015380859375,1097.41357421875,8.550000190734863,753.4624633789062,1276.27392578125,56.50325775146485,219.1275787353516,526.1142578125,332.7158203125,1405.40478515625,949.1057739257812,7506.83935546875,2093.416015625,806.00439453125,22.33502578735352,121.37410736083984,105.045166015625,1562.0357666015625,132.20030212402344,1134.8311767578125,1062.525146484375,415.8771057128906,18192.63671875,1317.2672119140625,778.4158325195312,685.6001586914062,76.17414855957031,2844.5126953125,853.0247192382812,2004.8892822265625,731.7297973632812,5289.5029296875,132.05931091308594,191.8702087402344
2022-06-23,2245.637939453125,2053.6396484375,2105.649658203125,1796.75,657.3475341796875,352.7524719238281,3803.123291015625,626.7330932617188,3376.6748046875,1152.9713134765625,534.543212890625,271.64288330078125,645.2530517578125,127.41908264160156,3268.0224609375,631.9893798828125,895.5601806640625,130.85366821289062,1368.3701171875,483.4951171875,3571.026123046875,304.5374755859375,836.2247924804688,2704.42041015625,83.78622436523438,75.70122528076172,740.0596313476562,1285.9454345703125,1068.658447265625,824.4427490234375,631.978515625,550.8889770507812,2330.335693359375,308.6263122558594,2096.524169921875,678.189208984375,1088.0341796875,8.550000190734863,760.5353393554688,1289.7713623046875,57.440059661865234,219.29278564453125,534.2869873046875,335.5852966308594,1420.18359375,991.45751953125,7977.78076171875,2115.24658203125,815.669189453125,22.80191993713379,120.3600845336914,105.00619506835938,1634.8812255859375,130.8823699951172,1116.419921875,1065.89990234375,419.3609313964844,18228.880859375,1353.7581787109375,793.4205322265625,694.7872924804688,76.46498107910156,2920.282470703125,862.6864624023438,2014.957275390625,759.3701171875,5289.8447265625,130.48362731933594,195.5093231201172
2022-06-24,2245.24560546875,2061.30224609375,2156.635498046875,1857.5999755859373,668.1524658203125,354.3739929199219,3791.172119140625,631.3638916015625,3402.146484375,1155.9752197265625,548.239990234375,279.7027893066406,656.0039672851562,127.27423858642578,3323.48828125,643.2102661132812,895.8960571289062,130.4104766845703,1384.7447509765625,487.89788818359375,3585.343994140625,306.8695983886719,839.0967407226562,2760.87744140625,86.0988998413086,76.13232421875,758.9240112304688,1292.980712890625,1078.5980224609375,820.5804443359375,640.8063354492188,554.1956787109375,2405.149169921875,313.1934814453125,2144.26953125,692.0604248046875,1083.29638671875,8.75,781.4151000976562,1279.692626953125,58.08245468139648,219.58184814453125,542.7464599609375,338.43475341796875,1420.7061767578125,1034.2435302734375,8066.712890625,2069.2509765625,827.93798828125,23.355684280395508,120.44827270507812,106.99258422851562,1583.1539306640625,131.13339233398438,1132.3175048828125,1070.5653076171875,422.0086669921875,18484.65234375,1357.6099853515625,793.1319580078125,704.9898071289062,77.51476287841797,2906.426513671875,854.0693969726562,2019.102783203125,785.6824340820312,5346.5537109375,131.67282104492188,195.36936950683597
2022-06-27,2247.40234375,2078.64208984375,2176.740966796875,1917.6500244140625,669.4664916992188,358.8453674316406,3747.81201171875,634.4508666992188,3444.836181640625,1157.192626953125,553.4841918945312,277.1626892089844,668.46533203125,130.3572998046875,3313.6689453125,629.8047485351562,894.6007690429688,134.4730987548828,1382.2291259765625,493.59283447265625,3577.989990234375,309.05596923828125,841.218994140625,2732.480712890625,87.73704528808594,77.39688110351562,761.5029907226562,1318.434814453125,1074.26171875,842.3533935546875,641.9660034179688,550.7902221679688,2401.271240234375,320.6273498535156,2159.85888671875,695.843505859375,1095.8179931640625,8.850000381469727,797.8863525390625,1309.4405517578125,58.64454650878906,222.9683074951172,546.4265747070312,337.0697631835937,1459.6251220703125,1044.517822265625,8149.2294921875,2140.73876953125,834.0208129882812,24.159181594848636,122.12361145019533,110.2253646850586,1678.3065185546875,132.76510620117188,1128.9658203125,1076.5208740234375,428.4653930664063,18787.443359375,1375.044677734375,803.7603149414062,705.3766479492188,78.87809753417969,2925.489990234375,876.7005004882812,2013.87158203125,788.3875122070312,5436.45703125,135.44850158691406,198.23866271972656
2022-06-28,2239.804931640625,2090.578369140625,2199.68994140625,1909.8499755859373,660.0244140625,360.1229553222656,3790.135009765625,639.6790771484375,3469.638671875,1134.1688232421875,547.1116333007812,270.0309143066406,665.7286987304688,131.84707641601562,3290.294677734375,636.308837890625,906.8345336914062,137.68626403808594,1385.15625,490.1471252441406,3519.54931640625,310.3677978515625,851.7426147460938,2747.3505859375,88.45975494384766,78.690185546875,758.4942016601562,1312.3277587890625,1078.3057861328125,850.5022583007812,637.0669555664062,558.6375122070312,2411.03125,333.8430480957031,2157.06689453125,689.0048217773438,1081.2659912109375,8.850000381469727,791.200927734375,1314.3690185546875,57.97538375854492,224.53762817382807,552.8787231445312,332.5364990234375,1474.54638671875,1072.7845458984375,8188.728515625,2170.21240234375,836.2142944335938,24.159181594848636,122.21180725097656,116.34033203125,1710.4693603515625,131.9806365966797,1144.840576171875,1070.06884765625,431.29888916015625,18920.6171875,1378.896484375,796.9793090820312,712.5812377929688,79.8824234008789,2928.53466796875,888.4514770507812,1942.5572509765625,806.7816162109375,5448.6787109375,139.61065673828125,199.3350524902344
2022-06-29,2264.704833984375,2117.34912109375,2215.155029296875,1901.699951171875,659.7810668945312,359.1893615722656,3667.315185546875,622.9489135742188,3450.501708984375,1108.75,540.8863525390625,262.41064453125,672.2280883789062,130.93663024902344,3261.029296875,634.37255859375,909.2813110351562,139.42214965820312,1364.848388671875,479.7144470214844,3490.2314453125,309.5418395996094,849.7469482421875,2769.2236328125,88.26702880859375,80.04096221923828,732.5137939453125,1292.980712890625,1070.55859375,838.2788696289062,636.1438598632812,534.2567138671875,2398.569580078125,334.4261169433594,2078.701171875,681.6812744140625,1074.8358154296875,8.649999618530273,783.6436157226562,1299.3616943359375,58.77836227416992,226.35476684570312,550.6323852539062,327.2857971191406,1471.1251220703125,1072.54345703125,8207.2470703125,2118.67919921875,840.7859497070312,23.779146194458008,124.98932647705078,120.07942962646484,1699.934326171875,132.48268127441406,1168.59619140625,1059.745849609375,426.514404296875,19065.396484375,1393.434814453125,806.6939086914062,696.2862548828125,80.12782287597656,2904.13134765625,888.7994384765625,1911.070556640625,819.7163696289062,5493.2138671875,137.9755401611328,196.30247497558597
2022-06-30,2255.588134765625,2084.634765625,2186.02001953125,1929.5999755859373,654.1839599609375,356.7325439453125,3638.177734375,634.152099609375,3431.10888671875,1091.3785400390625,531.7972412109375,257.4281921386719,669.442626953125,127.62601470947266,3320.662109375,615.158203125,880.0641479492188,137.09536743164062,1360.13720703125,474.68951416015625,3536.05908203125,303.8572692871094,855.4808959960938,2680.724609375,86.91796875,77.71302032470703,723.5830078125,1290.537841796875,1070.168701171875,826.140380859375,638.06103515625,542.8936157226562,2370.07373046875,329.0815124511719,2076.048583984375,685.997802734375,1083.87646484375,8.399999618530273,769.6429443359375,1298.1630859375,59.62150955200195,225.9004669189453,539.592041015625,331.0021057128906,1480.961669921875,1054.5994873046875,8170.44921875,2099.823486328125,839.39013671875,23.4968376159668,126.00335693359376,118.0540771484375,1651.4842529296875,132.98475646972656,1175.6163330078125,1073.592529296875,432.8317565917969,18697.150390625,1390.39404296875,798.9029541015625,683.0857543945312,78.80538177490234,2883.478759765625,870.4334106445312,1916.1044921875,828.1757202148438,5482.458984375,132.5944366455078,194.1096649169922
2022-07-01,2230.639404296875,2128.990966796875,2227.228271484375,1963.6500244140625,659.87841796875,361.2039489746094,3690.1796875,641.2724609375,3355.203369140625,1130.3944091796875,552.8605346679688,258.7470703125,658.2029418945312,131.74365234375,3433.653076171875,635.8621215820312,910.864501953125,135.35951232910156,1386.2540283203125,489.3336181640625,3543.023193359375,314.0117492675781,853.9427490234375,2669.64404296875,90.24243927001952,76.07484436035156,746.4591064453125,1316.4317626953125,1082.8858642578125,827.9228515625,640.7826538085938,558.1439819335938,2408.50439453125,331.5108947753906,2124.212890625,682.7966918945312,1107.8564453125,8.5,782.0933837890625,1313.7030029296875,59.86240005493164,234.86215209960935,553.308837890625,332.3272705078125,1494.17236328125,1068.2984619140625,8104.71484375,2051.402099609375,855.008056640625,23.81171989440918,124.0194091796875,102.08503723144533,1608.8597412109375,129.59580993652344,1090.9432373046875,1091.70751953125,433.7143249511719,18897.8984375,1394.245849609375,797.6045532226562,695.85107421875,79.33253479003906,2925.8427734375,879.7470703125,1920.990234375,846.3731079101562,5564.98046875,127.21337890625,196.8856658935547
2022-07-04,2314.99462890625,2126.534912109375,2256.81201171875,1883.5999755859373,663.8694458007812,362.1866760253906,3723.712158203125,651.629150390625,3406.254638671875,1136.9586181640625,554.4262084960938,264.5111083984375,666.4617309570312,130.91595458984375,3544.8720703125,648.224853515625,892.9696044921875,134.4730987548828,1391.9256591796875,502.4941711425781,3544.97119140625,315.5665283203125,847.8193969726562,2682.691162109375,91.7360382080078,76.76459503173828,776.4990234375,1319.900634765625,1104.177978515625,835.7748413085938,641.6820068359375,566.8796997070312,2405.5849609375,330.8792419433594,2210.62939453125,698.510986328125,1123.3753662109375,8.350000381469727,806.1220092773438,1321.339599609375,59.70179748535156,241.09817504882807,543.4547119140625,332.9549560546875,1503.2486572265625,1052.718017578125,8144.0205078125,2040.052001953125,864.5935668945312,23.605417251586918,124.68072509765624,98.15120697021484,1582.2073974609375,132.23162841796875,1093.2078857421875,1109.3756103515625,439.8459167480469,18975.205078125,1460.537841796875,797.7489013671875,706.1019287109375,77.66926574707031,2855.192138671875,870.3899536132812,1937.0792236328125,827.1428833007812,5581.94384765625,128.78904724121094,196.092529296875
2022-07-05,2318.180419921875,2110.276123046875,2241.446533203125,1876.4000244140625,660.7058715820312,360.3195190429688,3770.43017578125,645.803466796875,3409.031494140625,1150.576171875,557.4590454101562,267.1488952636719,668.9539794921875,129.57101440429688,3502.865478515625,638.4935302734375,899.4463500976562,134.7686004638672,1399.655517578125,507.9498596191406,3516.237548828125,312.991455078125,855.558837890625,2691.51708984375,91.10970306396484,76.9083023071289,794.9335327148438,1318.87451171875,1127.5654296875,833.6951904296875,640.2383422851562,557.5516967773438,2385.36767578125,335.4950561523437,2235.107421875,697.8804931640625,1147.79052734375,8.25,798.4192504882812,1310.639404296875,59.09955596923828,236.9683532714844,544.5880126953125,331.39068603515625,1487.2818603515625,1043.7943115234375,8052.72607421875,2028.0888671875,864.1346435546875,23.583703994750977,124.1957550048828,99.24176025390624,1579.7069091796875,134.39682006835938,1102.0625,1102.77490234375,438.6381530761719,19244.060546875,1482.982666015625,803.9044189453125,705.0381469726562,78.1782455444336,2838.64453125,873.2188720703125,1928.9359130859373,799.1092529296875,5602.37890625,129.05662536621094,192.9666290283203
2022-07-06,2467.43212890625,2136.113525390625,2267.78759765625,1903.699951171875,675.89111328125,361.8918762207031,3835.717041015625,655.2142944335938,3492.619873046875,1200.8734130859375,582.6284790039062,271.30096435546875,678.2389526367188,132.9644317626953,3669.74169921875,639.138916015625,907.3143310546876,134.2145538330078,1435.42333984375,519.6746826171875,3550.084716796875,320.27935791015625,854.7410278320312,2789.705078125,92.07331085205078,76.76459503173828,840.494873046875,1338.3193359375,1166.641845703125,837.4723510742188,649.0661010742188,550.2473754882812,2467.7626953125,331.3165283203125,2325.293212890625,704.1856689453125,1191.49560546875,8.5,810.5303955078125,1324.580810546875,58.29658126831055,238.9506683349609,546.4602661132812,339.6502990722656,1478.9659423828125,1065.597412109375,8324.1015625,2060.193115234375,883.529052734375,23.07337188720703,122.5204086303711,94.21736145019533,1629.41943359375,132.0747528076172,1092.3699951171875,1107.8369140625,445.8845520019531,19662.169921875,1533.693603515625,805.732177734375,725.249755859375,77.99646759033203,2877.874755859375,879.0507202148438,1987.4681396484373,811.601318359375,5698.29443359375,127.51067352294922,194.1096649169922
2022-07-07,2511.9873046875,2130.218994140625,2269.234130859375,1909.699951171875,684.8951416015625,360.6143493652344,3867.076171875,656.4110717773438,3513.4013671875,1194.7684326171875,577.1140747070312,273.1571655273437,671.250732421875,136.3164825439453,3650.0556640625,637.6990966796875,897.3833618164062,137.39080810546875,1436.200927734375,520.2490234375,3561.383056640625,327.3729553222656,844.3147583007812,2824.481201171875,93.47054290771484,78.63269805908203,816.8546752929688,1343.4002685546875,1190.857666015625,840.2311401367188,660.6865844726562,547.4341430664062,2474.42919921875,351.43170166015625,2301.606689453125,719.7545166015625,1236.1192626953125,8.449999809265137,834.219970703125,1330.84130859375,58.37688446044922,241.1394805908203,566.2177734375,346.4253845214844,1531.1904296875,1093.3336181640625,8301.2900390625,2065.380126953125,874.70263671875,23.82257652282715,123.84304809570312,96.2037582397461,1641.8475341796875,133.39268493652344,1081.61328125,1116.274169921875,452.2018737792969,19685.53125,1542.81640625,817.03369140625,729.9883422851562,81.8001708984375,2901.792236328125,888.4948120117188,2099.94189453125,812.4374389648438,5708.85400390625,135.3890380859375,196.32579040527344
2022-07-08,2538.112548828125,2131.201171875,2287.9423828125,1921.0,696.6735229492188,362.0884094238281,3887.71875,667.3819580078125,3540.708984375,1198.337646484375,578.3450317382812,265.63458251953125,679.4117431640625,134.61978149414062,3656.473876953125,626.5279541015625,897.5752563476562,140.19772338867188,1433.181884765625,520.583984375,3575.896240234375,330.77392578125,857.8951416015625,2812.393798828125,93.95235443115234,78.891357421875,812.1265258789062,1359.52294921875,1187.4957275390625,834.883544921875,661.3019409179688,538.3037109375,2483.01318359375,347.447509765625,2323.850830078125,733.0437622070312,1233.991943359375,8.399999618530273,822.2056274414062,1344.8270263671875,58.37688446044922,242.0480194091797,557.9403076171875,347.6708374023437,1603.75341796875,1093.6229248046875,8175.4658203125,2086.830078125,884.9944458007812,23.65970993041992,126.70875549316406,94.64580535888672,1649.54248046875,137.3150634765625,1083.1080322265625,1138.4091796875,453.8741149902344,19605.07421875,1553.097412109375,824.9688720703125,736.3226928710938,80.51863861083984,2882.02294921875,893.4999389648438,2124.0615234375,825.4215698242188,5709.09912109375,133.18905639648438,195.53265380859372
2022-07-11,2559.433837890625,2145.888427734375,2367.9638671875,2207.35009765625,709.8146362304688,362.8254699707031,3884.85498046875,678.0537109375,3562.508544921875,1191.853271484375,577.1928100585938,268.6631774902344,645.5950927734375,130.72975158691406,3635.830078125,633.5782470703125,909.1853637695312,142.81996154785156,1428.37939453125,522.0197143554688,3637.064208984375,336.3613586425781,882.360595703125,2922.95751953125,96.07230377197266,79.66735076904297,820.4843139648438,1373.837890625,1193.050048828125,800.9295654296875,665.5856323242188,539.5869750976562,2499.396240234375,346.1356506347656,2318.0341796875,746.4300537109375,1224.1778564453125,8.699999809265137,831.6524047851562,1308.1529541015625,58.25643539428711,243.65863037109372,568.8783569335938,346.9733581542969,1580.51611328125,1123.9638671875,8206.041015625,2057.43603515625,888.3697509765625,23.670564651489254,127.67869567871094,97.76171112060548,1599.54638671875,136.21681213378906,1097.82763671875,1138.9053955078125,453.5489501953125,19527.71875,1549.738037109375,824.5359497070312,740.6744995117188,82.95901489257812,2748.178955078125,877.005126953125,2143.12939453125,840.9630737304688,5723.91064453125,136.42959594726562,191.84689331054688
2022-07-12,2490.763916015625,2129.13818359375,2360.380615234375,2294.75,712.44287109375,364.49609375,3881.348388671875,674.4133911132812,3561.8603515625,1184.5252685546875,578.3794555664062,275.8926696777344,647.9896240234375,127.72943878173828,3568.868896484375,615.853271484375,897.863037109375,143.22622680664062,1406.01318359375,520.1531982421875,3591.626220703125,336.9929504394531,878.9691162109375,2833.930908203125,94.86779022216795,79.89726257324219,818.0485229492188,1348.4814453125,1189.7369384765625,787.5601806640625,658.7932739257812,532.7760620117188,2505.844970703125,337.0984191894531,2279.828125,737.1178588867188,1189.948486328125,8.699999809265137,820.703857421875,1277.47265625,56.73076248168945,241.75894165039065,566.0700073242188,342.5296936035156,1571.7249755859375,1106.212646484375,8121.208984375,2023.4156494140625,870.8684692382812,22.411029815673828,129.7067413330078,96.671142578125,1621.999755859375,133.9888916015625,1096.2650146484375,1131.3121337890625,450.5296630859375,19633.892578125,1532.3614501953125,819.1015625,731.5357055664062,81.99105072021484,2722.496337890625,868.126708984375,2109.847412109375,834.9628295898438,5650.18994140625,137.20254516601562,190.8904571533203
2022-07-13,2494.586669921875,2135.327392578125,2348.257568359375,2104.75,707.4297485351562,364.79095458984375,3820.704345703125,678.1036376953125,3573.8017578125,1175.0859375,578.90625,271.0567321777344,628.9310302734375,128.49505615234375,3569.34765625,622.4566650390625,914.75048828125,142.8938446044922,1428.5626220703125,521.9239501953125,3680.6025390625,337.62457275390625,882.4781494140625,2846.73779296875,94.43415832519533,79.03506469726562,833.3788452148438,1367.14453125,1197.1917724609375,779.0293579101562,642.723388671875,532.529296875,2477.828125,339.0419311523437,2324.688232421875,730.6187133789062,1191.2054443359375,8.75,793.5747680664062,1282.6673583984375,56.53001022338867,242.8740081787109,580.0134887695312,347.1327819824219,1565.54736328125,1100.1348876953125,8140.98291015625,2006.68603515625,876.8504638671875,22.92136001586914,131.02938842773438,96.94377899169922,1616.3255615234375,134.58506774902344,1076.8348388671875,1131.4112548828125,451.9696350097656,19455.416015625,1528.972900390625,827.3253784179688,737.4347534179688,82.24099731445312,2681.941650390625,861.7725219726562,2091.423095703125,842.9302978515625,5669.8427734375,137.91604614257812,189.74740600585935
2022-07-14,2498.164794921875,2122.310546875,2378.772216796875,2087.0,710.0762329101562,363.5133972167969,3850.087890625,666.484375,3576.0693359375,1170.697998046875,574.1746826171875,269.0050964355469,627.1229858398438,126.69486236572266,3615.473388671875,612.129638671875,912.6395263671876,141.82278442382812,1431.9930419921875,525.70458984375,3636.77197265625,338.6934509277344,896.9456787109375,2834.938232421875,93.66327667236328,80.0697021484375,836.1011352539062,1359.9627685546875,1210.0548095703125,766.5088500976562,639.5046997070312,530.2096557617188,2433.7763671875,339.2362365722656,2324.734619140625,729.8427124023438,1209.3353271484375,8.649999618530273,795.3672485351562,1268.8148193359375,56.8110580444336,240.23092651367188,575.4806518554688,352.7122802734375,1564.5020751953125,1113.6331787109375,8264.0107421875,1973.1795654296875,882.3109741210938,22.07443046569824,130.76483154296875,99.0470199584961,1545.021240234375,134.83612060546875,1085.712158203125,1130.5179443359375,445.3271179199219,19284.53125,1532.1007080078125,846.3216552734375,740.6260375976562,82.52729797363281,2653.624267578125,849.3688354492188,2107.321533203125,822.7657470703125,5607.36474609375,135.50794982910156,187.29800415039065
2022-07-15,2509.046142578125,2102.711181640625,2400.8818359375,2072.64990234375,716.398193359375,362.7763366699219,3883.323974609375,660.4503173828125,3622.4921875,1182.079345703125,582.4807739257812,264.07147216796875,637.0431518554688,129.1571807861328,3687.08056640625,629.5565795898438,926.936279296875,142.85690307617188,1436.200927734375,524.8432006835938,3630.879150390625,343.64923095703125,891.1821899414062,2910.629638671875,95.15687561035156,80.73072814941406,835.002685546875,1366.2161865234375,1223.5513916015625,749.6591796875,644.7113647460938,532.9241333007812,2440.09423828125,340.6452941894531,2390.53662109375,728.6785888671875,1212.8646240234375,8.699999809265137,789.6991577148438,1270.1466064453125,56.4898681640625,242.46096801757807,567.9915161132812,356.22930908203125,1601.2823486328125,1142.7252197265625,8466.8544921875,2001.5455322265625,901.9240112304688,21.69439697265625,132.0433807373047,98.57962799072266,1530.2393798828125,131.35304260253906,1087.818359375,1146.895751953125,445.0948791503906,19421.65625,1552.894775390625,844.8789672851562,764.5125122070312,80.32777404785156,2649.952392578125,847.6280517578125,2168.982421875,857.389892578125,5677.76171875,135.4781951904297,183.75216674804688
2022-07-18,2535.612548828125,2135.769775390625,2419.19873046875,2093.25,725.0725708007812,364.2995910644531,3898.534423828125,682.6914672851562,3687.9375,1222.9869384765625,596.7197875976562,274.3294982910156,648.0384521484375,130.6883544921875,3616.239501953125,665.7015380859375,928.18359375,144.48194885253906,1420.5582275390625,526.5181274414062,3641.301025390625,343.2120056152344,875.5188598632812,2913.028076171875,99.25223541259766,82.82874298095703,820.5319213867188,1395.6278076171875,1230.0804443359375,764.2169189453125,637.8480224609375,535.7373046875,2455.693115234375,356.7276916503906,2376.57568359375,748.8551025390625,1229.6890869140625,8.850000381469727,824.5794067382812,1323.0269775390625,57.13225936889648,243.9064483642578,577.4022216796875,367.77685546875,1641.9595947265625,1133.8563232421875,8396.2021484375,2017.8546142578125,894.9043579101562,22.432750701904297,132.08746337890625,101.18919372558594,1583.254638671875,131.94923400878906,1097.0804443359375,1168.43505859375,455.4999084472656,19770.521484375,1572.4146728515625,849.1109619140625,768.1874389648438,82.19100189208984,2710.922607421875,877.3969116210938,2216.280517578125,863.8327026367188,5849.20751953125,141.18630981445312,188.83761596679688
2022-07-19,2539.876708984375,2130.6611328125,2446.84814453125,2109.0,734.1390380859375,364.5452575683594,3970.735107421875,698.7488403320312,3704.55322265625,1242.434814453125,597.3253784179688,281.1193542480469,657.66552734375,130.9987335205078,3628.21435546875,679.1068115234375,921.7549438476562,146.43939208984375,1430.2548828125,525.8961181640625,3655.71630859375,349.6739501953125,871.9510498046875,2952.552734375,104.98963928222656,80.61576080322266,827.0750122070312,1409.2098388671875,1226.5721435546875,763.7020874023438,638.0845947265625,528.975830078125,2441.096435546875,357.5536804199219,2390.024169921875,757.245849609375,1228.4805908203125,8.949999809265137,841.09912109375,1317.9210205078125,57.81479263305664,243.32827758789065,576.3181762695312,365.6446533203125,1644.0029296875,1156.1259765625,8406.859375,2006.4522705078125,883.0028686523438,22.552186965942383,132.92514038085938,99.63126373291016,1620.92822265625,131.79232788085938,1103.806396484375,1161.288330078125,462.6069641113281,19782.845703125,1555.0670166015625,841.8972778320312,761.3212890625,83.56797790527344,2720.435302734375,877.1358032226562,2219.9951171875,865.7507934570312,5950.3544921875,141.95928955078125,189.25750732421875
2022-07-20,2547.376220703125,2120.934814453125,2446.6484375,2084.300048828125,728.7972412109375,361.498779296875,4059.67724609375,703.83544921875,3704.599609375,1240.033935546875,598.1575317382812,275.5507202148437,655.4664916992188,131.22633361816406,3667.3466796875,667.588134765625,941.7608032226562,146.14398193359375,1439.58544921875,534.3187255859375,3644.41796875,346.32147216796875,874.0780639648438,2921.1826171875,103.12621307373048,81.3630142211914,834.3341064453125,1408.6722412109375,1192.0269775390625,787.4791259765625,646.1314086914062,518.4140625,2463.36181640625,358.9140930175781,2424.042236328125,759.6222534179688,1176.604736328125,8.800000190734863,851.9508056640625,1345.582275390625,58.0958366394043,246.3017425537109,581.7379760742188,364.2099304199219,1653.6494140625,1136.049072265625,8438.8828125,2108.84033203125,894.5055541992188,22.573902130126957,132.74879455566406,103.25350189208984,1711.7630615234375,131.3216552734375,1133.653564453125,1177.269287109375,472.5010681152344,19920.853515625,1550.2015380859375,834.3948974609375,768.8159790039062,84.38597106933594,2800.564208984375,910.0381469726562,2249.71142578125,863.0949096679688,5953.43505859375,150.55116271972656,192.26678466796875
2022-07-21,2718.145751953125,2136.309814453125,2490.9677734375,2109.75,739.2849731445312,364.34869384765625,4098.9873046875,713.6593627929688,3755.51171875,1269.5552978515625,617.1134033203125,276.7230529785156,662.9920654296875,133.5438232421875,3693.4033203125,681.9020385742188,929.287109375,146.69793701171875,1469.4530029296875,550.0921020507812,3695.89404296875,350.4027404785156,856.8953247070312,2955.910400390625,105.13675689697266,82.71378326416016,837.4861450195312,1431.097412109375,1224.9156494140625,793.5306396484375,644.0960083007812,522.2636108398438,2481.705810546875,365.3276062011719,2426.78759765625,762.4353637695312,1184.775390625,9.0,918.61083984375,1361.2110595703125,58.25643539428711,247.4167633056641,578.9788818359375,358.78985595703125,1699.0830078125,1145.3079833984375,8485.1328125,2111.92431640625,905.212890625,22.67162132263184,133.0133514404297,103.68195343017578,1735.360595703125,133.2357940673828,1126.08984375,1159.89892578125,475.7061462402344,20152.26171875,1623.907470703125,836.4627685546875,791.3485717773438,84.91767120361328,2811.62548828125,925.4966430664062,2266.94677734375,865.1113891601562,5994.20654296875,151.50254821777344,193.1532287597656
2022-07-22,2643.299072265625,2153.40380859375,2494.860595703125,2120.449951171875,739.2849731445312,366.11761474609375,4074.54150390625,728.8192138671875,3753.151123046875,1273.3292236328125,616.2615966796875,279.4096984863281,663.480712890625,132.55059814453125,3708.682861328125,681.802734375,932.7413330078124,145.5899200439453,1469.04150390625,554.2758178710938,3698.0859375,349.9654235839844,857.3658447265625,3019.610595703125,105.13675689697266,81.3917465209961,843.7423706054688,1486.549072265625,1195.1451416015625,789.925537109375,659.12451171875,528.0874633789062,2502.446533203125,370.4778747558594,2457.640869140625,776.0640869140625,1174.864501953125,8.949999809265137,913.1366577148438,1337.590087890625,57.93523788452149,248.24269104003903,573.9532470703125,364.0804443359375,1701.5855712890625,1151.1068115234375,8517.8798828125,2127.626220703125,912.3720092773438,22.595617294311523,131.3379669189453,103.17559814453124,1769.3321533203125,131.79232788085938,1133.698974609375,1156.3255615234375,477.2390747070313,20484.521484375,1594.7147216796875,841.1276245117188,777.5679321289062,85.07672882080078,2806.050537109375,921.8672485351562,2303.00244140625,871.2591552734375,6314.9033203125,153.6133270263672,191.68359375
2022-07-25,2610.458740234375,2165.68408203125,2545.9677734375,2137.60009765625,735.0702514648438,364.7417907714844,4138.34716796875,725.4281616210938,3722.2802734375,1259.8812255859375,613.184326171875,267.4908142089844,663.0409545898438,131.2470245361328,3722.525146484375,680.7589721679688,920.9393310546876,148.3968505859375,1431.7186279296875,546.1968383789062,3676.21923828125,347.24462890625,848.9461059570312,2961.18701171875,105.28386688232422,84.49567413330078,829.7492065429688,1464.221923828125,1194.9991455078125,798.8526611328125,661.0652465820312,519.9440307617188,2473.906494140625,376.1139831542969,2441.818603515625,776.888671875,1149.8692626953125,8.899999618530273,932.126953125,1335.1927490234375,57.89509201049805,248.69700622558597,576.9586791992188,357.7935485839844,1715.7353515625,1107.005859375,8315.951171875,2170.525634765625,901.2537841796876,22.94307518005371,132.3520050048828,101.1113052368164,1756.5716552734375,130.47439575195312,1096.242431640625,1136.4735107421875,481.0480346679688,20385.0078125,1576.9615478515625,835.21240234375,781.3394165039062,87.31714630126953,2802.28955078125,911.6063232421876,2306.81591796875,856.75048828125,6240.791015625,153.40521240234375,193.52647399902344
2022-07-26,2659.964111328125,2141.369384765625,2555.05126953125,2103.64990234375,734.2369995117188,363.5625305175781,4059.627685546875,704.5834350585938,3633.831787109375,1329.1123046875,616.8720703125,264.4622497558594,668.6118774414062,131.78500366210938,3647.0859375,673.701416015625,917.0054321289062,149.43099975585938,1402.9029541015625,536.9155883789062,3591.187744140625,350.5970458984375,825.7060546875,2900.36474609375,103.66561889648438,82.74252319335938,804.9150390625,1480.1978759765625,1179.6512451171875,784.13134765625,659.7161865234375,515.7982788085938,2440.7041015625,371.1094970703125,2370.619384765625,772.426513671875,1118.734130859375,8.850000381469727,931.6909790039062,1288.6170654296875,57.53374481201172,249.8120574951172,589.0300903320312,351.0284423828125,1685.7032470703125,1107.1519775390625,8223.5966796875,2035.19189453125,889.3355712890625,22.617334365844727,132.2638397216797,99.8649444580078,1623.8016357421875,131.22752380371094,1096.74072265625,1129.7735595703125,477.70361328125,20358.6875,1550.43310546875,834.5391845703125,764.8026733398438,86.29918670654297,2757.2919921875,895.5653686523438,2271.503173828125,850.3076171875,6257.16845703125,155.27052307128906,189.04757690429688
2022-07-27,2674.424072265625,2151.7333984375,2544.0712890625,2099.199951171875,745.5579833984375,364.4469909667969,4074.8388671875,717.0504150390625,3595.1845703125,1328.5181884765625,629.8605346679688,270.861328125,659.6202392578125,134.330078125,3692.493408203125,672.7570190429688,934.6124267578124,150.28045654296875,1430.620849609375,546.0525512695312,3688.0537109375,358.2250671386719,840.2225341796875,2933.078125,105.3819351196289,84.35197448730469,808.3536376953125,1511.4659423828125,1189.8343505859375,796.9641723632812,664.7572631835938,514.5150756835938,2455.52978515625,377.6687622070313,2403.054443359375,776.5006713867188,1149.04736328125,8.75,949.3248901367188,1306.288330078125,57.89509201049805,251.2162170410156,593.9078369140625,349.5339660644531,1729.4039306640625,1109.19873046875,8351.1572265625,2072.950439453125,890.892333984375,22.693344116210938,131.99928283691406,100.17654418945312,1647.862060546875,132.20030212402344,1095.6990966796875,1140.841064453125,490.70989990234375,20724.55859375,1558.2816162109375,859.8836059570312,775.1986694335938,87.1989974975586,2821.846435546875,903.0033569335938,2281.75537109375,835.9464111328125,6389.84765625,156.55694580078125,189.72406005859372
2022-07-28,2668.64013671875,2142.40087890625,2545.767822265625,2143.949951171875,749.33154296875,364.4469909667969,4138.93896484375,723.9820556640625,3571.487548828125,1461.798828125,696.8460083007812,274.03643798828125,651.75244140625,134.93014526367188,3706.671142578125,685.9775390625,928.2796630859376,149.83726501464844,1416.853271484375,550.8134155273438,3749.611083984375,371.1975708007813,835.1255493164062,2929.81640625,105.23482513427734,83.89212799072266,813.7503662109375,1515.1300048828125,1193.97607421875,812.1145629882812,670.650390625,524.7313842773438,2453.8974609375,381.3128662109375,2438.5615234375,790.1779174804688,1154.727783203125,8.649999618530273,986.0460815429688,1347.44677734375,57.85493850708008,250.63800048828125,607.7035522460938,364.359375,1733.831787109375,1119.9681396484375,8411.8759765625,2090.007568359375,918.303466796875,22.93221664428711,132.5724639892578,101.46185302734376,1714.5635986328125,134.4281768798828,1112.86474609375,1182.6292724609375,494.65826416015625,20125.15625,1554.2850341796875,860.7011108398438,780.033935546875,91.20719909667967,2885.250244140625,930.2014770507812,2312.56103515625,856.35693359375,6327.17431640625,157.90768432617188,194.0863494873047
2022-07-29,2682.2666015625,2188.23046875,2564.53369140625,2174.699951171875,748.5474243164062,368.3287658691406,4160.47119140625,722.8350830078125,3623.510498046875,1502.2872314453125,709.8934326171875,269.8355407714844,662.6011352539062,136.6889190673828,3736.41552734375,696.5142822265625,937.8268432617188,156.04197692871094,1451.340576171875,561.7777099609375,3732.0791015625,375.0358581542969,801.858154296875,2967.662353515625,104.59733581542967,84.2657470703125,815.4696655273438,1537.0177001953125,1217.460693359375,814.0889282226562,678.8627319335938,548.322509765625,2486.857666015625,403.3228454589844,2454.662109375,794.0579223632812,1184.5380859375,8.75,1011.043701171875,1376.1290283203125,58.57762145996094,250.30763244628903,620.4154052734375,360.7427062988281,1740.377197265625,1134.8795166015625,8462.5146484375,2149.449951171875,930.1568603515624,23.40997314453125,134.86502075195312,104.49984741210938,1769.381103515625,134.2712860107422,1136.5748291015625,1284.817138671875,490.8492126464844,20206.533203125,1560.54052734375,907.2060546875,784.9176635742188,97.79666137695312,2921.885009765625,939.7454223632812,2329.796630859375,893.1943969726562,6399.08642578125,163.5679168701172,197.6788024902344
2022-08-01,2691.579345703125,2187.395751953125,2655.31884765625,2273.699951171875,785.3524169921875,368.9184265136719,4235.3388671875,728.8690795898438,3677.98681640625,1504.8330078125,715.0042114257812,275.8926696777344,681.744384765625,138.28219604492188,3693.546875,729.46630859375,963.8775024414062,157.1499786376953,1440.8204345703125,558.6038208007812,3696.576416015625,373.3839111328125,805.7984619140625,2962.817626953125,104.842529296875,85.2496109008789,822.6810913085938,1532.52294921875,1255.0267333984375,817.307861328125,684.5191650390625,538.99462890625,2506.93408203125,412.01995849609375,2413.338623046875,798.7141723632812,1195.1220703125,9.100000381469728,1007.7977905273438,1377.3280029296875,57.09210968017578,253.9831695556641,629.8754272460938,369.7894287109375,1746.7781982421875,1206.3182373046875,8684.2158203125,2155.197509765625,925.1646118164062,23.388256072998047,137.99530029296875,107.81051635742188,1780.2664794921875,137.40924072265625,1166.1956787109375,1303.5772705078125,495.8659362792969,20649.1484375,1597.9871826171875,883.6410522460938,784.3856811523438,98.38744354248048,2919.141845703125,940.5967407226562,2353.767333984375,911.4900512695312,6509.42431640625,164.27542114257812,200.15155029296875
2022-08-02,2705.205810546875,2188.47607421875,2678.77587890625,2296.14990234375,786.3815307617188,372.1123046875,4272.67333984375,728.52001953125,3699.18408203125,1519.9132080078125,722.9705810546875,275.6972961425781,674.2343139648438,138.69602966308594,3628.884765625,742.2892456054688,963.541748046875,158.9966278076172,1449.96826171875,556.1513671875,3725.504150390625,368.87884521484375,800.8878173828125,2994.0439453125,108.71649932861328,81.89287567138672,826.0241088867188,1553.482421875,1257.2681884765625,816.363525390625,676.9931030273438,531.5421752929688,2445.734130859375,406.5782165527344,2452.661376953125,793.2334594726562,1205.900146484375,9.399999618530272,1034.054931640625,1370.712158203125,57.77463912963867,256.0068054199219,639.2367553710938,375.5382690429688,1725.9384765625,1222.642822265625,8847.8515625,2133.561279296875,934.9472045898438,23.333965301513672,140.68463134765625,106.48624420166016,1764.8514404296875,139.69989013671875,1170.63427734375,1275.68505859375,503.6233215332031,20810.765625,1585.2154541015625,882.2463989257812,784.8693237304688,97.25132751464844,2912.94775390625,925.3622436523438,2362.385009765625,922.9985961914062,6540.54736328125,162.47445678710938,200.4314727783203
2022-08-03,2618.987548828125,2197.072265625,2706.4755859375,2204.60009765625,791.184326171875,375.1587829589844,4257.0185546875,728.56982421875,3705.8955078125,1521.885009765625,718.4851684570312,277.553466796875,680.4682006835938,138.17872619628906,3611.498046875,752.9749145507812,970.8819580078124,156.66986083984375,1454.0848388671875,548.0242919921875,3721.559814453125,364.5206604003906,803.0245361328125,3010.5927734375,106.902099609375,81.48775482177734,823.2064208984375,1550.5509033203125,1246.79248046875,821.6427612304688,678.5787353515625,528.432861328125,2472.60546875,402.5454711914063,2444.3779296875,800.0720825195312,1193.9080810546875,9.100000381469728,1025.3834228515625,1390.692138671875,57.011810302734375,254.52001953125,643.2769775390625,368.8628540039063,1722.8104248046875,1221.8631591796875,8698.7216796875,2168.3291015625,930.4834594726562,23.01908302307129,140.77279663085938,105.66831970214844,1812.7283935546875,140.3274688720703,1180.4627685546875,1274.047607421875,502.4620056152344,20658.4609375,1514.46337890625,862.7691040039062,785.9814453125,97.2967758178711,2955.158447265625,943.3299560546876,2393.537353515625,912.572021484375,6492.7568359375,160.09458923339844,201.7145233154297
2022-08-04,2615.802001953125,2183.219970703125,2718.653564453125,2190.949951171875,791.2333984375,374.66741943359375,4341.71337890625,719.6934204101562,3713.532470703125,1516.03466796875,720.484130859375,272.3755798339844,681.5971069335938,138.19943237304688,3616.335693359375,758.491943359375,1002.2098999023438,153.0134735107422,1459.0704345703125,551.967529296875,3787.110595703125,360.0155639648437,813.14990234375,3017.8837890625,105.87232208251952,81.08262634277344,816.1382446289062,1543.22265625,1276.46533203125,822.415283203125,677.7740478515625,527.98876953125,2477.106201171875,409.7849731445313,2445.866943359375,795.6585083007812,1167.350830078125,8.75,1017.5350952148438,1420.7066650390625,57.17240524291992,255.6350555419922,654.6585083007812,365.7641906738281,1713.473388671875,1229.757568359375,8705.7607421875,2216.41552734375,953.7432861328124,23.323110580444336,136.40811157226562,106.13572692871094,1835.7657470703125,138.57022094726562,1164.859619140625,1269.3326416015625,495.4015197753906,20393.732421875,1534.070068359375,883.4486694335938,763.25537109375,97.88754272460938,2968.830078125,946.3768310546876,2400.71875,918.818115234375,6478.35009765625,160.96295166015625,203.1841278076172
2022-08-05,2635.260498046875,2215.148681640625,2693.4990234375,2106.199951171875,794.173828125,376.043212890625,4320.2802734375,726.5751953125,3714.828125,1506.10595703125,719.3074951171875,267.783935546875,690.7760620117188,139.2133026123047,3533.041259765625,766.59326171875,992.3269653320312,153.97372436523438,1476.54248046875,557.0169067382812,3810.535888671875,360.21142578125,814.8945922851562,2963.968994140625,106.85306549072266,76.91563415527344,833.9519653320312,1561.739013671875,1256.488525390625,822.1148071289062,675.4783935546875,532.2825927734375,2445.072509765625,399.1929321289063,2462.1083984375,813.0703735351562,1165.0689697265625,8.75,1004.0675659179688,1435.580810546875,58.69807434082031,256.7501525878906,657.4176635742188,365.4354248046875,1720.5482177734375,1204.51513671875,8583.9130859375,2238.2861328125,957.1787109375,24.08317375183105,137.2017059326172,106.3304672241211,1847.1142578125,140.35887145996094,1147.6939697265625,1257.2725830078125,493.3576049804688,20935.419921875,1558.4263916015625,880.9959716796875,758.9520263671875,97.5694351196289,2977.767578125,948.3036499023438,2409.782470703125,932.8350219726562,6662.384765625,162.89256286621094,205.2836456298828
2022-08-08,2667.512939453125,2185.4794921875,2786.829345703125,2165.199951171875,785.7445068359375,373.6355590820313,4372.875,743.580078125,3723.668212890625,1550.5126953125,723.0001220703125,269.053955078125,691.4631958007812,134.76458740234375,3478.72509765625,771.3148803710938,992.66455078125,159.10740661621094,1461.1285400390625,564.0859985351562,3835.276123046875,362.6598510742188,827.9310302734375,2990.0146484375,107.4415283203125,77.17608642578125,829.6058959960938,1562.0809326171875,1271.6416015625,829.2393798828125,692.0453491210938,529.8148803710938,2416.259765625,409.4934387207031,2466.71484375,816.7297973632812,1178.9061279296875,8.649999618530273,1017.5350952148438,1438.022705078125,58.89881896972656,258.6498413085937,659.437744140625,367.5476379394531,1761.1685791015625,1244.279052734375,8662.3125,2234.82763671875,944.275634765625,24.56092643737793,140.55235290527344,106.3304672241211,1833.03857421875,139.2606201171875,1162.7081298828125,1260.4986572265625,483.4635314941406,20894.2109375,1626.83251953125,875.6577758789062,762.7235107421875,97.43309783935548,2986.08544921875,946.8697509765624,2423.798583984375,941.0484008789062,6566.6552734375,165.143798828125,203.3474273681641
2022-08-10,2715.842041015625,2187.837158203125,2822.065185546875,2164.949951171875,774.8646240234375,373.4880981445313,4461.57080078125,737.0474853515625,3734.961669921875,1561.7493896484375,704.0147094726562,267.2954406738281,702.163818359375,135.8612518310547,3494.387451171875,767.2393188476562,1001.1492309570312,162.39447021484375,1450.5628662109375,562.59521484375,3846.184814453125,360.8970031738281,831.8419189453125,3026.278076171875,107.6376724243164,75.70026397705078,817.8575439453125,1574.05078125,1275.58837890625,817.2220458984375,694.0569458007812,533.9112548828125,2449.264404296875,427.6650695800781,2459.688232421875,828.24462890625,1194.976318359375,8.600000381469727,1030.0340576171875,1422.970947265625,58.21629333496094,257.03924560546875,660.3246459960938,364.3294982910156,1785.7142333984375,1235.848876953125,8621.29296875,2209.826416015625,949.87548828125,25.190692901611328,139.96823120117188,104.22722625732422,1774.519287109375,140.2647247314453,1169.6605224609375,1263.7740478515625,478.1680908203125,20804.8046875,1626.340087890625,884.6029052734375,764.5125122070312,99.25088500976562,2968.21044921875,945.6151123046876,2410.574951171875,950.7864379882812,6485.82373046875,164.88650512695312,200.6880645751953
2022-08-11,2743.192626953125,2189.7041015625,2828.90283203125,2164.89990234375,777.0210571289062,373.6355590820313,4375.146484375,756.844970703125,3733.712158203125,1571.10888671875,720.710693359375,266.8558044433594,696.8134765625,135.8819580078125,3487.2509765625,772.9052734375,1001.1973876953124,163.70501708984375,1441.643798828125,560.4313354492188,3874.892822265625,364.8634033203125,834.7824096679688,3047.287353515625,109.01072692871094,74.45596313476562,835.8623657226562,1573.215087890625,1274.80859375,826.0632934570312,703.2398071289062,534.5527954101562,2457.956787109375,425.1153869628906,2432.604736328125,838.93017578125,1204.977783203125,8.649999618530273,1054.06103515625,1438.5107421875,58.92219161987305,252.95069885253903,663.7734985351562,369.56341552734375,1797.26513671875,1234.045654296875,8557.3583984375,2266.231201171875,945.5560302734376,25.147262573242188,138.0810089111328,103.44823455810548,1817.3311767578125,139.85679626464844,1173.5556640625,1252.16064453125,487.5047607421875,20891.6015625,1643.9195556640625,885.9013061523438,747.975830078125,99.15998840332033,3028.605224609375,965.375244140625,2448.958251953125,942.5730590820312,6487.25,165.01513671875,204.5604705810547
2022-08-12,2742.163330078125,2188.427001953125,2859.34716796875,2176.0,772.7083129882812,378.1561279296875,4259.685546875,758.54052734375,3737.87744140625,1573.954345703125,719.770263671875,264.99957275390625,696.71533203125,138.17872619628906,3505.883056640625,779.0185546875,990.3505249023438,165.9890899658203,1428.97412109375,559.373291015625,3657.15380859375,365.2062072753906,835.2725219726562,3100.112548828125,108.66746520996094,76.10540008544922,826.0241088867188,1595.3868408203125,1264.0406494140625,820.9559936523438,702.9794311523438,537.9088745117188,2437.306640625,427.8121643066406,2415.1533203125,853.2750854492188,1201.9676513671875,8.699999809265137,1055.2818603515625,1415.5562744140625,59.42047882080078,254.85040283203125,668.3064575195312,367.1109313964844,1777.3399658203125,1227.4671630859375,8446.0458984375,2218.752197265625,939.0046997070312,25.386138916015625,142.43960571289062,108.43370056152344,1813.4833984375,143.12025451660156,1192.5328369140625,1277.0252685546875,493.032470703125,20851.431640625,1648.06103515625,878.5913696289062,738.30517578125,102.38655853271484,3010.066162109375,955.203857421875,2448.56201171875,936.96630859375,6450.0791015625,168.81007385253906,203.4640655517578
2022-08-16,2840.928955078125,2231.40771484375,2970.445556640625,2218.199951171875,807.7980346679688,389.2610168457031,4295.884765625,762.6297607421875,3787.077392578125,1588.95947265625,717.475830078125,273.938720703125,691.2178344726562,143.14471435546875,3535.29248046875,783.7898559570312,997.4854125976562,166.92518615722656,1433.9139404296875,557.44970703125,3662.84619140625,371.3272705078125,842.52587890625,3223.62841796875,108.2261199951172,78.18888854980469,849.9510498046875,1564.857666015625,1268.13330078125,822.5009765625,711.0262451171875,563.2274780273438,2485.930908203125,420.6043090820313,2461.2705078125,858.0078735351562,1258.431884765625,8.850000381469727,1059.1885986328125,1417.6429443359375,60.74922943115234,256.5023498535156,664.0198974609375,368.1377868652344,1779.6982421875,1255.5845947265625,8741.68359375,2199.873046875,945.7169799804688,25.39699935913086,142.66424560546875,109.01793670654295,1815.6995849609373,143.62228393554688,1200.8211669921875,1299.9046630859375,488.61956787109375,21135.6796875,1688.66455078125,879.6974487304688,753.8265380859375,102.70466613769533,3002.235107421875,965.7785034179688,2470.2548828125,963.0819091796876,6545.1689453125,168.8422088623047,203.9306182861328
2022-08-17,2834.802734375,2243.0,3003.185791015625,2227.050048828125,808.3861694335938,391.4230041503906,4252.771484375,770.0599365234375,3765.555419921875,1681.2626953125,741.2075805664062,280.04473876953125,709.7229614257812,146.14501953125,3549.422119140625,785.1814575195312,989.0006103515624,165.8393096923828,1433.5938720703125,562.59521484375,3678.942138671875,372.5024719238281,846.0741577148438,3281.13720703125,107.68670654296876,78.10208129882812,850.2852172851562,1589.438232421875,1314.0799560546875,841.7288208007812,714.694580078125,581.7351684570312,2571.0458984375,430.4599609375,2498.638427734375,861.9111938476562,1316.20703125,9.0,1063.241943359375,1426.3453369140625,60.91532897949219,258.154296875,662.7881469726562,366.8118591308594,1786.2435302734375,1241.8912353515625,8684.060546875,2247.21142578125,948.2322998046876,25.20155334472656,145.09066772460938,108.78424835205078,1849.2574462890625,143.4026336669922,1207.0941162109375,1295.68603515625,490.6634521484375,21116.359375,1677.54345703125,885.6608276367188,767.365478515625,102.25022888183594,3009.66845703125,989.795166015625,2468.620361328125,954.6718139648438,6499.78759765625,171.2864227294922,206.7066192626953
2022-08-18,2833.57666015625,2282.001953125,3147.92236328125,2296.35009765625,816.5214233398438,402.5279541015625,4225.68408203125,763.0286254882812,3758.843994140625,1677.8282470703125,737.3819580078125,281.70556640625,719.785400390625,143.62063598632812,3537.783203125,777.030517578125,995.219482421875,166.06399536132812,1432.63330078125,571.87646484375,3674.2314453125,381.1209716796875,828.2740478515625,3294.4638671875,108.86360931396484,78.47826385498047,877.1253662109375,1586.685302734375,1323.3372802734375,835.63427734375,715.5465698242188,579.1687622070312,2566.412841796875,429.5773315429688,2496.21875,863.7164916992188,1288.29052734375,8.899999618530273,1079.357666015625,1405.6551513671875,60.33399200439453,260.7147216796875,663.5764770507812,379.7321166992188,1823.6396484375,1229.1240234375,8687.3134765625,2253.567138671875,939.6966552734376,25.386138916015625,144.50653076171875,108.1063232421875,1867.1566162109373,145.19122314453125,1209.2833251953125,1314.396484375,494.5653381347656,21315.044921875,1667.030517578125,881.7654418945312,781.2427978515625,102.29566192626952,2992.102783203125,990.3778686523438,2455.248046875,958.0654296875,6592.32080078125,170.77186584472656,202.97418212890625
2022-08-19,2831.46923828125,2309.509521484375,3124.51513671875,2411.35009765625,854.5025634765625,413.1906127929688,4095.64453125,755.49853515625,3771.711181640625,1626.0833740234375,719.0120239257812,275.3064880371094,718.9017944335938,142.44151306152344,3508.565673828125,773.1537475585938,993.19482421875,162.619140625,1433.6395263671875,564.75927734375,3627.70947265625,365.9897155761719,824.1376953125,3306.728759765625,105.48001861572266,77.06033325195312,865.28125,1578.917724609375,1315.541748046875,832.6728515625,706.7188110351562,569.1993408203125,2505.036376953125,419.0843200683594,2452.010009765625,849.3716430664062,1251.92626953125,8.800000190734863,1038.5313720703125,1418.22021484375,59.918758392333984,257.6999816894531,654.8555908203125,374.2489929199219,1863.58642578125,1207.9263916015625,8523.474609375,2237.631591796875,934.0870361328124,25.190692901611328,141.76556396484375,107.34866333007812,1833.1114501953125,144.5891876220703,1187.72216796875,1287.34814453125,483.4169921875,21118.576171875,1650.9283447265625,869.7993774414062,761.0311279296875,100.0234375,2996.085205078125,989.4816284179688,2417.508544921875,943.0648803710938,6536.85986328125,168.5206298828125,201.76116943359372
2022-08-22,2813.03955078125,2242.803466796875,3046.057861328125,2519.75,823.5785522460938,400.95556640625,3986.255126953125,739.889892578125,3741.2099609375,1584.561767578125,699.3668823242188,272.18023681640625,714.2877807617188,140.50437927246094,3521.880859375,767.7362670898438,985.915283203125,163.4803466796875,1453.62744140625,561.8738403320312,3514.30078125,357.2732849121094,820.7952880859375,3247.964599609375,104.59733581542967,74.861083984375,847.6109008789062,1537.867919921875,1254.2960205078125,823.5740356445312,695.9739990234375,559.3285522460938,2453.76513671875,410.4054870605469,2444.703857421875,831.66015625,1224.106689453125,8.649999618530273,1032.5733642578125,1399.1727294921875,59.21286010742188,259.6822509765625,633.5706176757812,365.28656005859375,1810.2598876953125,1195.548828125,8376.9169921875,2192.909912109375,934.6299438476562,24.474063873291016,140.6422576904297,105.19529724121094,1798.6282958984375,143.19491577148438,1184.4276123046875,1266.5533447265625,475.0093688964844,20633.8203125,1665.6405029296875,849.7274780273438,767.8005981445312,95.47898864746094,2968.47607421875,966.6746215820312,2394.726318359375,921.62158203125,6359.80810546875,165.20809936523438,195.9525604248047
2022-08-23,2811.6181640625,2255.67333984375,3025.145751953125,2412.89990234375,815.9823608398438,398.4495849609375,4031.86279296875,745.0761108398438,3762.36181640625,1627.7108154296875,709.7556762695312,273.6456604003906,724.1048583984375,140.5254669189453,3524.036376953125,782.3981323242188,1003.3668212890624,166.8877410888672,1454.725341796875,565.6248779296875,3466.846923828125,360.6031799316406,828.2838745117188,3345.985107421875,107.73574829101562,76.56839752197266,850.6672973632812,1568.692138671875,1258.6810302734375,812.8013305664062,693.8203125,558.538818359375,2473.929443359375,419.6236572265625,2413.10595703125,843.0287475585938,1213.231201171875,8.850000381469727,1046.100830078125,1369.646728515625,59.00524520874024,260.9212646484375,643.326171875,370.0120239257813,1806.7947998046875,1240.7706298828125,8466.7255859375,2116.878173828125,942.9638061523438,25.88560676574707,142.57437133789062,106.67076873779295,1764.99755859375,144.2089080810547,1202.694580078125,1269.779296875,484.8570556640625,20826.24609375,1667.6097412109375,857.3026733398438,782.693359375,97.79666137695312,2906.576904296875,955.203857421875,2456.733642578125,939.5238037109376,6387.2431640625,168.68141174316406,194.38958740234372
2022-08-24,3000.179931640625,2261.174560546875,3128.95703125,2358.85009765625,819.7069702148438,397.1720275878906,4170.32080078125,748.1680297851562,3763.565185546875,1630.700927734375,706.7227172851562,288.9350280761719,725.2338256835938,138.77783203125,3505.30810546875,794.0780029296875,1000.1849975585938,167.48684692382812,1453.1700439453125,564.6630859375,3431.857421875,364.3737487792969,826.8920288085938,3332.416748046875,111.80587005615234,76.45265197753906,862.4636840820312,1585.21044921875,1265.94091796875,814.7327270507812,697.1572875976562,559.3285522460938,2476.53271484375,420.5552978515625,2408.91796875,852.2015991210938,1207.6964111328125,9.199999809265137,1076.232177734375,1365.29541015625,58.58999633789063,259.4345092773437,641.9959716796875,372.374755859375,1822.4844970703125,1236.0924072265625,8450.705078125,2075.24072265625,945.1452026367188,26.20049095153809,144.50653076171875,108.46522521972656,1757.570068359375,145.41305541992188,1199.490966796875,1277.9683837890625,482.4415588378906,21044.447265625,1674.4156494140625,850.1617431640625,779.1636352539062,96.84232330322266,2880.693115234375,959.7294921875,2437.418212890625,944.2452392578124,6399.97802734375,171.5437469482422,194.1563262939453
2022-08-25,3082.476806640625,2244.03173828125,3060.781005859375,2368.300048828125,799.8096923828125,390.2928771972656,4128.7734375,741.3859252929688,3760.97314453125,1621.9603271484375,693.946044921875,290.3027648925781,727.4426879882812,138.88308715820312,3493.2861328125,781.1555786132812,989.0006103515624,168.42294311523438,1436.6583251953125,557.5458984375,3470.330810546875,368.9278259277344,830.7833862304688,3362.112548828125,111.70780181884766,76.77095794677734,866.7141723632812,1597.5989990234375,1277.68359375,810.1404418945312,693.3706665039062,563.6716918945312,2470.75244140625,424.3798522949219,2395.84130859375,851.2745361328125,1223.7669677734375,9.100000381469728,1064.560546875,1348.1129150390625,59.3374252319336,257.98907470703125,639.2367553710938,372.6040649414063,1807.61279296875,1227.662109375,8481.677734375,2049.5849609375,938.2071533203124,26.50452041625977,142.79904174804688,108.90386962890624,1725.2298583984375,143.41676330566406,1195.9920654296875,1287.3978271484375,483.4635314941406,21403.861328125,1670.158447265625,846.5912475585938,775.4404296875,96.56965637207033,2847.81884765625,959.416015625,2443.114013671875,933.5726928710938,6367.23193359375,170.73968505859375,193.71310424804688
2022-08-26,3108.20947265625,2245.308837890625,3133.84814453125,2392.75,821.0792236328125,395.8945007324219,4174.77783203125,742.9318237304688,3753.05859375,1625.9237060546875,695.418212890625,279.7516174316406,717.4783325195312,138.58831787109375,3496.686767578125,791.44384765625,984.2279052734376,172.20477294921875,1437.34423828125,550.1401977539062,3521.02392578125,372.1597290039063,827.9212036132812,3240.093994140625,111.70780181884766,77.87057495117188,857.54443359375,1647.15380859375,1289.8643798828125,811.7283935546875,693.4889526367188,559.5752563476562,2494.535400390625,431.5386657714844,2393.375,849.8107299804688,1223.5240478515625,9.149999618530272,1044.8310546875,1351.132080078125,59.71113967895508,258.443359375,657.2698364257812,379.24365234375,1834.08349609375,1242.28125,8466.822265625,2024.4439697265625,938.27685546875,26.69996452331543,146.84307861328125,108.98363494873048,1717.1204833984375,146.04678344726562,1189.6077880859375,1303.97412109375,486.6221618652344,21783.68359375,1691.35791015625,849.341552734375,775.5371704101562,97.5694351196289,2851.358154296875,972.8132934570312,2508.935302734375,938.8352661132812,6408.630859375,173.4089813232422,194.6695251464844
2022-08-29,3133.501708984375,2248.354248046875,3136.892578125,2337.85009765625,819.8049926757812,396.484130859375,4210.68017578125,726.7747192382812,3730.5185546875,1605.99658203125,685.7925415039062,268.8585510253906,707.4158935546875,137.36709594726562,3551.76904296875,782.74609375,980.8533325195312,172.6915740966797,1491.087646484375,551.1500244140625,3516.0673828125,362.2680969238281,825.3433227539062,3178.770751953125,110.9231948852539,77.52333068847656,867.09619140625,1636.1417236328125,1309.2076416015625,787.5648803710938,681.3241577148438,553.7022094726562,2494.7998046875,421.8791809082031,2397.33056640625,835.1731567382812,1221.9703369140625,8.850000381469727,1034.52685546875,1298.0296630859375,59.00524520874024,258.9802551269531,640.1235961914062,368.8655700683594,1811.078125,1244.3765869140625,8577.1171875,1950.842041015625,943.9584350585938,26.895410537719727,144.64134216308594,108.38546752929688,1669.048828125,143.8920440673828,1180.3609619140625,1288.5888671875,478.3074035644531,21584.45703125,1649.5382080078125,848.472900390625,779.5988159179688,95.29721069335938,2772.02587890625,928.005859375,2507.74658203125,942.1795654296876,6397.96142578125,171.12562561035156,188.65098571777344
2022-08-30,3198.49609375,2259.259033203125,3188.548828125,2436.199951171875,825.44091796875,404.1494140625,4281.39404296875,749.514404296875,3781.24560546875,1693.427490234375,719.4600219726562,272.08251953125,713.30615234375,138.3988037109375,3590.183349609375,785.628662109375,1001.24560546875,175.83685302734375,1532.2066650390625,561.296875,3559.64453125,381.9533996582031,832.1849975585938,3243.61865234375,114.74813842773438,78.76763916015625,882.80859375,1650.496826171875,1355.9825439453125,805.9772338867188,703.4290161132812,567.7681274414062,2504.1982421875,430.5089416503906,2475.55712890625,865.8633422851562,1250.955078125,9.050000190734863,1081.65283203125,1325.7352294921875,59.37894821166992,264.720703125,657.1713256835938,381.9154357910156,1850.54345703125,1275.46630859375,8817.9482421875,1991.63818359375,957.3876342773438,26.547950744628903,147.38229370117188,110.5388412475586,1713.4188232421875,145.50811767578125,1198.673095703125,1319.2601318359375,493.5434265136719,21759.236328125,1670.245361328125,861.7899169921875,782.9835205078125,98.4328842163086,2841.580322265625,964.3445434570312,2580.00634765625,969.4755859375,6566.6552734375,173.8271026611328,192.9432830810547
2022-09-01,3336.670166015625,2255.968017578125,3227.377685546875,2393.10009765625,821.1771850585938,402.7244567871094,4236.08349609375,742.1838989257812,3773.331298828125,1737.7796630859375,707.1559448242188,272.13134765625,721.6015625,139.53582763671875,3561.82763671875,784.5850219726562,986.34912109375,172.46688842773438,1535.2257080078125,547.8319091796875,3532.5068359375,390.0821228027344,823.7652587890625,3294.657470703125,116.4644546508789,78.91232299804688,881.136962890625,1656.7403564453125,1349.599609375,794.904052734375,696.8260498046875,568.162841796875,2538.570556640625,413.7887573242188,2425.43798828125,853.2261962890625,1234.6422119140625,9.100000381469728,1085.5108642578125,1300.205322265625,59.088287353515625,262.32537841796875,651.9486083984375,379.4031677246094,1841.3509521484373,1278.7314453125,8761.87890625,1957.6649169921875,948.119384765625,26.526235580444336,144.41664123535156,107.42843627929688,1655.9468994140625,143.2899932861328,1163.4346923828125,1286.9512939453125,495.4478759765625,21279.2109375,1691.8212890625,841.3319702148438,810.78662109375,96.70598602294922,2771.27392578125,943.5540771484376,2597.1923828125,998.492919921875,6522.060546875,169.29248046875,191.4969787597656
2022-09-02,3302.555419921875,2249.778564453125,3349.705322265625,2383.10009765625,835.0464477539062,408.4243469238281,4270.9453125,748.2178344726562,3731.305419921875,1730.077392578125,708.0471801757812,269.7378234863281,721.552490234375,135.57736206054688,3548.51220703125,785.7778930664062,979.2142944335938,171.71800231933594,1532.801513671875,548.889892578125,3531.476318359375,386.8502502441406,821.3833618164062,3304.79736328125,117.24906158447266,78.30463409423828,874.5941772460938,1659.591552734375,1347.017333984375,793.5306396484375,703.1450805664062,567.4224853515625,2493.123046875,406.8751220703125,2423.204345703125,851.3233642578125,1222.5045166015625,8.949999809265137,1075.10888671875,1290.259765625,59.21286010742188,266.9094543457031,651.7515258789062,382.5933227539063,1867.8697509765625,1282.5323486328125,8660.03125,1937.3367919921875,939.8960571289062,26.493661880493164,145.4051971435547,105.87322998046876,1663.0091552734375,142.08587646484375,1149.84814453125,1278.6629638671875,498.6065979003906,20788.53515625,1687.7957763671875,839.1124877929688,806.241455078125,95.8879852294922,2770.123046875,946.6906127929688,2587.88134765625,1009.067138671875,6467.97607421875,165.4653778076172,190.21392822265625
2022-09-05,3224.4248046875,2247.911865234375,3340.47216796875,2353.800048828125,834.0172119140625,410.7337646484375,4241.431640625,754.1022338867188,3662.57373046875,1734.754638671875,708.6232299804688,277.30926513671875,726.8536987304688,136.75648498535156,3508.61328125,794.97265625,988.9042358398438,173.44044494628906,1517.7989501953125,548.3126831054688,3526.17626953125,385.9688415527344,826.1470336914062,3283.9375,121.17206573486328,79.14382934570312,853.437255859375,1682.0584716796875,1344.5811767578125,803.4450073242188,707.6654663085938,566.2381591796875,2508.03759765625,420.9965515136719,2420.412353515625,861.1305541992188,1225.2718505859375,9.300000190734863,1082.1900634765625,1297.6302490234375,58.92219161987305,271.6174621582031,672.001708984375,386.3916320800781,1894.6773681640625,1287.015625,8689.5947265625,1955.608642578125,925.3807983398438,26.602237701416016,147.8316192626953,106.39160919189452,1657.0916748046875,141.5789031982422,1167.7060546875,1283.8245849609375,500.650390625,20990.87109375,1700.2490234375,853.6357421875,809.867919921875,97.16043090820312,2772.778076171875,954.4422607421876,2602.491943359375,1021.0675659179688,6413.3515625,167.49147033691406,189.1875457763672
2022-09-06,3295.840576171875,2288.976806640625,3429.56005859375,2374.89990234375,833.4781494140625,428.9634704589844,4373.10498046875,748.0183715820312,3637.34912109375,1694.1065673828125,701.0556640625,276.1368713378906,747.3221435546875,136.54592895507812,3457.075439453125,797.0103759765625,1003.5595703125,174.2642059326172,1492.5054931640625,549.1783447265625,3519.06103515625,387.0950927734375,831.0382080078125,3293.449951171875,118.8672866821289,80.77879333496094,868.958740234375,1694.152099609375,1343.1680908203125,804.9900512695312,704.9674072265625,566.090087890625,2529.657470703125,422.61468505859375,2394.81787109375,862.301513671875,1183.6153564453125,9.149999618530272,1082.9715576171875,1292.124755859375,58.71456146240234,270.2133483886719,674.5637817382812,381.9653015136719,1888.8538818359373,1273.224853515625,8630.080078125,1926.3082275390625,914.9161376953124,26.493661880493164,151.38136291503906,105.3548355102539,1632.4224853515625,142.62457275390625,1179.9974365234375,1301.6416015625,499.6285400390625,21346.439453125,1709.1689453125,856.6754760742188,791.3002319335938,98.7055435180664,2767.1591796875,953.2324829101562,2606.7509765625,1037.2977294921875,6387.341796875,169.7105712890625,188.6976318359375
2022-09-07,3245.10986328125,2363.05126953125,3467.441162109375,2346.949951171875,857.5410766601562,441.1493835449219,4334.47900390625,753.4041748046875,3559.823974609375,1702.75732421875,705.6986694335938,277.5046081542969,739.3212280273438,137.6408233642578,3513.690185546875,797.4080200195312,1013.8280639648438,178.86981201171875,1515.3748779296875,550.4767456054688,3524.409912109375,391.1594848632813,833.0181274414062,3267.6650390625,116.4644546508789,80.56175994873047,903.4877319335938,1720.7977294921875,1332.49755859375,799.7540893554688,701.6304321289062,569.4954223632812,2519.24462890625,424.4779357910156,2386.90625,855.0315551757812,1213.134033203125,9.75,1064.560546875,1294.38916015625,59.29590606689453,269.3460388183594,674.613037109375,380.4798278808594,1884.8109130859373,1256.9488525390625,8529.2509765625,1947.7110595703125,921.517822265625,26.906265258789062,150.347900390625,105.67384338378906,1607.875,142.21263122558594,1173.135986328125,1321.692138671875,495.0298156738281,22851.431640625,1703.4346923828125,862.4654541015625,797.9246215820312,97.79666137695312,2787.113525390625,946.1976318359376,2612.793212890625,1024.36279296875,6658.05712890625,168.48846435546875,190.09732055664065
2022-09-08,3252.903076171875,2378.572998046875,3456.510986328125,2334.050048828125,867.4896240234375,453.9249267578125,4372.41162109375,777.6898193359375,3560.70361328125,1735.4285888671875,714.67431640625,285.1737365722656,755.7157592773438,143.11529541015625,3518.24072265625,796.61279296875,1018.2150268554688,177.072509765625,1498.45166015625,548.6013793945312,3502.27783203125,389.0048522949219,837.3995971679688,3308.322265625,115.77792358398438,80.3447265625,896.8970947265625,1740.167236328125,1314.469970703125,799.196044921875,708.8724975585938,576.7997436523438,2521.494873046875,412.4158325195313,2398.5869140625,877.0855712890625,1193.0826416015625,9.699999809265137,1082.483154296875,1310.594970703125,60.66617965698242,272.4847106933594,675.3521118164062,384.8264770507813,1900.5009765625,1288.3314208984375,8534.833984375,1959.5341796875,918.8488159179688,26.56966781616211,149.8985595703125,105.15544891357422,1597.087158203125,142.21263122558594,1174.79443359375,1307.944580078125,505.9922790527344,24110.66796875,1707.7498779296875,862.9961547851562,792.1222534179688,96.2061004638672,2804.855712890625,976.4427490234376,2601.847900390625,1027.7071533203125,6804.4287109375,168.68141174316406,192.59336853027344
2022-09-09,3249.37353515625,2324.000244140625,3444.931884765625,2315.89990234375,888.857177734375,446.8492431640625,4417.52490234375,782.7762451171875,3562.5546875,1717.737548828125,707.1166381835938,286.7368469238281,751.7398681640625,142.54676818847656,3496.06396484375,786.0263671875,1020.384521484375,177.9337158203125,1495.524169921875,552.9292602539062,3536.236572265625,388.7110290527344,834.1551513671875,3354.09716796875,117.24906158447266,80.21450805664062,895.9420166015625,1718.9295654296875,1311.741455078125,814.1748046875,709.3458251953125,568.5083618164062,2504.860107421875,417.7604064941406,2409.336669921875,879.476318359375,1185.8973388671875,9.550000190734863,1110.6610107421875,1342.3409423828125,60.250953674316406,272.9803466796875,676.9288330078125,384.0887145996094,1876.7734375,1268.2056884765625,8685.6630859375,2004.6297607421875,915.3653564453124,26.917125701904297,149.71884155273438,106.87014770507812,1652.6839599609375,141.2620086669922,1167.478759765625,1287.844482421875,514.0748291015625,24157.1484375,1694.31201171875,858.8466796875,789.4144897460938,96.06976318359376,2847.33154296875,1009.6449584960938,2578.817626953125,1036.5599365234375,6670.693359375,171.51153564453125,194.62286376953125
2022-09-12,3264.02978515625,2456.871826171875,3457.509033203125,2355.949951171875,919.8792114257812,467.4375,4438.57080078125,798.8836669921875,3582.641845703125,1710.9886474609375,717.5546875,281.9497985839844,755.07763671875,144.2733612060547,3496.06396484375,793.431884765625,1026.6033935546875,173.3655548095703,1491.910888671875,548.6013793945312,3609.8466796875,388.7110290527344,835.3411254882812,3417.6416015625,117.4942398071289,80.51834869384766,905.49365234375,1738.790771484375,1348.2353515625,820.2263793945312,706.9555053710938,571.0748291015625,2522.0244140625,422.810791015625,2401.611572265625,885.2825927734375,1204.443603515625,9.649999618530272,1110.3680419921875,1364.1412353515625,60.33399200439453,273.3106994628906,676.9288330078125,383.62017822265625,1888.4688720703125,1264.1124267578125,8667.84765625,2019.35009765625,911.3748779296876,27.470888137817383,149.53907775878906,106.87014770507812,1666.6375732421875,141.92742919921875,1180.5426025390625,1296.331298828125,515.5148315429688,23791.9140625,1717.39404296875,856.6273193359375,798.3115234375,97.93299102783205,2869.719970703125,1030.6595458984375,2635.971923828125,1033.31396484375,6755.21240234375,173.89138793945312,196.8856658935547
2022-09-13,3292.703369140625,2527.556640625,3549.34228515625,2335.64990234375,929.974853515625,478.1002197265625,4446.98876953125,803.4215698242188,3579.124267578125,1781.817138671875,729.0315551757812,291.2797241210937,769.9013671875,143.62063598632812,3599.71484375,793.1336669921875,1020.9629516601562,173.21575927734375,1503.711669921875,549.1783447265625,3599.6396484375,400.3165588378906,833.7239379882812,3401.272705078125,116.85675048828124,80.12770080566406,900.3834228515625,1759.6351318359375,1343.363037109375,820.09765625,716.2091674804688,579.4649658203125,2532.702392578125,428.2044067382813,2407.382080078125,888.0149536132812,1199.9285888671875,9.899999618530272,1136.6903076171875,1371.9111328125,60.00180435180664,276.2015075683594,680.968994140625,383.5005493164063,1916.81640625,1266.8411865234375,8666.73046875,2011.40576171875,915.9612426757812,27.253725051879883,150.437744140625,106.79039764404295,1655.5572509765625,143.73361206054688,1190.403076171875,1314.5950927734375,518.3948364257812,23592.0,1768.10498046875,858.9915771484375,821.0374755859375,97.93299102783205,2857.68505859375,1028.2847900390625,2679.9521484375,1021.706787109375,6781.4677734375,178.52252197265625,197.18893432617188
2022-09-14,3223.885498046875,2694.959716796875,3565.61279296875,2293.60009765625,929.043701171875,515.5423583984375,4385.0888671875,800.92822265625,3564.08203125,1802.38330078125,736.9092407226562,299.4861755371094,769.0177612304688,141.55715942382812,3589.46484375,790.101806640625,1021.9752807617188,173.70254516601562,1487.79443359375,545.331298828125,3600.572021484375,398.7985534667969,826.12744140625,3420.394287109375,118.42596435546876,79.60681915283203,887.4888916015625,1752.9000244140625,1333.7642822265625,800.011474609375,723.5696411132812,568.9031372070312,2516.376708984375,433.4509582519531,2393.2353515625,895.919189453125,1209.20166015625,9.75,1187.43017578125,1310.15087890625,59.62809753417969,276.9861755371094,682.7427368164062,389.7413635253906,1880.768310546875,1265.0870361328125,8706.24609375,1953.038330078125,918.1279907226562,27.601184844970703,154.88621520996094,106.23211669921876,1607.412353515625,147.377685546875,1176.135009765625,1293.6513671875,531.1688232421875,23788.220703125,1800.5703125,852.8155517578125,812.57568359375,99.20545196533205,2761.274169921875,998.9359741210938,2675.048583984375,1020.8707275390624,6761.259765625,196.5645294189453,194.22630310058597
2022-09-15,3232.0224609375,2699.380859375,3741.891845703125,2343.89990234375,949.3330078125,529.447998046875,4300.162109375,787.9126586914062,3487.945556640625,1769.2877197265625,727.3427124023438,297.58111572265625,770.73583984375,139.556884765625,3565.0849609375,788.0640869140625,996.2802124023438,175.42495727539062,1492.322509765625,541.9168701171875,3538.64111328125,402.5201416015625,817.2764282226562,3498.08642578125,119.70094299316406,79.1727523803711,887.3456420898438,1777.972412109375,1323.727294921875,789.625,719.8065795898438,559.4271850585938,2462.369384765625,416.19134521484375,2382.99755859375,895.4313354492188,1199.0545654296875,9.649999618530272,1167.99365234375,1272.322265625,59.42047882080078,275.9537658691406,679.5894165039062,385.6439208984375,1884.2335205078125,1264.1124267578125,8941.7373046875,1959.580810546875,913.3353881835938,27.286300659179688,157.35755920410156,105.75360870361328,1581.3306884765625,150.57809448242188,1164.479736328125,1285.41259765625,531.5404663085938,23572.580078125,1773.14404296875,843.6962280273438,809.819580078125,97.25132751464844,2747.071533203125,970.5281372070312,2631.019287109375,1024.5103759765625,6676.98681640625,202.0960998535156,193.6431121826172
2022-09-16,3117.52294921875,2565.575927734375,3695.47607421875,2316.60009765625,919.5851440429688,507.7787780761719,4238.65771484375,787.2144775390625,3415.325927734375,1732.049072265625,716.294189453125,282.1451721191406,765.3856201171875,135.3036346435547,3486.5322265625,764.0086669921875,1006.11474609375,173.02854919433594,1430.026123046875,525.5185546875,3507.4794921875,381.0719909667969,799.3096313476562,3427.347412109375,119.21056365966795,79.78045654296875,850.2376098632812,1715.3406982421875,1269.10791015625,769.8822021484375,706.5767822265625,539.6856079101562,2369.62109375,404.5215148925781,2352.982177734375,887.1365966796875,1180.1683349609375,9.199999809265137,1198.7598876953125,1222.8165283203125,58.09170913696289,273.6410522460937,675.8448486328125,384.8763122558594,1848.1370849609373,1218.3546142578125,8922.22265625,1884.5303955078125,884.276123046875,27.17772102355957,155.29058837890625,104.67691802978516,1539.614990234375,149.34228515625,1135.625732421875,1262.8311767578125,521.925048828125,22986.134765625,1714.005615234375,837.6649780273438,769.009521484375,96.06976318359376,2662.429443359375,925.8998413085938,2587.0888671875,1008.1326904296876,6373.47607421875,187.0128936767578,187.39129638671875
2022-09-19,3095.61279296875,2594.65576171875,3771.787109375,2346.35009765625,940.560546875,555.1466064453125,4266.8359375,795.9912109375,3432.63623046875,1763.0479736328125,738.1548461914062,282.5848083496094,768.4288330078125,135.13519287109375,3441.31689453125,780.9569091796875,999.1726684570312,172.16734313964844,1445.25732421875,527.20166015625,3552.47998046875,377.2034606933594,803.583251953125,3467.183349609375,120.24034881591795,78.13101959228516,859.7891235351562,1720.010986328125,1279.8272705078125,770.6547241210938,711.2391967773438,541.0181884765625,2386.564697265625,404.1782836914063,2400.541259765625,877.475830078125,1172.982666015625,9.100000381469728,1197.1971435546875,1234.58251953125,57.84257125854492,277.19268798828125,670.0309448242188,384.7168273925781,1839.18505859375,1255.9256591796875,9010.767578125,1895.55908203125,901.6237182617188,27.38402366638184,153.67298889160156,104.11864471435548,1540.5404052734375,147.75791931152344,1137.1024169921875,1293.6513671875,531.6333618164062,23068.3515625,1713.6580810546875,844.22705078125,766.8819580078125,93.7066421508789,2680.216064453125,931.5455932617188,2595.01318359375,1010.39501953125,6352.28515625,181.15968322753903,187.53125
2022-09-20,3088.50537109375,2677.66943359375,3827.585693359375,2399.949951171875,950.999267578125,564.433349609375,4515.57373046875,810.6026000976562,3488.500732421875,1796.642822265625,751.8720703125,286.5414733886719,777.6568603515625,135.9774169921875,3497.117919921875,781.8016967773438,1053.1663818359375,172.12991333007812,1458.1097412109375,535.5210571289062,3564.257568359375,383.8631591796875,826.4901123046875,3584.32568359375,120.92688751220705,78.91232299804688,882.1875610351562,1712.440185546875,1285.7227783203125,784.5607299804688,719.8065795898438,552.5176391601562,2445.82275390625,413.2984313964844,2404.543701171875,894.6018676757812,1180.4111328125,9.149999618530272,1234.65380859375,1233.028564453125,57.38580703735352,277.5230407714844,678.9488525390625,386.7605285644531,1860.3616943359373,1269.862548828125,9030.1865234375,1937.3367919921875,894.4838256835938,27.64461708068848,154.48178100585938,106.23211669921876,1548.917724609375,147.47271728515625,1137.2841796875,1299.606689453125,533.3056030273438,22912.20703125,1707.4892578125,880.0283813476562,777.7130126953125,96.16065216064452,2690.392822265625,946.4666748046876,2658.60595703125,1064.4461669921875,6376.67236328125,180.16270446777344,188.90760803222656
2022-09-21,3068.017333984375,2486.687744140625,3633.4892578125,2362.800048828125,914.390380859375,532.0031127929688,4560.587890625,804.4188842773438,3453.324951171875,1799.0386962890625,757.3126831054688,282.389404296875,765.9254760742188,134.77725219726562,3607.33056640625,768.084228515625,1032.05078125,173.4029998779297,1463.872802734375,540.0413818359375,3507.4794921875,371.9148864746094,814.0907592773438,3555.83642578125,120.38745880126952,77.26288604736328,885.1964721679688,1691.005859375,1280.753173828125,773.35888671875,718.6942749023438,544.2755126953125,2450.322998046875,403.393798828125,2441.818603515625,893.1381225585938,1165.3602294921875,9.199999809265137,1195.7320556640625,1222.993896484375,56.84599685668945,281.6115417480469,674.859375,382.5235900878906,1824.6983642578125,1273.468505859375,8978.7783203125,1939.4398193359373,896.0814819335938,27.959497451782227,151.5161895751953,104.39778137207033,1548.3331298828125,143.8920440673828,1140.419677734375,1296.6290283203125,529.2643432617188,21710.783203125,1687.1005859375,873.6111450195312,777.7130126953125,94.93365478515624,2655.792724609375,950.0511474609376,2641.419677734375,1050.97021484375,6208.61767578125,178.74765014648438,186.97140502929688
2022-09-22,3082.182861328125,2510.757080078125,3709.550537109375,2363.60009765625,927.8674926757812,524.8291625976562,4564.64794921875,787.1148681640625,3451.751220703125,1769.4375,760.1585083007812,280.6308898925781,769.7540893554688,133.00857543945312,3665.095458984375,779.4160766601562,1023.85546875,170.0330352783203,1459.20751953125,553.650634765625,3513.760986328125,372.8452758789063,819.9033203125,3620.250244140625,120.53457641601562,76.61180114746094,866.04541015625,1703.6402587890625,1279.875732421875,770.5260620117188,703.3817749023438,538.7479248046875,2450.588134765625,404.1293029785156,2506.177490234375,881.5744018554688,1159.922607421875,9.100000381469728,1188.2115478515625,1214.7357177734375,56.30619812011719,284.9980163574219,669.4396362304688,377.3893127441406,1817.5272216796875,1277.1234130859375,9128.2470703125,1924.11181640625,895.5241088867188,28.524118423461918,151.5611114501953,102.6033172607422,1558.8292236328125,139.48751831054688,1129.6729736328125,1275.9830322265625,527.0347290039062,21394.892578125,1690.9234619140625,876.2166748046875,776.7459106445312,94.16109466552734,2661.279052734375,939.521484375,2711.69873046875,1049.0028076171875,6135.505859375,180.51646423339844,185.66505432128903
2022-09-23,3063.115478515625,2445.131591796875,3667.626708984375,2323.85009765625,895.6692504882812,530.0376586914062,4376.02734375,766.5692138671875,3423.981201171875,1719.0704345703125,739.2431030273438,271.7405700683594,757.2373657226562,131.36624145507812,3637.0751953125,734.0885620117188,1029.8333740234375,166.8877410888672,1443.6104736328125,546.822021484375,3575.102783203125,362.3171081542969,811.4345703125,3562.017333984375,114.50294494628906,74.65852355957031,850.5240478515625,1668.9322509765625,1273.103271484375,768.98095703125,684.5191650390625,532.47998046875,2437.439453125,388.6838989257813,2496.21875,860.9353637695312,1145.2119140625,8.949999809265137,1155.7847900390625,1212.515625,56.01552963256836,286.11309814453125,659.2406616210938,371.3977966308594,1787.3507080078125,1239.9908447265625,9071.546875,1887.427734375,888.6821899414062,27.774911880493164,147.33734130859375,102.5634536743164,1533.234619140625,128.36529541015625,1108.4981689453125,1263.5755615234375,511.5199279785156,20899.98046875,1653.36083984375,888.8580932617188,755.8090209960938,94.79732513427734,2638.846923828125,927.6026000976562,2647.164794921875,1020.5757446289062,6037.71240234375,179.80894470214844,183.9854736328125
2022-09-26,2943.076904296875,2336.427734375,3579.686767578125,2210.35009765625,846.2692260742188,502.3737487792969,4241.580078125,740.6378784179688,3308.826904296875,1674.0445556640625,714.8565673828125,255.52310180664065,741.235595703125,128.39739990234375,3628.26220703125,709.6851196289062,1027.47119140625,161.38351440429688,1430.1634521484375,534.9439697265625,3601.9951171875,344.786376953125,809.2095336914062,3395.0439453125,108.86360931396484,73.6601791381836,832.6625366210938,1637.51806640625,1259.8505859375,778.2944946289062,675.2891235351562,515.9957275390625,2401.5224609375,366.17779541015625,2476.20849609375,840.2474975585938,1112.3916015625,9.0,1122.821044921875,1225.658203125,54.85285949707031,274.7148132324219,636.7239990234375,364.6784362792969,1782.1527099609375,1205.0025634765625,8577.8447265625,1909.2513427734373,886.6353759765625,26.656530380249023,142.52943420410156,98.45612335205078,1547.2371826171875,127.28791046142578,1080.257568359375,1250.47314453125,504.7380981445313,20453.470703125,1602.82373046875,869.1721801757812,755.1321411132812,90.75275421142578,2649.775390625,925.631103515625,2630.37548828125,1008.08349609375,6074.24365234375,170.00001525878906,184.1953887939453
2022-09-27,2973.025634765625,2331.712158203125,3552.63623046875,2146.300048828125,827.4502563476562,495.6419982910156,4202.21142578125,735.5514526367188,3278.64990234375,1676.7900390625,713.2169189453125,256.84197998046875,746.6840209960938,130.8187713623047,3663.37109375,716.3451538085938,1059.3370361328125,160.18527221679688,1440.8662109375,539.0796508789062,3612.006103515625,343.5132141113281,819.7464599609375,3448.15869140625,112.19818115234376,74.87555694580078,843.6468505859375,1654.2822265625,1280.3631591796875,788.6380004882812,669.2303466796875,514.1203002929688,2328.188720703125,366.3739318847656,2493.612548828125,831.952880859375,1124.820556640625,9.149999618530272,1137.9599609375,1237.4683837890625,55.4341926574707,276.5731811523437,627.7074584960938,358.7566223144531,1772.2864990234375,1204.3690185546875,8518.716796875,1918.55078125,897.1744384765625,26.982275009155277,142.88893127441406,99.25365447998048,1546.7259521484375,129.82290649414062,1088.8455810546875,1233.10302734375,498.42083740234375,20862.322265625,1578.2938232421875,865.7464599609375,771.5721435546875,88.7531967163086,2670.172607421875,916.3111572265624,2575.7470703125,1017.9198608398438,6089.7314453125,168.64927673339844,185.875
2022-09-28,2950.429443359375,2308.96923828125,3542.304931640625,2051.050048828125,810.689453125,491.4161987304688,4227.9619140625,714.5570678710938,3282.352783203125,1649.48486328125,709.24365234375,247.95169067382807,747.5184936523438,128.86062622070312,3691.199951171875,715.5498046875,1057.842529296875,157.86373901367188,1450.0595703125,542.4939575195312,3634.72705078125,341.5544738769531,837.0172729492188,3503.92919921875,109.69725799560548,74.3980941772461,845.3661499023438,1641.1561279296875,1285.625244140625,790.3975830078125,657.7281494140625,507.802978515625,2286.801025390625,353.7724609375,2514.879638671875,828.9765625,1130.3067626953125,9.0,1114.32373046875,1238.489501953125,54.60371780395508,268.39617919921875,607.5065307617188,357.4207458496094,1766.7515869140625,1210.85009765625,8472.7939453125,1946.355712890625,905.2608642578124,26.537094116210938,141.94528198242188,97.73834991455078,1559.584228515625,131.62905883789062,1059.855224609375,1229.6287841796875,487.5976257324219,20548.103515625,1564.015869140625,885.721923828125,767.510498046875,86.52641296386719,2686.27783203125,922.7633056640624,2552.568603515625,1004.5423583984376,6070.16259765625,165.17593383789062,185.71170043945312
2022-09-29,2937.1953125,2332.3017578125,3464.396484375,2004.050048828125,800.2017822265625,497.6074523925781,4349.53369140625,717.1002807617188,3218.296142578125,1633.2117919921875,699.617919921875,254.74154663085935,750.6599731445312,127.70255279541016,3702.02490234375,723.3033447265625,1075.87255859375,160.18527221679688,1468.1265869140625,553.7468872070312,3625.20654296875,343.3663330078125,854.8566284179688,3499.873291015625,110.82511901855467,74.57171630859375,866.9050903320312,1628.0301513671875,1299.462890625,792.3289184570312,654.3201293945312,521.1778564453125,2238.220458984375,364.0203552246094,2513.43701171875,823.5119018554688,1132.1517333984375,8.5,1115.642333984375,1241.9971923828125,54.72829055786133,275.08648681640625,609.23095703125,351.9775085449219,1747.5482177734375,1226.3951416015625,8373.8583984375,1940.2340087890625,911.9011840820312,27.17772102355957,143.3831787109375,101.00824737548828,1570.0555419921875,131.81919860839844,1056.6063232421875,1230.621337890625,484.71771240234375,20984.36328125,1583.53564453125,898.1220092773438,766.4950561523438,88.02608489990234,2652.341796875,902.510498046875,2507.548583984375,995.3453979492188,6073.0634765625,167.00909423828125,183.2622833251953
2022-09-30,3027.57958984375,2373.169677734375,3449.473876953125,2260.800048828125,804.3674926757812,506.6977233886719,4341.31298828125,731.2627563476562,3265.551513671875,1675.5919189453125,722.364990234375,260.45672607421875,785.2650756835938,128.3552703857422,3681.4765625,727.8261108398438,1075.0047607421875,158.9496307373047,1490.5386962890625,551.0538940429688,3636.542724609375,349.3404846191406,849.9556884765625,3545.74462890625,116.4644546508789,75.57005310058594,869.6272583007812,1646.7603759765625,1314.1287841796875,800.3118286132812,672.7803344726562,523.59619140625,2249.604248046875,382.99603271484375,2509.620849609375,841.1746215820312,1117.7808837890625,8.800000190734863,1157.591796875,1255.1395263671875,55.600284576416016,274.3844299316406,622.435546875,362.7244567871094,1778.5430908203125,1235.994873046875,8571.2431640625,1951.1690673828125,919.8602294921876,27.742338180541992,143.47305297851562,101.12787628173828,1578.6278076171875,134.48092651367188,1080.4393310546875,1241.1923828125,492.93951416015625,20734.0234375,1604.9088134765625,915.44384765625,776.407470703125,90.25286865234376,2658.757568359375,903.8546752929688,2582.284912109375,1015.3624267578124,6150.94482421875,173.69842529296875,183.9387969970703
2022-10-03,2935.82275390625,2260.830810546875,3151.56591796875,2074.050048828125,768.8367309570312,480.2130737304688,4323.2880859375,720.8403930664062,3254.073486328125,1643.89404296875,706.2205200195312,255.0346221923828,788.6519775390625,130.03970336914062,3610.49169921875,695.3712158203125,1090.23876953125,160.97158813476562,1444.8455810546875,535.8577880859375,3657.7919921875,340.67303466796875,866.4129638671875,3344.633544921875,114.06160736083984,73.92062377929688,845.3661499023438,1609.0045166015625,1289.3770751953125,798.5093994140625,668.9226684570312,511.998046875,2228.73388671875,373.581787109375,2440.794921875,827.8543701171875,1092.8258056640625,8.850000381469727,1129.3160400390625,1237.64599609375,55.392669677734375,267.9418640136719,614.4536743164062,355.68609619140625,1751.2061767578125,1219.57275390625,8298.2744140625,1875.137451171875,912.54736328125,27.308015823364254,144.1021270751953,105.59407806396484,1558.24462890625,133.59365844726562,1076.690673828125,1228.0902099609375,482.8596496582031,20424.44140625,1567.95458984375,911.43896484375,752.3275756835938,89.38941955566406,2641.41259765625,901.07666015625,2549.844482421875,979.2136840820312,6138.60302734375,172.60501098632812,184.0554351806641
2022-10-04,3020.129150390625,2318.154541015625,3231.81982421875,2134.199951171875,806.7197875976562,483.7017822265625,4362.111328125,740.83740234375,3313.548095703125,1698.3546142578125,737.4262084960938,263.77838134765625,793.904052734375,131.15570068359375,3657.62353515625,733.3429565429688,1103.6407470703125,167.1873016357422,1464.193115234375,532.6356811523438,3710.054931640625,351.6909484863281,865.2955322265625,3433.1416015625,118.52403259277344,75.7436752319336,856.3982543945312,1655.65869140625,1309.0128173828125,812.0289306640625,687.7615966796875,525.0768432617188,2313.672119140625,386.4284057617188,2483.095458984375,846.6880493164062,1116.6156005859375,9.0,1190.8486328125,1269.3031005859375,55.89095306396485,274.9213256835937,633.8170166015625,363.3325805664063,1801.50048828125,1228.34423828125,8437.59765625,1932.8037109375,925.0037231445312,28.165802001953125,146.07920837402344,106.79039764404295,1606.7305908203125,132.10438537597656,1096.547607421875,1251.3170166015625,494.8905029296875,20711.005859375,1592.745361328125,911.4873046875,759.2904663085938,91.93431091308594,2735.390625,921.5089721679688,2560.6416015625,1017.9690551757812,6202.52099609375,179.55165100097656,189.1875457763672
2022-10-06,3126.051513671875,2339.866455078125,3279.033935546875,2201.699951171875,807.7489624023438,498.1479797363281,4348.34521484375,753.1048583984375,3327.479248046875,1707.739013671875,729.1004638671875,267.7350158691406,774.1717529296875,131.45046997070312,3609.151123046875,724.3470458984375,1093.8062744140625,174.86331176757812,1437.435791015625,525.5185546875,3663.82763671875,359.770751953125,862.08056640625,3410.302490234375,118.52403259277344,76.00411224365234,815.3740844726562,1654.8720703125,1318.026611328125,827.9517822265625,680.1881103515625,522.8065795898438,2335.116455078125,404.6686096191406,2432.883544921875,864.0580444335938,1126.81103515625,9.0,1172.9261474609375,1292.1688232421875,56.2646713256836,278.0599365234375,664.6112060546875,362.6646118164063,1841.3509521484373,1224.98193359375,8449.734375,1983.3204345703125,927.3243408203124,28.860719680786133,146.3937225341797,105.79345703125,1730.3681640625,130.74185180664062,1100.591796875,1235.9317626953125,499.16400146484375,21018.02734375,1622.0830078125,920.510009765625,768.1390380859375,94.11565399169922,2744.94775390625,924.1973266601562,2568.318115234375,1057.21630859375,6182.55908203125,188.07415771484372,191.35699462890625
2022-10-07,3231.189453125,2342.8134765625,3271.6474609375,2204.14990234375,800.69189453125,512.7907104492188,4351.91015625,753.703369140625,3335.7177734375,1696.2080078125,723.2907104492188,268.56549072265625,778.5894165039062,129.45016479492188,3626.489990234375,732.7466430664062,1089.997802734375,172.01754760742188,1446.4464111328125,519.5073852539062,3666.52685546875,361.2887268066406,857.9833984375,3378.626953125,120.48554229736328,75.39643096923828,792.6411743164062,1669.424072265625,1316.2724609375,822.0718994140625,677.25341796875,520.042724609375,2316.451904296875,403.1486206054688,2419.574462890625,861.2280883789062,1111.7119140625,9.100000381469728,1185.1348876953125,1288.6614990234375,56.01552963256836,275.9537658691406,656.3336791992188,363.9606323242188,1852.5167236328125,1207.3902587890625,8523.619140625,1979.9554443359373,928.3262329101562,29.2841854095459,147.65188598632812,106.91002655029295,1699.4404296875,132.70643615722656,1105.249267578125,1233.99609375,492.5679321289063,20981.111328125,1633.175048828125,921.7162475585938,755.1804809570312,93.888427734375,2712.161376953125,917.5209350585938,2704.665771484375,1067.1019287109375,6100.20361328125,187.7525634765625,190.40057373046875
2022-10-10,3166.93017578125,2327.586181640625,3240.354248046875,2155.89990234375,792.0664672851562,513.6260986328125,4298.923828125,774.7974243164062,3348.1220703125,1681.6319580078125,718.1947021484375,261.23828125,777.8531494140625,128.29209899902344,3638.177001953125,725.4901733398438,1078.76513671875,172.12991333007812,1448.047119140625,508.879638671875,3618.28759765625,358.6933898925781,858.64013671875,3410.5439453125,119.01441192626952,77.43651580810547,794.9335327148438,1645.8756103515625,1311.05908203125,826.8358764648438,669.774658203125,526.3107299804688,2268.401123046875,399.61822509765625,2425.066162109375,860.447509765625,1096.3697509765625,8.850000381469727,1182.1070556640625,1298.828857421875,56.09858322143555,270.7914733886719,656.2843627929688,360.5411682128906,1838.1744384765625,1211.4349365234375,8604.49609375,1987.4793701171875,918.6229858398438,29.588211059570312,147.33734130859375,106.27200317382812,1735.4578857421875,132.42124938964844,1093.18505859375,1230.1251220703125,493.0789184570313,20842.015625,1607.2550048828125,912.9346923828124,732.212646484375,93.79753875732422,2759.63671875,922.44970703125,2654.74267578125,1049.1995849609375,6047.49658203125,191.0651092529297,191.89352416992188
2022-10-11,3134.08984375,2270.998779296875,3268.00390625,2128.800048828125,781.5297241210938,491.5636596679688,4234.4990234375,783.4744873046875,3266.477294921875,1669.9013671875,709.273193359375,257.52587890625,766.023681640625,126.22865295410156,3571.167724609375,714.90380859375,1070.32861328125,168.8348388671875,1406.1959228515625,499.1175537109375,3437.304443359375,351.1033020019531,839.5755615234375,3291.180419921875,120.04419708251952,74.83214569091797,787.9610595703125,1616.9195556640625,1246.7437744140625,805.6767578125,662.9822998046875,515.7982788085938,2248.677734375,388.3896789550781,2373.9228515625,849.5667724609375,1102.1475830078125,8.649999618530273,1137.4715576171875,1264.3302001953125,54.769805908203125,269.51123046875,633.3735961914062,356.4836120605469,1808.6234130859373,1198.3265380859375,8431.43359375,1956.9171142578125,886.4744262695312,28.415536880493164,144.731201171875,104.55728912353516,1725.0838623046875,132.04100036621094,1071.4195556640625,1197.4189453125,489.96673583984375,20506.3046875,1579.16259765625,911.6802368164062,718.141845703125,91.20719909667967,2716.27685546875,900.4940795898438,2599.6689453125,1037.9368896484375,5975.564453125,183.9897918701172,188.6743011474609
2022-10-12,3183.546630859375,2276.05810546875,3217.795166015625,2099.10009765625,787.9497680664062,496.7230224609375,4245.888671875,806.563232421875,3355.11083984375,1691.865234375,711.5773315429688,261.1894836425781,761.360595703125,127.38670349121094,3604.792236328125,740.1520385742188,1068.7376708984375,173.81488037109375,1439.63134765625,513.2075805664062,3462.43017578125,359.2810363769531,831.42041015625,3339.65966796875,123.18260955810548,74.96236419677734,802.0496215820312,1643.6142578125,1237.7786865234375,817.1791381835938,667.3133544921875,519.7958984375,2250.354736328125,392.4594421386719,2411.802978515625,847.3711547851562,1101.41943359375,8.649999618530273,1161.3521728515625,1268.681396484375,55.84942626953125,272.6498718261719,641.6017456054688,360.9299621582031,1839.714599609375,1216.2105712890625,8433.8115234375,1951.12255859375,899.7090454101562,28.36124420166016,148.28094482421875,104.75667572021484,1752.0906982421875,136.60398864746094,1079.3033447265625,1203.2255859375,495.9124145507813,20713.373046875,1604.4166259765625,922.1021728515624,732.406005859375,91.38897705078124,2743.885498046875,910.3966674804688,2596.548583984375,1069.9051513671875,6074.83349609375,184.9867706298828,190.33059692382807
2022-10-13,3201.53515625,2214.264404296875,3227.777099609375,2083.35009765625,769.1797485351562,488.2715148925781,4225.08984375,799.8809814453125,3336.875244140625,1678.986328125,704.236328125,258.160888671875,754.832275390625,126.46025848388672,3625.484130859375,720.3212280273438,1064.1097412109375,175.64964294433594,1421.5185546875,509.7452392578125,3458.553466796875,355.0697631835937,834.0669555664062,3352.21435546875,122.49607849121094,74.1810531616211,805.058349609375,1651.578369140625,1199.5302734375,843.016357421875,659.645263671875,513.9228515625,2247.177490234375,393.7832946777344,2388.58154296875,832.9774780273438,1098.99169921875,8.600000381469727,1156.663818359375,1260.8671875,55.517234802246094,271.4522705078125,638.8919067382812,359.1953125,1805.9283447265625,1216.5028076171875,8397.83984375,1950.1878662109373,901.546875,28.0137882232666,148.05630493164062,103.56037902832033,1712.78564453125,135.58999633789062,1082.7340087890625,1179.1055908203125,484.4390258789063,20775.96875,1587.097900390625,934.5025024414062,732.4544677734375,90.97998046875,2746.14208984375,907.7529296875,2574.063232421875,1059.970458984375,6078.81591796875,188.4600982666016,176.87051391601562
2022-10-14,3131.39404296875,2204.1943359375,3203.671142578125,2033.1500244140625,764.6219482421875,493.1851806640625,4255.89111328125,798.3849487304688,3305.12451171875,1685.525634765625,716.1366577148438,259.333251953125,751.9362182617188,125.42855834960938,3636.644287109375,722.2596435546875,1069.171630859375,176.9976043701172,1420.4208984375,511.0435180664063,3506.59619140625,351.2991943359375,845.0744018554688,3358.008544921875,127.84119415283205,73.8772201538086,796.0321655273438,1667.1134033203125,1221.5048828125,860.5702514648438,681.1348876953125,516.2424926757812,2237.867431640625,389.4684448242188,2397.33056640625,849.2252807617188,1093.9908447265625,8.5,1154.07568359375,1309.1297607421875,55.06048202514648,274.30181884765625,630.9100952148438,365.6753540039063,1840.051513671875,1199.0574951171875,8366.5283203125,1968.0391845703125,909.4435424804688,28.741283416748047,148.37081909179688,101.7659149169922,1776.4676513671875,134.76612854003906,1077.23583984375,1171.0655517578125,489.7808837890625,20887.21484375,1590.7760009765625,942.1258544921876,736.1775512695312,90.97998046875,2742.469970703125,913.9363403320312,2593.0322265625,1060.7080078125,6088.8955078125,185.14756774902344,176.0307159423828
2022-10-17,3133.599365234375,2230.1796875,3206.765380859375,2154.449951171875,770.6010131835938,511.562255859375,4249.6513671875,811.9988403320312,3359.2763671875,1716.4246826171875,724.2802734375,262.50836181640625,751.9852905273438,124.88108825683594,3618.874267578125,727.9751586914062,1068.4486083984375,178.23326110839844,1436.475341796875,509.6971435546875,3512.239501953125,351.9847412109375,849.8577270507812,3394.222900390625,128.9690399169922,73.83380889892578,796.22314453125,1662.7872314453125,1200.5535888671875,853.7460327148438,684.7085571289062,516.9828491210938,2253.575439453125,380.7895812988281,2411.058349609375,863.8141479492188,1099.52587890625,8.399999618530273,1171.7052001953125,1323.0712890625,54.85285949707031,274.4257507324219,622.2384643554688,370.4905700683594,1812.71435546875,1198.7650146484375,8469.9296875,1963.5997314453125,909.06640625,28.969301223754883,151.38136291503906,101.92542266845705,1767.3353271484375,134.2591094970703,1094.5255126953125,1180.9915771484375,505.0633239746094,20534.896484375,1590.2257080078125,945.6964111328124,738.0150146484375,90.48008728027344,2760.745849609375,916.9832763671876,2600.163818359375,1057.4622802734375,6167.0712890625,180.1305389404297,175.00430297851562
2022-10-18,3148.353759765625,2180.2236328125,3278.3349609375,2153.75,793.8798217773438,499.0815734863281,4324.080078125,814.193115234375,3342.891845703125,1723.413330078125,727.7464599609375,264.36456298828125,768.8214721679688,124.54419708251952,3608.48046875,742.3389282226562,1085.5142822265625,181.00411987304688,1444.2509765625,511.0435180664063,3506.056640625,358.1058044433594,854.0430908203125,3488.670654296875,129.753662109375,73.7904052734375,796.17529296875,1659.935791015625,1224.9644775390625,866.2785034179688,683.4304809570312,524.3859252929688,2260.89990234375,385.8399963378906,2421.947509765625,875.2314453125,1116.0814208984375,8.449999809265137,1194.7554931640625,1335.28125,55.392669677734375,281.07470703125,627.4611206054688,370.7995910644531,1846.30810546875,1221.960693359375,8551.0478515625,1976.7310791015625,931.5381469726562,28.6218376159668,150.0333709716797,102.64319610595705,1797.1671142578125,134.57598876953125,1113.8372802734375,1210.0250244140625,522.5289916992188,20669.751953125,1635.5499267578125,944.1041870117188,748.8461303710938,91.47986602783205,2789.97900390625,913.5331420898438,2616.111572265625,1110.578857421875,6241.068359375,179.9054412841797,176.9638214111328
2022-10-19,3174.527587890625,2206.9453125,3271.298095703125,2119.800048828125,789.0770263671875,501.8823852539063,4346.611328125,827.6573486328125,3384.130615234375,1696.0084228515625,726.7617797851562,262.3617858886719,769.0669555664062,123.0281982421875,3610.060791015625,741.990966796875,1081.8023681640625,178.383056640625,1443.1990966796875,505.9942321777344,3541.193115234375,362.6598510742188,846.2702026367188,3488.4775390625,128.77291870117188,73.61678314208984,789.5847778320312,1656.1011962890625,1216.7786865234375,863.2008056640625,690.4359741210938,524.6820068359375,2242.544677734375,382.7508850097656,2404.031494140625,870.54736328125,1104.9149169921875,8.5,1190.0184326171875,1319.0753173828125,55.64180755615234,286.0717468261719,616.7694091796875,372.72369384765625,1833.6021728515625,1216.6978759765625,8465.6083984375,1971.5440673828125,948.4148559570312,28.513263702392575,147.42721557617188,101.92542266845705,1783.846435546875,135.5583038330078,1133.21728515625,1218.015380859375,514.1212768554688,21020.787109375,1671.5484619140625,942.7049560546876,739.368896484375,90.93453216552734,2769.706787109375,913.3538208007812,2619.529052734375,1152.2850341796875,6291.8583984375,178.32955932617188,176.38063049316406
2022-10-20,3071.105224609375,2247.371826171875,3351.003173828125,2138.89990234375,803.779296875,508.761474609375,4280.99755859375,823.66796875,3417.454833984375,1722.8641357421875,731.8822631835938,264.02264404296875,778.3931274414062,125.11272430419922,3630.80078125,725.1920776367188,1096.072021484375,180.4799041748047,1468.263916015625,515.4678344726562,3584.230224609375,365.6958923339844,852.57275390625,3525.995849609375,127.79215240478516,75.91730499267578,791.1608276367188,1660.6241455078125,1178.9202880859375,882.0575561523438,685.7736206054688,530.2590942382812,2264.032958984375,387.55615234375,2420.691162109375,867.1807250976562,1119.5286865234375,8.550000190734863,1132.929931640625,1332.794921875,56.34771728515625,288.8387451171875,619.2329711914062,371.5672302246094,1832.8802490234373,1218.257080078125,8454.0068359375,2007.0126953125,963.8861083984376,28.79556655883789,150.0333709716797,103.3609848022461,1805.301025390625,137.8397674560547,1136.261962890625,1213.89599609375,515.9793701171875,21584.35546875,1665.7852783203125,946.0340576171876,745.3163452148438,91.70709228515624,2801.15771484375,933.472412109375,2606.6025390625,1123.5628662109375,6197.3583984375,181.9315185546875,177.990234375
2022-10-21,2981.35791015625,2216.86767578125,3305.885009765625,2105.300048828125,785.7445068359375,503.74951171875,4346.90869140625,898.0210571289062,3395.93310546875,1681.681884765625,708.2835083007812,264.7553405761719,782.8599243164062,125.63909912109376,3633.24365234375,708.194091796875,1094.0955810546875,178.75747680664062,1451.614990234375,517.3914184570312,3505.221923828125,362.170166015625,848.9951171875,3505.088134765625,130.0478973388672,75.04917907714844,783.4716796875,1648.923583984375,1136.1895751953125,890.5537109375,680.9454345703125,534.9476928710938,2267.827392578125,386.1341857910156,2470.018798828125,885.2338256835938,1118.3634033203125,8.699999809265137,1115.642333984375,1332.4398193359375,56.05705261230469,285.4522705078125,612.9755859375,379.3632507324219,1806.505859375,1224.835693359375,8450.0263671875,1909.391357421875,975.1220703125,28.30695533752441,148.32591247558594,104.91616821289062,1785.3807373046875,137.71302795410156,1123.0843505859375,1237.122802734375,521.0424194335938,20637.515625,1629.9024658203125,943.4769287109376,736.5645141601562,91.07086181640624,2783.5029296875,933.0242919921876,2640.42919921875,1123.1201171875,6256.94970703125,180.16270446777344,178.48013305664062
2022-10-24,2992.680419921875,2217.408203125,3303.7890625,2121.25,789.5181274414062,507.9753112792969,4367.80615234375,907.0470581054688,3424.814208984375,1699.00341796875,709.6375122070312,262.2640991210937,787.4247436523438,126.6497802734375,3633.24365234375,708.9893188476562,1105.810302734375,180.10545349121094,1459.7564697265625,516.3333740234375,3545.511474609375,362.170166015625,858.1500244140625,3516.386962890625,132.156494140625,75.35302734375,783.5194702148438,1670.5545654296875,1145.9344482421875,894.3684692382812,691.5719604492188,534.5527954101562,2278.46142578125,387.89935302734375,2394.81787109375,903.921142578125,1116.6640625,8.699999809265137,1119.1583251953125,1347.8465576171875,56.513816833496094,287.18682861328125,612.9755859375,377.9974670410156,1838.2706298828125,1238.675048828125,8510.3671875,1904.7650146484373,1002.9944458007812,28.437255859375,150.0333709716797,105.91309356689452,1805.98291015625,138.69534301757812,1126.8331298828125,1248.2894287109375,530.007568359375,20745.2109375,1632.13232421875,952.4513549804688,745.5581665039062,91.9797592163086,2805.061767578125,939.2974853515624,2658.506591796875,1127.3497314453125,6288.1220703125,181.22398376464844,179.48321533203125
2022-10-25,2995.08203125,2207.976806640625,3294.50537109375,2079.89990234375,784.47021484375,504.2409057617188,4361.76416015625,900.4645385742188,3382.510986328125,1655.8245849609375,699.435791015625,261.5802307128906,787.62109375,127.42882537841795,3556.990478515625,711.474365234375,1114.48779296875,179.69357299804688,1478.8294677734375,511.8131103515625,3530.494873046875,362.1212463378906,870.8629760742188,3583.4560546875,131.61709594726562,75.13600158691406,784.1881103515625,1685.942138671875,1145.7392578125,889.9468994140625,686.7675170898438,526.5574951171875,2281.7265625,390.6942443847656,2331.807861328125,902.7012939453124,1120.49951171875,8.600000381469727,1110.9539794921875,1355.3499755859375,56.38924026489258,286.03045654296875,634.9501953125,368.1876525878906,1876.14794921875,1248.859619140625,8742.9462890625,1901.4005126953125,974.51904296875,28.393821716308597,152.19017028808594,104.27816009521484,1865.0621337890625,138.47354125976562,1109.4296875,1245.559814453125,537.4861450195312,20996.78515625,1641.5447998046875,956.8421020507812,741.6898803710938,91.9797592163086,2805.416259765625,970.0798950195312,2645.03564453125,1138.0223388671875,6308.87060546875,180.098388671875,179.4598846435547
2022-10-27,2979.54443359375,2272.324951171875,3318.96142578125,2117.60009765625,804.95556640625,518.4906005859375,4389.29833984375,912.7320556640624,3353.07421875,1628.269775390625,686.4571533203125,264.4622497558594,802.1503295898438,128.69216918945312,3597.416259765625,713.4625244140625,1124.1295166015625,180.40501403808597,1481.9398193359375,528.0671997070312,3553.9521484375,375.5875244140625,880.4393920898438,3583.4560546875,132.0093994140625,76.43818664550781,798.1333618164062,1695.5286865234375,1156.215087890625,894.758544921875,688.4241943359375,526.11328125,2303.920654296875,404.4234313964844,2344.466064453125,902.0670776367188,1132.7821044921875,8.600000381469727,1115.886474609375,1368.0526123046875,56.72143173217773,285.61749267578125,669.6859741210938,371.8563537597656,1890.538330078125,1261.2860107421875,8778.8212890625,1841.163818359375,967.3527221679688,29.467418670654297,153.35845947265625,105.11556243896484,1835.6685791015625,141.89576721191406,1113.7919921875,1243.624267578125,538.5081787109375,21206.310546875,1668.015380859375,976.238525390625,744.687744140625,94.7064208984375,2801.2470703125,964.1206665039062,2678.218505859375,1106.15234375,6329.61865234375,185.4691925048828,178.5267791748047
2022-10-28,2903.766845703125,2283.57373046875,3317.264404296875,2098.550048828125,804.0244140625,511.1200256347656,4523.150390625,900.6640014648438,3397.876953125,1650.6829833984375,689.9775390625,259.23553466796875,801.9049072265625,127.7236099243164,3618.874267578125,712.2695922851562,1113.812744140625,183.02606201171875,1486.0560302734375,529.9907836914062,3481.764892578125,376.6648254394531,874.313232421875,3617.353271484375,128.62579345703125,78.17443084716797,792.6411743164062,1655.95361328125,1157.04345703125,892.9812622070312,690.4595336914062,523.250732421875,2338.42529296875,397.1175842285156,2349.35205078125,885.9168701171875,1135.0244140625,8.550000190734863,1120.2816162109375,1358.447021484375,56.84599685668945,285.61749267578125,660.6202392578125,375.6945495605469,1901.126708984375,1278.341552734375,9216.3076171875,1820.5086669921875,974.521484375,28.520959854125977,156.4139404296875,106.63088989257812,1763.8529052734375,143.73361206054688,1147.87158203125,1243.525146484375,530.23974609375,21470.154296875,1690.3731689453125,955.3463745117188,736.2742919921875,92.3433074951172,2806.43701171875,940.01416015625,2710.509765625,1108.7099609375,6338.51806640625,183.21795654296875,178.80670166015625
2022-10-31,2989.690673828125,2348.265869140625,3341.370361328125,2102.89990234375,807.2099609375,523.7482299804688,4474.12548828125,903.6062622070312,3398.941650390625,1684.7269287109375,703.4927978515625,233.0531005859375,816.7777709960938,127.87100982666016,3608.193115234375,705.1126098632812,1125.5758056640625,184.1868438720703,1509.4132080078125,533.5012817382812,3542.027099609375,377.5462341308594,869.1672973632812,3718.464111328125,128.9690399169922,79.25958251953125,792.1159057617188,1692.82470703125,1185.25439453125,902.6481323242188,708.446533203125,533.467041015625,2362.252197265625,397.8040161132813,2373.9697265625,886.7463989257812,1140.4833984375,8.550000190734863,1116.0328369140625,1380.3509521484375,56.67990112304688,288.0128173828125,664.1184692382812,379.22369384765625,1947.378173828125,1314.3531494140625,9250.337890625,1849.1549072265625,984.2340698242188,28.18192672729492,155.5602264404297,106.91002655029295,1798.7015380859375,144.5891876220703,1158.5272216796875,1256.57763671875,533.0733642578125,22417.14453125,1694.572509765625,981.3047485351562,744.7844848632812,92.29786682128906,2832.964111328125,952.963623046875,2735.372314453125,1127.3006591796875,6603.13720703125,180.6129302978516,180.3463287353516
2022-11-01,3090.07373046875,2385.35205078125,3569.205810546875,2121.25,825.0977783203125,534.656494140625,4468.03515625,869.4467163085938,3455.26904296875,1706.2415771484375,709.9329833984375,230.5129852294922,820.2628173828125,128.16578674316406,3628.7412109375,705.26171875,1131.3607177734375,183.9621734619141,1500.9954833984375,542.2534790039062,3765.360595703125,381.6106262207031,889.0845947265625,3668.198486328125,129.36134338378906,79.34638214111328,800.8078002929688,1731.7607421875,1189.5908203125,919.0338134765624,716.2801513671875,537.5140991210938,2358.987060546875,406.384765625,2390.928466796875,886.6487426757812,1142.5791015625,8.649999618530273,1124.3349609375,1412.084716796875,56.88752365112305,288.6734924316406,676.3375854492188,380.6692810058594,1948.6776123046875,1319.664794921875,9179.4619140625,1879.8106689453125,995.1841430664062,29.552175521850582,163.37864685058594,107.78731536865234,1833.525634765625,149.02540588378906,1149.552978515625,1259.3570556640625,535.9533081054688,22317.53125,1705.954345703125,1000.3152465820312,749.3296508789062,91.9797592163086,2892.007568359375,959.6846313476562,2728.884521484375,1119.3822021484375,6707.3232421875,184.5365447998047,183.07568359375
2022-11-02,3108.406005859375,2397.091796875,3574.19677734375,2137.050048828125,816.864501953125,535.5901489257812,4341.01611328125,861.268310546875,3459.064208984375,1707.58935546875,704.6843872070312,227.2402191162109,795.032958984375,128.52371215820312,3567.384033203125,740.25146484375,1117.7176513671875,184.07452392578125,1493.9189453125,540.7627563476562,3711.379638671875,377.2034606933594,893.0739135742188,3601.370361328125,130.63633728027344,79.25958251953125,796.0798950195312,1730.531494140625,1189.0548095703125,906.1591796875,716.7298583984375,535.2437744140625,2333.21875,413.15130615234375,2359.54052734375,882.8429565429688,1138.436279296875,8.550000190734863,1111.6865234375,1394.4000244140625,56.9705696105957,292.92724609375,674.218994140625,380.81878662109375,1937.945068359375,1318.008056640625,8960.8154296875,1903.0360107421875,985.3915405273438,30.865917205810547,162.61477661132812,108.82412719726562,1827.2913818359373,147.85296630859375,1156.7322998046875,1263.2281494140625,533.1197509765625,22009.72265625,1684.8416748046875,1015.1277465820312,742.753662109375,92.02519989013672,2876.037841796875,969.6319580078124,2702.63525390625,1096.7586669921875,6667.005859375,191.19371032714844,183.798828125
2022-11-03,3161.734130859375,2412.171875,3583.879150390625,2106.699951171875,817.3055419921875,530.1851196289062,4352.8017578125,861.7670288085938,3493.03662109375,1720.6678466796875,701.2772216796875,228.26600646972656,803.6719970703125,128.4816131591797,3596.218505859375,754.068359375,1121.4296875,184.3740692138672,1469.9608154296875,537.04345703125,3711.379638671875,376.8117065429688,899.7882080078125,3549.26953125,134.60838317871094,78.60848236083984,794.4559936523438,1716.3731689453125,1176.2891845703125,906.1158447265624,713.582275390625,538.3530883789062,2335.3369140625,402.4131164550781,2385.822021484375,886.6975708007812,1135.8529052734375,8.550000190734863,1121.25830078125,1374.1568603515625,57.05361557006836,292.142578125,670.2772827148438,378.8648071289063,1933.5169677734373,1301.488525390625,8970.2333984375,1859.62255859375,987.1364135742188,31.24732780456543,160.09849548339844,108.78423309326172,1829.0447998046875,144.52581787109375,1161.0491943359375,1266.60302734375,543.385498046875,22490.8828125,1674.8499755859375,1007.6491088867188,737.628173828125,92.70687103271484,2845.0302734375,943.5092163085938,2737.501953125,1116.087158203125,6616.21630859375,194.82781982421875,181.25613403320312
2022-11-04,3156.48974609375,2437.075927734375,3826.288330078125,2121.25,845.7791748046875,548.955322265625,4320.71240234375,865.8063354492188,3490.815185546875,1797.740966796875,710.1791381835938,222.7461853027344,801.4631958007812,126.90242767333984,3644.260009765625,759.03857421875,1105.0389404296875,184.26173400878903,1464.271728515625,538.589111328125,3676.88134765625,379.3091125488281,887.0850219726562,3541.205810546875,133.7257080078125,76.87224578857422,791.97265625,1735.4969482421875,1178.0919189453125,906.2891845703124,708.6595458984375,532.3318481445312,2284.638671875,422.2223815917969,2361.461181640625,883.428466796875,1131.905029296875,8.399999618530273,1125.8487548828125,1359.1202392578125,56.88752365112305,292.0599670410156,691.512939453125,378.824951171875,1939.677490234375,1304.3148193359375,8960.9130859375,1841.023681640625,987.2258911132812,31.558109283447266,159.0200958251953,109.94068908691406,1801.0880126953125,143.32168579101562,1178.1343994140625,1256.230224609375,551.793212890625,22637.0703125,1722.1435546875,1003.4996337890624,739.1271362304688,95.2063217163086,2854.47900390625,944.2261352539062,2743.494873046875,1095.9224853515625,6778.27197265625,207.0810089111328,182.2125396728516
2022-11-07,3198.10400390625,2441.25146484375,3953.4072265625,2165.699951171875,836.0756225585938,558.291259765625,4321.90087890625,870.6434936523438,3489.657958984375,1775.128173828125,708.0176391601562,220.4015045166016,807.6478881835938,130.43978881835938,3965.223388671875,743.879638671875,1090.3834228515625,186.8828125,1468.804443359375,534.8214111328125,3351.27880859375,389.5924377441406,879.312255859375,3626.430908203125,134.36318969726562,78.60848236083984,789.7758178710938,1745.4276123046875,1200.9921875,907.8497924804688,714.1739501953125,529.0745239257812,2313.01025390625,429.0379943847656,2373.12646484375,895.3338012695312,1131.0277099609375,8.350000381469727,1117.4979248046875,1353.2403564453125,58.216285705566406,291.9774169921875,699.642578125,375.3655700683594,1942.1322021484373,1316.9847412109375,9061.69140625,1851.5380859375,989.8817749023438,32.30680084228516,158.0315704345703,110.49895477294922,1818.1348876953125,144.49412536621094,1184.4276123046875,1269.183837890625,570.5594482421875,23073.28125,1700.2490234375,992.3539428710938,746.7186279296875,96.9786605834961,2868.9404296875,944.0916748046876,2715.611328125,1094.54541015625,6857.38232421875,197.175537109375,182.65577697753903
2022-11-09,3042.774169921875,2395.470703125,3989.9404296875,2215.5,873.1256103515625,554.7534790039062,4319.326171875,871.3916015625,3461.609619140625,1749.81982421875,703.4830322265625,223.38121032714844,804.064697265625,129.2185516357422,3999.805908203125,740.2017822265625,1088.937255859375,191.56332397460935,1465.613037109375,535.3527221679688,3237.6240234375,388.8579406738281,889.0062255859375,3604.991943359375,135.44203186035156,76.91563415527344,778.3137817382812,1716.2257080078125,1172.3426513671875,913.3117065429688,713.9608154296875,524.8794555664062,2339.881591796875,409.0325927734375,2350.63916015625,888.5028686523438,1126.397216796875,8.5,1122.2349853515625,1356.606689453125,57.759525299072266,297.92431640625,696.242919921875,377.5189514160156,1928.5118408203125,1303.5838623046875,8984.21484375,1822.1910400390625,982.131591796875,32.13728332519531,155.82980346679688,110.57868957519533,1807.444091796875,138.6319580078125,1183.2464599609375,1254.4437255859375,571.8599853515625,22753.494140625,1689.24365234375,978.0719604492188,744.7844848632812,96.43331909179688,2853.28125,937.8919677734376,2692.38330078125,1126.02197265625,6788.54833984375,197.85092163085935,182.3991851806641
2022-11-10,3104.53369140625,2350.181640625,3984.99951171875,2176.0,875.7230834960938,548.5131225585938,4244.3037109375,841.4708251953125,3447.77099609375,1697.5557861328125,686.8511352539062,216.9333038330078,810.64208984375,128.65005493164062,3960.816650390625,717.7864379882812,1082.0916748046875,189.9157867431641,1477.6385498046875,535.1112060546875,3225.8466796875,383.0796813964844,891.8585205078125,3573.9921875,135.3439483642578,76.56839752197266,783.4239501953125,1675.96240234375,1195.4376220703125,912.4447631835938,721.7236938476562,521.4246826171875,2393.712646484375,407.0712585449219,2355.136962890625,888.6980590820312,1106.2672119140625,8.649999618530273,1101.08935546875,1348.302978515625,57.80104446411133,294.0422668457031,690.8231811523438,381.2574157714844,1903.6292724609373,1265.2330322265625,8832.51171875,1802.0965576171875,975.142578125,31.84063720703125,154.66152954101562,111.5357437133789,1784.820556640625,136.1920623779297,1168.9329833984375,1229.18212890625,562.7556762695312,22081.044921875,1690.6339111328125,975.2735595703124,743.3822631835938,95.16087341308594,2844.053955078125,930.9628295898438,2616.012451171875,1087.8565673828125,6688.04931640625,197.56149291992188,181.44273376464844
2022-11-11,3093.701416015625,2348.609375,4001.569580078125,2196.699951171875,876.7522583007812,547.9234008789062,4378.9482421875,848.4523315429688,3450.59423828125,1716.4246826171875,694.3694458007812,221.13421630859372,811.7711181640625,130.08184814453125,3926.33056640625,724.148193359375,1081.223876953125,189.65367126464844,1466.954345703125,534.33837890625,3210.781005859375,392.2857360839844,889.898193359375,3399.003173828125,132.4507293701172,77.13267517089844,782.2777099609375,1679.796875,1204.8900146484375,945.5631713867188,762.6201782226562,535.638671875,2354.883544921875,421.5359497070313,2345.251953125,884.6482543945312,1103.3917236328125,8.5,1113.4447021484375,1409.4814453125,57.92561721801758,294.3313903808594,708.51123046875,378.6554565429688,1935.8272705078125,1254.4149169921875,8823.0947265625,1894.1571044921875,982.2572021484376,32.123165130615234,154.077392578125,112.01426696777344,1825.416015625,135.65335083007812,1195.878662109375,1240.9940185546875,558.6214599609375,22538.88671875,1689.7071533203125,978.0719604492188,747.7340087890625,97.75120544433594,2941.91259765625,965.2437744140624,2626.71044921875,1089.3321533203125,6699.751953125,200.93832397460935,186.4815216064453
2022-11-14,2965.624267578125,2392.621826171875,4015.24462890625,2178.550048828125,877.291259765625,570.2806396484375,4512.94921875,848.7515258789062,3449.06689453125,1715.5262451171875,691.8436889648438,220.645751953125,806.862548828125,129.55543518066406,3931.40771484375,716.1959838867188,1089.0335693359375,185.1229705810547,1458.999267578125,534.4349975585938,3215.00146484375,398.1129455566406,855.4348754882812,3396.057861328125,133.43148803710938,76.48158264160156,807.0164184570312,1719.17529296875,1208.0570068359375,952.8023681640624,764.4661254882812,531.8876342773438,2372.444580078125,446.7388610839844,2302.8544921875,873.3285522460938,1104.902587890625,8.5,1126.093017578125,1423.12646484375,57.67647171020508,286.7738342285156,708.9054565429688,383.38092041015625,1924.9503173828125,1245.6922607421875,8886.0068359375,1902.3349609375,969.821044921875,32.080780029296875,154.077392578125,111.05723571777344,1867.7408447265625,137.14584350585938,1190.0850830078125,1239.3560791015625,550.4924926757812,22696.564453125,1682.235107421875,981.3047485351562,742.4635009765625,98.79644012451172,2959.257080078125,971.306640625,2604.918701171875,1082.7415771484375,6740.265625,202.4498748779297,185.01187133789065
2022-11-15,2968.221923828125,2435.06201171875,4050.430419921875,2196.949951171875,888.9061889648438,576.324462890625,4567.6689453125,856.38134765625,3484.38134765625,1705.6923828125,691.8386840820312,223.5277557373047,819.96826171875,130.08184814453125,3965.3193359375,717.1900634765625,1078.668701171875,185.0830993652344,1462.51416015625,532.0680541992188,3264.958251953125,397.0846252441406,869.1672973632812,3387.704345703125,133.48052978515625,78.04420471191406,810.6937255859375,1704.4268798828125,1207.2288818359375,957.0504150390624,766.3358764648438,526.0145263671875,2409.8173828125,448.062744140625,2302.573486328125,889.6738891601562,1091.9862060546875,8.449999809265137,1125.9952392578125,1430.9365234375,57.80104446411133,285.1632385253906,711.8123779296875,381.3073425292969,1921.822021484375,1258.8980712890625,8895.5712890625,1882.0069580078125,969.3546142578124,30.7952880859375,154.66152954101562,113.5295867919922,1859.9725341796875,140.16326904296875,1184.745849609375,1249.97705078125,558.203369140625,22873.560546875,1650.6676025390625,980.4844360351562,747.298828125,98.6601104736328,2956.6845703125,972.7654418945312,2631.514404296875,1085.151611328125,6848.58154296875,204.9583740234375,185.2917938232422
2022-11-16,2975.867919921875,2422.24169921875,3949.414306640625,2110.14990234375,869.7440795898438,567.2342529296875,4436.2431640625,853.139892578125,3468.92236328125,1682.880126953125,678.9684448242188,219.3756866455078,825.8093872070312,129.0501251220703,3957.79931640625,702.92578125,1081.0308837890625,187.2755584716797,1447.9451904296875,531.3917236328125,3228.84033203125,392.9712829589844,878.4398193359375,3382.972412109375,130.58729553222656,78.56507873535156,807.8760986328125,1698.527587890625,1201.089599609375,958.177490234375,772.9152221679688,521.2765502929688,2417.4951171875,438.74652099609375,2321.640380859375,891.5279541015625,1102.8555908203125,8.399999618530273,1117.44921875,1438.8363037109375,57.55190658569336,284.2133483886719,697.9180908203125,391.9744873046875,1928.6080322265625,1254.025146484375,8869.1142578125,1903.31640625,971.4014892578124,30.35737609863281,152.72938537597656,113.96824645996094,1856.8551025390625,140.87704467773438,1177.9527587890625,1245.6094970703125,557.181396484375,22923.099609375,1668.218017578125,982.9935302734376,744.2042236328125,96.84232330322266,2976.867919921875,972.6743774414062,2619.281494140625,1100.201416015625,6796.90673828125,200.6489105224609,185.8050079345703
2022-11-17,3060.713623046875,2405.09814453125,4010.8525390625,2102.60009765625,873.1746215820312,564.2859497070312,4358.05078125,855.9324951171875,3419.583984375,1661.8643798828125,678.9684448242188,215.858642578125,830.6689453125,128.52371215820312,3951.764404296875,693.3334350585938,1079.391845703125,185.2824249267578,1448.5927734375,533.1791381835938,3229.036376953125,394.5872497558594,866.7364501953125,3323.870361328125,132.3526611328125,78.26123809814453,801.2377319335938,1681.9599609375,1192.3680419921875,947.2103271484376,765.9335327148438,524.3365478515625,2421.510498046875,431.9309387207031,2304.916015625,897.5781860351562,1098.85888671875,8.350000381469727,1119.793212890625,1425.0118408203125,57.38580703735352,283.8829345703125,698.2630004882812,388.9138793945313,1953.586669921875,1227.36962890625,8724.935546875,1843.593994140625,966.2345581054688,29.84882926940918,151.24659729003906,114.20751190185548,1839.1510009765625,141.65573120117188,1180.9971923828125,1245.063720703125,556.5311279296875,22909.24609375,1662.3099365234375,977.8790893554688,760.1124267578125,96.2061004638672,2971.234619140625,965.1070556640624,2557.57080078125,1090.955078125,6757.4248046875,197.65792846679688,185.1051788330078
2022-11-18,3031.745849609375,2417.427490234375,4012.49951171875,2085.39990234375,871.2633666992188,564.1876831054688,4356.91162109375,856.9298706054688,3362.932861328125,1651.6812744140625,668.771728515625,211.2180938720703,821.980712890625,128.06048583984375,3933.419189453125,709.5360107421875,1062.904541015625,183.01022338867188,1464.1793212890625,529.8944702148438,3226.435546875,392.1388244628906,864.3349609375,3274.038818359375,130.1459503173828,78.3914566040039,801.2854614257812,1680.1903076171875,1190.370361328125,956.4003295898438,763.9218139648438,524.6820068359375,2403.11083984375,430.1167297363281,2327.121826171875,898.1148681640625,1108.0706787109375,8.350000381469727,1102.359130859375,1430.39794921875,57.510379791259766,281.6941833496094,697.8687744140625,390.7084045410156,1948.6776123046875,1195.9874267578125,8590.5634765625,1821.2095947265625,963.0494384765624,31.388595581054688,149.04483032226562,113.0510711669922,1818.9140625,141.68817138671875,1180.3609619140625,1233.549560546875,559.9220581054688,22818.8515625,1644.006591796875,974.26025390625,750.1516723632812,95.8879852294922,2966.310302734375,967.2040405273438,2541.524169921875,1064.1510009765625,6700.98046875,199.65187072753903,183.75216674804688
2022-11-21,3022.237060546875,2413.547119140625,3994.58203125,2003.300048828125,854.3065795898438,554.3112182617188,4376.4228515625,867.751220703125,3350.482421875,1633.1617431640625,657.703369140625,206.04022216796875,835.62646484375,130.67140197753906,3946.83056640625,709.7348022460938,1064.8809814453125,182.93048095703125,1462.329345703125,532.1163940429688,3205.43212890625,386.5564575195313,852.7295532226562,3262.788330078125,129.8517303466797,77.82717895507812,801.3809814453125,1654.1839599609375,1203.0872802734375,949.7678833007812,756.0880737304688,525.4716796875,2362.78173828125,422.2223815917969,2343.705810546875,899.1394653320312,1099.3460693359375,8.399999618530273,1112.468017578125,1407.7757568359375,58.17476272583008,278.5141906738281,686.3887939453125,387.62786865234375,1936.1640625,1187.3134765625,8607.21484375,1799.5263671875,955.1517333984376,32.56106948852539,147.7417449951172,113.42790985107422,1782.3121337890625,142.14239501953125,1159.1180419921875,1217.5189208984375,555.6485595703125,22893.27734375,1628.5123291015625,968.0361328125,745.5581665039062,94.75186920166016,2913.12255859375,950.56494140625,2549.002685546875,1031.2972412109375,6642.37353515625,198.0438690185547,181.3260955810547
2022-11-22,2999.19970703125,2417.5751953125,4026.673583984375,1986.0999755859373,864.9412231445312,556.0801391601562,4426.88330078125,867.751220703125,3350.112548828125,1640.6494140625,658.2893676757812,208.8734130859375,832.09228515625,129.2185516357422,3982.802001953125,706.8024291992188,1064.5435791015625,182.65147399902344,1461.1729736328125,527.9140014648438,3244.347412109375,382.6389770507813,855.2094116210938,3259.360107421875,128.92002868652344,79.08595275878906,804.2942504882812,1671.1937255859375,1208.98291015625,956.6168823242188,754.9756469726562,532.9735107421875,2369.841552734375,422.3204650878906,2357.104248046875,901.3839721679688,1100.2235107421875,8.350000381469727,1142.1597900390625,1422.902099609375,58.13323211669922,281.03338623046875,697.9180908203125,386.7605285644531,1953.827392578125,1197.25439453125,8615.515625,1798.171142578125,947.9887084960938,33.027244567871094,150.12322998046875,113.2185516357422,1807.9796142578125,141.3312530517578,1165.547607421875,1219.950927734375,556.5775756835938,22933.845703125,1623.849609375,974.7428588867188,745.8966064453125,95.61531829833984,2941.025390625,957.9044189453124,2581.5419921875,1026.2315673828125,6729.1044921875,199.45895385742188,181.3960876464844
2022-11-23,3038.26513671875,2415.659423828125,3896.2109375,2036.5,856.2669067382812,553.1810302734375,4560.98388671875,872.388916015625,3339.698486328125,1633.51123046875,667.6442260742188,210.3388519287109,827.8219604492188,130.60821533203125,3980.454833984375,714.357177734375,1068.3038330078125,183.8473358154297,1469.5908203125,532.696044921875,3238.8017578125,383.5203857421875,863.66845703125,3265.00927734375,131.7642059326172,78.82551574707031,810.0730590820312,1673.9959716796875,1209.1290283203125,956.6168823242188,756.9400634765625,540.5740356445312,2346.367919921875,424.9682312011719,2349.28076171875,905.0433349609376,1105.389892578125,8.25,1146.9945068359375,1421.1964111328125,58.05018615722656,280.6617431640625,710.0386352539062,389.4721984863281,1949.20703125,1204.3201904296875,8674.498046875,1775.459716796875,945.6493530273438,33.43690872192383,151.02191162109375,114.30718994140624,1818.962646484375,139.61167907714844,1161.9124755859375,1217.2213134765625,564.5208129882812,22956.958984375,1604.30078125,982.0284423828124,744.7844848632812,95.84254455566406,2935.12548828125,951.8870239257812,2577.134033203125,1034.7891845703125,6710.42041015625,198.01174926757807,181.37274169921875
2022-11-24,3063.40966796875,2418.066650390625,3913.978759765625,2043.050048828125,859.2564697265625,548.2182006835938,4768.818359375,876.228759765625,3351.083984375,1631.3148193359375,666.7874755859375,207.60336303710935,832.8285522460938,135.17730712890625,4014.989501953125,717.73681640625,1056.1070556640625,182.17312622070312,1463.0692138671875,534.8214111328125,3244.151123046875,384.05902099609375,865.2760009765625,3261.581298828125,130.78346252441406,79.95406341552734,824.1139526367188,1694.5455322265625,1211.2728271484375,979.3316650390624,769.2469482421875,565.1522827148438,2358.943115234375,429.8715515136719,2388.445068359375,916.1679077148438,1140.4345703125,8.050000190734863,1148.16650390625,1463.0740966796875,59.83570861816406,281.4463806152344,715.3598022460938,387.77740478515625,1975.3890380859373,1222.204345703125,8706.1484375,1814.3402099609373,953.8829956054688,33.069618225097656,152.32498168945312,116.77757263183594,1893.7982177734373,143.2455596923828,1171.931884765625,1231.465087890625,566.1000366210938,22869.076171875,1631.46630859375,998.8676147460938,766.64013671875,95.8879852294922,2998.870849609375,974.9081420898438,2585.504150390625,1035.4287109375,6745.96923828125,199.97352600097656,185.8050079345703
2022-11-25,3029.981201171875,2463.158935546875,3894.01513671875,2023.949951171875,862.1478881835938,554.90087890625,4743.46484375,885.4043579101562,3369.68994140625,1631.015380859375,664.43896484375,214.10011291503903,831.3560791015625,136.63014221191406,4007.804931640625,716.4445190429688,1065.7489013671875,184.4851226806641,1461.54296875,537.6712646484375,3280.71044921875,388.417236328125,866.109130859375,3297.071533203125,129.9988555908203,80.9524154663086,820.8184204101562,1706.0491943359375,1214.6837158203125,978.1177978515624,765.6968383789062,579.020751953125,2389.87353515625,432.1270446777344,2377.48291015625,907.824462890625,1130.1502685546875,8.050000190734863,1159.4473876953125,1468.32568359375,60.91532897949219,281.07470703125,715.6062622070312,384.4974670410156,1985.5440673828125,1228.782958984375,8757.0244140625,1859.482421875,943.9215087890624,33.42277526855469,152.54962158203125,117.69874572753906,1933.979736328125,143.14817810058594,1189.426025390625,1226.10498046875,564.2885131835938,22874.3984375,1609.3980712890625,997.6614379882812,763.1587524414062,96.52420806884766,3007.298828125,984.80029296875,2570.843994140625,1020.477294921875,6759.5390625,203.6076202392578,187.9278106689453
2022-11-28,3042.235107421875,2482.66015625,3879.092041015625,1990.699951171875,861.167724609375,558.6353149414062,4676.513671875,889.343994140625,3403.43115234375,1650.1337890625,667.3881225585938,219.1802978515625,822.0789184570312,143.49429321289062,4035.92041015625,715.9971313476562,1062.2777099609375,183.2494201660156,1460.7568359375,539.6517333984375,3313.001220703125,387.0461120605469,862.9529418945312,3323.435546875,131.2248077392578,80.51834869384766,815.7561645507812,1688.154296875,1190.370361328125,969.968505859375,757.4607543945312,578.4285278320312,2456.36767578125,422.810791015625,2366.00537109375,914.7529907226562,1129.6141357421875,8.050000190734863,1169.947021484375,1457.3289794921875,63.28217697143555,280.86822509765625,705.2101440429688,384.4476623535156,1987.180419921875,1218.9393310546875,8723.9169921875,1880.1376953125,957.7496948242188,33.069618225097656,153.13377380371094,116.90318298339844,1961.8143310546875,143.60243225097656,1230.299072265625,1244.219970703125,565.4032592773438,23092.99609375,1601.375732421875,998.5299072265624,777.8096923828125,95.34265899658205,3012.267822265625,982.110595703125,2567.723876953125,1043.150146484375,6777.5341796875,199.7483673095703,189.25750732421875
2022-11-29,2955.82080078125,2469.839599609375,3871.356201171875,2012.050048828125,860.775634765625,555.1957397460938,4673.8896484375,890.1917114257812,3388.065185546875,1629.3182373046875,663.124267578125,228.7544708251953,820.5573120117188,142.7783966064453,4105.18115234375,710.4803466796875,1080.9827880859375,181.13665771484372,1482.44873046875,572.9814453125,3310.2041015625,384.4507751464844,873.0194091796875,3299.002685546875,129.90077209472656,81.73373413085938,826.8359985351562,1690.3173828125,1203.330810546875,978.76806640625,756.3246459960938,577.2933349609375,2495.85888671875,427.5179748535156,2468.1337890625,923.8770751953124,1146.088623046875,8.050000190734863,1153.098876953125,1462.4007568359375,62.534759521484375,282.72662353515625,721.8635864257812,383.92919921875,1973.80078125,1225.1767578125,8650.9052734375,1872.6607666015625,972.527587890625,33.09787368774414,152.9091033935547,117.4474868774414,1965.1265869140625,142.33706665039062,1232.411865234375,1249.0836181640625,565.3568725585938,22888.201171875,1609.4847412109375,1013.1015014648438,778.5350341796875,96.43331909179688,3014.130615234375,979.6947021484376,2589.020263671875,1022.8380737304688,6813.52490234375,205.7466583251953,189.02423095703125
2022-11-30,2941.60693359375,2518.17431640625,3910.7841796875,2116.5,863.5200805664062,560.8955688476562,4681.02001953125,898.8687744140625,3471.930908203125,1623.8271484375,661.824462890625,232.9065399169922,833.2212524414062,143.66275024414062,4178.8955078125,710.5797119140625,1098.8199462890625,181.17654418945312,1509.7830810546875,568.3926391601562,3341.61083984375,394.3424072265625,879.6454467773438,3365.058349609375,128.92002868652344,82.25460052490234,841.9275512695312,1730.236572265625,1221.5537109375,971.7024536132812,761.342041015625,582.968994140625,2516.7294921875,441.982666015625,2515.1220703125,929.8785400390624,1180.6455078125,8.25,1140.5970458984375,1467.697265625,63.6558952331543,280.826904296875,732.5552978515625,388.2160339355469,1997.191162109375,1272.4451904296875,8712.994140625,1885.37158203125,975.5557861328124,33.25325393676758,154.7513885498047,118.15931701660156,2023.5484619140625,145.35447692871094,1241.113525390625,1273.4022216796875,559.6898193359375,23540.193359375,1607.3128662109375,1009.4345703125,791.1068115234375,97.84210968017578,3008.319580078125,981.928466796875,2627.89892578125,1031.0023193359375,6959.1591796875,207.4507293701172,189.8406982421875
2022-12-01,2934.891357421875,2532.026611328125,3907.98974609375,2113.550048828125,872.8805541992188,570.91943359375,4729.84619140625,901.4618530273438,3432.034423828125,1636.1070556640625,664.4635620117188,230.0733642578125,833.0740356445312,142.58889770507812,4216.2080078125,724.5457763671875,1084.598388671875,180.25970458984372,1487.860107421875,566.8951416015625,3345.88037109375,404.1850280761719,877.1361694335938,3319.62109375,130.1459503173828,81.29966735839844,837.9158935546875,1769.762451171875,1218.484130859375,985.2272338867188,766.572509765625,588.7435302734375,2534.291015625,454.4370422363281,2494.977783203125,917.4853515625,1193.7567138671875,8.149999618530273,1146.5550537109375,1487.581298828125,63.28217697143555,280.4552307128906,735.4130249023438,385.6738586425781,2025.49072265625,1260.603759765625,8697.4599609375,1995.6103515625,969.0620727539062,33.87481689453125,154.7513885498047,117.28001403808594,2105.957275390625,143.9917755126953,1237.455810546875,1281.194091796875,564.9388427734375,23666.130859375,1607.3128662109375,1009.8203125,786.4166259765625,100.65966796875,3083.598388671875,1004.2655639648438,2613.734375,1032.8221435546875,7152.87890625,211.47222900390625,193.01329040527344
2022-12-02,2919.45166015625,2563.414794921875,3915.3759765625,2062.300048828125,870.5771484375,567.9712524414062,4824.67724609375,902.7584838867188,3387.370849609375,1639.95068359375,657.3735961914062,234.5673675537109,833.1231079101562,143.64166259765625,4246.52734375,727.2794799804688,1074.4263916015625,180.6583251953125,1496.6016845703125,571.0977172851562,3318.595703125,402.2752685546875,884.2033081054688,3217.640869140625,130.68536376953125,80.90900421142578,842.1185913085938,1789.1319580078125,1207.326416015625,984.4901733398438,760.7030639648438,582.2286987304688,2488.975341796875,452.1815185546875,2450.238037109375,908.1172485351562,1207.453125,8.300000190734863,1151.2431640625,1470.3455810546875,63.946556091308594,278.4729309082031,732.2103881835938,384.9760437011719,2007.4423828125,1232.4864501953125,8559.30078125,2016.3125,954.644287109375,33.87481689453125,154.7064666748047,117.99183654785156,2116.355712890625,142.62905883789062,1236.9332275390625,1285.5615234375,564.4279174804688,23752.23828125,1602.5631103515625,1003.5961303710938,769.3479614257812,101.79578399658205,3051.21533203125,1016.3460693359376,2593.130859375,1031.248291015625,7116.5439453125,213.92605590820312,192.40675354003903
2022-12-05,2917.0009765625,2575.007080078125,3923.261474609375,2042.0999755859373,875.4290161132812,563.45068359375,4732.47119140625,896.8241577148438,3387.87939453125,1631.514404296875,655.8670043945312,235.3977813720703,828.6563110351562,142.5046844482422,4218.22021484375,733.2932739257812,1075.3905029296875,184.36558532714844,1478.4246826171875,567.1849975585938,3306.425537109375,408.6411743164063,878.1261596679688,3229.7607421875,134.65744018554688,80.86559295654297,842.9305419921875,1785.690673828125,1202.843505859375,980.41552734375,763.4721069335938,581.2910766601562,2495.32958984375,471.8927612304688,2454.688232421875,911.0447387695312,1192.587158203125,8.149999618530273,1167.65185546875,1472.0064697265625,63.98808288574219,278.1425476074219,745.562744140625,386.5013122558594,2007.5389404296875,1227.808349609375,8536.193359375,1996.3114013671875,954.6925048828124,34.68000793457031,157.40248107910156,120.37844848632812,2076.63671875,143.9917755126953,1218.8936767578125,1275.0400390625,573.4857788085938,23417.810546875,1601.028076171875,1003.0172119140624,774.1348266601562,105.29500579833984,3039.460205078125,1002.670166015625,2590.90234375,1001.1488037109376,7078.734375,217.6068115234375,192.3834381103516
2022-12-06,2886.121337890625,2575.05615234375,4024.4775390625,2063.300048828125,878.66357421875,570.9685668945312,4742.078125,902.259765625,3420.18603515625,1632.5628662109375,659.6187133789062,238.817138671875,818.10302734375,138.35671997070312,4238.3369140625,730.4105224609375,1069.8465576171875,184.6844482421875,1467.5093994140625,572.4984130859375,3293.715087890625,405.8499755859375,857.503173828125,3186.5927734375,132.20555114746094,80.7353744506836,846.0347900390625,1795.4246826171875,1191.24755859375,971.832275390625,762.6201782226562,579.2180786132812,2469.869873046875,460.9093627929688,2487.200927734375,900.359375,1189.4189453125,8.050000190734863,1156.5174560546875,1447.903076171875,62.949989318847656,278.5968322753906,735.8564453125,385.86328125,2015.1431884765625,1230.9757080078125,8463.6669921875,1958.5994873046875,962.372802734375,34.1573486328125,157.44741821289062,119.2898178100586,2014.0263671875,145.03001403808594,1222.415283203125,1275.5859375,565.728515625,23668.296875,1600.825439453125,997.3720092773438,771.3787231445312,102.6592254638672,3003.483642578125,992.686767578125,2592.239501953125,1023.9199829101562,7121.46044921875,214.3350830078125,191.9168701171875
2022-12-07,2910.580078125,2560.12353515625,3992.03662109375,2032.699951171875,869.1559448242188,571.9512939453125,4682.01025390625,912.2333984375,3364.50634765625,1604.0595703125,652.3958740234375,241.01528930664065,818.7411499023438,140.79917907714844,4208.83154296875,731.4046020507812,1065.70068359375,183.169677734375,1498.4051513671875,581.8211059570312,3276.392333984375,400.07171630859375,855.0134887695312,3148.10888671875,129.55751037597656,80.9524154663086,857.8787841796875,1777.8740234375,1174.973876953125,958.784423828125,762.2887573242188,574.28271484375,2435.23291015625,455.3196105957031,2536.6728515625,899.8713989257812,1214.520263671875,8.0,1137.5205078125,1441.2601318359375,63.69740676879883,280.9095153808594,727.3818969726562,381.1178894042969,2044.5015869140625,1234.4356689453125,8407.1611328125,1934.90673828125,962.3607177734376,33.888946533203125,154.43685913085938,117.782470703125,1976.718505859375,143.44020080566406,1204.3758544921875,1252.7066650390625,563.96337890625,23911.392578125,1682.8433837890625,982.1250610351562,773.022705078125,101.06866455078124,2999.27001953125,982.8856811523438,2572.2802734375,1008.4769287109376,7042.9404296875,213.27853393554688,189.56076049804688
2022-12-08,2929.500244140625,2575.154541015625,4017.68994140625,2052.699951171875,875.1840209960938,577.6019897460938,4659.32958984375,936.8681030273438,3365.894775390625,1615.940185546875,648.1368408203125,245.7046813964844,817.3667602539062,141.38873291015625,4210.12548828125,738.4125366210938,1067.82177734375,183.6878662109375,1514.0845947265625,583.898193359375,3226.53369140625,396.594970703125,853.9744873046875,3208.41845703125,133.1372528076172,80.3447265625,861.0308837890625,1782.052734375,1181.5025634765625,954.839599609375,766.572509765625,570.0383911132812,2434.04150390625,462.5274658203125,2534.89208984375,909.3858642578124,1217.6884765625,8.0,1163.1102294921875,1454.411376953125,63.73894500732422,279.5054016113281,733.8363647460938,378.23675537109375,2086.566162109375,1241.98876953125,8430.025390625,1944.4398193359373,957.2615966796876,35.132057189941406,153.08883666992188,119.45731353759766,1997.953857421875,141.3312530517578,1203.8077392578125,1257.4710693359375,568.2368774414062,24135.85546875,1706.3017578125,946.4684448242188,777.7130126953125,101.65943908691406,2972.610107421875,979.3299560546876,2559.056640625,1009.1654052734376,7059.50927734375,213.92605590820312,188.3477478027344
2022-12-09,2918.030029296875,2573.435302734375,3989.541259765625,2053.449951171875,873.0765991210938,570.9685668945312,4640.1162109375,931.2330322265624,3348.1220703125,1595.9730224609375,641.7855224609375,241.259521484375,819.624755859375,142.5257568359375,4224.8779296875,739.655029296875,1068.2076416015625,182.4521331787109,1532.723876953125,578.4398803710938,3213.382080078125,393.95068359375,863.9526977539062,3243.087646484375,131.27381896972656,78.8689193725586,882.1875610351562,1769.7132568359375,1151.8299560546875,890.81396484375,772.0396118164062,572.1111450195312,2428.12890625,453.8976745605469,2550.632568359375,907.4342041015624,1216.5186767578125,7.949999809265137,1174.48876953125,1408.7633056640625,63.946556091308594,281.9832458496094,729.5990600585938,376.45220947265625,2073.4267578125,1233.26611328125,8362.693359375,1866.7259521484373,978.3543090820312,34.510498046875,152.32498168945312,117.82435607910156,1926.57666015625,140.94189453125,1185.5638427734375,1260.250244140625,572.7426147460938,24094.009765625,1718.55224609375,958.0964965820312,776.8426513671875,100.38700103759766,2921.329345703125,943.9093627929688,2590.7041015625,1019.1986694335938,6959.5517578125,210.51800537109372,183.84548950195312
2022-12-12,2932.489990234375,2595.932373046875,4009.40478515625,2024.050048828125,863.8141479492188,574.9486694335938,4696.76708984375,936.1699829101562,3329.42333984375,1589.4837646484375,640.7072143554688,241.21067810058597,813.24365234375,146.96847534179688,4246.19189453125,742.1400756835938,1057.505126953125,185.2824249267578,1526.387451171875,582.0143432617188,3276.93212890625,394.3913879394531,872.8037719726562,3206.6318359375,131.42092895507812,80.56175994873047,855.204345703125,1784.85498046875,1137.2127685546875,891.5941772460938,778.0509643554688,569.0512084960938,2445.734130859375,453.0151062011719,2545.9482421875,907.824462890625,1198.87451171875,7.949999809265137,1178.6397705078125,1388.9239501953125,65.52446746826172,283.469970703125,730.0425415039062,372.00592041015625,2082.715576171875,1231.9017333984375,8407.7431640625,1868.22119140625,990.2250366210938,35.1179313659668,151.78575134277344,119.20606994628906,1973.8690185546875,139.87123107910156,1187.38134765625,1253.8482666015625,569.5374145507812,23933.2265625,1759.8800048828125,952.8373413085938,783.370361328125,101.52310943603516,2915.73974609375,940.9918823242188,2560.19580078125,1020.8217163085938,7027.84619140625,210.55206298828125,184.9185791015625
2022-12-13,2934.205322265625,2612.781005859375,4052.825927734375,2021.4000244140625,877.0462646484375,574.4573364257812,4633.9267578125,942.1041259765624,3366.450439453125,1608.8018798828125,651.8936157226562,245.85122680664065,822.717041015625,145.76829528808594,4240.4443359375,747.1102294921875,1070.1357421875,184.604736328125,1518.9871826171875,574.044189453125,3293.371826171875,392.0898742675781,873.9603881835938,3199.43701171875,133.62762451171875,80.9524154663086,837.4861450195312,1780.4305419921875,1122.205810546875,905.7257080078124,780.2046508789062,574.8256225585938,2435.14453125,449.2395629882813,2539.436279296875,910.4104614257812,1193.6107177734375,7.900000095367432,1206.1829833984375,1411.32177734375,64.56941223144531,285.4522705078125,733.3929443359375,372.5542297363281,2091.571044921875,1250.7601318359375,8369.830078125,1858.8282470703125,985.4375610351562,34.97666549682617,152.05538940429688,120.88092803955078,1986.9708251953125,140.35791015625,1192.78857421875,1268.340087890625,572.9749145507812,23863.728515625,1731.9613037109375,959.8336791992188,781.0009765625,101.06866455078124,2956.240966796875,953.4368896484376,2551.528564453125,1019.8380126953124,7104.98974609375,213.44894409179688,185.57174682617188
2022-12-14,2947.48828125,2621.671875,4048.43408203125,2018.1500244140625,882.6821899414062,572.1478271484375,4621.34814453125,939.9100341796876,3380.613525390625,1620.3828125,655.3499755859375,245.5581512451172,814.0289916992188,146.8632049560547,4224.30322265625,747.607177734375,1072.83544921875,185.0830993652344,1453.6805419921875,567.1849975585938,3330.96240234375,398.7985534667969,883.0564575195312,3253.903564453125,134.11801147460938,83.3397445678711,847.3720092773438,1791.295166015625,1125.7626953125,915.69580078125,786.8077392578125,572.8514404296875,2424.467041015625,460.222900390625,2515.403076171875,899.4810180664062,1212.375732421875,8.649999618530273,1223.9588623046875,1417.830078125,64.901611328125,285.287109375,746.8930053710938,373.4913330078125,2113.27734375,1253.7813720703125,8390.12109375,1870.0438232421875,969.7388305664062,35.386329650878906,154.21218872070312,123.6025161743164,2044.2481689453125,142.23971557617188,1188.4720458984375,1260.3494873046875,581.103759765625,24006.966796875,1754.1165771484375,965.237548828125,788.592529296875,102.75011444091795,2985.73974609375,971.0787353515624,2566.584716796875,1011.919677734375,7077.70166015625,215.42564392089844,186.64480590820312
2022-12-15,2872.494873046875,2589.15380859375,4036.406005859375,2024.9000244140625,866.4115600585938,551.510498046875,4598.3212890625,935.6713256835938,3350.29736328125,1602.2628173828125,652.41552734375,245.2650604248047,811.2310180664062,147.03164672851562,4277.70947265625,743.1341552734375,1062.326171875,181.93392944335935,1442.071044921875,566.9918212890625,3303.08837890625,391.4532775878906,876.0775756835938,3190.262451171875,135.19683837890625,84.51171112060547,862.702392578125,1756.9312744140625,1125.177978515625,903.6883544921876,772.3946533203125,572.7034301757812,2445.205078125,452.0834655761719,2495.3525390625,886.8439331054688,1203.1148681640625,8.399999618530273,1210.724609375,1382.909423828125,64.8600845336914,279.8770751953125,732.5060424804688,371.49749755859375,2096.04736328125,1254.268798828125,8334.3427734375,1834.0606689453125,953.9990844726562,35.273319244384766,154.66152954101562,123.47687530517578,1998.611328125,140.39035034179688,1171.591064453125,1264.0718994140625,572.231689453125,23951.021484375,1718.2628173828125,967.119384765625,778.3900146484375,100.84143829345705,2932.28662109375,932.4671630859376,2498.831787109375,1022.0511474609376,6995.4443359375,211.94940185546875,184.3820343017578
2022-12-16,2782.60107421875,2570.733642578125,3973.5703125,2044.25,843.3778686523438,546.4493408203125,4521.31787109375,932.6292724609376,3285.77783203125,1584.491943359375,649.6090087890625,241.6014709472656,807.6969604492188,143.91539001464844,4257.83154296875,725.4901733398438,1050.3702392578125,179.10366821289062,1463.2081298828125,560.0843505859375,3265.252685546875,385.528076171875,844.7410888671875,3178.62548828125,133.43148803710938,83.9908447265625,856.58935546875,1726.8936767578125,1124.3011474609375,892.6777954101562,776.1103515625,567.7681274414062,2404.611083984375,447.9156494140625,2502.894775390625,880.208251953125,1205.30859375,8.300000190734863,1200.90869140625,1366.4815673828125,63.905033111572266,276.7797241210937,732.6046142578125,366.9813537597656,2093.592529296875,1219.81640625,8238.8564453125,1788.0771484375,954.0401000976562,34.90604019165039,152.59458923339844,123.2675323486328,1932.7864990234373,138.34629821777344,1165.7974853515625,1244.864990234375,560.5259399414062,23388.439453125,1676.8773193359375,958.86865234375,775.1502685546875,100.93234252929688,2874.751708984375,930.6893920898438,2459.35888671875,1022.8380737304688,6897.306640625,209.80224609375,181.8393096923828
2022-12-19,2840.19384765625,2592.10107421875,4067.8984375,2062.050048828125,875.1349487304688,554.1146850585938,4566.1826171875,943.7000122070312,3359.970458984375,1616.3895263671875,658.4813842773438,239.4033203125,825.0240478515625,143.72589111328125,4336.19189453125,740.6987915039062,1057.3604736328125,181.2163848876953,1481.1998291015625,569.0689697265625,3283.8515625,388.417236328125,861.7864990234375,3272.7353515625,134.21609497070312,84.55512237548828,865.8544311523438,1736.1851806640625,1132.8275146484375,895.7989501953125,778.5242919921875,576.8985595703125,2453.80908203125,451.2498779296875,2546.744384765625,884.5507202148438,1216.90869140625,8.350000381469727,1195.0484619140625,1353.150634765625,64.73551177978516,281.2398986816406,738.51708984375,370.4905700683594,2102.256103515625,1257.875,8353.4697265625,1797.3299560546875,970.6161499023438,35.01904296875,154.3919219970703,122.09518432617188,1929.3770751953125,142.0450439453125,1181.110595703125,1258.1162109375,561.5479125976562,23484.89453125,1712.4705810546875,953.3681640625,782.2098999023438,101.61400604248048,2840.8603515625,936.0684814453124,2497.9404296875,1038.8221435546875,6958.17529296875,214.2668914794922,181.51271057128903
2022-12-20,2867.250244140625,2546.91015625,4157.73486328125,2061.64990234375,866.70556640625,550.429443359375,4552.51513671875,947.2406005859376,3345.02099609375,1612.9949951171875,654.1337280273438,237.74249267578125,813.7835083007812,143.2837371826172,4319.47607421875,742.58740234375,1052.0576171875,180.25970458984372,1477.4072265625,559.8428955078125,3289.446044921875,381.31683349609375,856.6307373046875,3199.87158203125,132.3526611328125,84.98918151855469,854.4879150390625,1729.4500732421875,1142.3287353515625,892.72119140625,773.1519775390625,572.30859375,2446.705078125,448.2098388671875,2505.940185546875,887.72216796875,1205.30859375,8.25,1200.0296630859375,1353.1058349609375,64.6109390258789,280.9508361816406,734.9202880859375,368.2873229980469,2082.282470703125,1242.865966796875,8276.283203125,1823.1722412109373,973.2212524414062,34.31272888183594,152.54962158203125,122.13703155517578,1905.4384765625,141.00682067871094,1191.334716796875,1222.1346435546875,561.5479125976562,23392.673828125,1712.0360107421875,953.7540283203124,781.677978515625,100.84143829345705,2878.0341796875,928.0909423828124,2484.41943359375,1038.723876953125,6979.8095703125,212.73324584960935,181.46604919433597
2022-12-21,2785.051513671875,2496.2666015625,3894.863525390625,1968.25,840.6334228515625,529.8903198242188,4720.43798828125,929.8367309570312,3342.660400390625,1579.20068359375,642.6962890625,237.54708862304688,799.1071166992188,140.69387817382812,4233.068359375,718.2337646484375,1087.5872802734375,178.46585083007812,1457.843017578125,557.6691284179688,3453.547607421875,372.6004638671875,864.0409545898438,3161.04931640625,128.38059997558594,82.55844116210938,844.6975708007812,1703.8369140625,1126.785888671875,901.9545288085938,765.6730346679688,567.9654541015625,2433.379638671875,448.3079223632813,2498.116455078125,870.6937866210938,1193.561767578125,8.0,1173.80517578125,1355.1256103515625,63.44827651977539,276.8210144042969,732.2596435546875,361.8072814941406,2065.967041015625,1233.558349609375,8107.39599609375,1831.2568359375,981.8561401367188,33.620540618896484,150.93202209472656,120.16910552978516,1903.831298828125,140.19570922851562,1174.3856201171875,1225.2115478515625,551.2822265625,23236.083984375,1670.7376708984375,970.4002075195312,776.1657104492188,99.4326629638672,2899.85888671875,935.4759521484376,2466.045166015625,1016.4442749023438,6834.9619140625,206.6668243408203,181.72267150878903
2022-12-22,2747.60400390625,2469.49560546875,3861.52392578125,1980.75,839.898193359375,523.64990234375,4735.78857421875,917.120361328125,3333.21875,1541.7623291015625,639.1463623046875,226.4097900390625,801.6594848632812,138.08297729492188,4206.8203125,712.5678100585938,1082.236083984375,177.54901123046875,1467.1856689453125,558.1521606445312,3431.120849609375,370.0540771484375,852.6119384765625,3096.153076171875,125.48738098144533,81.73373413085938,851.3836669921875,1715.586669921875,1109.245361328125,900.8706665039062,763.046142578125,570.3837280273438,2407.126220703125,446.6898193359375,2478.580810546875,869.1324462890625,1208.5252685546875,8.0,1152.6593017578125,1366.3466796875,62.36865997314453,274.5909118652344,726.7905883789062,364.0902404785156,2030.9776611328125,1202.6146240234375,8091.81201171875,1859.1085205078125,981.4887084960938,33.027244567871094,149.0897674560547,119.1223373413086,1898.230224609375,139.51434326171875,1171.3411865234375,1235.5347900390625,551.2822265625,23475.822265625,1657.183837890625,975.2735595703124,772.3458251953125,97.84210968017578,2892.007568359375,926.1763305664062,2459.50732421875,1022.100341796875,6895.63427734375,205.8829803466797,181.37274169921875
2022-12-23,2627.957275390625,2332.3505859375,3635.5849609375,1809.050048828125,778.34423828125,482.7681884765625,4655.021484375,904.20458984375,3278.557373046875,1494.5899658203125,627.71875,221.28076171875,793.85498046875,136.9038848876953,4149.7744140625,695.072998046875,1079.0543212890625,171.4499969482422,1450.07275390625,546.6558227539062,3433.623779296875,349.6342468261719,845.0057983398438,3006.920166015625,120.09323120117188,79.47660827636719,834.2384643554688,1680.43603515625,1072.7025146484375,893.5014038085938,756.2301025390625,558.1439819335938,2326.953369140625,421.2417297363281,2455.859619140625,857.6663208007812,1192.7821044921875,7.650000095367432,1121.11181640625,1343.948974609375,60.62466049194336,269.8416442871094,717.2321166992188,363.2727661132813,1985.5440673828125,1193.5020751953125,7904.671875,1793.9652099609375,973.0858764648438,31.515729904174805,146.48362731933594,117.07064819335938,1867.521728515625,137.08094787597656,1136.9888916015625,1215.5338134765625,533.2591552734375,22940.494140625,1614.408203125,966.4921264648438,753.343017578125,92.93408966064452,2864.194091796875,907.8506469726562,2459.55712890625,993.96826171875,6794.349609375,194.39768981933597,176.19403076171875
2022-12-26,2670.9931640625,2381.02880859375,3709.999755859375,1876.8499755859373,790.0571899414062,505.2728576660156,4639.076171875,926.2462768554688,3288.184326171875,1532.4775390625,633.5384521484375,228.36370849609372,796.1619873046875,136.9038848876953,4191.39697265625,706.45458984375,1057.2159423828125,175.99436950683594,1448.40771484375,546.8973999023438,3365.2646484375,363.1005859375,832.8809204101562,3052.888427734375,128.2334747314453,81.95075988769531,843.408203125,1700.051513671875,1082.20361328125,894.455078125,771.2822265625,561.9442138671875,2370.591552734375,434.3825988769531,2452.439697265625,871.620849609375,1207.5015869140625,7.849999904632568,1167.8470458984375,1348.7071533203125,61.78731918334961,276.36669921875,721.5187377929688,361.597900390625,2012.7850341796875,1205.635986328125,8016.51904296875,1791.44189453125,961.7154541015624,32.730587005615234,148.86508178710938,118.32677459716795,1856.0030517578125,137.4702911376953,1146.9173583984375,1234.095458984375,554.719482421875,23410.3203125,1641.4000244140625,965.0445556640624,749.7648315429688,95.43354034423828,2885.97412109375,912.63720703125,2457.62548828125,998.9356079101562,6956.20849609375,201.8273468017578,177.523681640625
2022-12-27,2688.638671875,2434.42333984375,3762.803466796875,1908.699951171875,800.9369506835938,514.2648315429688,4599.212890625,929.7369995117188,3324.054443359375,1535.173095703125,640.5299072265625,231.48995971679688,799.8923950195312,137.28289794921875,4185.5537109375,702.8760375976562,1056.589111328125,176.39300537109375,1451.0440673828125,554.04638671875,3412.66943359375,363.5902404785156,833.322021484375,3092.048828125,130.39114379882812,82.47162628173828,849.1390991210938,1710.2279052734375,1081.5216064453125,898.4865112304688,772.0632934570312,562.437744140625,2384.755615234375,461.8900451660156,2429.765380859375,878.890869140625,1211.4498291015625,7.900000095367432,1174.3421630859375,1359.88330078125,62.36865997314453,275.1690979003906,753.7909545898438,363.0633850097656,2044.5980224609373,1202.9071044921875,8063.75390625,1815.041015625,955.8429565429688,33.76180648803711,148.46066284179688,121.25772857666016,1907.264892578125,137.98941040039062,1156.3006591796875,1231.8621826171875,559.1788940429688,23789.89453125,1652.463134765625,965.1410522460938,752.2308349609375,101.02322387695312,2891.830078125,920.4324951171876,2479.863037109375,1026.9693603515625,6988.85595703125,209.70005798339844,180.3696746826172
2022-12-28,2670.698974609375,2412.171875,3790.802978515625,1897.8499755859373,794.2718505859375,509.4495239257813,4544.5927734375,922.2567749023438,3320.25927734375,1520.19775390625,637.713623046875,227.6309814453125,789.0936279296875,136.4827423095703,4201.5517578125,721.4642944335938,1046.8992919921875,177.94764709472656,1444.152587890625,549.843994140625,3382.4892578125,364.4716796875,833.6944580078125,3101.46435546875,131.0776824951172,83.16612243652344,855.9207763671875,1723.1573486328125,1082.4471435546875,897.7061767578125,771.4478759765625,560.8584594726562,2379.68115234375,456.9377136230469,2420.723876953125,877.23193359375,1204.9671630859375,7.949999809265137,1185.867431640625,1355.6641845703125,62.11952209472656,276.2015075683594,750.58837890625,362.9039001464844,2041.710205078125,1220.54736328125,8175.98974609375,1813.545654296875,959.1103515625,33.79005432128906,149.04483032226562,120.50406646728516,1880.063232421875,140.00100708007812,1156.187255859375,1232.854736328125,558.38916015625,23938.943359375,1657.2415771484375,960.1713256835938,754.455078125,99.97799682617188,2889.70068359375,926.5409545898438,2555.738037109375,1064.9869384765625,6936.3447265625,207.82557678222656,180.9295196533203
2022-12-29,2631.33935546875,2404.803955078125,3803.679443359375,1910.25,803.2892456054688,513.724365234375,4481.00927734375,932.0807495117188,3303.55078125,1509.2156982421875,641.1405029296875,230.5618438720703,805.7335815429688,137.7882080078125,4165.484375,710.7288208007812,1048.586669921875,176.71188354492188,1429.3521728515625,541.9220581054688,3348.97216796875,365.744873046875,835.2333374023438,3168.72705078125,135.00067138671875,83.29634094238281,846.3213500976562,1723.35400390625,1074.7000732421875,905.509033203125,776.8912963867188,563.622314453125,2402.2724609375,460.811279296875,2406.154296875,886.1119995117188,1204.6260986328125,7.900000095367432,1202.471435546875,1362.30712890625,62.07798385620117,276.9861755371094,758.1760864257812,362.63470458984375,2031.891845703125,1230.29345703125,8190.31005859375,1805.3209228515625,957.3896484375,33.83243942260742,149.85362243652344,121.1321258544922,1864.2340087890625,140.00100708007812,1155.66455078125,1249.2821044921875,568.376220703125,22926.0546875,1634.7967529296875,965.527099609375,750.5384521484375,101.5685577392578,2900.03662109375,923.7603149414062,2529.0927734375,1082.987548828125,6865.9375,209.32513427734372,182.30587768554688
2022-12-30,2630.163330078125,2398.66357421875,3851.342529296875,1931.800048828125,801.8680419921875,515.051025390625,4434.60888671875,931.2828369140624,3347.2890625,1545.306396484375,647.4722290039062,228.80332946777344,791.3516235351562,139.17787170410156,4126.35205078125,718.5816650390625,1037.402099609375,179.4225616455078,1421.119384765625,542.4051513671875,3349.95361328125,367.2628784179688,830.7147827148438,3117.109130859375,136.37374877929688,83.38316345214844,834.8593139648438,1694.5947265625,1071.8740234375,901.0441284179688,770.6668701171875,558.9337158203125,2416.96533203125,464.194580078125,2399.595458984375,869.3275756835938,1205.649658203125,7.900000095367432,1191.6788330078125,1353.91357421875,63.53131866455078,273.8475646972656,756.845703125,364.3294982910156,2007.7315673828125,1217.4774169921875,8150.3095703125,1843.8275146484373,947.626220703125,34.764774322509766,149.58401489257812,122.89070892333984,1885.3233642578125,138.67074584960938,1157.436767578125,1222.184326171875,570.1412963867188,22958.287109375,1637.11376953125,966.3472900390624,741.6898803710938,102.38655853271484,2889.34521484375,926.6777954101562,2572.924072265625,1067.6429443359375,6843.17236328125,210.21124267578125,183.2389678955078
2023-01-02,2627.173095703125,2396.84619140625,3834.2236328125,1888.699951171875,805.9846801757812,517.4096069335938,4411.58203125,939.112060546875,3308.31787109375,1549.9488525390625,645.3599853515625,234.61622619628903,798.6162719726562,140.58863830566406,4111.6953125,727.4781494140625,1032.581298828125,179.1833953857422,1406.18017578125,542.5016479492188,3310.155029296875,372.3066101074219,830.2246704101562,3118.171630859375,135.0497283935547,83.8606185913086,853.437255859375,1702.2637939453125,1072.507568359375,901.1741333007812,770.9271850585938,562.931396484375,2396.71240234375,477.6295776367188,2397.112060546875,880.6473388671875,1210.0849609375,8.0,1197.783203125,1368.097412109375,64.77703857421875,274.9213256835937,763.9899291992188,363.890869140625,2011.24462890625,1230.78076171875,8158.75634765625,1840.64990234375,945.4778442382812,35.61235046386719,150.9769744873047,125.9891357421875,1961.8143310546875,139.54678344726562,1170.4779052734375,1230.86962890625,568.7478637695312,23121.19140625,1638.2432861328125,962.1011962890624,737.1930541992188,108.38523864746094,2893.559814453125,920.3868408203124,2541.474609375,1055.4951171875,6901.09228515625,215.45974731445312,183.37893676757807
2023-01-03,2636.43701171875,2399.744384765625,3823.992431640625,1892.949951171875,804.1714477539062,521.7827758789062,4447.78076171875,959.7574462890624,3334.00537109375,1560.4315185546875,650.52978515625,235.0070037841797,802.6411743164062,141.85195922851562,4063.509765625,724.148193359375,1037.35400390625,178.66517639160156,1403.5902099609375,541.8255004882812,3330.127685546875,372.2086791992188,830.8715209960938,3103.299072265625,135.09877014160156,84.03424835205078,852.7208862304688,1688.252685546875,1099.1595458984375,902.8213500976562,775.9682006835938,587.9044799804688,2400.683837890625,470.6178894042969,2381.793212890625,879.5739135742188,1235.673828125,7.949999809265137,1212.0430908203125,1366.795654296875,65.19227600097656,273.475830078125,756.6979370117188,365.4460754394531,2010.7635498046875,1217.574951171875,8138.80419921875,1873.2681884765625,953.4890747070312,35.48521423339844,150.61749267578125,125.23546600341795,1972.018310546875,139.90367126464844,1161.9124755859375,1259.0096435546875,568.9336547851562,23395.482421875,1643.5142822265625,973.7776489257812,741.8833618164062,107.65811920166016,2937.831787109375,933.424560546875,2588.871826171875,1024.5103759765625,6877.1474609375,217.8112945556641,185.24513244628903
2023-01-04,2651.926025390625,2366.931396484375,3820.099609375,1860.5,793.9288330078125,509.8916320800781,4390.73388671875,954.9202880859376,3288.7861328125,1545.306396484375,647.05859375,234.5673675537109,796.9473266601562,141.62034606933594,4056.9482421875,714.2080078125,1028.676513671875,173.12425231933594,1399.057373046875,540.859375,3371.889404296875,364.1778869628906,833.841552734375,3105.03759765625,133.77474975585938,82.8188705444336,848.8526000976562,1661.9512939453125,1119.4285888671875,898.7032470703125,762.0994873046875,590.8656616210938,2390.888671875,452.5737915039063,2376.218505859375,877.3782348632812,1217.6884765625,7.800000190734863,1194.60888671875,1341.884521484375,64.8600845336914,270.0894470214844,725.558837890625,363.0334777832031,1993.05224609375,1204.8076171875,8177.6884765625,1875.1842041015625,943.4647827148438,34.35511016845703,149.71884155273438,122.47198486328124,1913.5966796875,136.951171875,1144.418212890625,1249.7288818359375,562.2446899414062,23666.181640625,1630.771240234375,968.9528198242188,737.1446533203125,105.20411682128906,2940.7587890625,930.2335205078124,2572.9736328125,1008.2802734375,6888.70166015625,210.14306640625,181.8159637451172
2023-01-05,2750.74072265625,2397.2880859375,3822.844482421875,1860.0,803.3382568359375,515.6898193359375,4386.5244140625,947.0411376953124,3352.009765625,1466.4361572265625,600.683349609375,234.95816040039065,792.3333129882812,144.16807556152344,4131.8603515625,679.1685180664062,1049.3577880859375,173.92149353027344,1410.620361328125,553.3218383789062,3397.7021484375,365.0592956542969,842.467041015625,3146.032470703125,134.0689697265625,84.51171112060547,875.406005859375,1669.8173828125,1137.31005859375,905.2055053710938,757.2003784179688,601.5755004882812,2441.939697265625,456.6925659179688,2420.8173828125,857.9103393554688,1244.8370361328125,7.900000095367432,1187.52783203125,1324.2894287109375,65.69055938720703,275.4168701171875,739.7488403320312,362.94378662109375,2009.2235107421875,1220.83984375,8214.8740234375,1881.7734375,955.8429565429688,34.425743103027344,152.68443298339844,122.68132781982422,1913.840087890625,135.4911651611328,1142.3734130859375,1258.2652587890625,562.1516723632812,23893.3515625,1676.9642333984375,980.6292724609376,738.6920166015625,105.93122863769533,2937.609375,922.34716796875,2537.859130859375,1013.3458862304688,6890.32421875,212.22203063964844,180.50962829589844
2023-01-06,2787.6005859375,2373.464599609375,3817.304443359375,1838.25,790.1061401367188,510.8252258300781,4345.32470703125,937.4166870117188,3371.54150390625,1427.99951171875,588.901123046875,236.7655334472656,781.4364013671875,145.15769958496094,4175.78173828125,663.91015625,1037.7877197265625,170.81219482421875,1402.9888916015625,534.0968017578125,3371.251220703125,362.1212463378906,837.4191284179688,3139.176025390625,132.0093994140625,84.42491149902344,876.3133544921875,1652.4140625,1162.0618896484375,895.4088134765625,754.691650390625,603.7471313476562,2420.23095703125,453.7015380859375,2414.0244140625,849.078857421875,1239.67041015625,7.800000190734863,1154.36865234375,1300.3209228515625,66.47950744628906,276.7384033203125,717.724853515625,356.2643127441406,2008.453369140625,1232.7786865234375,8139.095703125,1848.4072265625,961.1234130859376,34.411617279052734,151.87564086914062,123.39315795898438,1876.0693359375,135.03689575195312,1152.7564697265625,1259.6549072265625,558.017578125,23513.876953125,1674.9368896484375,973.3917236328124,736.2742919921875,105.11322784423828,2849.28857421875,899.0980834960938,2514.08642578125,1007.7392578125,6865.9375,211.06326293945312,178.2235107421875
2023-01-09,2805.73583984375,2421.308349609375,3848.2978515625,1891.449951171875,800.4468994140625,515.6898193359375,4365.38037109375,956.216796875,3351.639404296875,1411.67626953125,590.1763916015625,241.5526123046875,804.4082641601562,146.02096557617188,4180.8115234375,675.1427612304688,1048.489990234375,171.37025451660156,1419.824462890625,530.90869140625,3395.395751953125,366.2345581054688,849.6224365234375,3150.71630859375,133.0391845703125,85.4666519165039,867.3826904296875,1645.531494140625,1156.1661376953125,925.4492797851562,756.1590576171875,600.5884399414062,2428.879150390625,461.6448669433594,2458.6240234375,852.2503051757812,1228.9476318359375,7.449999809265137,1190.2625732421875,1332.5931396484375,66.52102661132812,279.21630859375,731.5205688476562,361.2689208984375,2042.28759765625,1277.0745849609375,8133.22216796875,1868.781982421875,970.8118896484376,34.94841384887695,153.13377380371094,124.0630874633789,1945.693359375,135.68580627441406,1179.9747314453125,1296.6787109375,564.5672607421875,23414.55859375,1681.8585205078125,981.2564697265624,741.6898803710938,106.84012603759766,2945.46142578125,925.6292724609376,2461.141845703125,1004.3947143554688,6917.7109375,215.05072021484372,182.79574584960935
2023-01-10,2785.6884765625,2376.41162109375,3640.2763671875,1895.199951171875,780.5985717773438,505.567626953125,4423.763671875,949.63427734375,3308.549072265625,1410.9776611328125,581.3927001953125,240.3802795410156,778.343994140625,146.2736358642578,4144.9365234375,665.003662109375,1040.0535888671875,172.8053436279297,1387.402099609375,535.7874755859375,3436.961181640625,365.3530883789063,840.7420043945312,3058.972900390625,132.64688110351562,85.16281127929688,870.7735595703125,1623.3106689453125,1151.4400634765625,922.3281860351562,742.3375854492188,592.4450073242188,2393.3154296875,468.3133239746094,2477.175537109375,840.540283203125,1210.42626953125,7.25,1198.955322265625,1319.39697265625,66.93627166748047,275.3755798339844,734.3291015625,358.0089416503906,2027.8009033203125,1281.509033203125,8051.81201171875,1858.73486328125,967.8272705078124,34.764774322509766,150.93202209472656,125.06798553466795,1930.2294921875,137.43785095214844,1162.52587890625,1292.956298828125,552.9080200195312,23224.5,1662.4547119140625,976.4314575195312,743.9141235351562,108.0216827392578,2915.695556640625,914.1415405273438,2444.847412109375,999.67333984375,6805.06787109375,215.42564392089844,183.37893676757807
2023-01-11,2843.08544921875,2352.833984375,3629.19677734375,1877.1500244140625,780.6476440429688,499.32720947265625,4318.732421875,947.2406005859376,3275.086181640625,1397.3997802734375,580.5655517578125,238.817138671875,751.54345703125,148.4423828125,4132.91357421875,661.9719848632812,1010.0678100585938,170.13450622558594,1377.64306640625,529.7494506835938,3348.23583984375,364.4227294921875,835.4882202148438,3029.71142578125,132.0584259033203,84.46830749511719,860.1234741210938,1607.6280517578125,1158.066650390625,914.482177734375,753.0349731445312,592.099609375,2377.166259765625,481.4541931152344,2429.765380859375,845.3707275390625,1210.669677734375,7.449999809265137,1184.9884033203125,1320.74365234375,69.38616943359375,274.0540466308594,743.1978149414062,359.2650756835937,2045.8011474609373,1279.267333984375,8043.36474609375,1896.3533935546875,954.9874267578124,36.27628707885742,149.22457885742188,122.93258666992188,1912.3790283203125,137.53515625,1147.87158203125,1281.740234375,554.3479614257812,23182.30859375,1703.49267578125,992.0162963867188,734.2918090820312,108.0216827392578,2953.223876953125,917.5149536132812,2414.339111328125,998.0504150390624,6905.02587890625,216.8570098876953,183.75216674804688
2023-01-12,2856.7607421875,2322.8212890625,3640.575927734375,1889.8499755859373,777.2171020507812,501.5875244140625,4317.890625,933.078125,3304.939208984375,1385.5194091796875,580.826416015625,233.73696899414065,743.0518188476562,145.3050537109375,4118.49658203125,681.5045166015625,1023.1323852539062,170.5331573486328,1374.9605712890625,526.46484375,3244.05322265625,367.1649475097656,845.0352172851562,2996.876708984375,132.4507293701172,84.03424835205078,874.1165771484375,1614.8548583984375,1162.159423828125,929.0906372070312,757.0584106445312,590.6682739257812,2377.607421875,476.2566833496094,2426.766845703125,839.8572387695312,1207.258056640625,7.349999904632568,1180.9837646484375,1329.136962890625,67.76673889160156,272.4433898925781,752.3128051757812,354.80877685546875,2078.91357421875,1286.3822021484375,8125.64892578125,1882.7078857421875,960.5433959960938,36.30453872680664,149.13467407226562,122.38825225830078,1937.5838623046875,138.5409698486328,1123.0843505859375,1305.9593505859375,552.6757202148438,23515.650390625,1726.8353271484375,996.696533203125,729.408203125,107.34000396728516,2958.2373046875,913.138671875,2423.451904296875,989.0991821289062,7034.2373046875,215.800537109375,184.0554351806641
2023-01-13,2842.840576171875,2325.572021484375,3714.3916015625,1915.6500244140625,778.88330078125,509.6951599121094,4293.921875,931.6818237304688,3337.337890625,1388.8638916015625,588.6450805664062,232.5157623291016,750.31640625,147.43170166015625,4153.79736328125,707.4486694335938,1029.4959716796875,171.4898681640625,1373.017822265625,525.2572631835938,3289.593017578125,369.2705993652344,846.9563598632812,3053.661376953125,135.78529357910156,83.42655944824219,876.0747680664062,1627.341796875,1142.6697998046875,934.422607421875,757.6500244140625,596.6895141601562,2407.7880859375,479.0515441894531,2458.576904296875,852.3480224609375,1223.53759765625,7.300000190734863,1205.645751953125,1349.8292236328125,68.34807586669922,271.53485107421875,757.2891235351562,354.96832275390625,2072.80126953125,1294.422607421875,8207.3994140625,1902.19482421875,956.24658203125,37.03910446166992,150.79722595214844,123.05818939208984,1951.0751953125,138.8654327392578,1121.2667236328125,1303.2298583984375,557.5066528320312,23796.498046875,1718.32080078125,995.4901733398438,728.1026000976562,109.47590637207033,2993.90234375,914.5975341796876,2394.330078125,985.7548828125,7128.19677734375,217.57272338867188,183.7755126953125
2023-01-16,2815.8330078125,2319.873779296875,3613.225830078125,2089.800048828125,771.43408203125,508.0735473632813,4253.4150390625,910.7373657226562,3316.833984375,1381.6258544921875,591.904541015625,235.1046905517578,745.2606201171875,146.9474334716797,4128.41162109375,687.1703491210938,1021.6378784179688,170.41354370117188,1384.9971923828125,534.2900390625,3271.43603515625,366.0386962890625,848.06396484375,3031.44970703125,137.5996856689453,84.12106323242188,882.80859375,1620.8525390625,1148.3216552734375,948.207275390625,750.3843383789062,596.393310546875,2434.394775390625,473.70697021484375,2433.372802734375,844.3461303710938,1218.02978515625,7.199999809265137,1210.3828125,1369.4439697265625,68.30655670166016,272.73248291015625,748.1248168945312,355.86553955078125,2057.20751953125,1282.1912841796875,8136.23095703125,1906.5408935546875,953.890380859375,36.03614044189453,149.13467407226562,123.6025161743164,1935.611328125,139.93612670898438,1110.588623046875,1291.2691650390625,560.2007446289062,23718.27734375,1705.056640625,999.2053833007812,722.638671875,109.02145385742188,3025.206787109375,943.1343994140624,2383.08740234375,972.5249633789062,7163.54833984375,216.1413116455078,185.9683074951172
2023-01-17,2818.333251953125,2304.744873046875,3632.740234375,2166.14990234375,769.1797485351562,508.5649108886719,4281.3447265625,915.2752685546876,3338.865234375,1370.6439208984375,589.34912109375,234.61622619628903,751.6907958984375,146.71580505371094,4178.65625,677.3296508789062,1030.797607421875,169.89535522460938,1387.4945068359375,537.6712646484375,3285.372802734375,367.6546020507813,853.10205078125,3070.947509765625,135.3439483642578,84.59852600097656,887.6322021484375,1632.8477783203125,1148.0294189453125,963.2493286132812,761.5551147460938,601.5755004882812,2441.67529296875,478.4631652832031,2499.38134765625,844.2484741210938,1217.8348388671875,7.25,1201.68994140625,1382.01171875,67.76673889160156,274.4257507324219,746.4495849609375,358.4276733398437,2130.266845703125,1287.307861328125,8232.5927734375,1908.0362548828125,964.0475463867188,35.569969177246094,150.7073516845703,123.81185913085938,1936.8533935546875,141.72059631347656,1126.3560791015625,1288.8370361328125,550.8641967773438,23748.984375,1706.0703125,996.5516967773438,725.3464965820312,108.47612762451172,3065.447998046875,953.71044921875,2385.16748046875,970.5084838867188,7254.802734375,216.72071838378903,184.9185791015625
2023-01-18,2862.838623046875,2323.41064453125,3590.167724609375,2096.89990234375,770.89501953125,511.4640197753906,4298.13134765625,921.55859375,3341.595947265625,1365.0531005859375,590.6982421875,234.3719787597656,762.34228515625,145.7261962890625,4208.9755859375,687.9656982421875,1025.3017578125,172.88507080078125,1391.2410888671875,538.6856689453125,3325.711181640625,368.6340026855469,855.5722045898438,3068.67822265625,134.0689697265625,84.42491149902344,887.4410400390625,1648.3828125,1172.0989990234375,966.803955078125,774.9979248046875,593.2839965820312,2444.41064453125,493.2220764160156,2516.855712890625,848.493408203125,1169.9227294921875,7.300000190734863,1194.51123046875,1387.308349609375,68.2235107421875,276.4080505371094,755.9588623046875,358.716796875,2181.66796875,1288.5748291015625,8246.8642578125,1913.223388671875,958.1315307617188,36.27628707885742,152.28004455566406,124.98426818847656,1928.52490234375,142.33706665039062,1124.492919921875,1300.94677734375,549.4706420898438,23717.787109375,1775.1134033203125,1003.6926879882812,725.7816772460938,111.29368591308594,3075.9736328125,955.807373046875,2401.1650390625,985.656494140625,7162.17138671875,220.94671630859372,188.1144561767578
2023-01-19,2861.17236328125,2349.100830078125,3457.259521484375,1954.300048828125,760.65234375,510.2847290039063,4276.68994140625,926.2462768554688,3310.16943359375,1352.923095703125,592.05712890625,230.8061065673828,757.87548828125,147.24220275878906,4188.5712890625,697.0609741210938,1026.6998291015625,178.54556274414062,1387.6796875,536.1256713867188,3319.33154296875,367.6546020507813,849.2695922851562,3058.15185546875,133.3824462890625,84.7287368774414,887.5842895507812,1648.776123046875,1174.6812744140625,972.2716064453124,778.216552734375,597.4297485351562,2444.057861328125,489.2503967285156,2482.703369140625,845.2244262695312,1140.1419677734375,7.400000095367432,1172.584228515625,1381.47314453125,69.13702392578125,274.3431396484375,748.96240234375,352.37628173828125,2188.021240234375,1286.0408935546875,8254.244140625,1932.1964111328125,951.256103515625,36.48818206787109,151.6060333251953,127.07778930664062,2073.93359375,143.2455596923828,1123.288818359375,1313.3046875,547.984130859375,24042.697265625,1765.2667236328125,1004.126953125,714.1768798828125,112.29347229003906,3060.63916015625,960.320556640625,2362.484375,997.4601440429688,7092.25537109375,225.4794921875,188.207763671875
2023-01-20,2875.97509765625,2314.176025390625,3449.873046875,1975.5999755859373,759.0841674804688,508.8106384277344,4244.10595703125,928.0913696289062,3307.20703125,1331.0091552734375,577.08447265625,231.68533325195312,750.463623046875,145.8525390625,4137.36865234375,702.0311889648438,1015.7080688476562,180.97720336914065,1387.587158203125,546.80078125,3281.201416015625,361.6804809570313,852.8766479492188,3042.507080078125,131.66612243652344,85.9441146850586,890.5931396484375,1627.587646484375,1124.1549072265625,969.1221923828124,786.1923828125,582.919677734375,2423.6728515625,480.4735107421875,2388.07080078125,849.3228759765625,1124.44775390625,7.25,1174.43994140625,1369.48876953125,68.84636688232422,276.36669921875,730.6337280273438,351.4989624023437,2165.737548828125,1281.3629150390625,8194.1943359375,1892.287841796875,928.0053100585938,36.00788497924805,151.6060333251953,126.9521713256836,2105.762451171875,144.8677978515625,1109.9295654296875,1286.50439453125,550.1673583984375,24073.703125,1772.9412841796875,994.2839965820312,714.1285400390625,111.74813079833984,3051.5654296875,954.1207885742188,2348.8642578125,954.0325317382812,7057.64111328125,225.54763793945312,188.0911102294922
2023-01-23,2889.650634765625,2282.59130859375,3430.109130859375,1931.8499755859373,753.791259765625,492.4481201171875,4293.8232421875,930.2357177734376,3354.231689453125,1330.5599365234375,577.340576171875,242.2364959716797,758.5626831054688,147.2211456298828,4155.47412109375,708.5420532226562,1024.482177734375,183.44873046875,1378.93798828125,545.2550659179688,3322.963134765625,361.92529296875,850.3772583007812,3093.545654296875,133.3824462890625,88.76551818847656,885.2919921875,1603.94091796875,1169.370361328125,980.8449096679688,791.9434204101562,581.587158203125,2448.51416015625,484.6413269042969,2432.716796875,850.6401977539062,1130.7838134765625,7.050000190734863,1176.637451171875,1389.6422119140625,69.30311584472656,278.96844482421875,723.2432250976562,355.6561889648437,2149.9033203125,1294.71484375,8172.15478515625,1924.205322265625,936.0794067382812,35.428707122802734,149.94349670410156,127.58023071289062,2237.095703125,146.06825256347656,1104.31787109375,1285.809814453125,557.831787109375,22709.48046875,1771.5511474609375,1012.5706176757812,717.996826171875,110.88468933105467,3098.567138671875,971.26123046875,2342.32666015625,965.6394653320312,6735.69287109375,224.35479736328125,189.88735961914065
2023-01-24,2887.052490234375,2294.625732421875,3435.748779296875,1916.800048828125,746.0970458984375,490.3352661132813,4263.66552734375,907.7951049804688,3412.502685546875,1330.510009765625,576.5577392578125,242.62728881835935,761.458740234375,146.9474334716797,4211.2265625,721.1661376953125,1024.0966796875,181.45556640625,1349.845947265625,547.7185668945312,3293.862548828125,357.37127685546875,833.6944580078125,3115.9501953125,132.4016876220703,88.5484848022461,887.7276611328125,1576.3121337890625,1162.93896484375,995.4104614257812,802.5462036132812,581.9326171875,2446.131591796875,475.2760009765625,2436.55810546875,849.7131958007812,1114.796875,7.050000190734863,1184.0606689453125,1393.143310546875,69.0539779663086,279.9596862792969,711.5167846679688,350.9705810546875,2124.87646484375,1290.280517578125,8445.6572265625,1978.787353515625,932.38671875,35.16030502319336,149.22457885742188,127.41273498535156,2234.73291015625,143.3752899169922,1097.7972412109375,1263.82373046875,552.1647338867188,22286.923828125,1759.67724609375,1004.2716064453124,716.4978637695312,109.4304656982422,3117.985107421875,976.0934448242188,2348.3193359375,967.7542114257812,6696.3095703125,224.6956329345703,190.16798400878903
2023-01-25,2816.764892578125,2127.614990234375,3382.795166015625,1857.800048828125,699.0003662109375,452.2542724609375,4183.79052734375,889.9921875,3441.106201171875,1312.190185546875,570.7330932617188,239.3056182861328,762.2931518554688,146.02096557617188,4203.65869140625,714.108642578125,998.1603393554688,180.299560546875,1342.3995361328125,544.1923217773438,3273.8896484375,344.786376953125,823.539794921875,3103.685791015625,129.70462036132812,87.59355163574219,873.209228515625,1567.020751953125,1153.2672119140625,982.2005615234376,780.370361328125,577.4907836914062,2457.692138671875,479.6399536132813,2457.03125,834.6364135742188,1108.314208984375,6.75,1129.2183837890625,1385.1536865234375,68.51417541503906,280.2074584960937,714.078857421875,348.8869934082031,2093.303955078125,1278.1954345703125,8528.474609375,1934.6729736328125,929.7186889648438,34.99079132080078,149.0897674560547,127.66397857666016,2251.247802734375,142.36952209472656,1082.620361328125,1248.140625,528.3353881835938,21831.88671875,1734.9444580078125,1003.64453125,715.6759033203125,109.97579956054688,3112.04150390625,958.3603515625,2334.30322265625,1020.9199829101562,6593.45166015625,222.37814331054688,187.8060760498047
2023-01-27,2747.99609375,1846.694091796875,2756.4345703125,1486.25,585.1058959960938,373.8812255859375,4203.39990234375,871.44140625,3644.1533203125,1312.040283203125,567.2669067382812,234.66505432128903,760.3297119140625,141.72560119628906,4196.23486328125,705.6593017578125,1009.7303466796876,177.30984497070312,1338.421875,542.9846801757812,3324.6806640625,348.60595703125,845.70166015625,3061.09716796875,129.4594268798828,86.0743408203125,866.427490234375,1551.977294921875,1144.1817626953125,975.9456176757812,764.8211059570312,580.1065063476562,2414.5830078125,469.73529052734375,2447.4736328125,797.45703125,1103.1966552734375,6.400000095367432,1090.3944091796875,1363.7435302734375,67.26846313476562,285.7826538085937,710.8269653320312,341.56951904296875,2079.009765625,1286.67431640625,8483.2314453125,1936.916015625,928.7931518554688,34.73652267456055,149.44923400878906,123.64435577392578,2242.892822265625,142.27220153808594,1062.081787109375,1240.9940185546875,501.62591552734375,21589.779296875,1713.2813720703125,1006.877197265625,711.0338745117188,109.65768432617188,3095.07373046875,939.16845703125,2309.193359375,1033.6090087890625,6603.7763671875,217.94761657714844,186.1691131591797
2023-01-30,2759.41650390625,1870.664794921875,2887.59619140625,1189.0,585.1549072265625,380.80950927734375,4197.0126953125,869.5463256835938,3555.658203125,1341.6416015625,592.9778442382812,236.3258819580078,756.1084594726562,141.11502075195312,4221.47705078125,706.5042724609375,997.3406982421876,180.0603790283203,1341.890869140625,539.1204833984375,3304.020751953125,345.8636779785156,848.60302734375,3082.05322265625,130.48922729492188,82.42821502685547,863.2755126953125,1571.789306640625,1149.4083251953125,992.6985473632812,764.0402221679688,580.3533935546875,2384.7109375,463.21392822265625,2406.247802734375,803.6046752929688,1105.0487060546875,6.800000190734863,1063.6815185546875,1381.383544921875,67.89131927490234,284.79156494140625,691.463623046875,344.19146728515625,2033.81689453125,1297.7850341796875,8560.4169921875,1978.4603271484373,926.3546752929688,34.58113098144531,151.74085998535156,121.34147644042967,2261.48974609375,137.4702911376953,1072.26025390625,1224.3182373046875,500.0001525878906,22264.201171875,1689.6202392578125,1014.886474609375,711.4207763671875,107.9307861328125,3115.580322265625,944.6387939453124,2313.45263671875,1016.7886962890624,6773.01123046875,219.4130859375,188.1334686279297
2023-01-31,2783.581298828125,1933.686767578125,2968.4990234375,1223.9000244140625,600.494384765625,394.27294921875,4215.037109375,869.297119140625,3534.46044921875,1340.2440185546875,579.6448364257812,238.5728912353516,756.2066650390625,144.5470733642578,4136.0751953125,702.7269897460938,981.4801025390624,179.2631378173828,1344.1109619140625,538.8306274414062,3253.86767578125,348.7038269042969,847.6915283203125,3151.489013671875,131.86227416992188,82.60184478759766,872.3017578125,1563.5301513671875,1154.4884033203125,981.7197875976562,758.9990844726562,571.3707885742188,2438.498291015625,459.34033203125,2414.3056640625,811.8018188476562,1101.295654296875,7.050000190734863,1057.7235107421875,1376.849853515625,67.89131927490234,291.0275573730469,705.9984741210938,345.1385803222656,2044.886474609375,1343.737548828125,8636.4384765625,1937.2900390625,919.1941528320312,34.79302215576172,153.80780029296875,121.34147644042967,2297.091064453125,140.5850067138672,1069.5792236328125,1210.5213623046875,514.2141723632812,23347.7734375,1705.0224609375,998.2886352539062,705.4733276367188,108.79422760009766,3047.5732421875,925.4013671875,2354.658935546875,1019.7888793945312,6967.56640625,226.57009887695312,186.5432891845703
2023-02-01,2734.174072265625,1813.9794921875,2131.471923828125,1155.3499755859375,485.3257141113281,328.3315124511719,4221.72216796875,854.9849853515625,3528.027099609375,1266.2156982421875,572.83056640625,231.5876617431641,755.028564453125,140.94656372070312,4187.18212890625,745.321044921875,995.074951171875,175.9146270751953,1343.6483154296875,542.88818359375,3294.64794921875,341.79931640625,853.0531005859375,3189.876220703125,128.8219451904297,83.38316345214844,888.0142211914062,1561.1705322265625,1170.3636474609375,990.3802490234376,770.3828735351562,509.0368347167969,2406.729248046875,458.8009643554688,2411.962890625,827.4640502929688,1097.0064697265625,6.699999809265137,1017.5809326171876,1392.4251708984375,66.27189636230469,298.50250244140625,719.05517578125,347.8701171875,2065.2451171875,1317.715576171875,8513.66796875,1936.682373046875,922.6790161132812,34.17146682739258,152.7742919921875,120.79717254638672,2295.52294921875,140.52012634277344,1063.240478515625,1101.1866455078125,489.9201965332031,23576.865234375,1715.8883056640625,979.3748168945312,716.401123046875,110.9301300048828,3092.623779296875,933.37890625,2323.704345703125,1001.6898193359376,7022.48681640625,223.57098388671875,188.20364379882807
2023-02-02,2775.8369140625,1808.8709716796875,1562.4072265625,1039.8499755859375,453.2745056152344,346.46295166015625,4190.87158203125,866.1553955078125,3508.9580078125,1269.8099365234375,563.0276489257812,221.6226959228516,763.5203247070312,139.89378356933594,4380.78515625,770.3704833984375,988.5667724609376,173.5228729248047,1351.8809814453125,535.642578125,3206.462646484375,347.1858215332031,856.6994018554688,3107.017333984375,130.7344207763672,81.51669311523438,897.5658569335938,1571.9368896484375,1171.145263671875,1005.6897583007812,758.9280395507812,486.333984375,2348.220947265625,456.3983459472656,2468.742919921875,837.1736450195312,1101.880615234375,6.800000190734863,1050.837890625,1421.73486328125,65.23380279541016,312.70904541015625,716.7887573242188,351.2696838378906,2064.619384765625,1318.0567626953125,8612.0205078125,1958.786376953125,916.1419067382812,33.79005432128906,149.98843383789062,120.12723541259766,2364.153076171875,138.0218505859375,1057.35595703125,1099.3009033203125,490.616943359375,24174.544921875,1704.4688720703125,972.330322265625,712.871337890625,109.02145385742188,3139.85205078125,926.90576171875,2286.262451171875,990.5198364257812,7048.29931640625,222.9234161376953,191.50094604492188
2023-02-03,2750.593994140625,1892.867431640625,1583.918212890625,935.9000244140624,488.9523010253906,367.1495056152344,4210.7783203125,880.2680053710938,3566.211181640625,1335.2520751953125,592.2344360351562,222.4531097412109,778.3931274414062,137.57765197753906,4434.23974609375,776.4837646484375,985.6741943359376,174.51942443847656,1351.603515625,515.596435546875,2830.9033203125,346.2064819335937,854.3958740234375,3203.010009765625,130.83248901367188,80.56175994873047,893.0765380859375,1589.2415771484375,1169.2889404296875,1002.6713256835938,785.1747436523438,482.58306884765625,2342.308349609375,450.759521484375,2481.7666015625,842.9310913085938,1104.902587890625,6.849999904632568,1077.8438720703125,1435.7840576171875,65.15074157714844,314.4022521972656,721.1737670898438,354.96832275390625,2085.459228515625,1352.7528076171875,8682.0703125,1950.842041015625,918.5441284179688,33.52165985107422,152.6626739501953,120.83903503417967,2377.188720703125,139.41696166992188,1058.2874755859375,1129.6246337890625,505.5742492675781,24119.685546875,1764.01318359375,992.1610107421876,702.6688232421875,109.385009765625,3159.7236328125,922.0279541015624,2439.7958984375,1023.6838989257812,7069.49072265625,222.74624633789065,190.7760009765625
2023-02-06,2874.259521484375,1934.914794921875,1569.84375,889.0999755859375,534.6277465820312,373.1933288574219,4279.21533203125,880.3179321289062,3563.017578125,1340.8428955078125,601.0919189453125,230.8061065673828,774.8098754882812,140.54649353027344,4431.173828125,776.4339599609375,992.9055786132812,175.07754516601562,1344.5272216796875,526.2232666015625,2726.52392578125,346.59820556640625,852.6707763671875,3148.929443359375,130.3421173095703,82.34141540527344,895.2733764648438,1590.9622802734375,1171.7801513671875,1002.2777709960938,781.8377075195312,475.8215942382813,2378.268798828125,438.6974792480469,2471.3193359375,833.0750732421875,1105.6336669921875,8.25,1102.8475341796875,1409.2568359375,65.81512451171875,316.6736755371094,700.6771850585938,348.3287048339844,2075.400146484375,1341.057373046875,8648.7685546875,1957.6649169921875,919.3753662109376,33.634674072265625,153.123779296875,120.16910552978516,2371.30810546875,140.8446044921875,1050.3128662109375,1129.97216796875,506.6890869140625,23777.96484375,1793.5521240234375,987.5289306640624,705.715087890625,106.74922943115234,3139.444091796875,916.6032104492188,2434.743896484375,1044.98583984375,7008.57177734375,217.04116821289065,189.25596618652344
2023-02-07,2963.95751953125,1958.984130859375,1799.675537109375,844.6500244140625,542.1749267578125,377.4190673828125,4274.1640625,876.7772216796875,3591.11181640625,1348.1810302734375,606.640869140625,229.5360412597656,771.521240234375,139.87271118164062,4413.1640625,776.7323608398438,994.351806640625,175.15724182128906,1358.864990234375,517.4802856445312,2699.876953125,349.7811584472656,870.4513549804688,3162.44970703125,128.4786834716797,83.3397445678711,898.4253540039062,1589.1925048828125,1171.2916259765625,987.0122680664062,782.997314453125,476.7099914550781,2340.852294921875,421.2417297363281,2437.2138671875,832.1480712890625,1091.4500732421875,7.949999809265137,1116.277099609375,1402.569091796875,65.64904022216797,308.2901611328125,703.6827392578125,353.9913024902344,2084.255615234375,1331.99365234375,8507.4541015625,1954.440185546875,917.2728881835938,33.25325393676758,152.3860321044922,121.1321258544922,2362.291015625,140.7147979736328,1047.7908935546875,1123.371337890625,508.2684326171875,23917.2578125,1816.6533203125,971.1723022460938,704.2161254882812,101.29589080810548,3150.876953125,913.959228515625,2423.748779296875,1038.560546875,6954.04541015625,218.38771057128903,187.31500244140625
2023-02-08,3018.8056640625,1939.041015625,2160.3193359375,802.4500122070312,587.3602294921875,378.0086975097656,4349.087890625,869.4467163085938,3591.898681640625,1366.6505126953125,625.458740234375,233.5415802001953,760.9187622070312,140.73602294921875,4401.62060546875,791.2946166992188,1001.8723754882812,176.01486206054688,1348.6895751953125,515.837890625,2747.18359375,352.8661804199219,879.7728271484375,3117.350830078125,128.8219451904297,83.16612243652344,898.52099609375,1609.1029052734375,1201.9185791015625,1001.6656494140624,782.9026489257812,501.9791870117188,2307.3623046875,428.0573425292969,2419.97412109375,838.3446044921875,1102.5631103515625,7.900000095367432,1118.6700439453125,1427.7943115234375,65.81512451171875,310.1898498535156,721.2723999023438,352.01739501953125,2051.095458984375,1338.1824951171875,8577.6015625,1987.7596435546875,918.0895385742188,34.03020477294922,152.61656188964844,120.50406646728516,2368.759521484375,140.81443786621094,1068.7159423828125,1155.8787841796875,510.7303161621094,23895.275390625,1818.3719482421875,984.8809204101562,700.541259765625,101.29589080810548,3194.022216796875,921.7999877929688,2443.4111328125,1027.5885009765625,7129.62255859375,222.60455322265625,190.23812866210935
2023-02-09,3066.448486328125,1882.3065185546875,1922.2025146484373,762.3499755859375,570.7465209960938,351.6222839355469,4347.15625,865.4074096679688,3559.916748046875,1397.948974609375,635.6359252929688,236.47244262695312,752.6234130859375,140.5254669189453,4442.38232421875,791.3443603515625,984.9029541015624,175.23890686035156,1357.153564453125,515.1615600585938,2770.837158203125,349.3404846191406,879.7140502929688,3126.1865234375,127.44889068603516,83.20953369140625,898.664306640625,1615.8870849609375,1206.2657470703125,1002.8463745117188,781.2697143554688,511.9486999511719,2258.428955078125,435.9516296386719,2423.6279296875,840.0036010742188,1106.6573486328125,7.849999904632568,1136.6903076171875,1451.583740234375,66.10578918457031,309.1160583496094,713.1920166015625,353.0940856933594,2067.025634765625,1337.353759765625,8545.0771484375,2000.23681640625,918.3506469726562,33.87481689453125,153.07763671875,122.43009948730467,2364.373779296875,141.37901306152344,1070.5789794921875,1171.710693359375,511.7057800292969,22869.916015625,1808.292724609375,978.8529663085938,698.1719360351562,101.11410522460938,3212.85009765625,926.3131103515624,2439.251220703125,1037.7205810546875,7060.1982421875,219.7696990966797,190.96307373046875
2023-02-10,3103.945556640625,1847.3326416015625,1843.5955810546875,724.25,572.3638916015625,354.57049560546875,4373.84765625,864.9585571289062,3546.864501953125,1399.4464111328125,633.7156372070312,238.67059326171875,757.8264770507812,140.65179443359375,4428.34814453125,774.1693725585938,996.1837158203124,172.7477569580078,1356.9686279296875,514.340576171875,2759.157470703125,354.0414428710937,882.0861206054688,3102.237060546875,128.92002868652344,83.20953369140625,898.234375,1607.8739013671875,1173.2454833984375,975.989501953125,784.3700561523438,515.7982788085938,2279.697021484375,424.7721252441406,2415.00830078125,833.2214965820312,1123.375244140625,7.849999904632568,1134.15087890625,1443.9981689453125,66.27189636230469,306.7208251953125,708.4620361328125,353.3233642578125,2082.8603515625,1330.775390625,8554.931640625,2012.57421875,919.4889526367188,33.56403732299805,152.15548706054688,122.84884643554688,2396.64306640625,142.2093048095703,1061.763671875,1175.7305908203125,513.7960815429688,23629.755859375,1824.0526123046875,978.6585693359376,702.6688232421875,98.8873291015625,3209.855224609375,927.5439453125,2445.144775390625,1062.9764404296875,7086.06005859375,220.1949157714844,189.79380798339844
2023-02-13,3019.001953125,1791.08935546875,1714.530517578125,688.0499877929688,542.7140502929688,336.5373229980469,4316.80078125,856.830078125,3594.86083984375,1386.268310546875,624.8532104492188,231.5876617431641,754.5377197265625,141.03077697753906,4395.10693359375,767.8470458984375,985.3367919921876,174.0137481689453,1344.8970947265625,516.3209838867188,2721.8125,350.51568603515625,887.006591796875,3141.155517578125,127.89022827148438,83.12271881103516,882.4265747070312,1595.0919189453125,1156.2957763671875,973.67138671875,784.961669921875,507.8523254394531,2260.502685546875,419.4275512695313,2418.28759765625,830.0988159179688,1114.3582763671875,7.849999904632568,1130.390625,1407.1025390625,66.02274322509766,309.0747985839844,707.5751342773438,353.6723022460937,2120.83349609375,1318.6414794921875,8553.0869140625,1989.442138671875,919.6314697265624,33.42277526855469,154.78363037109375,124.0630874633789,2313.874755859375,143.4713134765625,1055.7203369140625,1170.37060546875,499.3498229980469,23850.373046875,1823.26611328125,987.0684814453124,694.15869140625,98.84188079833984,3159.814208984375,914.0048217773438,2495.216552734375,1056.847900390625,7059.70654296875,218.81295776367188,187.3617706298828
2023-02-14,3016.6982421875,1798.113525390625,1746.522216796875,653.6500244140625,553.8877563476562,330.6900634765625,4227.86328125,868.4493408203125,3588.0107421875,1396.3017578125,636.0003051757812,230.61070251464844,761.0169677734375,139.4516143798828,4406.45849609375,772.7755737304688,991.5074462890624,172.95196533203125,1334.4906005859375,512.0219116210938,2739.9208984375,346.6471862792969,889.6922607421875,3066.84326171875,127.2527313232422,82.8188705444336,888.8260498046875,1577.787109375,1174.1737060546875,984.5626831054688,792.2274780273438,505.4339599609375,2243.692138671875,426.3901672363281,2416.97607421875,844.3948364257812,1112.8961181640625,7.699999809265137,1129.902099609375,1430.2633056640625,65.7320785522461,319.1928405761719,713.2904663085938,352.98443603515625,2109.619384765625,1328.53369140625,8519.10546875,2011.452392578125,922.3431396484376,32.758846282958984,153.123779296875,124.31431579589844,2328.45361328125,142.80709838867188,1080.598388671875,1153.0994873046875,502.4620056152344,24284.51171875,1820.67333984375,978.8043823242188,697.2532958984375,99.29633331298828,3175.875,922.7117919921876,2483.18115234375,1065.9417724609375,7020.3232421875,222.67539978027344,189.4664306640625
2023-02-15,3087.57421875,1819.579345703125,1775.8687744140625,621.0,557.7594604492188,338.8959045410156,4444.81005859375,866.0057983398438,3615.1328125,1418.4652099609375,639.0775146484375,236.7166748046875,771.0303955078125,139.4516143798828,4395.53759765625,779.2472534179688,993.8696899414062,173.8912353515625,1349.291015625,516.707275390625,2770.24853515625,353.5517272949219,886.0557861328125,3197.650146484375,127.1546630859375,82.73207092285156,893.5540161132812,1598.8773193359375,1190.048828125,991.0802001953124,790.6182250976562,512.392822265625,2269.724609375,425.5566711425781,2387.78955078125,849.761962890625,1106.6085205078125,7.75,1122.821044921875,1433.6746826171875,66.02274322509766,320.8559265136719,716.5424194335938,356.0050964355469,2093.640869140625,1344.322265625,8587.94140625,2017.5743408203125,930.9487915039062,33.40864944458008,152.89320373535156,123.51876831054688,2367.36328125,142.47499084472656,1105.0675048828125,1171.6114501953125,503.7626953125,24536.62109375,1881.528564453125,967.7694091796876,704.119384765625,100.25067138671876,3194.521240234375,976.82275390625,2500.416748046875,1093.76806640625,7032.7626953125,221.824951171875,190.54214477539065
2023-02-16,3125.60986328125,1809.263916015625,1793.3370361328125,616.2999877929688,565.7477416992188,341.794921875,4598.568359375,862.4652099609375,3616.244140625,1425.85302734375,633.8928833007812,236.5212860107422,770.0977172851562,137.15655517578125,4379.779296875,778.8489990234375,998.4013061523438,175.97401428222656,1340.64208984375,517.4319458007812,2823.296630859375,364.031005859375,885.947998046875,3176.356201171875,127.74311065673828,83.29634094238281,890.5931396484375,1602.3184814453125,1199.0364990234375,986.9246826171876,787.7544555664062,507.9510192871094,2256.222900390625,426.2921752929688,2367.78564453125,848.4446411132812,1090.2318115234375,7.5,1121.60009765625,1437.9384765625,66.27189636230469,321.1497802734375,717.3306884765625,356.4936218261719,2096.76904296875,1333.40673828125,8548.86328125,2114.635009765625,948.730712890625,34.34098434448242,154.36863708496094,130.5530548095703,2420.679443359375,142.54141235351562,1104.2042236328125,1165.40771484375,501.7651977539063,24805.291015625,1877.625,967.5264282226562,708.47119140625,101.79578399658205,3228.456787109375,1030.4776611328125,2498.534423828125,1110.9677734375,7052.33154296875,223.13604736328125,191.7114105224609
2023-02-17,3074.388916015625,1807.053466796875,1719.5714111328125,628.6500244140625,567.1690063476562,347.1999816894531,4570.392578125,852.6412353515625,3604.85791015625,1411.726318359375,631.8644409179688,229.58489990234372,762.587646484375,139.6832275390625,4342.658203125,775.9616088867188,989.0006103515624,177.64840698242188,1346.053466796875,516.3692626953125,2777.364013671875,357.0284729003906,884.1934814453125,3172.396728515625,124.65373229980467,83.3397445678711,899.858154296875,1615.3955078125,1198.743408203125,970.653076171875,783.8021240234375,497.7347717285156,2295.928955078125,421.1927185058594,2356.91650390625,841.8088989257812,1089.2568359375,7.25,1088.73388671875,1421.7799072265625,66.89474487304688,321.8633728027344,717.774169921875,350.77117919921875,2143.02099609375,1307.4334716796875,8551.4365234375,2090.3349609375,919.36572265625,34.24210357666016,154.96807861328125,131.13926696777344,2406.27197265625,142.01004028320312,1108.81640625,1141.1883544921875,493.3111267089844,25437.13671875,1861.45703125,957.1719360351562,702.3303833007812,102.02300262451172,3176.827880859375,1029.520263671875,2476.64404296875,1091.1485595703125,7176.33154296875,222.53366088867188,190.0276641845703
2023-02-20,3111.640625,1818.105712890625,1618.505126953125,597.25,568.1981811523438,346.3646850585937,4566.33154296875,844.5127563476562,3613.652099609375,1402.2918701171875,627.009765625,230.21990966796875,764.894775390625,137.3460235595703,4266.548828125,766.7518310546875,929.4629516601562,178.3018341064453,1347.0247802734375,516.8523559570312,2846.85205078125,357.07745361328125,877.2244262695312,3177.708251953125,123.57491302490234,83.07931518554688,886.1038818359375,1604.6292724609375,1187.6551513671875,976.0331420898438,776.4415893554688,501.386962890625,2288.594482421875,425.8508605957031,2353.1220703125,831.5137329101562,1085.69873046875,7.050000190734863,1083.4598388671875,1429.5450439453125,66.06427001953125,322.40899658203125,712.7977294921875,346.3946533203125,2142.20263671875,1312.0628662109375,8440.6572265625,2096.45654296875,909.7835693359376,33.535789489746094,154.82972717285156,129.6737823486328,2480.611328125,143.33847045898438,1097.093017578125,1149.823974609375,487.8763732910156,26183.240234375,1862.622314453125,957.0748291015624,698.02685546875,102.1138916015625,3164.260986328125,1043.1962890625,2450.740966796875,1117.689453125,7303.18359375,220.3012237548828,190.37844848632807
2023-02-21,3106.984375,1796.2470703125,1568.24658203125,567.4000244140625,571.6287231445312,346.7577819824219,4458.82373046875,841.8198852539062,3551.909423828125,1392.0087890625,628.1766357421875,224.5047149658203,764.7965087890625,136.1248016357422,4314.015625,770.0374755859375,931.3430786132812,174.83055114746094,1348.8284912109375,516.997314453125,2864.5185546875,350.1239318847656,879.4494018554688,3161.918701171875,124.89892578125,82.73207092285156,895.1779174804688,1605.7598876953125,1188.6322021484375,966.8475952148438,779.3526611328125,494.5760803222656,2282.3466796875,423.154052734375,2357.526123046875,833.5630493164062,1072.4412841796875,7.0,1076.0855712890625,1417.9197998046875,65.77359771728516,320.8978881835937,709.59521484375,344.9790344238281,2146.0048828125,1317.5206298828125,8417.5498046875,2065.80078125,911.0233154296876,33.70530700683594,159.76327514648438,129.0457000732422,2434.522705078125,144.2683563232422,1106.0445556640625,1141.83349609375,486.2970275878906,26201.017578125,1919.28271484375,944.630126953125,702.2820434570312,102.84100341796876,3131.322998046875,1034.306884765625,2440.291259765625,1112.845947265625,7218.3203125,218.31686401367188,188.36734008789065
2023-02-22,3110.317626953125,1721.3868408203125,1402.298583984375,539.0499877929688,536.2449951171875,329.6090393066406,4406.3818359375,831.1481323242188,3555.24169921875,1358.7135009765625,610.3926391601562,222.7461853027344,758.0228271484375,134.9456787109375,4295.95849609375,762.0723876953125,928.0648193359376,173.03363037109375,1348.2734375,515.1133422851562,2866.432373046875,341.4075927734375,877.5968627929688,3138.306640625,122.7903060913086,82.94908905029297,888.2052612304688,1547.7493896484375,1173.929443359375,955.8248291015624,764.063720703125,488.0613708496094,2263.24072265625,421.3888854980469,2336.819580078125,818.9742431640625,1070.7841796875,7.0,1067.2952880859375,1402.0303955078125,64.1957015991211,322.2410888671875,689.7391967773438,339.06719970703125,2112.603515625,1286.23583984375,8406.966796875,2056.17431640625,902.5867309570312,32.67407989501953,157.2273406982422,128.62701416015625,2469.56103515625,142.57464599609375,1080.9617919921875,1122.7757568359375,479.7009582519531,25888.947265625,1894.4044189453125,941.664794921875,697.6884155273438,101.02322387695312,3086.453857421875,1026.3292236328125,2408.544189453125,1101.478271484375,7085.765625,214.9150848388672,184.8127899169922
2023-02-23,3076.546142578125,1697.17041015625,1380.138916015625,512.0999755859375,540.9006958007812,331.0831298828125,4405.341796875,842.1190185546875,3547.095947265625,1344.7364501953125,610.7569580078125,223.82086181640625,748.9910888671875,134.98780822753906,4264.34521484375,748.2327270507812,925.8954467773438,175.52479553222656,1345.035888671875,521.4412231445312,2819.959716796875,335.8251647949219,872.2842407226562,3130.822265625,125.38929748535156,85.11940002441406,892.4556274414062,1553.8453369140625,1172.3663330078125,957.35595703125,758.8807373046875,480.5596008300781,2259.663818359375,428.00830078125,2333.633056640625,819.462158203125,1066.543701171875,6.699999809265137,1050.544677734375,1392.0660400390625,64.1126480102539,325.3892517089844,691.0694580078125,340.3831481933594,2078.336181640625,1280.5831298828125,8443.181640625,2040.33251953125,901.3228759765624,33.069618225097656,156.3974151611328,129.5062713623047,2435.9931640625,141.6446990966797,1075.7818603515625,1126.9942626953125,484.0208740234375,25315.9140625,1897.6090087890625,945.5050659179688,692.5147094726562,101.84123229980467,3097.569091796875,1029.1556396484375,2371.8447265625,1104.44384765625,7057.44482421875,214.66702270507807,184.2515411376953
2023-02-24,3080.1240234375,1699.577392578125,1313.2606201171875,486.5,547.8108520507812,339.2890014648437,4433.7060546875,849.1505126953125,3563.804443359375,1356.766845703125,614.0951538085938,223.5277557373047,743.2481079101562,133.72445678710938,4255.771484375,759.5333862304688,927.3417358398438,177.28085327148438,1354.748779296875,516.7556762695312,2861.181396484375,338.9101867675781,880.4197998046875,3095.718505859375,124.7027816772461,89.80725860595703,886.1992797851562,1548.7818603515625,1153.657958984375,957.793212890625,752.1119995117188,476.6112365722656,2250.744384765625,407.2183227539063,2327.590087890625,819.413330078125,1061.6695556640625,6.75,1054.0120849609375,1392.021240234375,64.23721313476562,323.2904968261719,675.0072631835938,338.419189453125,2054.17529296875,1247.690185546875,8408.4716796875,2054.25830078125,902.9129028320312,32.6901741027832,157.6884307861328,133.24574279785156,2398.75048828125,142.84030151367188,1083.14306640625,1113.7431640625,484.0673522949219,25096.8203125,1891.491455078125,943.5606689453124,692.5630493164062,99.75077056884766,3085.455810546875,1020.2208862304688,2376.4013671875,1092.5819091796875,7096.53271484375,208.6784820556641,183.94754028320312
2023-02-27,3046.8427734375,1664.9964599609375,1191.3323974609375,462.2000122070313,550.849365234375,324.2040100097656,4403.0615234375,852.0926513671875,3369.3203125,1355.1693115234375,609.9839477539062,222.16001892089844,739.1249389648438,134.9456787109375,4203.7548828125,758.8363647460938,916.1573486328124,177.1991424560547,1350.2623291015625,508.3508605957031,2805.5322265625,342.729736328125,866.6776733398438,3023.72412109375,126.17389678955078,90.41494750976562,873.0181884765625,1545.2420654296875,1142.37451171875,948.2576904296876,753.981689453125,482.38568115234375,2207.190673828125,403.8350524902344,2312.552001953125,835.7099609375,1069.7607421875,6.699999809265137,1056.746826171875,1354.9012451171875,63.82198715209961,320.8559265136719,670.5728759765625,344.13165283203125,2034.5869140625,1225.4691162109375,8380.9951171875,1906.494140625,900.1023559570312,32.71936798095703,158.97943115234375,133.46066284179688,2362.732177734375,145.59681701660156,1075.940673828125,1120.79052734375,490.2453918457031,25326.181640625,1865.50634765625,938.2619018554688,686.9056396484375,96.43331909179688,3023.21044921875,1015.6165161132812,2378.283203125,1072.713134765625,7066.98291015625,203.64666748046875,182.56781005859372
2023-02-28,3153.990234375,1701.2474365234375,1361.373046875,485.2999877929688,580.6951904296875,336.1933898925781,4365.27587890625,841.8697509765625,3389.083251953125,1332.7064208984375,601.869873046875,225.5793609619141,728.6697998046875,133.6402587890625,4274.1650390625,753.2109375,873.9265747070312,175.9331817626953,1363.0277099609375,514.5337524414062,2773.241943359375,344.3946228027344,846.21142578125,2999.435791015625,126.66427612304688,89.11276245117188,881.9010620117188,1552.0755615234375,1169.435546875,942.70263671875,757.1529541015625,482.4844055175781,2190.483642578125,391.4787902832031,2305.524658203125,834.1973266601562,1074.0985107421875,6.800000190734863,1052.595947265625,1335.376220703125,63.15761566162109,316.2387084960937,657.4669799804688,344.78961181640625,2030.2076416015625,1237.359375,8373.373046875,1902.3349609375,902.3861694335938,32.42749786376953,157.2273406982422,130.7097930908203,2348.815185546875,147.62269592285156,1055.356689453125,1112.7008056640625,485.6931762695313,25763.57421875,1891.5498046875,930.0464477539062,691.7410278320312,94.4792022705078,3005.97021484375,1003.1258544921876,2350.35009765625,1067.8695068359375,7140.3896484375,190.1812286376953,181.02438354492188
2023-03-01,3246.237060546875,1738.3336181640625,1561.4591064453125,509.5499877929688,590.1536865234375,347.49481201171875,4377.3251953125,862.8641357421875,3454.296875,1341.691650390625,606.0795288085938,229.7314300537109,736.474365234375,133.02963256835938,4195.65966796875,763.4163818359375,867.3701171875,178.66937255859375,1371.35302734375,509.36517333984375,2792.57666015625,348.3121337890625,851.6220092773438,3031.208251953125,131.7642059326172,89.76385498046875,871.155517578125,1566.92236328125,1186.5318603515625,963.2607421875,756.41943359375,483.422119140625,2201.349853515625,405.0608825683594,2310.771728515625,835.6123046875,1072.7337646484375,6.900000095367432,1074.81591796875,1343.0067138671875,63.905033111572266,317.9176940917969,666.8283081054688,347.9100341796875,2036.1273193359373,1239.8446044921875,8509.10546875,1925.7005615234373,907.647216796875,33.44906234741211,158.84112548828125,133.07382202148438,2405.16943359375,145.3975372314453,1065.057861328125,1109.8719482421875,498.6065979003906,26002.123046875,1897.6964111328125,932.6715087890624,691.6926879882812,95.8879852294922,3072.07177734375,1027.423583984375,2359.859130859375,1050.718994140625,7153.02587890625,197.4454803466797,182.8484344482422
2023-03-02,3257.95166015625,1769.672607421875,1604.3310546875,535.0,610.541015625,364.2995910644531,4365.822265625,843.2161865234375,3439.11572265625,1341.3421630859375,599.0043334960938,228.9010162353516,726.5591430664062,135.19837951660156,4209.455078125,746.7391357421875,854.6913452148438,182.0181579589844,1385.3670654296875,512.1184692382812,2808.1328125,347.9693298339844,860.7180786132812,3018.364013671875,130.78346252441406,89.46001434326172,871.5376586914062,1571.6910400390625,1170.4124755859375,967.5037231445312,749.9818725585938,476.5619201660156,2230.55224609375,402.8544006347656,2300.55908203125,833.367919921875,1059.47607421875,6.949999809265137,1076.3787841796875,1321.551513671875,64.69400024414062,315.2733154296875,665.2516479492188,343.28424072265625,2042.191650390625,1219.7677001953125,8299.9736328125,1913.363525390625,893.2872924804688,33.24474334716797,157.50399780273438,132.4290771484375,2381.77001953125,146.36065673828125,1056.9471435546875,1092.005126953125,495.8659362792969,26246.34765625,1824.8099365234373,938.5050048828124,684.0527954101562,95.11542510986328,3013.77392578125,1011.8329467773438,2336.631103515625,1054.57421875,7167.82568359375,194.8232269287109,181.4920959472656
2023-03-03,3263.1962890625,1860.742431640625,1876.08642578125,561.75,671.0658569335938,385.08441162109375,4371.87109375,850.397216796875,3454.62109375,1353.1226806640625,600.683349609375,228.0706024169922,750.41455078125,135.3457489013672,4226.45849609375,746.9384155273438,847.1707763671875,182.09982299804688,1388.373291015625,516.6591796875,2797.582275390625,352.8172302246094,870.0004272460938,3020.102294921875,131.61709594726562,91.36988830566406,884.2412719726562,1569.4786376953125,1177.2508544921875,978.9201049804688,764.8684692382812,483.6195373535156,2228.922607421875,408.83642578125,2315.22216796875,847.56640625,1051.9215087890625,6.900000095367432,1100.1614990234375,1327.97021484375,64.94313049316406,323.16455078125,672.3466186523438,349.12628173828125,2071.501708984375,1236.384765625,8350.9453125,1943.271484375,891.7479248046875,33.113399505615234,159.16387939453125,132.6010284423828,2384.6123046875,147.52305603027344,1083.9154052734375,1120.8896484375,521.3676147460938,25336.8984375,1843.19189453125,940.0606079101562,686.4705200195312,97.25132751464844,3032.55615234375,989.3590087890624,2373.429931640625,1058.033935546875,7095.79541015625,204.99317932128903,182.61459350585935
2023-03-06,3253.09912109375,1832.9892578125,1979.298583984375,589.7999877929688,677.0447998046875,378.8440246582031,4384.56640625,857.2290649414062,3446.336181640625,1378.5311279296875,604.110107421875,226.89825439453125,752.5742797851562,136.6722412109375,4138.23046875,765.9552612304688,849.3402099609375,183.6925201416016,1395.4962158203125,518.7844848632812,2794.048828125,352.4254455566406,870.2455444335938,3057.6689453125,131.56805419921875,94.66875457763672,874.689697265625,1571.740234375,1196.74072265625,985.6561889648438,770.2645874023438,483.8169555664063,2245.35693359375,406.48284912109375,2328.19921875,846.7857055664062,1065.0328369140625,6.949999809265137,1094.4964599609375,1353.2403564453125,65.81512451171875,325.8509216308594,664.4140625,349.12628173828125,2061.009521484375,1238.1878662109375,8380.267578125,1998.648193359375,894.88720703125,33.30311965942383,163.03692626953125,135.99664306640625,2390.419189453125,150.8773651123047,1094.5029296875,1120.34375,521.8321533203125,25253.49609375,1877.3045654296875,938.4563598632812,690.0969848632812,96.0243148803711,3059.50537109375,993.8262939453124,2380.7099609375,1085.860107421875,7080.701171875,203.36314392089844,184.1580047607422
2023-03-08,3313.2900390625,1853.3253173828125,2035.9456787109373,619.25,697.922119140625,385.330078125,4339.88720703125,858.6752319335938,3527.934326171875,1378.5311279296875,590.52099609375,224.79782104492188,752.5252075195312,137.3249969482422,4157.1982421875,763.2670288085938,845.8208618164062,183.65170288085935,1389.251953125,513.8091430664062,2781.976806640625,355.5594177246094,867.7068481445312,3094.5595703125,133.28436279296875,96.57861328125,879.2744750976562,1574.2474365234375,1193.71240234375,980.3635864257812,771.8029174804688,488.80169677734375,2243.86328125,399.8634033203125,2328.43359375,851.0305786132812,1065.861328125,6.949999809265137,1146.8968505859375,1339.9993896484375,65.77359771728516,329.41876220703125,665.5472412109375,346.972900390625,2089.550048828125,1257.192626953125,8440.900390625,2004.6763916015625,895.0514526367188,33.405277252197266,164.92733764648438,136.03964233398438,2397.1083984375,151.47515869140625,1098.433349609375,1120.840087890625,524.7120971679688,25691.23828125,1915.349853515625,930.9214477539062,696.769775390625,96.79688262939452,3076.33642578125,983.1136474609376,2374.42041015625,1097.030029296875,7146.2412109375,202.01663208007807,183.6201629638672
2023-03-09,3321.279541015625,1827.3895263671875,1949.602783203125,650.2000122070312,683.4158935546875,378.057861328125,4381.6396484375,865.5071411132812,3530.063232421875,1350.3272705078125,581.112060546875,221.6226959228516,759.2498779296875,136.79861450195312,4111.26416015625,763.3168334960938,850.15966796875,183.61087036132807,1377.2269287109375,508.7856140136719,2758.126953125,349.73223876953125,858.8263549804688,3038.83740234375,131.61709594726562,94.32150268554688,863.9918823242188,1574.394775390625,1182.2821044921875,976.8643188476562,771.8739013671875,484.9027099609375,2212.849853515625,400.942138671875,2306.227294921875,835.270751953125,1056.7469482421875,6.849999904632568,1142.5506591796875,1328.95751953125,65.35836791992188,325.3052978515625,670.2772827148438,342.2873229980469,2111.111572265625,1216.4541015625,8293.37109375,1967.29150390625,895.8949584960938,33.317718505859375,165.48065185546875,134.36331176757812,2360.821044921875,149.9806671142578,1072.032958984375,1088.5806884765625,519.23095703125,25243.03125,1922.2540283203125,926.2547607421876,685.8902587890625,98.34198760986328,3027.74755859375,966.4290771484376,2345.84326171875,1074.047607421875,7122.34521484375,202.3355407714844,182.45089721679688
2023-03-10,3310.888427734375,1814.421630859375,1892.756103515625,682.7000122070312,683.9548950195312,371.8174743652344,4281.57373046875,849.6491088867188,3537.8388671875,1326.666259765625,578.4385375976562,219.66879272460935,759.593505859375,137.30392456054688,4129.75244140625,749.4772338867188,849.62939453125,183.2433319091797,1384.8583984375,511.9736633300781,2735.847900390625,342.8276672363281,861.6884765625,3009.286376953125,130.440185546875,96.40499877929688,875.2626953125,1569.1346435546875,1187.7529296875,976.5581665039062,751.9700317382812,483.9156799316406,2209.6806640625,397.8040161132813,2310.02197265625,822.2921142578125,1048.071044921875,6.75,1118.1329345703125,1321.0130615234375,65.52446746826172,325.7250671386719,669.4889526367188,338.8179626464844,2077.084716796875,1195.548828125,8351.2373046875,1905.65283203125,893.4806518554688,33.41986846923828,166.679443359375,133.93348693847656,2327.39990234375,150.4788055419922,1055.4248046875,1087.7867431640625,508.5006408691406,25856.208984375,1927.9345703125,929.0255737304688,681.2000122070312,98.25110626220705,3022.439208984375,967.568603515625,2353.0244140625,1059.8626708984375,7106.0712890625,198.33135986328125,181.9831695556641
2023-03-13,3209.96533203125,1738.8739013671875,1870.9957275390625,716.7999877929688,667.684326171875,361.6461791992188,4309.09423828125,830.1507568359375,3497.618408203125,1293.5706787109375,574.4405517578125,212.87893676757807,751.298095703125,135.85108947753906,4126.49560546875,736.5835571289062,843.4586791992188,180.34375,1389.4371337890625,505.7907409667969,2715.727783203125,335.6293334960937,856.7581787109375,2929.4208984375,127.00755310058594,95.66708374023438,874.3076171875,1535.852294921875,1177.6417236328125,961.0738525390624,742.4559326171875,472.7616271972656,2161.462646484375,394.4697570800781,2300.32470703125,808.3863525390625,1053.87109375,6.599999904632568,1035.4058837890625,1288.2916259765625,64.6109390258789,322.0731811523437,665.744384765625,333.7535400390625,2053.98291015625,1163.14306640625,8270.5078125,1833.4998779296875,885.3461303710938,33.405277252197266,165.71116638183594,133.93348693847656,2264.9931640625,150.17991638183594,1038.06689453125,1064.5599365234375,492.3821105957031,25446.56640625,1905.1539306640625,927.6158447265624,671.28759765625,97.06954956054688,2977.9326171875,1033.7142333984375,2309.936279296875,1036.633056640625,6957.78271484375,197.58718872070312,180.27609252929688
2023-03-14,3245.942626953125,1707.829833984375,1735.0430908203125,706.0999755859375,641.5140380859375,347.2982482910156,4264.06884765625,830.6494140625,3473.9677734375,1278.44580078125,564.3964233398438,201.30198669433597,757.6791381835938,137.36709594726562,4112.46142578125,740.9644165039062,840.8071899414062,180.5479431152344,1387.95703125,508.6406555175781,2705.9619140625,339.93853759765625,852.6707763671875,2913.486572265625,125.29122924804688,95.49346923828124,873.7822265625,1535.0166015625,1149.652587890625,948.3452758789062,740.4678344726562,464.47015380859375,2149.148193359375,394.91107177734375,2288.47216796875,810.2892456054688,1045.000244140625,6.550000190734863,1039.215087890625,1274.7364501953125,64.52789306640625,318.7572021484375,662.2461547851562,328.6392517089844,2063.94580078125,1131.3223876953125,8264.439453125,1772.7025146484375,882.794189453125,33.97443771362305,164.05126953125,131.7843475341797,2221.404296875,149.58213806152344,1034.1820068359375,1069.125732421875,488.1086730957031,24911.111328125,1895.2203369140625,930.6297607421876,670.4655151367188,96.70598602294922,2917.13916015625,1016.8474731445312,2333.313232421875,1033.9642333984375,6946.32666015625,198.0124664306641,177.4698486328125
2023-03-15,3237.218017578125,1709.4014892578125,1835.6600341796875,740.4000244140625,665.8709716796875,358.8453674316406,4293.0283203125,821.8726806640625,3452.76953125,1280.4923095703125,563.135986328125,201.0577545166016,742.806396484375,139.09364318847656,4064.70751953125,742.756591796875,846.495849609375,179.60867309570312,1386.1533203125,504.1483154296875,2724.364501953125,338.32257080078125,861.4827270507812,2903.829345703125,124.16336059570312,94.66875457763672,866.7141723632812,1524.59423828125,1159.0311279296875,944.4961547851562,729.8414306640625,460.669921875,2154.5810546875,398.2943420410156,2254.41357421875,805.94677734375,1033.93603515625,6.400000095367432,1020.022705078125,1274.4222412109375,65.27532196044922,318.50537109375,669.7352905273438,332.1684265136719,2095.180908203125,1130.8837890625,8228.3212890625,1775.1793212890625,869.6812744140625,34.14956283569336,164.32791137695312,131.13963317871094,2217.3369140625,151.64120483398438,1016.5057373046876,1059.1502685546875,480.8157958984375,25016.134765625,1911.3590087890625,924.9908447265624,664.905029296875,98.75099182128906,2902.57568359375,1016.0269775390624,2376.4013671875,1020.8665771484376,6982.51318359375,198.72113037109372,175.73936462402344
2023-03-16,3262.411865234375,1719.5203857421875,1840.451416015625,777.4000244140625,666.1160888671875,372.25970458984375,4283.35888671875,828.3555297851562,3517.751953125,1291.47412109375,562.776611328125,199.6900177001953,732.3021240234375,147.7686004638672,4129.9443359375,743.40380859375,851.7987670898438,180.38461303710935,1387.6796875,516.3692626953125,2749.6865234375,352.621337890625,859.375244140625,2931.40087890625,124.8498992919922,95.1028060913086,890.5452880859375,1534.279052734375,1157.7125244140625,938.1537475585938,734.5747680664062,455.43841552734375,2146.88427734375,377.50439453125,2304.306640625,803.9951171875,1034.56982421875,6.449999809265137,994.0911865234376,1260.4627685546875,66.35493469238281,320.226318359375,652.7369995117188,331.6899108886719,2092.245361328125,1137.41357421875,8191.9130859375,1780.5067138671875,891.7841186523438,33.02583694458008,165.61895751953125,130.8387451171875,2195.725830078125,154.19845581054688,1011.4393310546876,1057.2598876953125,487.27252197265625,25156.22265625,1901.57080078125,940.5466918945312,671.142578125,95.47898864746094,2889.962890625,1019.0812377929688,2427.16650390625,1041.4766845703125,6986.2998046875,194.92955017089844,174.3830108642578
2023-03-17,3247.315185546875,1699.9703369140625,1873.1419677734373,816.25,666.8511352539062,371.915771484375,4310.58251953125,835.1875,3530.896484375,1299.61083984375,564.4752197265625,202.62088012695312,743.3953857421875,147.97915649414062,4179.13525390625,760.3796997070312,842.7355346679688,181.03802490234372,1376.3017578125,517.96337890625,2739.773681640625,367.5077209472656,869.6475830078125,2872.63671875,125.92871856689452,95.62368774414062,904.9683837890624,1558.663330078125,1165.67431640625,969.6907348632812,744.3966064453125,465.1611633300781,2132.577392578125,389.0271301269531,2293.10986328125,816.0466918945312,1044.1229248046875,6.400000095367432,996.7283325195312,1275.3648681640625,65.85664367675781,315.2733154296875,666.5327758789062,337.581787109375,2113.56591796875,1141.75048828125,8074.8212890625,1763.075927734375,911.4800415039062,33.58039855957031,163.1752471923828,131.65542602539062,2279.645751953125,152.57110595703125,1010.1670532226562,1066.16455078125,492.1962890625,24848.892578125,1917.068603515625,931.115966796875,682.9407348632812,97.25132751464844,2884.791748046875,1027.6513671875,2432.416015625,1034.8043212890625,7168.5634765625,201.6268310546875,176.0901336669922
2023-03-20,3233.885009765625,1665.7822265625,1801.671875,848.6500244140625,653.5210571289062,359.091064453125,4277.3583984375,835.3370361328125,3522.195068359375,1243.353515625,546.5975952148438,196.95452880859372,740.9901733398438,151.4533233642578,4149.72607421875,742.706787109375,835.64892578125,177.28085327148438,1385.04345703125,518.8810424804688,2748.312255859375,362.2680969238281,870.2944946289062,2850.811279296875,126.6152572631836,95.31983947753906,916.95556640625,1566.086669921875,1145.6473388671875,954.2941284179688,739.2371826171875,459.2386779785156,2118.270751953125,378.2889404296875,2352.887451171875,816.2418823242188,1051.9215087890625,6.349999904632568,978.9522705078124,1260.0589599609375,66.93627166748047,318.00164794921875,658.403076171875,338.8877258300781,2096.04736328125,1137.998291015625,7980.40185546875,1704.14794921875,915.3322143554688,32.89449691772461,162.29917907714844,130.92469787597656,2233.581787109375,151.10983276367188,1000.2384643554688,1068.6517333984375,482.34869384765625,24764.40625,1918.146484375,934.518798828125,679.4592895507812,94.9791030883789,2852.126220703125,1011.1036376953124,2436.67529296875,1029.7630615234375,7122.59130859375,198.3667755126953,171.71710205078125
2023-03-21,3345.150146484375,1694.2723388671875,1820.936767578125,891.0499877929688,651.6097412109375,364.49609375,4238.68115234375,853.33935546875,3615.41064453125,1266.0159912109375,562.2841796875,198.1268768310547,743.1008911132812,150.9901123046875,4085.399658203125,751.3192138671875,831.4547119140625,177.28085327148438,1383.748291015625,514.243896484375,2716.61083984375,359.86865234375,866.3541259765625,2834.200927734375,126.32103729248048,94.68917846679688,901.291015625,1579.261962890625,1174.6134033203125,948.214111328125,747.615234375,476.5125122070313,2127.05419921875,381.0347595214844,2307.3515625,831.8065795898438,1055.86962890625,6.300000190734863,999.0235595703124,1248.433837890625,66.06427001953125,316.44854736328125,656.0380859375,340.3233642578125,2125.790771484375,1130.8350830078125,7988.9462890625,1675.1278076171875,914.8270874023438,32.500457763671875,163.31358337402344,130.2799835205078,2193.6923828125,148.22047424316406,1031.3419189453125,1092.1319580078125,484.81060791015625,24830.27734375,1930.3233642578125,929.6575927734376,677.8152465820312,95.2063217163086,2818.372314453125,998.9320678710938,2490.263916015625,1041.9215087890625,7230.3173828125,201.05987548828125,171.36631774902344
2023-03-22,3244.717041015625,1707.780517578125,1812.10302734375,935.5999755859376,644.1114501953125,369.0658264160156,4249.689453125,847.4050903320312,3632.30419921875,1292.4227294921875,574.5045166015625,206.47987365722656,742.8554077148438,148.1475830078125,4066.0009765625,743.8517456054688,832.4671020507812,174.7488555908203,1391.70361328125,521.8276977539062,2738.939208984375,361.141845703125,877.2537841796875,2845.54833984375,126.6152572631836,94.95945739746094,908.7889404296876,1585.849609375,1165.185791015625,946.0708618164062,745.8876342773438,491.0226135253906,2130.81201171875,385.1535339355469,2320.235107421875,839.4180908203125,1054.4559326171875,6.550000190734863,1007.1301879882812,1247.1318359375,66.10578918457031,317.12017822265625,652.5891723632812,339.9844055175781,2131.084716796875,1134.53857421875,8012.24755859375,1681.716796875,909.62158203125,32.64640045166016,160.77764892578125,130.2799835205078,2201.532958984375,148.8514862060547,1034.4771728515625,1107.453857421875,484.5319213867188,25177.01171875,1926.973388671875,945.067626953125,687.4859619140625,95.25177001953124,2840.783935546875,1002.5333862304688,2484.41943359375,1042.6629638671875,7273.486328125,202.22923278808597,171.36631774902344
2023-03-23,3294.27197265625,1707.7314453125,1790.74169921875,982.3499755859376,641.955078125,365.72454833984375,4237.73876953125,846.5573120117188,3575.838134765625,1287.880126953125,574.3912963867188,207.60336303710935,749.580078125,146.6947479248047,4064.324462890625,743.4535522460938,837.9628295898438,174.2587890625,1406.8739013671875,521.1031494140625,2751.158935546875,360.06451416015625,871.7647705078125,2827.34423828125,124.55567169189452,94.68917846679688,909.5530395507812,1579.01611328125,1163.427490234375,932.4674072265624,739.8998413085938,492.1083984375,2139.23291015625,391.0864868164063,2328.43359375,834.7828369140625,1056.6004638671875,6.449999809265137,994.5307006835938,1233.9359130859375,65.60750579833984,319.5547180175781,658.0581665039062,334.9100036621094,2124.05810546875,1135.366943359375,8110.11474609375,1666.2955322265625,920.4845581054688,32.38370895385742,161.0081787109375,131.3545379638672,2169.263916015625,147.55625915527344,1021.390625,1112.975830078125,476.3564758300781,25097.16796875,1937.1983642578125,950.51220703125,683.8594970703125,95.34265899658205,2835.20361328125,1002.3966674804688,2495.216552734375,1035.4468994140625,7284.5986328125,192.2364959716797,169.0745849609375
2023-03-24,3280.79248046875,1670.93994140625,1737.48876953125,1029.3499755859375,625.3414306640625,365.3805541992188,4247.9541015625,837.680908203125,3543.393310546875,1238.611328125,556.2921752929688,198.4199676513672,748.500244140625,145.45245361328125,4023.37158203125,724.4864501953125,845.8208618164062,170.25660705566406,1388.419677734375,518.204833984375,2754.986328125,346.9410095214844,875.1365966796875,2809.86474609375,124.40855407714844,93.24766540527344,908.5502319335938,1567.5615234375,1154.1953125,920.0888671875,738.7164916992188,485.8898010253906,2094.7275390625,380.88763427734375,2324.404541015625,831.8065795898438,1049.28955078125,6.25,986.0333862304688,1239.411865234375,65.1092300415039,317.9176940917969,648.2040405273438,337.3923645019531,2085.073974609375,1121.5762939453125,8003.0244140625,1623.81689453125,916.0693969726562,31.62483024597168,159.2560577392578,128.4316864013672,2119.32861328125,147.72230529785156,1001.169921875,1106.5584716796875,469.4817199707031,25194.44140625,1942.150634765625,945.8453979492188,679.217529296875,92.79776000976562,2831.43896484375,1004.6757202148438,2469.759765625,1030.0101318359375,7282.33642578125,191.1734161376953,169.19151306152344
2023-03-27,3259.1279296875,1655.319580078125,1719.920654296875,984.9000244140624,616.6180419921875,363.6116333007813,4282.41650390625,831.1481323242188,3524.555908203125,1237.063720703125,550.7581176757812,193.2421112060547,747.81298828125,145.22085571289062,4037.59716796875,712.7377319335938,857.439208984375,170.2157440185547,1387.95703125,523.0835571289062,2776.775146484375,341.6034240722656,879.3514404296875,2786.63916015625,123.0354995727539,93.6080551147461,918.4838256835938,1603.5968017578125,1140.9580078125,919.8699951171876,741.9352416992188,486.5807495117188,2090.427001953125,382.40771484375,2341.45703125,828.1959228515625,1047.193603515625,6.050000190734863,989.2564697265624,1246.8626708984375,64.02959442138672,319.1769714355469,649.23876953125,339.99432373046875,2073.378662109375,1109.0037841796875,8037.44189453125,1611.9937744140625,913.06787109375,31.347545623779297,157.91897583007812,129.1624298095703,2140.0576171875,146.19461059570312,1016.7330322265624,1093.7239990234375,473.9410095214844,25265.548828125,1916.68994140625,956.151123046875,676.3163452148438,92.97954559326172,2833.0712890625,1005.6331787109376,2470.799560546875,1034.6068115234375,7326.14501953125,193.29953002929688,168.95765686035156
2023-03-28,3272.901123046875,1585.568115234375,1597.942626953125,935.6500244140624,581.6263427734375,352.7524719238281,4297.78857421875,830.2505493164062,3509.79150390625,1221.1400146484375,544.9876098632812,183.1305694580078,734.7564086914062,143.11529541015625,4023.41943359375,728.9669189453125,857.6320190429688,170.6241455078125,1385.64453125,515.6929321289062,2754.446533203125,341.4565124511719,887.4183349609375,2754.625244140625,123.28067779541016,93.83328247070312,915.6183471679688,1584.0797119140625,1117.609375,910.7717895507812,747.9702758789062,483.3727722167969,2036.911865234375,385.3006286621094,2326.2783203125,834.0997924804688,1038.5177001953125,5.900000095367432,1012.0137939453124,1236.6739501953125,63.86350631713867,318.7991638183594,650.3719482421875,338.7381896972656,2053.742431640625,1099.647705078125,7969.916015625,1559.9820556640625,915.72607421875,31.172420501708984,158.61058044433594,126.5405044555664,2168.455322265625,147.52305603027344,1021.4815673828124,1085.7645263671875,472.0365295410156,24880.09765625,1906.7562255859373,956.88037109375,673.1250610351562,93.16131591796876,2827.264404296875,975.81982421875,2476.64404296875,1022.39892578125,7279.8291015625,194.3625946044922,166.5957794189453
2023-03-29,3324.661376953125,1597.3079833984375,1737.2392578125,894.3499755859375,624.0182495117188,357.616943359375,4326.9453125,840.3737182617188,3590.972900390625,1244.0023193359375,553.9239501953125,185.5241241455078,729.9951171875,143.11529541015625,4096.416015625,744.5985107421875,855.8965454101562,173.93209838867188,1383.3319091796875,517.4802856445312,2767.99072265625,345.27606201171875,895.4557495117188,2833.138427734375,126.6152572631836,95.04955291748048,922.97314453125,1604.334228515625,1152.387939453125,933.8670043945312,751.5676879882812,489.5419616699219,2086.397216796875,391.3316955566406,2371.298828125,830.4403076171875,1046.169921875,5.900000095367432,1032.475830078125,1242.01513671875,63.86350631713867,321.31768798828125,668.9962768554688,343.1546325683594,2067.07373046875,1115.2413330078125,8053.89892578125,1605.8720703125,920.8954467773438,32.16480255126953,160.45486450195312,128.3887176513672,2225.66748046875,147.7555389404297,1015.4380493164062,1093.126953125,479.8403015136719,25483.845703125,1937.7227783203125,964.3666381835938,674.5756225585938,94.16109466552734,2848.1337890625,985.6663818359376,2491.254150390625,1066.7821044921875,7444.6875,199.67788696289065,167.9287109375
2023-03-31,3298.879150390625,1637.8818359375,1747.2708740234375,881.1500244140625,619.3624267578125,359.23846435546875,4275.2763671875,856.231689453125,3596.01806640625,1264.4188232421875,553.091796875,191.2393341064453,735.2963256835938,144.98924255371094,4140.43408203125,757.9901123046875,868.2379150390625,174.50381469726562,1394.3397216796875,526.41650390625,2771.03369140625,349.3404846191406,906.2279663085938,2847.769287109375,129.753662109375,94.7342300415039,924.7401733398438,1605.3173828125,1161.0826416015625,949.3948974609376,761.8627319335938,492.7500305175781,2125.514404296875,397.50982666015625,2398.939453125,856.05615234375,1042.563232421875,5.800000190734863,1043.072998046875,1281.873046875,64.69400024414062,321.9472351074219,678.06201171875,345.5074157714844,2083.197021484375,1129.2755126953125,8050.84130859375,1678.352294921875,952.3871459960938,32.558834075927734,161.46926879882812,129.8501434326172,2258.84326171875,149.91421508789062,1059.218994140625,1095.514892578125,486.5757141113281,25861.345703125,1938.480224609375,955.8109130859376,685.5034790039062,94.9791030883789,2908.927490234375,1004.5846557617188,2491.10546875,1064.8050537109375,7495.2314453125,194.50433349609372,170.82847595214844
2023-04-03,3307.31005859375,1678.94677734375,1714.330810546875,837.4500122070312,615.3438110351562,368.3287658691406,4199.3583984375,862.3155517578125,3696.91650390625,1280.8416748046875,562.7716064453125,199.3969268798828,746.6349487304688,138.94627380371094,4142.25390625,775.21484375,859.51220703125,179.81285095214844,1410.2041015625,529.02490234375,2821.431884765625,354.0903625488281,912.84423828125,2901.31884765625,130.58729553222656,95.00450134277344,921.2537231445312,1600.6470947265625,1161.5223388671875,960.6802368164062,762.336181640625,497.19189453125,2201.349853515625,394.7639770507813,2376.218505859375,862.4478759765625,1052.50634765625,6.150000095367432,1053.62158203125,1266.522216796875,64.3617935180664,318.0855712890625,672.248046875,348.06951904296875,2088.92431640625,1140.1912841796875,8255.603515625,1680.1279296875,952.4329833984376,32.51504898071289,163.95907592773438,132.085205078125,2221.625,149.18359375,1059.4007568359375,1098.201171875,489.36279296875,25934.326171875,1953.395263671875,951.873291015625,693.433349609375,94.61553955078124,2903.57421875,1005.8156127929688,2513.392822265625,1072.268310546875,7513.27587890625,200.13853454589844,172.0912628173828
2023-04-05,3307.7021484375,1658.266845703125,1694.916259765625,815.5999755859375,624.1162719726562,373.3898620605469,4166.23486328125,858.2264404296875,3724.13134765625,1277.1978759765625,567.325927734375,201.93701171875,749.48193359375,138.1461639404297,4145.60693359375,779.2472534179688,863.6581420898438,181.73228454589844,1425.605712890625,529.459716796875,2836.25244140625,359.4768981933594,918.0,2833.186767578125,126.07584381103516,94.95945739746094,926.0772705078124,1631.422119140625,1173.1968994140625,972.0964965820312,782.7843017578125,501.1895446777344,2202.345703125,395.4994812011719,2419.92724609375,863.228515625,1065.520263671875,6.25,1042.3404541015625,1277.92333984375,64.07113647460938,324.3818359375,676.5346069335938,349.30572509765625,2173.24560546875,1126.1080322265625,8201.2333984375,1696.9512939453125,958.0687866210938,32.57343292236328,162.2069549560547,131.44049072265625,2229.955322265625,149.8810272216797,1056.856201171875,1099.9422607421875,485.8789367675781,26205.015625,1952.4630126953125,969.4708862304688,703.4425048828125,95.29721069335938,2939.687255859375,1006.089111328125,2548.358642578125,1077.408447265625,7563.86962890625,202.86708068847656,172.93313598632812
2023-04-06,3330.200439453125,1681.89404296875,1750.8643798828125,856.3499755859375,628.8699951171875,376.9768371582031,4167.2265625,849.6990356445312,3733.804931640625,1301.80712890625,584.15478515625,203.3535919189453,751.9362182617188,139.80955505371094,4119.02294921875,837.7418212890625,861.3440551757812,181.0788726806641,1423.2469482421875,508.0610046386719,2867.315673828125,374.9999084472656,921.2542114257812,2860.1787109375,124.60470581054688,95.00450134277344,924.2626342773438,1641.057861328125,1166.9932861328125,955.1688842773438,788.7484130859375,508.00042724609375,2197.139404296875,397.4117736816406,2403.531005859375,853.8605346679688,1061.2310791015625,6.25,1056.7957763671875,1276.4420166015625,64.52789306640625,325.1793212890625,672.7408447265625,350.3425598144531,2189.1279296875,1141.507080078125,8268.8076171875,1676.8101806640625,952.568359375,32.3983039855957,161.5614776611328,129.4633026123047,2228.36279296875,149.61534118652344,1063.94482421875,1110.5880126953125,490.1989440917969,25839.373046875,1957.531982421875,984.0059204101562,706.4403686523438,94.84275817871094,2922.3564453125,996.2880249023438,2524.338134765625,1086.0576171875,7573.6044921875,208.55421447753903,171.48324584960938
2023-04-10,3330.7392578125,1710.3348388671875,1793.98583984375,899.1500244140625,639.0636596679688,377.7138977050781,4201.98681640625,845.1111450195312,3759.723876953125,1302.905517578125,573.9727783203125,205.20980834960935,755.6666870117188,141.40977478027344,4087.02783203125,825.5949096679688,869.53955078125,181.3647003173828,1421.6280517578125,505.45257568359375,2855.734375,397.1336059570313,933.0653686523438,2868.628662109375,124.55567169189452,95.4549789428711,922.2567749023438,1681.5667724609375,1142.7652587890625,965.0104370117188,785.0090942382812,507.0626525878906,2228.10693359375,403.4918518066406,2372.516845703125,847.46875,1071.174072265625,6.150000095367432,1044.3916015625,1281.5589599609375,64.6109390258789,326.1867370605469,678.4561767578125,350.7811584472656,2223.2509765625,1158.416259765625,8286.7705078125,1693.2593994140625,943.9625854492188,32.354522705078125,163.77464294433594,135.09397888183594,2239.364501953125,152.13937377929688,1056.40185546875,1100.638671875,488.9447326660156,25677.4609375,1971.369384765625,980.60302734375,696.9148559570312,95.38809204101562,2961.10107421875,1009.508056640625,2559.25439453125,1094.90478515625,7568.09716796875,206.03504943847656,174.59347534179688
2023-04-11,3212.90625,1706.84716796875,1799.8751220703125,944.0999755859376,640.9749145507812,377.7630310058594,4236.00341796875,851.04541015625,3866.916748046875,1321.0255126953125,574.8541259765625,205.1121063232422,759.9862060546875,142.79946899414062,4097.517578125,837.1941528320312,874.6497192382812,182.6715850830078,1421.90576171875,504.1483154296875,2873.1064453125,396.937744140625,933.7907104492188,2949.508056640625,125.83065032958984,95.54508209228516,920.6807861328124,1682.4024658203125,1145.940185546875,950.926025390625,787.3047485351562,506.9145812988281,2236.43798828125,409.4738464355469,2387.134033203125,860.5938720703125,1058.4039306640625,6.099999904632568,1049.1773681640625,1262.30322265625,64.69400024414062,332.4410095214844,703.1900024414062,368.167724609375,2215.358154296875,1171.1837158203125,8407.5498046875,1681.4365234375,950.9418334960938,33.08421325683594,164.23573303222656,136.72735595703125,2211.3095703125,153.6670684814453,1061.6273193359375,1107.00634765625,494.3330383300781,25875.6171875,1949.812255859375,981.2350463867188,693.6751098632812,97.75120544433594,2916.095703125,1001.302490234375,2555.639404296875,1115.86083984375,7612.54541015625,208.210693359375,173.16697692871094
2023-04-12,3140.462158203125,1727.0849609375,1843.89501953125,941.8499755859376,644.6996459960938,389.2118835449219,4284.5,848.8013916015625,3967.445068359375,1319.3782958984375,576.7447509765625,204.52593994140625,756.9918823242188,142.04144287109375,4091.7216796875,816.683837890625,885.0628051757812,185.97952270507807,1439.943603515625,500.0909118652344,3152.579833984375,398.1619262695313,956.8544921875,3021.116455078125,124.80084991455078,97.8424835205078,925.4088134765624,1688.64599609375,1154.586181640625,957.4871215820312,797.5289306640625,510.369384765625,2243.18359375,409.5719299316406,2369.51904296875,868.64453125,1063.3756103515625,6.199999809265137,1049.7147216796875,1282.187255859375,64.77703857421875,330.3842163085937,707.772216796875,367.67919921875,2202.8447265625,1176.690185546875,8370.169921875,1701.57763671875,939.6173706054688,33.05502700805664,162.11477661132812,135.52383422851562,2226.5498046875,150.9769744873047,1066.3076171875,1121.1341552734375,490.70989990234375,25792.16796875,1942.849853515625,988.4781494140624,694.7388916015625,97.79666137695312,2941.365478515625,1011.9241333007812,2563.4150390625,1122.6319580078125,7554.92041015625,210.3863067626953,174.0556182861328
2023-04-13,3166.390869140625,1736.4669189453125,1867.352294921875,941.1500244140624,648.522216796875,385.8705749511719,4361.9541015625,862.0662231445312,3969.62060546875,1339.095947265625,581.4222412109375,200.27618408203125,753.0160522460938,139.91482543945312,4154.958984375,817.3807983398438,882.9415893554688,184.1826019287109,1433.2373046875,509.2685546875,3124.95166015625,404.6257629394531,951.3458251953124,3102.9130859375,125.6344985961914,97.4370574951172,920.01220703125,1672.5703125,1158.835693359375,937.6724853515624,801.1025390625,524.9781494140625,2215.792724609375,413.8868103027344,2376.3115234375,877.2807006835938,1060.450927734375,6.050000190734863,1083.4598388671875,1247.087158203125,64.1126480102539,332.1051940917969,710.1372680664062,372.7536010742188,2174.2080078125,1173.9613037109375,8418.4716796875,1655.26708984375,940.8281860351562,32.485862731933594,159.57882690429688,136.4694366455078,2152.136962890625,153.56744384765625,1070.3289794921875,1124.5169677734375,495.122802734375,25487.302734375,1938.1014404296875,975.6445922851562,695.8993530273438,97.7057647705078,2893.45703125,990.9088745117188,2561.186279296875,1149.568359375,7527.7802734375,210.46263122558597,172.25494384765625
2023-04-17,3165.41064453125,1752.9715576171875,1875.337890625,962.5499877929688,651.51171875,384.78955078125,4350.44970703125,862.2656860351562,3938.14794921875,1338.946044921875,587.0350952148438,201.93701171875,745.75146484375,141.36766052246094,4227.453125,832.8134155273438,873.9747314453125,187.5313720703125,1442.302490234375,506.3220520019531,3104.046142578125,406.7803649902344,951.2282104492188,3118.31640625,128.8219451904297,99.19390106201172,931.0442504882812,1694.7420654296875,1187.166748046875,911.7341918945312,788.8904418945312,526.5081787109375,2232.90673828125,420.4082336425781,2390.9755859375,879.525146484375,1076.2918701171875,6.050000190734863,1098.1593017578125,1129.578125,64.1541748046875,335.9249267578125,710.67919921875,377.8678894042969,2131.133056640625,1182.14794921875,8422.2099609375,1623.0224609375,978.4823608398438,32.5296516418457,156.3974151611328,137.67294311523438,2060.4013671875,157.18743896484375,1075.759033203125,1139.5404052734375,505.3884582519531,25214.6875,1945.762939453125,970.9779052734376,689.7101440429688,97.38765716552734,2848.678466796875,939.0316772460938,2580.94775390625,1156.19140625,7613.52880859375,212.9818115234375,169.00442504882812
2023-04-18,3144.530029296875,1729.14794921875,1847.5882568359373,952.25,645.483642578125,376.4363098144531,4302.79638671875,861.06884765625,3896.399658203125,1333.005859375,582.5250244140625,208.3849334716797,745.8496704101562,140.98867797851562,4191.64453125,835.9495849609375,891.1370239257812,189.6549835205078,1435.1334228515625,503.2305908203125,3209.99609375,415.10498046875,963.010009765625,3151.681884765625,129.1161651611328,98.65333557128906,925.9819946289062,1676.355712890625,1182.0869140625,930.6738891601562,785.5533447265625,525.42236328125,2209.136962890625,423.20306396484375,2380.856201171875,875.1825561523438,1102.2705078125,6.050000190734863,1120.1839599609375,1130.5206298828125,64.77703857421875,334.53973388671875,708.8561401367188,376.5020446777344,2133.6357421875,1174.107421875,8478.5224609375,1667.18359375,998.6302490234376,32.77774810791016,156.8584747314453,137.62998962402344,2134.421875,152.96963500976562,1063.4449462890625,1139.739501953125,507.1070556640625,24949.52734375,1931.838134765625,976.908447265625,683.7626953125,97.79666137695312,2840.739013671875,934.700927734375,2553.3115234375,1131.7755126953125,7468.828125,213.43980407714844,172.06788635253906
2023-04-19,3138.01123046875,1718.5379638671875,1850.483154296875,935.7999877929688,645.3367309570312,373.4880981445313,4284.59814453125,871.0924072265625,3948.746337890625,1329.1622314453125,585.6860961914062,209.4107360839844,750.6599731445312,144.0206756591797,4183.849609375,843.2179565429688,879.2294921875,188.18479919433597,1414.3203125,502.4093933105469,3280.661865234375,412.9993896484375,962.4120483398438,3176.839111328125,129.1652069091797,97.52715301513672,924.45361328125,1661.754638671875,1187.557373046875,908.6723022460938,788.4407348632812,518.0192260742188,2214.796630859375,424.6740417480469,2372.002197265625,870.3522338867188,1049.0943603515625,6.050000190734863,1094.30126953125,1106.1480712890625,65.23380279541016,334.7496032714844,711.8123779296875,375.8241882324219,2136.5234375,1184.6331787109375,8427.35546875,1667.417236328125,996.5736694335938,33.06962203979492,154.09202575683594,137.62998962402344,2115.702392578125,152.73715209960938,1068.7386474609375,1117.7017822265625,501.9510498046875,24451.1015625,1900.37646484375,967.86669921875,677.766845703125,98.25110626220705,2803.400634765625,924.3984985351562,2544.9912109375,1156.6856689453125,7390.75048828125,214.92840576171875,168.7471923828125
2023-04-20,3121.5908203125,1707.534912109375,1839.552978515625,933.0499877929688,652.8838500976562,374.12689208984375,4312.466796875,866.4546508789062,3993.6884765625,1329.910888671875,582.234619140625,212.83009338378903,758.1699829101562,144.73658752441406,4147.35888671875,839.6334838867188,871.6124877929688,187.49053955078125,1421.4432373046875,507.4813232421875,3143.74658203125,405.8989562988281,952.3848266601562,3135.65087890625,129.753662109375,97.93257904052734,931.4263305664062,1659.1492919921875,1178.0323486328125,907.6224975585938,791.37548828125,523.3988647460938,2217.150634765625,421.5359497070313,2335.46044921875,872.7918701171875,1049.14306640625,6.050000190734863,1099.966064453125,1098.2484130859375,64.94313049316406,336.0508728027344,705.35791015625,375.6447143554688,2149.180908203125,1187.654541015625,8461.044921875,1643.0701904296875,989.5362548828124,32.748558044433594,156.4896240234375,136.81329345703125,2102.299560546875,153.3681640625,1066.034912109375,1123.1241455078125,506.1316528320313,23952.826171875,1905.940673828125,960.331787109375,680.23291015625,98.16020965576172,2817.19287109375,931.60107421875,2554.8466796875,1114.97119140625,7351.31787109375,213.43980407714844,169.70599365234375
2023-04-21,3091.20166015625,1687.7392578125,1799.7254638671875,916.2000122070312,648.4730834960938,368.6236267089844,4325.25927734375,861.9166259765625,3988.08740234375,1315.734375,584.7161254882812,215.4190216064453,751.199951171875,145.78936767578125,4216.92919921875,833.7094116210938,882.2666625976562,187.89895629882807,1424.495849609375,507.3364868164063,3171.767578125,397.6722412109375,954.4530029296876,3090.986328125,128.4786834716797,97.61724090576172,942.8882446289062,1634.076904296875,1180.76806640625,917.6392822265624,792.6534423828125,506.6678161621094,2226.930419921875,414.1810302734375,2340.473388671875,864.2532348632812,1032.91259765625,6.449999809265137,1090.345703125,1101.7939453125,64.98464965820312,342.72479248046875,700.2830810546875,377.5688171386719,2132.2880859375,1181.953125,8309.3916015625,1644.892578125,995.6446533203124,32.062644958496094,156.4896240234375,137.20016479492188,2107.837158203125,153.79991149902344,1067.3753662109375,1100.937255859375,504.5987854003906,23590.041015625,1893.210205078125,961.9846801757812,677.3317260742188,96.47876739501952,2868.05078125,910.5857543945312,2544.00048828125,1080.373779296875,7235.9716796875,211.26419067382807,172.13803100585938
2023-04-24,3154.039306640625,1704.145751953125,1798.6773681640625,887.0999755859375,657.980712890625,373.7337951660156,4362.69677734375,879.9688110351562,4010.11865234375,1317.581298828125,584.3074340820312,214.73513793945312,746.3404541015625,146.21046447753906,4200.56005859375,836.6964111328125,870.6483764648438,189.1240997314453,1452.3853759765625,507.0465393066406,3133.686767578125,402.6670227050781,942.1712646484376,3073.7001953125,129.55751037597656,98.47314453125,945.2283325195312,1660.9681396484375,1174.1737060546875,922.1007690429688,799.0672607421875,540.4752807617188,2264.689208984375,419.5256042480469,2342.159912109375,882.8917846679688,1042.4659423828125,6.349999904632568,1076.329833984375,1100.8515625,64.98464965820312,343.10260009765625,709.841552734375,378.2865905761719,2145.475341796875,1177.080078125,8219.77734375,1645.2197265625,1004.9928588867188,32.062644958496094,157.64231872558594,137.7589111328125,2176.90869140625,154.0656280517578,1071.465087890625,1100.0914306640625,515.236083984375,23573.55078125,1904.367431640625,951.970458984375,708.4228515625,96.79688262939452,2880.70849609375,917.2869873046876,2604.671142578125,1089.1221923828125,7316.6552734375,210.11911010742188,176.76829528808594
2023-04-25,3270.4013671875,1705.619140625,1841.2498779296875,931.1500244140624,658.1278076171875,375.8958129882813,4380.00341796875,876.0292358398438,4019.7919921875,1343.58837890625,598.2412109375,218.252197265625,758.4644775390625,146.3367919921875,4289.7646484375,834.9042358398438,877.0601196289062,188.06228637695312,1449.656494140625,508.5441284179688,3166.6640625,401.6876525878906,947.5034790039062,3107.64501953125,130.83248901367188,98.38304901123048,920.01220703125,1658.559326171875,1187.850830078125,921.5758666992188,787.7070922851562,522.9052734375,2261.701416015625,421.4869079589844,2333.4462890625,891.3816528320312,1046.706298828125,6.300000190734863,1095.6197509765625,1099.5947265625,65.15074157714844,345.4952087402344,714.4237670898438,376.7014465332031,2163.8125,1179.1265869140625,8222.4482421875,1644.75244140625,1003.8222045898438,31.75617218017578,157.78062438964844,138.10276794433594,2191.56103515625,154.69662475585938,1079.666748046875,1100.24072265625,521.925048828125,23779.01171875,1940.9271240234373,945.5050659179688,710.26025390625,97.2967758178711,2881.797119140625,908.9903564453124,2608.286376953125,1098.71044921875,7315.328125,212.75277709960935,175.6925811767578
2023-04-26,3333.18994140625,1708.1243896484375,1844.5440673828125,924.5999755859376,651.51171875,379.7776184082031,4373.9541015625,885.3047485351562,3979.478515625,1332.5067138671875,596.3406372070312,218.6429901123047,759.2990112304688,146.96847534179688,4292.15185546875,834.6552734375,878.4581909179688,187.6538848876953,1456.5478515625,515.548095703125,3160.333740234375,408.0045776367188,949.8167724609376,3137.00341796875,132.4016876220703,99.28398895263672,932.38134765625,1670.6529541015625,1191.758544921875,932.1611328125,791.328125,524.7313842773438,2268.40185546875,416.5836181640625,2352.513427734375,892.8453979492188,1043.83056640625,6.550000190734863,1111.2958984375,1101.9736328125,65.15074157714844,346.0828552246094,712.8963623046875,374.5680541992188,2190.95654296875,1182.7327880859375,8259.341796875,1644.9393310546875,1021.3605346679688,31.65402030944824,156.62794494628906,138.53262329101562,2191.56103515625,158.28338623046875,1073.328125,1112.6275634765625,526.152099609375,23664.5546875,2008.6864013671875,944.2898559570312,722.1068725585938,97.11498260498048,2901.8955078125,908.3521728515624,2616.012451171875,1112.54931640625,7332.73291015625,210.8443603515625,175.17811584472656
2023-04-27,3349.83349609375,1720.0606689453125,1849.6845703125,917.0499877929688,646.6598510742188,382.0870056152344,4380.99462890625,879.0712280273438,4080.56298828125,1357.76513671875,610.530517578125,221.6226959228516,772.1102294921875,149.7688751220703,4302.72412109375,850.6853637695312,881.2060546875,189.2874298095703,1460.895751953125,512.4083251953125,3178.441650390625,412.9504089355469,964.2156372070312,3151.681884765625,131.3719024658203,98.47314453125,910.8424682617188,1672.8653564453125,1193.0283203125,937.1476440429688,795.6828002929688,511.1589965820313,2271.571044921875,422.4675903320313,2313.301513671875,896.1632080078125,1039.2490234375,6.900000095367432,1118.083984375,1118.7606201171875,66.81169128417969,349.23095703125,721.420166015625,380.5496215820313,2219.3046875,1192.9173583984375,8294.3427734375,1667.417236328125,1027.2406005859375,31.697799682617188,157.64231872558594,137.5869903564453,2245.95556640625,156.72247314453125,1080.1212158203125,1131.282470703125,524.6657104492188,23450.55078125,2003.908935546875,951.5330200195312,729.1663818359375,97.84210968017578,2892.640380859375,914.5975341796876,2638.25,1119.4688720703125,7376.00048828125,210.76800537109372,175.1079559326172
2023-04-28,3356.068115234375,1731.849609375,1921.453857421875,951.0,667.7822875976562,389.6541137695313,4476.400390625,857.7277221679688,4102.5478515625,1352.4239501953125,618.4132080078125,224.0162506103516,784.676025390625,150.5900421142578,4436.896484375,867.3126220703125,875.5173950195312,190.3900909423828,1475.5111083984375,514.8236083984375,3207.345947265625,417.4065246582031,966.4307861328124,3187.945068359375,132.3526611328125,96.6712646484375,866.8096313476562,1691.4483642578125,1201.8206787109375,946.8016357421876,798.806884765625,522.9052734375,2316.800537109375,427.6650695800781,2302.3857421875,895.4801635742188,1051.97021484375,6.949999809265137,1125.9466552734375,1124.595703125,67.60065460205078,357.2481384277344,714.7193603515625,386.4215393066406,2275.90380859375,1195.7437744140625,8339.5859375,1695.82958984375,1057.0706787109375,31.668609619140625,158.61058044433594,136.64138793945312,2321.446044921875,157.58596801757812,1099.8646240234375,1134.3170166015625,537.25390625,24031.876953125,2009.822509765625,960.234619140625,738.6920166015625,98.1147689819336,2921.040771484375,933.3334350585938,2616.8544921875,1125.2515869140625,7430.37939453125,213.2489776611328,180.0655975341797
2023-05-02,3379.829833984375,1733.1268310546875,1916.3631591796875,974.6500244140624,667.9783325195312,387.5903625488281,4453.68994140625,868.349609375,4163.6884765625,1346.8330078125,615.3654174804688,226.5563201904297,775.7425537109375,152.06393432617188,4395.4853515625,870.8970336914062,884.8217163085938,192.8404083251953,1457.24169921875,518.2531127929688,3193.4091796875,415.4967346191406,970.4594116210938,3241.107666015625,133.82379150390625,97.57220458984376,881.9488525390625,1710.3753662109375,1197.326904296875,949.8715209960938,798.6411743164062,537.4646606445312,2260.02587890625,437.5206604003906,2297.138916015625,899.8225708007812,1059.671142578125,6.900000095367432,1124.0908203125,1146.7691650390625,68.2235107421875,356.3247375488281,727.1355590820312,383.0519409179688,2295.203369140625,1205.879638671875,8521.435546875,1739.3831787109375,1056.315185546875,32.062644958496094,161.9302978515625,141.19754028320312,2328.13525390625,159.47898864746094,1109.20263671875,1145.062255859375,534.4668579101562,23890.85546875,2039.2449951171875,946.039794921875,753.9232177734375,100.25067138671876,2921.177001953125,960.457275390625,2638.646484375,1144.6258544921875,7332.4384765625,214.5849151611328,181.6324005126953
2023-05-03,3391.072998046875,1712.9381103515625,1835.6600341796875,942.0499877929688,656.3634643554688,377.0260009765625,4478.1357421875,857.578125,4117.26611328125,1344.786376953125,608.580810546875,226.5563201904297,765.0419311523438,151.93760681152344,4411.1240234375,882.7453002929688,887.6660766601562,193.4938507080078,1465.7520751953125,519.7022705078125,3208.18017578125,418.7286682128906,970.8220825195312,3233.575439453125,135.0497283935547,97.30191040039062,897.0883178710938,1706.7867431640625,1212.664794921875,942.21923828125,801.4339599609375,531.7396240234375,2266.137939453125,433.7451477050781,2329.2763671875,900.554443359375,1061.0360107421875,6.900000095367432,1119.4515380859375,1139.3179931640625,68.68026733398438,358.59130859375,721.7650756835938,385.0059509277344,2268.107177734375,1204.0765380859375,8541.2900390625,1731.298828125,1062.623046875,32.15021514892578,162.62196350097656,138.53262329101562,2292.38671875,159.21328735351562,1099.6829833984375,1131.13330078125,530.007568359375,23956.923828125,2063.016357421875,936.8521728515624,755.6640014648438,99.705322265625,2885.3359375,947.8297729492188,2628.939208984375,1143.9339599609375,7382.19580078125,212.4092712402344,180.1123809814453
2023-05-04,3579.351318359375,1735.239013671875,1907.77880859375,945.5499877929688,666.2630615234375,381.595703125,4515.57373046875,863.6620483398438,4126.3837890625,1372.1912841796875,629.2598876953125,228.02175903320312,774.6626586914062,155.11700439453125,4469.5380859375,946.06884765625,900.0556640625,193.9430389404297,1465.6593017578125,512.4083251953125,3221.724365234375,416.0353698730469,973.9095458984376,3224.83544921875,136.7169952392578,96.53611755371094,889.685791015625,1730.3348388671875,1227.1231689453125,949.2039794921876,817.8351440429688,539.4387817382812,2276.8681640625,436.88323974609375,2348.71875,899.4323120117188,1062.3521728515625,7.0,1108.1705322265625,1143.26806640625,69.17855834960938,356.4506225585937,727.9238891601562,388.3257141113281,2268.684326171875,1200.421875,8544.494140625,1724.2890625,1053.7845458984375,32.471275329589844,162.62196350097656,138.40365600585938,2288.123291015625,158.6487274169922,1112.360595703125,1161.5281982421875,538.833251953125,24152.314453125,2084.835205078125,946.9634399414062,749.9583129882812,100.93234252929688,2922.3564453125,953.163330078125,2645.13427734375,1155.5982666015625,7377.328125,212.33290100097656,179.4575958251953
2023-05-05,3651.520751953125,1733.6180419921875,1916.8123779296875,940.5499877929688,670.3306884765625,393.6341857910156,4564.46630859375,863.0137329101562,4131.38232421875,1357.016357421875,629.220458984375,224.309326171875,772.8956298828125,153.8957977294922,4507.490234375,987.5377197265624,891.6672973632812,193.9022216796875,1449.933837890625,487.8699645996094,3229.821533203125,418.3858947753906,968.9107055664062,3240.093994140625,125.29122924804688,96.98658752441406,894.6525268554688,1723.1083984375,1256.13818359375,939.1942138671876,769.4835815429688,532.7267456054688,2306.523193359375,425.8508605957031,2343.09619140625,904.555419921875,1045.146728515625,6.900000095367432,1048.2984619140625,1130.296142578125,68.76331329345703,359.9345703125,722.6519165039062,384.5573120117188,2288.513427734375,1180.4422607421875,8688.236328125,1701.016845703125,1069.625244140625,31.59564018249512,160.68539428710938,137.80189514160156,2273.666748046875,160.11000061035156,1109.520751953125,1167.74658203125,535.5817260742188,24211.3671875,2117.520751953125,943.5120849609376,750.6835327148438,98.75099182128906,2931.43017578125,944.912353515625,2707.043212890625,1200.9700927734375,7501.7705078125,209.6992950439453,177.4464569091797
2023-05-08,3733.75439453125,1735.5828857421875,1884.072021484375,917.2999877929688,671.5068969726562,398.4986877441406,4586.8798828125,876.1289672851562,4211.12939453125,1402.4915771484375,655.6207275390625,229.4383544921875,779.2276000976562,154.84329223632812,4480.59716796875,997.5440673828124,899.8628540039062,190.18592834472656,1455.160400390625,496.4680786132813,3225.405029296875,427.34710693359375,961.9710083007812,3276.597900390625,126.17389678955078,96.80638885498048,901.1954345703124,1748.524658203125,1228.8818359375,957.1673583984376,778.3822631835938,542.4494018554688,2332.873046875,436.4419250488281,2357.66650390625,915.2409057617188,1055.625732421875,6.900000095367432,1100.112548828125,1136.1312255859375,69.13702392578125,362.201171875,722.1099243164062,390.56878662109375,2276.8662109375,1200.519287109375,8812.123046875,1729.8033447265625,1067.84716796875,31.65402030944824,163.2674560546875,141.84228515625,2290.57373046875,162.56759643554688,1123.220703125,1176.3526611328125,542.1776733398438,24265.884765625,2149.739990234375,935.1507568359376,762.9169921875,99.56900024414062,2949.4873046875,951.2487182617188,2725.219482421875,1215.6494140625,7606.64501953125,213.05813598632807,177.8907928466797
2023-05-09,3738.12353515625,1728.3623046875,1892.65625,903.1500244140624,676.7998046875,398.6461181640625,4555.09423828125,885.903076171875,4192.2451171875,1406.385009765625,645.2122192382812,228.9987030029297,779.0802612304688,154.56956481933594,4477.4306640625,979.2738037109376,905.5514526367188,193.04461669921875,1463.4393310546875,500.3323669433594,3320.50927734375,423.08685302734375,967.0973510742188,3265.97509765625,126.07584381103516,96.35591888427734,908.6456298828124,1735.30029296875,1210.954833984375,960.05908203125,778.4059448242188,544.9171142578125,2346.63671875,431.8328552246094,2357.19775390625,911.8255004882812,1070.8818359375,6.800000190734863,1114.0306396484375,1140.70947265625,69.75988006591797,355.77899169921875,714.029541015625,389.6615905761719,2285.4814453125,1213.8226318359375,8846.3955078125,1738.5887451171875,1067.269287109375,31.96048927307129,162.29917907714844,142.0571746826172,2300.790771484375,161.67091369628906,1126.6968994140625,1177.1485595703125,532.7946166992188,23906.013671875,2135.0869140625,930.8728637695312,763.0136108398438,99.56900024414062,2979.112548828125,955.305908203125,2722.396484375,1215.797607421875,7587.7646484375,216.60780334472656,178.8028106689453
2023-05-10,3746.371337890625,1720.35546875,1888.7135009765625,902.3499755859376,677.289794921875,401.2503662109375,4563.2763671875,887.5487060546875,4217.33154296875,1412.1256103515625,653.0161743164062,230.7572326660156,781.4854736328125,156.7172393798828,4486.97998046875,985.2974243164062,910.5651245117188,193.2079620361328,1484.25244140625,496.8544616699219,3361.7802734375,425.2904357910156,954.1688232421876,3299.630615234375,126.76236724853516,98.20285034179688,919.2957153320312,1744.640869140625,1226.732421875,959.4364013671876,782.0033569335938,555.3802490234375,2341.65673828125,428.00830078125,2363.6630859375,913.435546875,1080.1424560546875,6.75,1145.236572265625,1134.021484375,69.96749877929688,357.0802307128906,713.783203125,390.5388793945313,2275.951904296875,1216.94140625,8901.349609375,1743.8226318359375,1071.089599609375,31.697799682617188,163.2674560546875,143.51858520507812,2289.373046875,164.49383544921875,1134.4443359375,1182.77001953125,531.5868530273438,24128.01953125,2164.130615234375,927.3242797851562,765.0928955078125,99.29633331298828,2982.333251953125,953.8016967773438,2719.474365234375,1226.769775390625,7614.26611328125,218.2490997314453,179.48097229003906
2023-05-11,3790.556640625,1754.739990234375,1981.0455322265625,913.5499877929688,694.7366333007812,405.08306884765625,4557.32568359375,893.582763671875,4209.87939453125,1418.06591796875,656.1622924804688,233.63926696777344,774.1717529296875,156.88568115234375,4516.40576171875,994.5072021484376,909.7937622070312,192.8812255859375,1504.2330322265625,502.5542907714844,3267.51025390625,423.8703308105469,888.437744140625,3288.572998046875,125.34027862548828,98.51818084716795,938.5423583984376,1744.3951416015625,1252.4747314453125,968.1558227539062,782.5239868164062,560.06884765625,2341.11328125,412.71002197265625,2428.96875,916.5094604492188,1082.1407470703125,7.150000095367432,1159.789306640625,1127.60302734375,69.71835327148438,352.9247436523437,700.2337646484375,390.3893432617188,2158.229248046875,1219.524169921875,8991.3994140625,1749.8043212890625,1069.6226806640625,31.52267265319824,165.5728302001953,143.6045684814453,2287.11865234375,165.09164428710938,1127.0377197265625,1179.38720703125,532.7481689453125,24567.53515625,2212.255615234375,934.3729248046876,763.4488525390625,98.6601104736328,2978.114013671875,951.8870239257812,2731.757080078125,1225.5341796875,7704.97998046875,214.85206604003903,179.9019012451172
2023-05-12,3871.17041015625,1766.381591796875,1961.1317138671875,895.5999755859375,686.1112060546875,402.9210205078125,4567.193359375,908.2439575195312,4201.548828125,1421.1107177734375,661.179443359375,231.1968688964844,777.4605102539062,152.40081787109375,4498.23388671875,1000.680419921875,903.8641357421876,191.98280334472656,1505.6668701171875,500.76708984375,3253.622314453125,426.9553527832031,875.5188598632812,3502.046142578125,123.47683715820312,97.34696197509766,954.39794921875,1724.435546875,1275.8232421875,974.7403564453124,789.434814453125,553.4060668945312,2359.63037109375,396.9214477539063,2458.0146484375,921.095947265625,1090.0367431640625,7.0,1180.49560546875,1117.818115234375,69.38616943359375,352.9667053222656,692.3997802734375,390.917724609375,2137.96728515625,1243.548095703125,9024.8955078125,1731.251953125,1058.66162109375,31.143234252929688,161.3309326171875,142.27210998535156,2279.62109375,160.574951171875,1128.8778076171875,1181.0289306640625,537.1146240234375,24443.103515625,2267.0224609375,929.463134765625,763.06201171875,97.02410125732422,2970.99169921875,953.9839477539062,2746.9619140625,1223.211181640625,7574.68603515625,210.00462341308597,179.2471160888672
2023-05-15,3785.64697265625,1768.2481689453125,1912.570068359375,868.7000122070312,680.279296875,399.5797424316406,4587.62353515625,913.3803100585938,4225.2919921875,1419.0142822265625,660.97265625,239.35446166992188,782.4671630859375,150.3373565673828,4512.21630859375,999.1370239257812,889.739013671875,194.1472625732422,1548.171875,514.9684448242188,3215.78662109375,458.4909973144531,885.801025390625,3533.093994140625,125.0460433959961,100.68045806884766,964.4271240234376,1704.2794189453125,1268.349853515625,978.521728515625,793.2214965820312,552.0734252929688,2437.5029296875,402.7563781738281,2494.415283203125,922.9012451171876,1091.011474609375,7.050000190734863,1191.1417236328125,1129.622802734375,69.92597198486328,359.13702392578125,695.2573852539062,393.39013671875,2162.753662109375,1253.0018310546875,8939.3583984375,1743.121826171875,1058.2947998046875,31.1578311920166,162.25308227539062,142.35806274414062,2298.953125,161.57130432128906,1131.1043701171875,1183.416748046875,540.5984497070312,24286.17578125,2233.43408203125,926.54638671875,761.0311279296875,97.88754272460938,2953.524169921875,970.4862060546876,2753.251708984375,1220.2952880859375,7631.72021484375,211.56951904296875,180.41636657714844
2023-05-16,3839.70068359375,1752.1365966796875,1885.718994140625,874.1500244140625,673.3692626953125,393.9781188964844,4517.4580078125,915.3750610351562,4201.03955078125,1426.0028076171875,668.0922241210938,238.67059326171875,772.9446411132812,152.5692596435547,4488.87939453125,1015.963623046875,889.0640258789062,196.8017578125,1536.424072265625,512.7464599609375,3218.68212890625,462.0166931152344,885.1149291992188,3508.6611328125,124.50662231445312,100.63540649414062,966.86279296875,1698.1834716796875,1261.3648681640625,970.46923828125,788.6732177734375,552.2708129882812,2432.16064453125,404.4725036621094,2507.20458984375,923.4866943359376,1089.1107177734375,7.349999904632568,1191.874267578125,1134.9642333984375,72.25129699707031,355.9049377441406,692.4983520507812,388.2160339355469,2143.8388671875,1230.390869140625,8807.3642578125,1757.2344970703125,1057.9937744140625,31.230796813964844,163.6363067626953,144.42120361328125,2312.0126953125,159.81109619140625,1114.9962158203125,1174.760986328125,544.6860961914062,24094.984375,2255.92333984375,914.8308715820312,760.354248046875,97.61488342285156,2956.33740234375,963.8761596679688,2763.850341796875,1229.78466796875,7570.5068359375,213.63067626953125,180.9776306152344
2023-05-17,3847.948486328125,1727.2322998046875,1896.0501708984373,875.4000244140625,671.016845703125,399.284912109375,4445.111328125,912.3829956054688,4192.70849609375,1413.0740966796875,660.2587890625,237.9867401123047,777.7550048828125,153.6009979248047,4513.2392578125,1007.2018432617188,890.8478393554688,197.3326416015625,1538.690185546875,506.1771240234375,3207.4443359375,460.1559143066406,878.537841796875,3504.36376953125,125.19315338134766,99.1038055419922,972.6892700195312,1695.9219970703125,1239.9210205078125,956.0997314453124,784.4360961914062,552.8631591796875,2465.61865234375,399.8143615722656,2493.947021484375,916.6558837890624,1074.5859375,7.050000190734863,1207.35498046875,1119.34423828125,72.70807647705078,358.9691162109375,684.9598999023438,380.6592712402344,2136.5234375,1231.0244140625,8854.0185546875,1739.0093994140625,1055.6668701171875,30.968107223510746,162.29917907714844,143.77650451660156,2354.327880859375,158.61553955078125,1108.4073486328125,1156.702880859375,544.6860961914062,24115.380859375,2267.109619140625,909.9696655273438,752.61767578125,96.3424301147461,2911.46826171875,961.0955200195312,2736.263916015625,1237.59375,7572.22802734375,213.32530212402344,178.8028106689453
2023-05-18,3826.93603515625,1682.3360595703125,1886.5675048828125,860.5499877929688,651.7567138671875,392.1600646972656,4405.29248046875,912.283203125,4182.8037109375,1413.1239013671875,668.56494140625,238.3775177001953,784.72509765625,151.8955078125,4447.41943359375,1037.7684326171875,881.736328125,195.6991271972656,1512.9744873046875,505.694091796875,3095.06591796875,450.460205078125,867.0892944335938,3453.566650390625,124.31047821044922,95.68021392822266,963.5675659179688,1677.093017578125,1235.23193359375,960.8599853515624,787.572021484375,554.2944946289062,2476.665771484375,398.6375732421875,2461.9033203125,923.6331176757812,1067.22607421875,7.0,1210.0408935546875,1118.5361328125,71.42083740234375,352.33709716796875,681.9544067382812,384.298095703125,2106.298583984375,1213.871337890625,8789.83984375,1740.4580078125,1053.0972900390625,30.588672637939453,161.46926879882812,143.00279235839844,2326.836669921875,156.52322387695312,1106.0218505859375,1146.8531494140625,533.4449462890625,23686.083984375,2232.763916015625,903.8446044921876,750.73193359375,95.61531829833984,2903.438232421875,956.1265258789062,2696.09765625,1226.275634765625,7477.53076171875,212.6382598876953,178.94309997558594
2023-05-19,3824.23583984375,1698.64404296875,1952.4974365234373,896.9500122070312,674.4473876953125,396.1892700195313,4410.400390625,921.6084594726562,4149.98828125,1412.774658203125,668.0527954101562,232.46690368652344,791.0079956054688,151.72703552246094,4384.572265625,1038.863525390625,883.4237060546875,195.94415283203125,1507.49267578125,501.4916076660156,3040.888671875,462.1636047363281,860.9827880859375,3448.49658203125,123.7220230102539,94.46394348144533,964.4749755859376,1687.3187255859375,1230.493896484375,974.6068115234376,788.481689453125,550.3954467773438,2456.60888671875,398.88275146484375,2474.926513671875,931.2446899414062,1049.533203125,7.050000190734863,1218.9288330078125,1139.09375,71.46235656738281,352.4630126953125,683.7280883789062,387.1393432617188,2108.07958984375,1228.39306640625,8840.9580078125,1781.86181640625,1053.609619140625,30.83676528930664,159.80934143066406,141.7563018798828,2395.417724609375,155.22799682617188,1109.6114501953125,1148.295654296875,534.3275146484375,24105.15625,2168.937255859375,900.1499633789062,748.2843017578125,95.11542510986328,2924.307373046875,977.5065307617188,2676.088623046875,1225.8802490234375,7553.396484375,215.2337646484375,180.62684631347656
2023-05-22,3822.7138671875,1781.5107421875,2321.87548828125,941.75,715.2219848632812,416.58099365234375,4567.2431640625,915.1256713867188,4187.0615234375,1410.677978515625,668.92431640625,236.7655334472656,787.1793823242188,152.2744903564453,4383.6953125,1049.1187744140625,891.8119506835938,194.96401977539065,1510.6787109375,504.5347900390625,3204.499755859375,468.28466796875,873.8623657226562,3423.918701171875,123.77105712890624,95.81536102294922,971.3043212890624,1689.531005859375,1234.5968017578125,996.4060668945312,785.680908203125,559.6740112304688,2437.72900390625,399.8143615722656,2471.7880859375,927.39013671875,1065.178955078125,7.0,1217.1220703125,1160.5489501953125,72.3758773803711,356.5765991210937,694.3213500976562,386.8502807617188,2133.6357421875,1233.4122314453125,8890.18359375,1840.089111328125,1044.1204833984375,30.690824508666992,160.547119140625,142.35806274414062,2470.344970703125,155.6597137451172,1115.5413818359375,1144.9627685546875,536.1856079101562,24164.41015625,1980.7496337890625,911.4280395507812,748.919677734375,95.43354034423828,2993.131103515625,1006.9552001953124,2686.8857421875,1224.941162109375,7587.17431640625,219.47048950195312,185.0933990478516
2023-05-23,3841.90966796875,1787.454345703125,2628.91650390625,988.7999877929688,719.4856567382812,419.92230224609375,4512.796875,913.7294311523438,4163.78076171875,1434.8880615234375,667.6934204101562,247.95169067382807,785.3141479492188,154.38006591796875,4405.8134765625,1056.03857421875,897.0667724609375,195.45411682128903,1485.7061767578125,507.91607666015625,3323.061279296875,458.19720458984375,874.4308471679688,3478.144287109375,123.23165130615234,96.85144805908205,970.158203125,1669.4730224609375,1220.919921875,985.2840576171876,783.837646484375,555.4295654296875,2454.2998046875,402.3640747070313,2462.60546875,930.366455078125,1057.282958984375,6.949999809265137,1230.8447265625,1167.0570068359375,73.91226196289062,360.27032470703125,693.82861328125,383.1217041015625,2115.39501953125,1236.336181640625,8932.951171875,1817.1439208984373,1039.6954345703125,30.865951538085938,160.5931854248047,141.84228515625,2425.72705078125,155.49366760253906,1115.3369140625,1159.6876220703125,540.3197021484375,24457.8671875,1987.1002197265625,905.7404174804688,752.7811279296875,95.9788818359375,2991.63427734375,994.2366333007812,2658.060791015625,1246.638427734375,7526.79736328125,220.11935424804688,185.98204040527344
2023-05-24,3821.19189453125,1749.0909423828125,2471.103759765625,984.25,703.9992065429688,415.0086669921875,4498.962890625,915.2752685546876,4181.83154296875,1424.10595703125,668.2251586914062,255.0834503173828,786.7376098632812,152.99037170410156,4404.0107421875,1047.6253662109375,904.3944091796876,196.84259033203125,1493.671142578125,508.8338623046875,3320.46044921875,455.8956604003906,885.9381713867188,3487.12548828125,121.4172592163086,97.03163146972656,976.8920288085938,1671.832763671875,1243.9752197265625,989.376708984375,773.592041015625,558.6868896484375,2479.88037109375,399.0298461914063,2450.097412109375,917.9244384765624,1047.5836181640625,6.949999809265137,1242.125732421875,1165.80029296875,74.45206451416016,363.9221801757813,685.8468017578125,380.8985595703125,2103.363037109375,1243.3045654296875,9000.962890625,1820.4619140625,1038.5732421875,30.67622756958008,161.3309326171875,142.9168243408203,2433.88623046875,156.6228485107422,1108.8389892578125,1169.38818359375,541.3416137695312,23692.5,1998.9857177734373,925.7200927734376,753.8565063476562,95.61531829833984,2997.3505859375,1001.7583618164062,2681.6357421875,1258.25341796875,7526.3544921875,222.4094696044922,186.9408416748047
2023-05-25,3870.581298828125,1746.880615234375,2532.841552734375,970.6500244140624,710.1251831054688,411.962158203125,4530.39990234375,918.6163940429688,4298.8369140625,1425.00439453125,673.6607666015625,258.1120300292969,807.6478881835938,152.99037170410156,4446.396484375,1054.8436279296875,911.5775146484376,196.0666656494141,1481.6767578125,512.1668701171875,3371.987548828125,467.4032287597656,882.9388427734375,3526.333740234375,120.87784576416016,97.1217269897461,983.2437744140624,1672.8160400390625,1248.908935546875,992.9803466796876,770.6236572265625,564.65869140625,2474.537841796875,396.43109130859375,2433.512939453125,917.1437377929688,1053.0911865234375,7.0,1233.9703369140625,1170.9171142578125,74.03682708740234,370.3443298339844,686.4873046875,384.8065185546875,2122.18115234375,1245.3511962890625,9011.7392578125,1807.4705810546875,1043.15380859375,30.44272994995117,160.9159698486328,142.701904296875,2463.190673828125,158.05091857910156,1108.70263671875,1171.3780517578125,539.9945678710938,23945.615234375,2031.75830078125,918.7684326171876,762.8012084960938,95.29721069335938,2988.41259765625,1001.1656494140624,2682.3291015625,1268.3359375,7494.83837890625,225.80648803710935,184.3217010498047
2023-05-26,3932.244140625,1753.610107421875,2539.729248046875,963.3499755859376,712.428466796875,417.21978759765625,4571.80517578125,924.5008544921876,4272.8720703125,1436.7850341796875,679.8989868164062,254.8880615234375,802.9848022460938,153.4114990234375,4478.4541015625,1045.1361083984375,917.2661743164062,197.2509765625,1499.7620849609375,523.71142578125,3448.8857421875,468.2357177734375,888.2318725585938,3563.852294921875,122.83934783935548,95.81536102294922,1002.8723754882812,1659.9849853515625,1259.410888671875,1013.6231079101562,773.592041015625,569.7421875,2485.720458984375,405.5512390136719,2485.139892578125,927.7316284179688,1072.246337890625,7.050000190734863,1238.5118408203125,1182.6768798828125,74.90882873535156,372.4010620117188,691.463623046875,387.8172912597656,2135.416259765625,1249.2982177734375,9126.40234375,1845.603271484375,1048.34423828125,31.084861755371094,160.9159698486328,140.7677001953125,2493.79345703125,157.61917114257812,1138.94287109375,1189.6846923828125,544.4074096679688,24666.439453125,2050.48974609375,942.9772338867188,771.990478515625,96.70598602294922,3020.533203125,1016.3460693359376,2716.205322265625,1278.3197021484375,7593.27099609375,227.21875,187.87625122070312
2023-05-29,3958.166015625,1762.844970703125,2529.447998046875,977.8499755859376,722.8672485351562,419.6275329589844,4602.1025390625,927.34326171875,4275.232421875,1447.16796875,682.6119384765625,258.0632019042969,806.2244262695312,152.31661987304688,4458.04052734375,1050.8114013671875,921.9906005859376,201.00816345214844,1504.822265625,529.7494506835938,3413.40576171875,472.6918029785156,893.1915893554688,3584.22900390625,123.08453369140624,95.72526550292967,1000.388916015625,1684.565673828125,1267.6658935546875,1002.0562744140624,783.0237426757812,571.5682983398438,2514.47021484375,411.7784118652344,2483.21875,925.2432861328124,1160.9542236328125,7.099999904632568,1255.01806640625,1179.9390869140625,74.78426361083984,377.018310546875,691.9563598632812,389.4422912597656,2141.2880859375,1296.371826171875,9061.88671875,1839.201171875,1055.518798828125,31.201610565185547,162.57583618164062,136.68435668945312,2469.4384765625,155.75938415527344,1145.3497314453125,1211.92138671875,552.7686157226562,24947.25390625,2046.586181640625,941.5675659179688,776.4384155273438,98.56920623779295,3012.77587890625,1015.7079467773438,2785.642333984375,1284.843994140625,7709.99462890625,229.2798767089844,186.9875946044922
2023-05-30,3956.64453125,1766.774658203125,2491.916015625,966.8499755859376,719.4856567382812,423.4601745605469,4561.14404296875,934.97314453125,4250.609375,1463.441162109375,689.874267578125,261.53143310546875,803.4756469726562,151.7691650390625,4456.091796875,1041.751220703125,925.4615478515624,199.53797912597656,1490.719482421875,531.2468872070312,3393.92333984375,464.8079223632813,885.86962890625,3552.263671875,122.88838958740234,95.4549789428711,1000.1978759765624,1696.2169189453125,1258.62939453125,1010.6423950195312,783.6221923828125,577.5895385742188,2516.50732421875,405.1099243164063,2489.074462890625,926.9998168945312,1154.8131103515625,7.099999904632568,1263.124755859375,1188.4222412109375,74.99187469482422,386.1734313964844,694.3213500976562,393.7290649414063,2128.052978515625,1294.71484375,9110.28515625,1845.790283203125,1047.9896240234375,31.289173126220703,163.03692626953125,136.555419921875,2485.658935546875,156.1579132080078,1145.0543212890625,1209.732421875,550.7247314453125,25268.8046875,2073.969482421875,932.9631958007812,773.16357421875,97.2967758178711,3009.010009765625,1001.4393310546876,2775.984619140625,1267.9405517578125,7770.373046875,232.33038330078125,188.2503967285156
2023-05-31,4051.200439453125,1745.9473876953125,2488.82177734375,977.7000122070312,724.1904296875,416.2862243652344,4583.755859375,912.4328002929688,4227.69873046875,1448.66552734375,688.3035888671875,261.824462890625,834.3502807617188,153.07461547851562,4537.74462890625,1046.3310546875,918.9052124023438,197.0467987060547,1491.281494140625,536.560302734375,3379.79052734375,465.1017150878906,882.370361328125,3546.082763671875,122.83934783935548,94.4188995361328,1010.895751953125,1689.531005859375,1277.7772216796875,1018.8728637695312,771.22216796875,584.6964111328125,2499.07666015625,398.0491943359375,2499.38134765625,926.2191162109376,1152.3272705078125,7.199999809265137,1256.6297607421875,1183.440185546875,74.74272918701172,382.3966369628906,686.1423950195312,401.6347961425781,2123.095458984375,1285.5048828125,9095.091796875,1819.573974609375,1052.781494140625,31.172420501708984,160.31655883789062,133.15980529785156,2518.02587890625,155.32762145996094,1122.311767578125,1228.7357177734375,549.1620483398438,24852.298828125,2069.279296875,948.27587890625,780.7398071289062,96.16065216064452,2984.78369140625,1017.0755004882812,2796.538330078125,1287.809326171875,7739.00341796875,226.39195251464844,188.7882537841797
2023-06-01,3873.232177734375,1768.64111328125,2487.623779296875,993.9500122070312,717.525390625,421.8386535644531,4774.466796875,917.27001953125,4298.46728515625,1447.76708984375,693.2911987304688,262.1664123535156,812.8018188476562,153.5167694091797,4516.50341796875,1039.3614501953125,930.18603515625,188.1439666748047,1509.507568359375,538.009521484375,3460.07421875,467.3542785644531,892.3681640625,3588.671142578125,123.08453369140624,94.91441345214844,1006.9317626953124,1673.897705078125,1301.1746826171875,1016.0255737304688,767.942626953125,574.6776123046875,2535.74951171875,398.490478515625,2527.81787109375,913.484375,1194.3902587890625,7.150000095367432,1260.0970458984375,1184.517333984375,75.15796661376953,377.418212890625,683.7280883789062,384.8264770507813,2125.1650390625,1285.407470703125,9056.837890625,1848.080078125,1062.554931640625,31.201610565185547,160.82376098632812,132.085205078125,2535.226318359375,154.76304626464844,1119.2901611328125,1201.6239013671875,551.9086303710938,24908.814453125,2059.1708984375,960.2831420898438,775.8519287109375,96.29698181152344,3016.087158203125,1021.8619384765624,2800.50048828125,1257.462646484375,7712.20703125,226.2292938232422,190.42523193359372
2023-06-02,3948.740234375,1783.6719970703125,2440.609375,983.5499877929688,721.9850463867188,430.4866943359375,4926.25146484375,923.653076171875,4322.0712890625,1454.8553466796875,691.6565551757812,259.2843933105469,821.1954345703125,151.62176513671875,4534.91943359375,1034.78125,931.2466430664062,188.5931854248047,1508.242431640625,538.2992553710938,3446.5302734375,479.2046203613281,903.8167724609376,3572.591796875,123.7220230102539,94.23870086669922,1013.379150390625,1681.8616943359375,1305.1446533203125,1011.7100830078124,769.1394653320312,568.9525146484375,2619.281494140625,412.6119384765625,2545.432861328125,915.48486328125,1201.847900390625,7.150000095367432,1271.995361328125,1181.7882080078125,74.5766372680664,380.5941162109375,696.2921142578125,386.5611572265625,2150.913818359375,1307.336181640625,9209.3173828125,1885.74560546875,1070.917236328125,31.785362243652344,160.9620819091797,132.9878692626953,2561.19873046875,155.82577514648438,1115.63232421875,1196.4005126953125,556.1231079101562,24781.23828125,2069.862060546875,971.8529052734376,778.1980590820312,98.16020965576172,2999.392333984375,1023.9588012695312,2834.57470703125,1290.5277099609375,7719.92626953125,227.85629272460935,189.3962860107422
2023-06-05,3959.982666015625,1778.612548828125,2429.52978515625,987.8499755859376,724.1414794921875,431.4694519042969,4909.2939453125,948.337646484375,4359.97802734375,1456.5025634765625,693.55712890625,257.4281921386719,819.2319946289062,150.253173828125,4562.640625,1043.9912109375,939.8760375976562,187.6130523681641,1506.3214111328125,533.5171508789062,3398.14404296875,479.1556396484375,902.464111328125,3547.33837890625,124.8498992919922,94.10355377197266,1005.0216064453124,1705.41015625,1320.5833740234375,1012.8221435546876,768.1340942382812,566.7316284179688,2599.315185546875,411.5823059082031,2525.850341796875,923.8770751953124,1195.3653564453125,7.150000095367432,1285.4244384765625,1186.7918701171875,74.11988067626953,378.233642578125,701.76123046875,383.7996215820313,2183.400634765625,1359.9647216796875,9303.251953125,1857.42626953125,1060.6046142578125,31.81454849243164,160.547119140625,133.589599609375,2552.84375,156.49000549316406,1125.6517333984375,1209.235107421875,556.1231079101562,24565.130859375,2052.00439453125,980.7489013671876,774.6788330078125,99.4326629638672,2984.239013671875,1011.4227294921876,2828.680908203125,1279.802490234375,7750.75439453125,226.39195251464844,189.0455017089844
2023-06-06,3984.186279296875,1823.6563720703125,2429.22998046875,991.8499755859376,730.6105346679688,451.2223510742188,4899.27685546875,965.641845703125,4374.97412109375,1472.6759033203125,700.5239868164062,257.67242431640625,814.2743530273438,149.97943115234375,4584.8564453125,1052.6531982421875,937.2244873046876,186.0612030029297,1517.8472900390625,528.9283447265625,3472.3427734375,484.4442138671875,908.9529418945312,3578.0966796875,123.7220230102539,94.32879638671876,1007.8391723632812,1736.7752685546875,1308.232421875,1004.1915283203124,765.740234375,572.2098999023438,2630.283203125,407.5125427246094,2521.4931640625,919.3394165039062,1206.57568359375,7.050000190734863,1289.571533203125,1163.5926513671875,74.24444580078125,380.0791015625,702.450927734375,390.6087036132813,2192.689453125,1375.363525390625,9452.8681640625,1789.2454833984375,1054.3504638671875,31.872934341430664,161.7458953857422,132.085205078125,2440.918212890625,156.29075622558594,1126.6058349609375,1216.7965087890625,554.3710327148438,25528.880859375,2089.438232421875,985.65869140625,774.336669921875,99.06910705566406,2932.8818359375,990.36181640625,2854.1875,1316.6732177734375,7974.51513671875,225.6598663330078,187.0577545166016
2023-06-07,4075.944580078125,1819.186279296875,2435.119384765625,985.5499877929688,728.9932250976562,447.8811340332031,4984.9130859375,974.1692504882812,4425.4228515625,1478.4664306640625,697.1758422851562,258.6005249023437,828.8036499023438,155.01173400878906,4767.79638671875,1068.533935546875,926.0401611328124,188.4298095703125,1533.6834716796875,537.6229248046875,3476.465087890625,485.4725646972656,916.225830078125,3599.632080078125,123.77105712890624,95.1396484375,1017.5816650390624,1739.3807373046875,1319.2601318359375,1004.5921630859376,769.7139892578125,586.7693481445312,2678.455322265625,414.4261779785156,2544.964111328125,917.4853515625,1225.6820068359375,7.650000095367432,1294.7060546875,1172.64501953125,75.44863891601562,381.0662536621094,719.1044311523438,386.6907348632813,2228.834228515625,1370.685546875,9425.001953125,1783.9647216796875,1086.5245361328125,31.96048927307129,163.54409790039062,132.2571563720703,2459.294189453125,158.88119506835938,1135.1485595703125,1239.4808349609375,558.0172729492188,25530.662109375,2128.852783203125,986.4364013671876,804.6414794921875,101.34132385253906,2971.535400390625,998.9775390625,2879.4462890625,1331.994873046875,8021.765625,226.51402282714844,188.3907012939453
2023-06-08,4037.84716796875,1801.3065185546875,2424.738037109375,976.0,721.7891235351562,443.9010620117188,4885.9375,959.5579223632812,4443.84375,1464.9886474609375,690.297607421875,254.2042236328125,820.7045288085938,152.06393432617188,4750.15966796875,1056.984375,930.8128662109376,186.3062286376953,1519.2529296875,533.3721923828125,3434.8505859375,474.7485046386719,911.452392578125,3532.031494140625,123.67298126220705,94.37385559082033,1010.5137329101562,1683.23828125,1328.67041015625,1002.5454711914062,770.1926879882812,586.2265014648438,2684.613037109375,410.1603393554688,2510.952880859375,915.2409057617188,1221.1004638671875,7.349999904632568,1287.4486083984375,1167.0498046875,74.78426361083984,380.16497802734375,737.8765258789062,376.1431579589844,2252.7060546875,1345.979248046875,9377.5263671875,1742.0001220703125,1075.893798828125,31.697799682617188,167.8782501220703,134.19139099121094,2414.014892578125,160.508544921875,1135.830078125,1232.6158447265625,557.3543701171875,25368.740234375,2132.08642578125,959.6026000976562,789.000244140625,101.02322387695312,2936.647705078125,976.7316284179688,2849.77978515625,1310.8411865234375,7965.27197265625,225.7818756103516,186.87066650390625
2023-06-09,4076.043701171875,1804.990478515625,2446.6982421875,963.6500244140624,720.3678588867188,447.83203125,4885.9873046875,972.1744995117188,4390.84912109375,1464.090087890625,692.9613647460938,250.6383209228516,818.2503051757812,151.3690948486328,4753.76513671875,1061.0665283203125,934.5248413085938,185.93865966796875,1496.060791015625,531.295166015625,3365.215576171875,475.1892395019531,914.8634033203124,3458.5400390625,122.69222259521484,94.50899505615234,988.9270629882812,1686.9744873046875,1319.2601318359375,987.4193725585938,771.1024780273438,574.18408203125,2625.302978515625,407.0221862792969,2470.00732421875,915.3872680664062,1184.885986328125,7.300000190734863,1314.306396484375,1151.7203369140625,74.99187469482422,376.3452758789063,737.5808715820312,373.2520751953125,2274.55615234375,1335.8433837890625,9347.6220703125,1732.093017578125,1072.228759765625,31.391326904296875,168.56983947753906,132.6010284423828,2394.70703125,162.66726684570312,1127.787353515625,1226.1488037109375,548.072998046875,25186.43359375,2131.561767578125,956.6372680664062,783.0370483398438,98.97821807861328,2912.012451171875,969.2098388671876,2849.037109375,1320.6273193359375,8017.48828125,225.13107299804688,185.81832885742188
2023-06-12,4076.288818359375,1806.2186279296875,2480.287109375,961.0999755859376,727.3759765625,448.4216003417969,4884.0537109375,971.6259765625,4415.14794921875,1463.5909423828125,698.923828125,251.17564392089844,821.0481567382812,156.50668334960938,4774.71484375,1068.4344482421875,925.5580444335938,187.04132080078125,1523.9383544921875,534.8214111328125,3374.73583984375,480.477783203125,916.598388671875,3467.521484375,122.7903060913086,94.7792739868164,997.2846069335938,1702.362060546875,1319.9462890625,1014.0234375,766.4105224609375,576.8491821289062,2653.46337890625,408.73834228515625,2476.800537109375,913.3380126953124,1187.3831787109375,7.5,1315.6888427734375,1175.3741455078125,76.27910614013672,375.0577392578125,736.3983764648438,374.7375183105469,2252.368896484375,1346.3203125,9272.5234375,1766.393798828125,1082.7161865234375,31.52267265319824,171.2440948486328,133.28872680664062,2442.216552734375,160.508544921875,1128.7869873046875,1232.6158447265625,548.025634765625,25451.283203125,2131.474853515625,958.0956420898438,782.7926635742188,99.52355194091795,2946.129638671875,979.8770141601562,2825.6103515625,1324.185791015625,8062.08203125,226.0259246826172,185.0232696533203
2023-06-13,4241.5908203125,1814.470703125,2458.07763671875,955.2999877929688,723.2102661132812,451.0258483886719,4910.13623046875,983.2451782226562,4402.466796875,1483.757568359375,705.7232055664062,255.62078857421875,819.084716796875,157.32786560058594,4813.5439453125,1097.009765625,946.3359985351562,187.0004730224609,1544.131591796875,541.43896484375,3423.072998046875,493.2095947265625,921.763916015625,3469.501220703125,122.15282440185548,96.4460220336914,1008.1257934570312,1708.8021240234375,1323.6221923828125,1006.5939331054688,767.7031860351562,577.243896484375,2673.43017578125,413.2493896484375,2507.20458984375,920.75439453125,1194.4827880859375,7.699999809265137,1319.4410400390625,1187.1103515625,76.32064056396484,382.3108215332031,745.612060546875,370.0519409179688,2266.27783203125,1338.2799072265625,9240.5322265625,1774.1512451171875,1092.5892333984375,31.7415828704834,170.92137145996094,133.80450439453125,2469.904296875,160.9070587158203,1145.4632568359375,1236.9935302734375,545.8947143554688,25895.27734375,2175.754150390625,960.6720581054688,801.5132446289062,101.02322387695312,2943.225830078125,984.1165161132812,2884.94384765625,1330.6109619140625,8138.4892578125,226.14791870117188,184.99986267089844
2023-06-14,4271.0966796875,1822.2318115234373,2452.687255859375,957.6500244140624,724.6805419921875,456.5783386230469,4967.60693359375,975.1167602539062,4378.630859375,1477.9671630859375,698.8400268554688,246.73048400878903,812.8018188476562,157.30679321289062,4815.0537109375,1094.5206298828125,943.6363525390624,187.0004730224609,1543.241455078125,543.2745361328125,3421.35546875,493.3075256347656,921.17578125,3449.607421875,122.00570678710938,96.5811538696289,1021.5459594726562,1749.508056640625,1334.0618896484375,1010.6423950195312,766.8653564453125,577.4907836914062,2654.55029296875,416.8287658691406,2528.6142578125,917.094970703125,1186.8934326171875,7.900000095367432,1306.6046142578125,1183.061767578125,77.35873413085938,381.5383605957031,761.5756225585938,371.7865905761719,2266.904052734375,1343.64013671875,9255.095703125,1754.524169921875,1104.0604248046875,31.799955368041992,172.6273193359375,135.69578552246094,2432.685546875,163.73001098632812,1159.549560546875,1235.998779296875,546.0366821289062,25966.63671875,2192.533935546875,959.3109741210938,843.1578979492188,103.4317855834961,2949.894775390625,982.4754028320312,2879.54541015625,1330.3638916015625,8219.1240234375,228.58839416503903,185.4208068847656
2023-06-15,4235.5517578125,1817.4671630859373,2481.135498046875,962.5999755859376,724.8275756835938,450.4362487792969,5175.6240234375,974.5682373046876,4370.62255859375,1472.276611328125,701.7695922851562,241.259521484375,814.5198364257812,159.55975341796875,4847.98828125,1108.0614013671875,962.4376831054688,186.714599609375,1542.0233154296875,549.747314453125,3514.693359375,480.2329406738281,941.6517944335938,3413.537353515625,119.70094299316406,96.53611755371094,1029.3782958984375,1742.7728271484375,1328.5235595703125,1017.5381469726562,757.4336547851562,570.6799926757812,2574.36865234375,414.8674621582031,2520.134765625,904.2138671875,1184.3963623046875,7.800000190734863,1280.783447265625,1170.6890869140625,77.15111541748047,384.62835693359375,759.3584594726562,365.5757141113281,2272.919921875,1357.382080078125,9315.6298828125,1752.5147705078125,1115.5946044921875,31.44970321655273,172.16624450683594,135.52383422851562,2442.486083984375,163.69676208496094,1159.86767578125,1234.8045654296875,536.5186157226562,25876.76953125,2185.83349609375,960.9638061523438,845.601806640625,103.3863296508789,2940.068359375,986.0310668945312,2880.486572265625,1317.5135498046875,8194.44140625,228.8324279785156,181.91302490234372
2023-06-16,4258.380859375,1822.8211669921875,2505.042236328125,975.0499877929688,732.57080078125,452.9421997070313,5157.078125,978.95654296875,4296.93994140625,1506.1209716796875,709.3125,248.0982208251953,822.4715576171875,158.67543029785156,4915.46435546875,1121.751708984375,970.00634765625,186.67376708984372,1555.2357177734375,551.5345458984375,3513.270263671875,485.7663879394531,963.529541015625,3417.59326171875,121.36821746826172,96.85144805908205,1022.0233764648438,1750.884521484375,1324.1612548828125,1021.6309814453124,767.3440551757812,603.6580200195312,2564.408447265625,418.6920471191406,2544.448486328125,911.6303100585938,1228.7073974609375,7.800000190734863,1297.4708251953125,1175.1014404296875,76.52825927734375,388.920166015625,764.7782592773438,370.3410339355469,2278.2138671875,1368.2000732421875,9324.2236328125,1738.44873046875,1115.708740234375,31.230796813964844,173.54946899414062,134.96505737304688,2429.990234375,163.69676208496094,1171.159423828125,1274.8505859375,541.0172119140625,25943.923828125,2209.9541015625,964.4638061523438,843.4022827148438,103.84078979492188,2902.2236328125,982.110595703125,2926.348388671875,1337.2833251953125,8194.4912109375,227.81558227539065,178.3350830078125
2023-06-19,4249.2978515625,1793.2998046875,2397.038818359375,960.3499755859376,721.0540161132812,445.03118896484375,5102.48388671875,963.0986328125,4255.654296875,1539.4161376953125,727.3329467773438,244.0438690185547,812.9981689453125,157.8121337890625,4892.419921875,1127.3272705078125,975.0201416015624,185.53028869628903,1545.6309814453125,549.843994140625,3518.32470703125,475.3361206054688,956.4623413085938,3376.791748046875,120.7307357788086,97.30191040039062,1018.9193115234376,1731.7607421875,1310.5360107421875,1012.1549682617188,768.014404296875,620.4937133789062,2519.631591796875,417.9075317382813,2534.625,900.8472900390624,1233.75048828125,7.599999904632568,1285.0294189453125,1177.2391357421875,76.32064056396484,389.3493347167969,760.3932495117188,363.7911987304688,2277.781005859375,1366.9332275390625,9254.6103515625,1750.598876953125,1107.271240234375,30.982704162597656,171.38241577148438,135.6527862548828,2422.3212890625,161.47164916992188,1159.5269775390625,1274.0047607421875,538.7442626953125,25731.970703125,2218.46044921875,973.9917602539062,837.78125,103.7044448852539,2934.675048828125,997.0631103515624,2940.512939453125,1322.5548095703125,8130.9169921875,228.2223052978516,177.79725646972656
2023-06-20,4296.77294921875,1805.87451171875,2410.414306640625,961.7000122070312,723.1613159179688,441.1985473632813,5119.3916015625,972.2742309570312,4315.4990234375,1518.550537109375,713.8027954101562,241.30838012695312,815.992431640625,156.8435821533203,4926.9130859375,1117.0223388671875,974.9236450195312,185.6119384765625,1540.805419921875,552.6937866210938,3500.118408203125,479.106689453125,960.8143920898438,3439.99853515625,121.02495574951172,97.52715301513672,1023.8382568359376,1739.4298095703125,1320.1915283203125,1039.826904296875,769.6182861328125,637.47802734375,2536.02099609375,420.65338134765625,2527.87109375,903.1892700195312,1265.428955078125,7.400000095367432,1282.067138671875,1185.791015625,76.32064056396484,388.70556640625,761.871337890625,367.6692199707031,2292.84521484375,1360.9881591796875,9215.87109375,1761.3001708984375,1115.0771484375,31.289173126220703,172.9039764404297,135.1799774169922,2435.03759765625,165.22447204589844,1161.935302734375,1288.779541015625,537.3710327148438,25682.68359375,2231.103515625,964.4153442382812,839.638671875,103.84078979492188,2950.489013671875,1009.5993041992188,2945.862060546875,1328.3375244140625,8106.18603515625,229.93063354492188,178.89633178710938
2023-06-21,4287.396484375,1813.39013671875,2401.580078125,977.0,734.5802001953125,440.3631896972656,5076.45068359375,963.4476928710938,4304.52978515625,1516.75341796875,709.60302734375,236.03282165527344,823.649658203125,156.990966796875,4939.67724609375,1129.4180908203125,972.7543334960938,186.59207153320312,1548.3955078125,547.8634643554688,3444.518310546875,472.8877258300781,962.617919921875,3448.062255859375,121.07398986816406,96.13067626953124,1015.9103393554688,1748.0821533203125,1312.9375,1041.4283447265625,783.0716552734375,636.2894897460938,2556.711669921875,412.8080749511719,2528.343505859375,902.3598022460938,1275.515380859375,7.75,1270.41552734375,1182.1064453125,76.4036865234375,383.72705078125,747.6813354492188,367.978271484375,2304.828857421875,1339.351806640625,9166.1123046875,1754.056884765625,1111.970703125,31.1578311920166,172.9039764404297,137.7159423828125,2419.527587890625,171.5013427734375,1165.2069091796875,1288.3814697265625,536.3765258789062,25397.197265625,2215.284912109375,964.3666381835938,840.8606567382812,103.52267456054688,2978.369384765625,1021.0413818359376,2942.989501953125,1335.3558349609375,8104.3173828125,228.7917633056641,180.2994537353516
2023-06-22,4193.18310546875,1799.5380859375,2392.896240234375,974.8499755859376,730.8064575195312,437.1693115234375,5024.13623046875,964.0460205078124,4269.30810546875,1505.172607421875,692.2572631835938,233.10194396972656,827.380126953125,157.2436065673828,4859.29052734375,1095.41650390625,962.5340576171876,185.36692810058597,1534.1053466796875,543.5643920898438,3478.182861328125,471.3207092285156,960.4713134765624,3436.6181640625,121.4172592163086,94.10355377197266,994.2280883789062,1720.9451904296875,1299.214111328125,1035.155517578125,786.9017944335938,632.8233642578125,2558.0703125,411.9254760742188,2507.32568359375,903.3844604492188,1249.4671630859375,7.449999809265137,1256.6903076171875,1165.91259765625,76.4036865234375,384.24212646484375,741.374755859375,366.0940856933594,2325.81298828125,1343.688720703125,9129.412109375,1733.7755126953125,1094.5467529296875,30.865951538085938,170.1374969482422,136.64138793945312,2386.44970703125,168.41273498535156,1152.1201171875,1270.025146484375,533.1565551757812,25392.83984375,2149.215576171875,962.81103515625,823.0198974609375,104.27351379394533,2960.361572265625,1020.2666625976562,2942.1474609375,1310.890625,8026.82958984375,228.30364990234372,178.8028106689453
2023-06-23,4162.94140625,1735.8284912109375,2229.493408203125,959.8499755859376,700.1275634765625,418.4482116699219,5003.75634765625,955.8677978515624,4279.02783203125,1499.481689453125,688.2838745117188,230.31759643554688,839.1605834960938,151.43228149414062,4843.45703125,1085.410400390625,953.9530029296876,184.50930786132807,1528.7171630859375,544.2406616210938,3398.781982421875,467.8439636230469,978.9869995117188,3417.883056640625,119.79901123046876,94.6441421508789,989.5000610351562,1687.3187255859375,1259.5633544921875,1036.712646484375,786.8539428710938,620.8403930664062,2514.017578125,400.598876953125,2495.281982421875,901.1887817382812,1247.949462890625,7.449999809265137,1292.237548828125,1150.85595703125,74.16140747070312,381.7528991699219,735.6100463867188,364.5886840820313,2300.112548828125,1338.3773193359375,9055.8671875,1711.344482421875,1094.73876953125,30.55948257446289,172.16624450683594,134.8791046142578,2354.5732421875,166.1211700439453,1142.691650390625,1256.2950439453125,525.2484130859375,24886.990234375,2141.553955078125,963.9291381835938,821.993408203125,102.86568450927734,2940.114013671875,1017.0297241210938,2911.341552734375,1286.277099609375,7945.65478515625,224.6836853027344,177.70370483398438
2023-06-26,4207.76416015625,1760.7818603515625,2291.430908203125,968.4500122070312,710.0272216796875,424.59027099609375,4995.32666015625,958.0120849609376,4264.49462890625,1505.0726318359375,689.1749877929688,231.09918212890625,836.3627319335938,150.88482666015625,4880.8740234375,1072.9149169921875,985.28857421875,183.20248413085935,1562.498046875,550.2302856445312,3468.85888671875,467.3052978515625,988.337890625,3429.906494140625,118.9653778076172,94.4188995361328,986.0138549804688,1697.839111328125,1264.9056396484375,1038.803466796875,783.0476684570312,624.1580200195312,2581.7939453125,406.6789855957031,2505.200439453125,905.0433349609376,1254.9022216796875,7.650000095367432,1298.5076904296875,1155.7232666015625,74.3690185546875,382.5683288574219,737.8765258789062,363.4721374511719,2288.561767578125,1362.15771484375,9194.6083984375,1695.4091796875,1099.30224609375,30.588672637939453,170.50636291503906,134.8791046142578,2404.2138671875,165.0584259033203,1133.9671630859375,1259.9266357421875,527.5687255859375,23458.712890625,2155.3330078125,967.3319702148438,843.2067260742188,103.1003189086914,2915.70703125,1013.7476196289062,2944.47509765625,1275.50244140625,8031.107421875,227.61219787597656,178.1480255126953
2023-06-27,4216.7490234375,1757.1468505859375,2280.301025390625,959.5499877929688,705.9595336914062,426.3592529296875,5100.3017578125,970.678466796875,4274.8154296875,1520.4473876953125,691.1986083984375,232.5157623291016,849.0758056640625,151.74810791015625,4827.3310546875,1089.0943603515625,973.0917358398438,183.896728515625,1585.971435546875,551.2447509765625,3516.901611328125,473.8670654296875,985.2012939453124,3414.55126953125,120.68169403076172,93.96842193603516,990.8372802734376,1704.082763671875,1260.49462890625,1041.02783203125,794.0833129882812,660.7508544921875,2575.319580078125,409.66998291015625,2504.491943359375,913.484375,1300.7796630859375,7.5,1299.3963623046875,1163.729248046875,74.20291900634766,382.0533447265625,751.376708984375,367.8088073730469,2298.668701171875,1366.787109375,9185.6767578125,1719.00830078125,1099.6156005859375,30.50110244750977,171.5668487548828,135.69578552246094,2397.231201171875,165.755859375,1134.376220703125,1279.875,536.1397705078125,23771.466796875,2159.32421875,973.9917602539062,835.0440673828125,103.9450225830078,2922.745849609375,1020.8590698242188,2947.545654296875,1289.193115234375,8071.81787109375,227.40884399414065,178.94309997558594
2023-06-28,4331.23779296875,1780.47900390625,2397.637451171875,956.6500244140624,741.490234375,426.7523193359375,5084.53271484375,975.615478515625,4365.76318359375,1516.3541259765625,698.1852416992188,228.0706024169922,856.2422485351562,153.87472534179688,4864.26025390625,1122.5980224609375,973.7185668945312,185.6119384765625,1581.9888916015625,554.6259765625,3534.8134765625,475.874755859375,1001.3253173828124,3423.339599609375,119.79901123046876,93.51795196533205,1021.1639404296876,1713.865966796875,1263.974365234375,1041.25048828125,802.4856567382812,645.6482543945312,2561.420166015625,412.0726013183594,2513.843505859375,914.8017578125,1305.039306640625,7.449999809265137,1317.268798828125,1176.6478271484375,75.28254699707031,385.7013854980469,771.9718017578125,366.9813537597656,2330.818603515625,1359.5748291015625,9263.0087890625,1727.93408203125,1104.8057861328125,30.50110244750977,174.37942504882812,136.29750061035156,2389.390380859375,166.15438842773438,1149.3939208984375,1293.306396484375,539.64404296875,23806.353515625,2193.436767578125,993.4366455078124,835.7772216796875,104.69586944580078,2939.291748046875,1010.2830200195312,2999.4501953125,1314.7457275390625,8123.10009765625,227.73423767089844,178.52218627929688
2023-06-30,4342.921875,1781.8052978515625,2383.713134765625,945.9000244140624,724.58251953125,418.5464782714844,5056.0703125,984.8410034179688,4475.7109375,1526.29296875,708.1138305664062,236.47244262695312,862.6724243164062,153.5799560546875,4895.830078125,1137.034912109375,978.5875244140624,188.67486572265625,1581.8482666015625,553.5150756835938,3517.196044921875,480.4288024902344,1011.47021484375,3457.38134765625,123.7220230102539,94.6441421508789,1032.5302734375,1705.5576171875,1257.455810546875,1056.999267578125,814.5745239257812,644.9054565429688,2635.082275390625,412.8080749511719,2529.8076171875,912.0205688476562,1316.5452880859375,7.449999809265137,1357.3580322265625,1214.9947509765625,75.82234191894531,387.6325988769531,773.3513793945312,368.17767333984375,2382.8935546875,1416.6868896484375,9504.1787109375,1771.160400390625,1112.1019287109375,30.544883728027344,174.42550659179688,137.80189514160156,2455.619140625,169.47547912597656,1158.8226318359375,1300.27099609375,542.5325927734375,23641.1171875,2194.42724609375,1022.409423828125,841.5938110351562,105.1182098388672,3018.636962890625,1031.0247802734375,3018.81494140625,1310.3963623046875,8156.6318359375,226.10728454589844,182.00657653808597
2023-07-03,4331.384765625,1793.005126953125,2381.16748046875,942.8499755859376,722.7692260742188,428.32470703125,5026.6162109375,979.5050659179688,4398.533203125,1538.37939453125,725.1624755859375,230.02452087402344,863.0650634765625,158.0437469482422,4879.99609375,1164.0670166015625,965.9086303710938,189.20578002929688,1583.1602783203125,562.4995727539062,3521.07275390625,482.9751892089844,999.4531860351562,3506.391845703125,125.09508514404295,95.90544891357422,1013.379150390625,1763.6173095703125,1265.1016845703125,1051.3492431640625,823.3838500976562,644.4103393554688,2624.8046875,417.4171752929688,2551.43896484375,919.7785034179688,1310.327392578125,7.550000190734863,1362.9862060546875,1213.35693359375,79.10273742675781,397.6324462890625,782.4171752929688,367.6592712402344,2362.198486328125,1430.6724853515625,9391.5068359375,1778.917724609375,1099.3870849609375,31.37673759460449,176.362060546875,140.03700256347656,2382.456298828125,166.38687133789062,1188.5628662109375,1291.3662109375,554.4657592773438,23873.259765625,2171.704833984375,1004.0340576171876,839.5897216796875,106.15062713623048,2991.2587890625,1022.4545288085938,3009.5537109375,1303.1802978515625,8322.8671875,226.2292938232422,183.1524353027344
2023-07-04,4281.75,1788.4366455078125,2383.363525390625,946.0,726.9839477539062,425.2291259765625,5067.72314453125,968.13525390625,4412.60400390625,1627.6796875,777.3221435546875,225.9213104248047,849.3212890625,158.6122589111328,4881.798828125,1182.088134765625,975.5986328125,189.3282928466797,1598.0594482421875,559.9878540039062,3484.31689453125,479.69427490234375,1017.1160888671876,3285.193115234375,129.4594268798828,95.99555206298828,1014.2868041992188,1739.8721923828125,1252.3095703125,1059.3570556640625,827.4054565429688,640.74609375,2743.47021484375,417.5642700195313,2550.447021484375,921.8765869140624,1287.755859375,7.449999809265137,1350.1497802734375,1223.77392578125,78.60443878173828,400.2933349609375,785.028564453125,371.1983947753906,2369.70654296875,1427.26123046875,9366.65234375,1790.3203125,1098.974365234375,31.259986877441406,178.94406127929688,138.57559204101562,2385.22509765625,165.7890625,1176.31689453125,1282.71044921875,558.0645751953125,23834.611328125,2157.576416015625,1019.687255859375,836.3637084960938,105.49363708496094,3024.669921875,1046.6607666015625,3045.5595703125,1288.7484130859375,8271.634765625,225.7818756103516,185.1869659423828
2023-07-05,4311.1083984375,1788.78076171875,2394.79248046875,948.2000122070312,728.0130615234375,424.9342346191406,5035.689453125,963.9463500976562,4665.0791015625,1611.897216796875,775.17626953125,219.7664794921875,850.7938232421875,162.78126525878906,4965.54736328125,1181.29150390625,974.586181640625,189.0015869140625,1680.8016357421875,572.3536376953125,3678.50048828125,489.3900451660156,1015.1458740234376,3196.29833984375,130.7344207763672,96.7613525390625,1047.764892578125,1748.0821533203125,1261.6708984375,1063.0943603515625,801.1211547851562,667.0889282226562,2859.735595703125,413.3474426269531,2603.20361328125,934.8552856445312,1299.5556640625,7.400000095367432,1381.94482421875,1225.72998046875,79.31034851074219,407.8039245605469,780.3478393554688,371.8264465332031,2378.3212890625,1437.884521484375,9701.515625,1806.1549072265625,1112.3740234375,31.37673759460449,178.34471130371094,139.95101928710938,2379.785400390625,168.21343994140625,1174.3856201171875,1284.9989013671875,559.3431396484375,24181.55859375,2161.5380859375,1015.700927734375,826.93017578125,106.00984191894533,3034.816162109375,1071.2774658203125,3070.521484375,1304.6136474609375,8237.708984375,225.70054626464844,184.2281646728516
2023-07-06,4320.4853515625,1788.3385009765625,2398.53564453125,962.2000122070312,725.3666381835938,424.0498046875,5239.392578125,978.3582153320312,4691.45703125,1618.09033203125,768.0067138671875,225.38397216796875,853.7388916015625,165.623779296875,5041.01318359375,1160.4326171875,984.661865234375,191.61526489257807,1667.5892333984375,571.8705444335938,3667.6064453125,503.0032043457031,1025.6241455078125,3111.74951171875,132.79400634765625,99.82456970214844,1031.4794921875,1738.3974609375,1282.8931884765625,1050.5040283203125,801.93505859375,654.7593383789062,2872.322265625,418.1526489257813,2604.38427734375,936.2214965820312,1312.383544921875,7.5,1372.71240234375,1222.63671875,81.88481140136719,406.7738952636719,783.9445190429688,374.308837890625,2395.455322265625,1509.4693603515625,9572.482421875,1806.82666015625,1122.067138671875,31.24538993835449,181.4339141845703,142.18612670898438,2395.95654296875,174.49032592773438,1199.03662109375,1286.3917236328125,561.142578125,23969.80859375,2173.62744140625,1013.56201171875,826.0991821289062,105.72827911376952,3037.512939453125,1075.152099609375,3077.009033203125,1299.3251953125,8270.1591796875,227.77493286132807,185.30389404296875
2023-07-07,4320.0927734375,1768.98486328125,2376.428955078125,951.0,704.4402465820312,413.077880859375,5103.7236328125,975.1134643554688,4611.607421875,1613.095947265625,753.7764282226562,224.9443359375,854.5242309570312,164.92893981933594,4925.0126953125,1171.6339111328125,984.0833740234376,191.12518310546875,1656.8131103515625,552.79052734375,3600.670166015625,492.4750671386719,1015.95947265625,3075.63134765625,132.54879760742188,99.73446655273438,1014.9550170898438,1714.0626220703125,1259.024169921875,1029.9947509765625,794.945068359375,651.73876953125,2850.6806640625,414.5242614746094,2548.652587890625,923.5355224609376,1309.8865966796875,7.449999809265137,1340.0286865234375,1210.1728515625,82.38309478759766,402.052978515625,776.8988647460938,369.56341552734375,2357.67431640625,1524.4295654296875,9563.5986328125,1801.7884521484373,1112.6800537109375,31.201610565185547,177.60694885253906,140.55279541015625,2366.6767578125,169.67474365234375,1196.696533203125,1287.4364013671875,562.184326171875,23638.05078125,2150.147705078125,1006.9508056640624,814.5638427734375,104.7427978515625,3043.31787109375,1053.9547119140625,3114.253662109375,1306.788330078125,8197.63671875,228.2223052978516,185.1401824951172
2023-07-10,4290.537109375,1772.1444091796875,2407.0380859375,959.4500122070312,705.8125,414.659423828125,5115.72314453125,962.4839477539062,4672.61572265625,1596.0150146484375,744.9652709960938,223.33236694335935,869.2007446289062,162.63388061523438,4902.943359375,1146.343994140625,980.2748413085938,190.92100524902344,1667.3548583984375,553.2734985351562,3572.501708984375,491.2018432617188,1010.5586547851562,3065.10498046875,131.32286071777344,98.15780639648438,1007.5527954101562,1713.767578125,1265.6409912109375,1000.5435791015624,793.0538940429688,661.7907104492188,2828.49609375,419.5746154785156,2509.40380859375,925.4872436523438,1314.9298095703125,7.400000095367432,1349.80419921875,1209.217529296875,80.88824462890625,399.8641662597656,798.7749633789062,372.2351989746094,2347.470947265625,1512.0032958984375,9452.96484375,1808.60205078125,1096.8468017578125,31.46430015563965,176.63870239257812,139.90805053710938,2326.81201171875,166.05479431152344,1242.7947998046875,1286.739990234375,561.2373046875,23770.625,2125.094970703125,1015.99267578125,807.1343383789062,108.2154541015625,2990.938720703125,1045.885986328125,3016.735107421875,1294.18505859375,8212.2900390625,229.6052398681641,182.38075256347656
2023-07-11,4417.79150390625,1760.8385009765625,2419.671142578125,965.1500244140624,715.4180908203125,414.9065246582031,5213.55810546875,951.6516723632812,4691.4091796875,1590.62109375,736.1392822265625,217.6171722412109,875.5818481445312,164.6131134033203,4953.65966796875,1127.0784912109375,990.9772338867188,191.12518310546875,1685.48681640625,561.919921875,3573.974365234375,489.341064453125,1020.614990234375,3141.5419921875,132.4016876220703,98.47314453125,1014.2388305664062,1738.05322265625,1281.8148193359375,992.0018920898438,789.1998901367188,666.0491333007812,2809.390380859375,416.4365234375,2535.8056640625,922.1205444335938,1318.455078125,7.349999904632568,1363.57861328125,1226.9124755859375,81.46956634521484,406.130126953125,789.0773315429688,372.1753845214844,2381.93115234375,1529.5947265625,9612.046875,1831.8741455078125,1110.0616455078125,31.52267265319824,177.4225311279297,141.49839782714844,2322.725830078125,168.37953186035156,1256.2677001953125,1288.4312744140625,557.4016723632812,23709.30859375,2194.514404296875,1042.486328125,821.4557495117188,108.0746612548828,2991.350341796875,1058.9234619140625,3058.387451171875,1327.447998046875,8187.26318359375,225.7818756103516,183.36289978027344
2023-07-12,4446.462890625,1767.1580810546875,2384.7177734375,954.5499877929688,709.8311157226562,416.6857604980469,5208.6484375,948.4568481445312,4654.0126953125,1591.4200439453125,734.94775390625,216.59136962890625,873.6675415039062,162.63388061523438,4943.916015625,1143.5565185546875,985.5778198242188,191.451904296875,1684.8780517578125,563.6105346679688,3566.17138671875,482.24066162109375,1025.1885986328125,3178.818603515625,131.66612243652344,99.64436340332033,1020.4473266601562,1748.032958984375,1265.1995849609375,988.13134765625,781.8028564453125,665.2073364257812,2787.884765625,416.6326599121094,2525.556396484375,921.5839233398438,1334.025146484375,7.349999904632568,1354.1981201171875,1212.9930419921875,81.3034896850586,405.4005126953125,797.2906494140625,374.4682922363281,2363.064697265625,1530.959228515625,9549.5693359375,1827.2198486328125,1120.1533203125,32.57343292236328,175.9470977783203,144.12033081054688,2311.377685546875,167.41641235351562,1257.653564453125,1294.0028076171875,558.0645751953125,24012.21875,2230.782958984375,1048.805908203125,824.339599609375,107.65231323242188,2979.923828125,1057.0545654296875,3067.203125,1323.246826171875,8083.61865234375,225.86322021484372,183.2693634033203
2023-07-13,4327.505859375,1748.2486572265625,2358.90234375,947.0499877929688,702.9700317382812,412.0894165039063,5139.177734375,958.5903930664062,4642.564453125,1613.295654296875,739.1654052734375,210.82733154296875,868.857177734375,159.83348083496094,4959.94482421875,1145.796630859375,984.1315307617188,187.77639770507807,1693.5457763671875,558.1038818359375,3553.804931640625,481.8978576660156,1015.9918212890624,3145.501220703125,124.31047821044922,97.39200592041016,1006.3587646484376,1730.2857666015625,1247.163330078125,986.57421875,785.7047729492188,674.0213012695312,2782.67822265625,426.782470703125,2507.656494140625,932.61083984375,1328.29638671875,7.25,1358.9873046875,1241.9237060546875,79.89167022705078,405.1430358886719,793.7777709960938,372.7934875488281,2358.444091796875,1527.109619140625,9366.796875,1844.685791015625,1108.5291748046875,32.5296516418457,173.2728271484375,144.24928283691406,2343.501708984375,161.47164916992188,1246.4073486328125,1307.2850341796875,554.6552124023438,23904.880859375,2172.229248046875,1045.7918701171875,818.5718994140625,107.79310607910156,3053.647216796875,1071.50537109375,3065.4638671875,1314.4490966796875,8096.89306640625,226.18862915039065,184.4152374267578
2023-07-14,4304.43212890625,1755.1607666015625,2372.933349609375,965.2000122070312,711.6934204101562,411.79290771484375,5129.06201171875,955.495361328125,4636.0302734375,1612.396728515625,739.9317626953125,216.49366760253903,870.2805786132812,159.83348083496094,5001.697265625,1159.287841796875,993.9661254882812,188.7156982421875,1721.0484619140625,566.6053466796875,3609.0615234375,482.9751892089844,1006.0342407226562,3232.368408203125,126.8114013671875,99.1038055419922,1015.2894287109376,1723.79638671875,1255.4461669921875,1024.077880859375,787.3326416015625,663.5733032226562,2839.9052734375,438.3052368164063,2528.626708984375,936.8557739257812,1347.2449951171875,7.349999904632568,1359.678466796875,1297.282958984375,80.22386169433594,405.9155883789063,796.4495239257812,372.6538696289063,2379.717041015625,1523.072021484375,9324.1748046875,1986.093994140625,1123.942138671875,32.9820556640625,172.85784912109375,145.4957733154297,2424.193115234375,159.44577026367188,1245.3621826171875,1313.60302734375,553.4713134765625,24089.6640625,2149.76904296875,1043.1668701171875,832.4046020507812,109.95177459716795,3212.794189453125,1120.1915283203125,3036.446533203125,1335.20751953125,8046.2998046875,231.7203063964844,189.4430389404297
2023-07-17,4338.94482421875,1788.7333984375,2405.34033203125,965.2999877929688,716.5452270507812,411.79290771484375,5176.1689453125,963.2826538085938,4610.79638671875,1608.4510498046875,742.760009765625,210.3876953125,862.0343017578125,160.7599334716797,5011.6845703125,1159.5865478515625,995.6534423828124,188.0214080810547,1723.3909912109375,562.4995727539062,3595.026611328125,487.7740783691406,1033.239501953125,3235.072021484375,130.0478973388672,97.8424835205078,1013.5225830078124,1762.978271484375,1272.8455810546875,1026.5693359375,803.80224609375,660.7013549804688,2799.4296875,438.4523010253906,2533.16064453125,945.296875,1336.86474609375,7.599999904632568,1373.0086669921875,1294.5538330078125,80.84671783447266,405.4434814453125,789.8195190429688,378.2467041015625,2376.396240234375,1512.9775390625,9407.57421875,2038.108154296875,1120.673095703125,33.12799453735352,171.98182678222656,143.0457763671875,2443.024658203125,160.07681274414062,1270.80859375,1307.8323974609375,569.2874755859375,23870.240234375,2156.935302734375,1047.687744140625,833.4798583984375,110.51490783691406,3191.815673828125,1132.727783203125,3014.484619140625,1327.4971923828125,8113.60986328125,230.9068145751953,194.21360778808597
2023-07-18,4409.5439453125,1772.53955078125,2413.67919921875,973.75,713.7027587890625,411.39752197265625,5119.93798828125,962.084716796875,4636.98388671875,1616.4920654296875,733.7659301757812,209.36187744140625,859.4328002929688,159.58082580566406,4934.41552734375,1140.9676513671875,993.8696899414062,186.42872619628903,1724.0469970703125,557.4276123046875,3559.4482421875,484.5911254882813,1025.583740234375,3234.4443359375,132.30361938476562,98.1127700805664,995.2310180664062,1745.280029296875,1308.036376953125,1038.53662109375,803.1319580078125,650.2036743164062,2821.885986328125,435.902587890625,2534.199951171875,951.8837280273438,1323.5960693359375,7.650000095367432,1372.76171875,1342.089111328125,81.0543441772461,405.5722351074219,782.6452026367188,377.0105285644531,2382.0751953125,1511.40185546875,9384.37109375,2037.772216796875,1116.12646484375,32.51504898071289,172.76564025878906,143.4755859375,2453.437255859375,160.17642211914062,1281.6002197265625,1307.8822021484375,561.0005493164062,23702.28515625,2156.673095703125,1037.52783203125,839.443115234375,109.43557739257812,3196.523193359375,1137.4232177734375,2977.7158203125,1330.66064453125,8039.85888671875,228.9544677734375,195.12564086914065
2023-07-19,4412.1455078125,1777.4273681640625,2420.52001953125,979.6500244140624,716.8883666992188,414.4617004394531,5132.83056640625,962.7335815429688,4601.73388671875,1642.26318359375,750.0531005859375,209.6061248779297,854.8187255859375,161.93905639648438,4936.12060546875,1165.2119140625,998.6905517578124,186.714599609375,1713.7391357421875,555.0606689453125,3570.636962890625,490.6632080078125,1031.5799560546875,3215.9990234375,133.1372528076172,98.65333557128906,997.09375,1754.276611328125,1337.0513916015625,1040.182861328125,806.7706298828125,652.6795654296875,2804.001953125,430.70513916015625,2523.620361328125,949.9320068359376,1338.0887451171875,7.699999809265137,1401.6932373046875,1341.861572265625,81.5941390991211,411.0227661132813,783.634765625,380.1508483886719,2400.79736328125,1521.0037841796875,9327.9619140625,2082.30126953125,1114.367919921875,32.61721420288086,177.56088256835938,143.34664916992188,2529.89501953125,161.57130432128906,1291.3243408203125,1303.8028564453125,569.6189575195312,23781.51171875,2161.7421875,1051.8197021484375,841.1539306640625,109.52942657470705,3172.025146484375,1134.8245849609375,2976.9208984375,1318.7491455078125,8190.50830078125,230.7440948486328,195.47640991210935
2023-07-20,4127.88720703125,1777.822265625,2416.525146484375,985.0,717.9174194335938,416.0432739257813,5152.51708984375,976.3115234375,4644.71142578125,1633.9725341796875,751.2299194335938,206.77294921875,868.6607666015625,163.37083435058594,4923.11279296875,1153.5130615234375,1018.6972045898438,187.6538848876953,1722.5006103515625,558.8767700195312,3598.609130859375,494.4827575683594,1054.8834228515625,3203.396240234375,134.21609497070312,99.5092315673828,1012.8539428710938,1788.9354248046875,1321.4166259765625,1037.2662353515625,808.5181274414062,654.6602172851562,2795.400146484375,433.0096435546875,2553.517333984375,971.546875,1369.66943359375,7.550000190734863,1407.2227783203125,1318.708251953125,82.00939178466797,422.4388732910156,790.7100830078125,390.1800231933594,2396.513916015625,1521.8900146484375,9488.111328125,2124.62255859375,1117.62255859375,32.3983039855957,177.88357543945312,143.73350524902344,2483.14892578125,162.2355194091797,1289.7606201171875,1307.384765625,577.7637939453125,23168.623046875,2118.074462890625,1067.18115234375,853.5201416015625,109.76406860351562,3174.08740234375,1142.346435546875,2970.610595703125,1329.6719970703125,8087.2080078125,229.5645751953125,195.3361053466797
2023-07-21,4149.29248046875,1744.49658203125,2413.080078125,995.5499877929688,713.9968872070312,411.2986755371094,5161.88818359375,969.7222290039062,4638.9873046875,1631.0257568359375,749.761474609375,212.97662353515625,869.7897338867188,164.50782775878906,4917.705078125,1129.8162841796875,1019.5719604492188,187.04132080078125,1717.534423828125,548.5883178710938,3619.9560546875,490.2714538574219,1044.78759765625,3201.851318359375,131.56805419921875,100.45520782470705,1009.1763916015624,1774.33447265625,1277.501708984375,1001.0541381835938,802.294189453125,641.0431518554688,2808.89208984375,426.0960083007813,2459.764404296875,972.9130249023438,1380.2943115234375,7.849999904632568,1389.6466064453125,1211.446533203125,82.50767517089844,420.9796447753906,778.2415771484375,392.8318481445313,2489.4501953125,1500.371826171875,9485.732421875,2236.85693359375,1116.388671875,32.3983039855957,179.912353515625,146.6133270263672,2338.33251953125,162.13587951660156,1249.834716796875,1284.153076171875,582.5465087890625,22851.609375,2105.576904296875,1066.6951904296875,833.2354736328125,109.43557739257812,3087.0205078125,1118.1607666015625,2957.69189453125,1327.4971923828125,7984.00537109375,226.351318359375,189.27935791015625
2023-07-24,4243.7998046875,1781.920166015625,2414.977294921875,989.1500244140624,720.7108764648438,417.8719177246094,5137.9873046875,969.921875,4658.11474609375,1655.6483154296875,749.7466430664062,213.61163330078125,871.9005126953125,164.0446014404297,4841.60546875,1140.3702392578125,1019.5719604492188,188.63400268554688,1769.728515625,548.6853637695312,3617.698486328125,483.6117248535156,1065.2359619140625,3194.463623046875,131.3719024658203,100.95074462890624,989.9299926757812,1782.642822265625,1271.081298828125,998.7656860351562,803.5628662109375,646.836669921875,2837.8681640625,424.5760192871094,2437.330078125,968.0338134765624,1358.7021484375,7.900000095367432,1417.6400146484375,1215.995361328125,82.92291259765625,404.5850830078125,767.5543823242188,378.2865905761719,2507.7392578125,1523.3673095703125,9412.671875,2180.955810546875,1108.49755859375,32.3983039855957,180.6500396728516,147.00015258789062,2350.2958984375,164.36099243164062,1224.554931640625,1310.468994140625,584.9616088867188,22998.33984375,2152.740478515625,1069.8548583984375,843.7444458007812,108.40316009521484,3111.261474609375,1087.0511474609375,2960.57373046875,1292.059814453125,8082.97900390625,220.69761657714844,188.975341796875
2023-07-25,4254.6494140625,1867.974853515625,2463.36279296875,1088.050048828125,734.3841552734375,435.021728515625,5169.12841796875,960.9365234375,4625.8701171875,1647.0079345703125,752.2040405273438,213.1720123291016,867.4827880859375,162.7180938720703,4760.43994140625,1123.184814453125,1025.2095947265625,187.8172607421875,1779.5208740234375,551.6456298828125,3650.4794921875,470.0964965820313,1071.89404296875,3212.184326171875,130.0478973388672,104.86984252929688,988.4493408203124,1798.37451171875,1278.237060546875,997.5542602539062,812.2764892578125,645.4996337890625,2843.527099609375,440.8058776855469,2425.900390625,970.6686401367188,1344.600830078125,7.900000095367432,1397.6446533203125,1214.1759033203125,82.21700286865234,396.8170166015625,792.1943969726562,373.9499206542969,2465.049072265625,1541.9803466796875,9474.615234375,2176.63720703125,1106.204833984375,32.748558044433594,185.03030395507807,148.71946716308594,2305.519287109375,166.818603515625,1223.7672119140625,1294.5003662109375,577.3375854492188,23438.5703125,2151.48779296875,1064.653564453125,849.0722045898438,111.92274475097656,3115.29443359375,1082.0457763671875,3010.062255859375,1368.074951171875,8253.541015625,225.2530975341797,187.26821899414065
2023-07-26,4318.865234375,1898.33837890625,2467.457275390625,1140.4000244140625,737.7166748046875,438.3825073242188,5113.14453125,975.2132568359376,4646.38037109375,1624.6329345703125,735.0663452148438,215.61441040039065,873.1275634765625,163.0549774169922,4855.9296875,1137.281982421875,1038.574462890625,188.2664794921875,1765.043212890625,558.1002807617188,3612.25146484375,477.5886535644531,1081.822021484375,3238.693603515625,131.32286071777344,104.55451965332033,991.9835205078124,1808.2557373046875,1274.7081298828125,1000.6502685546876,809.45166015625,652.23388671875,2848.4169921875,440.3155517578125,2440.211181640625,972.3764038085938,1340.8797607421875,8.75,1409.7406005859375,1227.139892578125,82.71529388427734,405.3576354980469,797.0432739257812,377.8977966308594,2547.20458984375,1521.397705078125,9472.4306640625,2163.53759765625,1107.516357421875,32.80693435668945,185.90635681152344,148.6764678955078,2296.263671875,166.71897888183594,1243.65625,1286.09326171875,582.5939331054688,24025.18359375,2192.592041015625,1081.1328125,854.3023071289062,112.5797348022461,3105.35009765625,1069.6019287109375,2989.54150390625,1356.262451171875,8213.2724609375,226.92076110839844,188.36734008789065
2023-07-27,4320.43603515625,1916.1123046875,2425.163818359375,1119.199951171875,733.89404296875,444.5603637695313,5172.40087890625,958.3407592773438,4627.82568359375,1612.746337890625,720.3267822265625,211.5600433349609,878.7723388671875,159.7071533203125,4748.55224609375,1131.702880859375,1138.6409912109375,187.0821533203125,1875.8973388671875,556.935546875,3672.562744140625,500.2610168457031,1088.0157470703125,3213.825927734375,131.32286071777344,105.0500259399414,983.7691040039062,1791.934326171875,1288.7745361328125,1002.7593383789062,801.0493774414062,656.0467529296875,2872.453369140625,442.6690979003906,2427.50634765625,966.326171875,1329.5205078125,8.5,1397.7928466796875,1231.052001953125,81.88481140136719,399.177490234375,785.4653930664062,373.6009826660156,2560.63232421875,1425.427001953125,9469.7607421875,2188.968994140625,1084.4625244140625,32.748558044433594,186.2290802001953,147.00015258789062,2323.931884765625,166.51971435546875,1232.087158203125,1289.9237060546875,583.9197998046875,23624.392578125,2186.00830078125,1103.4456787109375,830.9871215820312,112.43894958496094,3113.23193359375,1029.089599609375,2983.330810546875,1340.199462890625,8187.48974609375,225.45648193359372,187.0577545166016
2023-07-28,4434.4345703125,1924.40673828125,2459.91748046875,1092.5999755859375,745.6857299804688,449.5520935058594,5302.7646484375,948.4069213867188,4667.41650390625,1583.0794677734375,729.9685668945312,212.09735107421875,878.7232666015625,157.26470947265625,4777.7353515625,1133.3466796875,1144.813232421875,185.48944091796875,1920.3138427734373,564.6033325195312,3669.765869140625,508.9474487304688,1103.031005859375,3240.1904296875,132.843017578125,105.8608856201172,989.5000610351562,1793.21240234375,1298.9200439453125,990.374755859375,786.8539428710938,652.9271850585938,2905.005859375,442.7672119140625,2441.439208984375,972.1324462890624,1345.2373046875,8.350000381469727,1384.314453125,1219.54345703125,81.58503723144531,402.0958862304688,795.7568969726562,374.2190856933594,2550.381103515625,1445.5174560546875,9388.884765625,2159.603271484375,1092.02099609375,32.850711822509766,193.6524658203125,147.68788146972656,2312.337890625,171.5013427734375,1244.468505859375,1283.2080078125,583.4462890625,23801.05859375,2247.591796875,1110.86083984375,840.0784912109375,113.18978881835938,3075.197509765625,1020.8093872070312,2968.324951171875,1342.225830078125,8205.765625,226.79872131347656,186.4965057373047
2023-07-31,4470.3720703125,1992.5394287109373,2488.878662109375,1093.300048828125,767.5421752929688,457.657470703125,5130.69873046875,952.3505249023438,4704.5263671875,1596.5145263671875,721.9288330078125,218.252197265625,873.618408203125,158.97019958496094,4671.13818359375,1127.8671875,1142.0916748046875,187.2455139160156,1892.2957763671875,558.6826171875,3616.0302734375,512.0568237304688,1114.38134765625,3250.13720703125,133.0391845703125,107.3023910522461,989.5000610351562,1818.4322509765625,1307.6932373046875,1002.1760864257812,790.5404052734375,640.5974731445312,2933.575439453125,453.6525268554688,2418.957275390625,974.181640625,1356.74365234375,8.300000190734863,1399.915771484375,1233.3719482421875,80.30022430419922,399.7353820800781,808.225341796875,370.1715393066406,2580.990966796875,1452.804931640625,9534.9580078125,2202.404541015625,1095.537841796875,34.2225341796875,201.3524475097656,152.20106506347656,2335.599853515625,176.7154541015625,1255.00390625,1275.646484375,587.3766479492188,23860.791015625,2320.5947265625,1115.593017578125,840.0296630859375,115.58311462402344,3135.731689453125,1043.6851806640625,2985.2685546875,1360.85888671875,8217.02734375,224.52096557617188,189.4430389404297
2023-08-01,4437.822265625,1985.331298828125,2477.79345703125,1087.050048828125,755.207763671875,456.2242431640625,4990.81396484375,958.3407592773438,4697.41943359375,1570.5933837890625,718.9027709960938,222.55079650878903,875.3363647460938,158.97019958496094,4693.9384765625,1126.2232666015625,1145.347900390625,196.3117218017578,1880.067138671875,552.033935546875,3572.060302734375,493.2526550292969,1119.6368408203125,3298.8095703125,132.49977111816406,108.42857360839844,974.6951904296876,1806.8792724609373,1294.9010009765625,1021.740234375,795.8307495117188,636.5371704101562,2840.542236328125,455.1235046386719,2409.794677734375,970.5222778320312,1334.367919921875,8.25,1377.0570068359375,1242.0147705078125,80.51435089111328,398.962890625,812.3320922851562,368.8655700683594,2566.8408203125,1470.679443359375,9433.9833984375,2202.068603515625,1097.500244140625,34.10578918457031,207.6230926513672,151.90017700195312,2367.846923828125,167.25038146972656,1237.25634765625,1273.45751953125,579.468505859375,23854.505859375,2266.9638671875,1115.641845703125,837.536865234375,115.63004302978516,3163.776611328125,1069.882568359375,2983.131591796875,1353.939453125,8181.11767578125,225.2530975341797,190.33169555664065
2023-08-02,4328.19384765625,1946.475830078125,2470.253662109375,1052.449951171875,751.3594970703125,455.5817260742188,4955.45849609375,943.7145385742188,4609.79541015625,1525.2940673828125,712.351318359375,220.3037872314453,862.0343017578125,155.432861328125,4686.24072265625,1095.2896728515625,1135.5794677734375,191.5744171142578,1868.635009765625,549.0250854492188,3622.21337890625,487.2313537597656,1118.332763671875,3218.461669921875,130.1949920654297,104.82479095458984,973.978759765625,1790.45947265625,1286.225830078125,1014.919677734375,785.4176025390625,636.6361694335938,2741.052978515625,445.7091674804688,2426.65576171875,963.1058959960938,1330.59765625,7.900000095367432,1363.8748779296875,1234.418212890625,80.38587188720703,394.9286193847656,795.8557739257812,363.6216735839844,2552.724853515625,1462.7518310546875,9372.865234375,2118.960693359375,1111.51904296875,33.200965881347656,202.04405212402344,151.25543212890625,2322.28271484375,165.09164428710938,1224.0382080078125,1255.8472900390625,566.7777099609375,23798.140625,2225.044189453125,1107.64111328125,824.1441040039062,111.64117431640624,3153.32861328125,1071.894287109375,2958.536376953125,1363.8739013671875,8186.947265625,221.3890838623047,188.3907012939453
2023-08-03,4293.7783203125,2002.6607666015625,2529.22509765625,1036.0,763.1017456054688,468.8765258789063,4955.01220703125,934.0303344726562,4604.26171875,1491.9813232421875,702.94677734375,221.4272918701172,855.7514038085938,154.96961975097656,4676.009765625,1066.44775390625,1133.197998046875,187.89895629882807,1869.056640625,538.7366333007812,3657.251708984375,482.049072265625,1118.1451416015625,3263.8505859375,129.60655212402344,104.10404205322266,969.0120239257812,1799.8492431640625,1275.7373046875,1010.0736083984376,779.7442016601562,626.5843505859375,2703.46435546875,444.5323486328125,2409.984130859375,941.6862182617188,1319.38525390625,7.849999904632568,1347.3355712890625,1241.196044921875,80.08609008789062,391.4523315429688,796.0537109375,363.5319519042969,2529.311767578125,1446.846923828125,9353.1669921875,2146.455322265625,1091.7730712890625,33.02583694458008,202.96620178222656,147.94578552246094,2309.5810546875,165.19125366210938,1218.8934326171875,1247.3905029296875,559.2484741210938,23866.67578125,2211.0322265625,1113.2513427734375,816.6656494140625,110.93726348876952,3116.027587890625,1069.2279052734375,2883.955810546875,1347.563720703125,8037.23876953125,206.6650848388672,186.91744995117188
2023-08-04,4357.69970703125,2017.0771484375,2538.41259765625,1012.5499877929688,764.9766235351562,466.3065185546875,4939.14404296875,950.7031860351562,4495.220703125,1484.6396484375,706.93701171875,222.84390258789065,873.373046875,151.7691650390625,4675.57080078125,1081.2423095703125,1175.868408203125,190.92100524902344,1869.8531494140625,552.9561157226562,3675.99755859375,483.3323059082031,1116.1793212890625,3244.391357421875,132.0093994140625,103.8788070678711,971.9251708984376,1794.834716796875,1287.990478515625,1026.990234375,791.0191040039062,635.9924926757812,2696.413330078125,448.1608581542969,2404.9775390625,947.0533447265624,1338.5296630859375,8.25,1391.8682861328125,1253.97802734375,79.0582504272461,390.5081176757813,797.5380249023438,366.87445068359375,2557.34912109375,1442.4151611328125,9281.3310546875,2172.366455078125,1090.7384033203125,33.05502700805664,200.9835357666016,149.02032470703125,2356.129638671875,164.29458618164062,1235.45947265625,1261.46875,542.958740234375,23975.3984375,2199.9912109375,1111.2510986328125,816.0790405273438,111.68810272216795,3155.98681640625,1099.541748046875,2886.241455078125,1343.1650390625,8058.9716796875,200.9706878662109,191.22032165527344
2023-08-07,4444.0078125,2005.5242919921875,2547.10107421875,965.9000244140624,780.91259765625,468.6294250488281,4972.962890625,945.861083984375,4455.248046875,1506.7149658203125,704.3115234375,224.5047149658203,875.0909423828125,151.8744354248047,4540.37548828125,1063.95703125,1189.379150390625,190.2675628662109,1869.431640625,548.6853637695312,3838.087890625,482.8387451171875,1112.4552001953125,3240.818359375,131.46998596191406,102.9328155517578,984.4855346679688,1824.4791259765625,1293.871826171875,1032.7789306640625,790.5643310546875,642.5286865234375,2704.97509765625,455.8590087890625,2426.892333984375,952.0789184570312,1369.1798095703125,8.350000381469727,1397.447265625,1267.30615234375,79.52934265136719,390.4651794433594,804.56396484375,365.4875793457031,2566.110595703125,1503.72021484375,9333.6640625,2236.184814453125,1090.9715576171875,32.86529922485352,200.9835357666016,148.6764678955078,2403.56494140625,164.69309997558594,1242.49951171875,1295.943115234375,537.8446044921875,24004.349609375,2233.841796875,1132.5699462890625,819.0118408203125,111.54732513427734,3193.104248046875,1107.44775390625,2886.440185546875,1324.8778076171875,8076.0615234375,193.5680084228516,192.2960205078125
2023-08-08,4395.6005859375,1975.8023681640625,2471.25244140625,984.2999877929688,773.8080444335938,460.8205871582031,4981.83935546875,951.3521118164062,4436.2158203125,1514.056640625,709.3993530273438,228.2171630859375,869.2007446289062,150.69532775878906,4487.369140625,1053.844970703125,1230.9803466796875,188.06228637695312,1852.564453125,545.8705444335938,3775.12646484375,481.9503479003906,1117.8388671875,3256.414306640625,132.843017578125,104.86984252929688,964.1884155273438,1813.51611328125,1297.4007568359375,1024.298095703125,789.9180297851562,639.2110595703125,2808.3095703125,445.954345703125,2423.7275390625,956.2261962890624,1386.5126953125,8.300000190734863,1386.2894287109375,1264.7589111328125,79.10107421875,388.2763671875,792.9365844726562,364.7791748046875,2562.508544921875,1476.93310546875,9352.0400390625,2245.78173828125,1079.7967529296875,32.485862731933594,200.61471557617188,149.02032470703125,2391.18310546875,163.54188537597656,1235.016357421875,1342.505615234375,542.769287109375,24020.779296875,2201.943115234375,1120.7152099609375,828.4454345703125,110.89032745361328,3180.777587890625,1127.797607421875,2902.98583984375,1316.2286376953125,8057.6875,195.27630615234372,194.72808837890625
2023-08-09,4439.0986328125,1962.1759033203125,2503.75927734375,971.2999877929688,780.6165771484375,457.3115234375,4940.18603515625,948.4568481445312,4451.861328125,1514.90576171875,704.6279296875,226.94711303710935,867.5317993164062,151.74810791015625,4483.033203125,1051.703125,1230.5916748046875,191.7377471923828,1844.693115234375,555.3340454101562,3668.440673828125,479.4332885742188,1159.93115234375,3295.623046875,132.0093994140625,106.22125244140624,973.0237426757812,1814.696044921875,1286.1279296875,1026.8106689453125,790.2052612304688,639.5576171875,2801.717041015625,459.8306884765625,2410.83349609375,957.0133056640624,1365.0670166015625,8.199999809265137,1390.7327880859375,1268.5799560546875,80.42870330810547,393.68402099609375,814.8554077148438,365.4775695800781,2581.395263671875,1511.4510498046875,9274.17578125,2267.998291015625,1079.269775390625,32.87989807128906,201.67518615722656,152.07208251953125,2387.58935546875,162.76312255859375,1243.1639404296875,1342.505615234375,543.3849487304688,24081.154296875,2174.4140625,1124.7645263671875,840.9095458984375,112.81436920166016,3173.35400390625,1148.942626953125,2937.41943359375,1324.581298828125,8012.64208984375,198.5302581787109,195.40625
2023-08-10,4423.53515625,1936.30517578125,2548.99853515625,973.9000244140624,792.1615600585938,451.9244079589844,4881.82177734375,938.2234497070312,4423.2890625,1517.70263671875,706.4573974609375,223.5277557373047,858.794677734375,152.71664428710938,4424.13232421875,1056.285888671875,1223.6904296875,191.8602600097656,1840.9449462890625,554.7516479492188,3676.09619140625,484.31939697265625,1156.0093994140625,3297.65087890625,131.61709594726562,105.9509735107422,980.2828979492188,1799.6033935546875,1265.395751953125,1017.9711303710938,783.1912841796875,633.813720703125,2779.92333984375,459.8306884765625,2396.192626953125,948.552001953125,1327.317138671875,8.050000190734863,1412.2091064453125,1263.7581787109375,80.38587188720703,387.7613525390625,822.8213500976562,359.36138916015625,2573.509521484375,1521.9393310546875,9209.9833984375,2254.178955078125,1068.1629638671875,33.18637466430664,200.47637939453125,153.5764923095703,2385.05322265625,163.7450408935547,1248.702392578125,1327.5816650390625,543.290283203125,23926.259765625,2137.329833984375,1122.325439453125,831.4758911132812,112.62665557861328,3154.65771484375,1156.240478515625,2969.865234375,1334.07080078125,8003.7021484375,198.3675537109375,195.80381774902344
2023-08-11,4444.69482421875,1929.096923828125,2536.11572265625,971.3499755859376,790.4347534179688,451.1336364746094,4865.60693359375,935.6776123046876,4387.46630859375,1502.31982421875,698.2247924804688,223.0852203369141,858.548095703125,152.24826049804688,4394.75390625,1039.3494873046875,1215.1854248046875,191.8602600097656,1839.1644287109373,546.5985717773438,3640.131591796875,475.781005859375,1150.44775390625,3273.024658203125,131.61709594726562,104.23918151855467,974.40869140625,1806.77099609375,1275.149169921875,1051.3109130859375,775.0283203125,627.4755859375,2745.40234375,453.5054321289063,2363.225341796875,937.4833984375,1342.1038818359375,8.100000381469727,1379.6737060546875,1248.0645751953125,80.08609008789062,385.1863098144531,812.0846557617188,357.4855651855469,2568.64208984375,1522.9732666015625,9170.046875,2235.704833984375,1061.0054931640625,33.200965881347656,199.1673126220703,152.32997131347656,2408.709716796875,165.43804931640625,1253.969970703125,1304.8475341796875,543.7638549804688,23862.966796875,2128.182861328125,1104.8116455078125,818.132080078125,112.90823364257812,3160.798095703125,1141.8785400390625,2998.385986328125,1334.1202392578125,8034.078125,193.77137756347656,193.1846618652344
2023-08-14,4275.85888671875,1886.3411865234373,2452.726806640625,951.25,776.7189331054688,435.8619384765625,4781.01220703125,938.4231567382812,4404.3046875,1480.3944091796875,694.0170288085938,223.97027587890625,855.0963745117188,151.8224639892578,4384.32861328125,1033.919921875,1200.994384765625,191.04351806640625,1839.49267578125,548.24853515625,3690.986572265625,464.8735656738281,1150.5169677734375,3259.84375,131.41946411132812,101.67149353027344,989.1181030273438,1791.150634765625,1250.4959716796875,1050.9073486328125,771.24609375,626.6338500976562,2756.802490234375,444.9673461914063,2392.791748046875,944.0753173828124,1322.322998046875,8.050000190734863,1371.4287109375,1267.8067626953125,79.3152084350586,385.5726013183594,791.1058959960938,358.0143737792969,2589.475341796875,1523.3673095703125,9135.55078125,2272.076904296875,1063.7789306640625,34.645755767822266,199.1673126220703,153.01773071289062,2431.135009765625,165.57345581054688,1268.788330078125,1290.520751953125,531.1202392578125,23476.923828125,2098.96435546875,1106.66552734375,825.757080078125,110.89032745361328,3161.76025390625,1141.2236328125,2991.8271484375,1329.4249267578125,7956.38427734375,190.35472106933597,194.16683959960935
2023-08-16,4222.00146484375,1868.369873046875,2441.841796875,948.5,765.8153686523438,432.15521240234375,4901.06201171875,931.5343017578124,4388.9453125,1468.2078857421875,690.402587890625,220.87257385253903,845.1356201171875,152.39732360839844,4383.2568359375,1013.3471069335938,1208.721923828125,190.3492431640625,1871.9615478515625,548.73388671875,3672.732177734375,471.8819580078125,1157.3330078125,3248.615234375,130.62896728515625,102.84272003173828,994.80126953125,1796.2421875,1244.76171875,1056.426513671875,768.995849609375,619.1072998046875,2730.33935546875,439.4397888183594,2411.211669921875,941.0745849609376,1328.8350830078125,7.800000190734863,1363.3319091796875,1290.50537109375,79.91478729248047,386.4738464355469,786.9992065429688,356.4379272460937,2619.800537109375,1546.7568359375,9231.49609375,2221.022216796875,1066.1300048828125,34.2225341796875,203.32830810546875,153.92034912109375,2447.972412109375,167.9774932861328,1267.7545166015625,1284.750244140625,535.4295043945312,23674.818359375,2101.731689453125,1115.8367919921875,821.8468017578125,108.82550811767578,3169.596435546875,1148.8023681640625,2992.2744140625,1324.3341064453125,8151.58251953125,192.3884429931641,195.80381774902344
2023-08-17,4235.60107421875,1876.96044921875,2476.395263671875,933.5,798.9207763671875,440.8536682128906,4852.31787109375,935.0286865234376,4443.56201171875,1475.2000732421875,684.6422119140625,225.74041748046875,844.8890991210938,151.9927978515625,4386.27734375,1016.9833984375,1206.2431640625,189.73666381835935,1879.5518798828125,544.7058715820312,3615.990234375,471.5364990234375,1161.837646484375,3220.544189453125,133.00045776367188,102.1219711303711,979.1365966796876,1780.37451171875,1270.6890869140625,1056.0225830078125,764.7348022460938,622.3258666992188,2738.85546875,441.8087463378906,2402.379638671875,936.3027954101562,1316.7412109375,7.75,1357.012451171875,1284.1824951171875,79.01541900634766,378.5340576171875,781.5071411132812,352.34716796875,2582.271484375,1549.61279296875,9188.12890625,2245.541748046875,1052.5072021484375,34.0620002746582,201.7387237548828,152.8028106689453,2419.36865234375,165.0316925048828,1249.465576171875,1277.9346923828125,541.86962890625,23546.798828125,2083.495361328125,1116.958984375,825.317138671875,108.91936492919922,3148.837890625,1152.4510498046875,3052.545166015625,1321.2698974609375,8107.5732421875,190.35472106933597,195.28933715820312
2023-08-18,4202.02001953125,1909.7926025390625,2573.965087890625,994.75,824.8228759765625,447.822265625,4817.1455078125,941.5181274414062,4403.20751953125,1458.518798828125,678.5950927734375,225.64205932617188,844.4452514648438,150.2682342529297,4418.8701171875,1013.1478271484376,1201.7720947265625,189.0302581787109,1870.9306640625,548.8794555664062,3616.138427734375,467.9335632324219,1160.61279296875,3270.486572265625,132.55580139160156,101.44625091552734,980.4260864257812,1770.587158203125,1260.7396240234375,1053.330322265625,761.598876953125,619.8995361328125,2680.251708984375,433.81353759765625,2413.24267578125,935.3189086914062,1300.3389892578125,7.599999904632568,1354.445068359375,1263.4852294921875,78.28736114501953,379.092041015625,778.884765625,349.3738098144531,2572.00048828125,1529.079345703125,9267.2666015625,2198.661865234375,1060.403076171875,33.63877868652344,201.1776580810547,151.1217498779297,2388.598388671875,163.20330810546875,1258.7208251953125,1275.9449462890625,542.6273193359375,23295.505859375,2101.003173828125,1107.2998046875,823.6552734375,108.68473052978516,3085.9208984375,1132.8499755859375,3031.37841796875,1325.965087890625,8114.98193359375,189.82601928710935,192.55328369140625
2023-08-21,4239.0380859375,1947.1669921875,2636.232177734375,1020.0499877929688,846.778076171875,459.8815002441406,4900.9033203125,951.0525512695312,4398.72412109375,1476.6485595703125,696.9985961914062,226.72381591796875,859.9287719726562,149.9063262939453,4394.94921875,1040.9434814453125,1199.244873046875,191.23260498046875,1867.8387451171875,551.0632934570312,3626.37890625,475.6329650878906,1167.8043212890625,3286.0595703125,132.6546173095703,103.06795501708984,980.3783569335938,1787.8387451171875,1264.9056396484375,1058.31103515625,761.0004272460938,619.1072998046875,2684.326416015625,443.58544921875,2420.799560546875,939.7955322265624,1301.8568115234375,7.550000190734863,1380.216796875,1278.58740234375,78.8012924194336,384.3708801269531,786.4549560546875,351.279541015625,2591.76318359375,1515.193359375,9250.3603515625,2223.468994140625,1070.32958984375,34.587379455566406,204.5906524658203,151.76832580566406,2466.877685546875,167.40188598632812,1244.986328125,1272.064697265625,541.4434204101562,23367.705078125,2128.2412109375,1109.739013671875,829.4718017578125,109.7171401977539,3117.585205078125,1140.3817138671875,3059.05419921875,1333.971923828125,8119.3779296875,190.6394805908203,193.9095916748047
2023-08-22,4246.0087890625,1954.22705078125,2694.454345703125,1015.0999755859376,843.1764526367188,458.4482727050781,4887.9873046875,955.495361328125,4415.466796875,1466.1602783203125,699.1494140625,228.2480926513672,865.5502319335938,147.71339416503906,4396.06982421875,1058.3780517578125,1186.8033447265625,191.7728271484375,1817.6591796875,557.8576049804688,3614.50634765625,474.1523132324219,1170.70849609375,3264.4326171875,134.4332275390625,105.45545959472656,990.9327392578124,1785.268310546875,1293.185546875,1058.5355224609375,757.7448120117188,629.703857421875,2707.44775390625,444.5231628417969,2423.6806640625,936.6471557617188,1297.303466796875,7.699999809265137,1383.524658203125,1277.0863037109375,78.67280578613281,389.9072570800781,786.9002685546875,351.8282775878906,2607.875,1526.9619140625,9302.4013671875,2272.988525390625,1069.9212646484375,35.28788757324219,207.3022918701172,151.85450744628906,2476.231689453125,167.80819702148438,1244.68994140625,1280.22314453125,538.412841796875,23617.61328125,2134.533447265625,1109.8853759765625,829.76513671875,110.32720184326172,3099.713623046875,1135.095458984375,3056.371337890625,1337.975341796875,8103.7705078125,191.168212890625,195.078857421875
2023-08-23,4224.70166015625,1940.5511474609373,2526.927978515625,971.5,814.758056640625,448.06939697265625,4913.77001953125,977.6593017578124,4446.32861328125,1468.4576416015625,703.747802734375,233.3126220703125,856.1812744140625,146.81919860839844,4396.84912109375,1082.3878173828125,1196.18310546875,191.89747619628903,1823.2344970703125,550.6265869140625,3664.866455078125,474.4977722167969,1176.2010498046875,3278.687744140625,140.01608276367188,106.08612060546876,977.6083374023438,1777.2110595703125,1313.329833984375,1061.2279052734375,759.612060546875,627.0794677734375,2702.869140625,455.2821350097656,2431.4736328125,951.2576293945312,1292.94580078125,7.800000190734863,1383.3765869140625,1280.9071044921875,78.20170593261719,386.6455078125,789.5721435546875,355.210693359375,2645.647705078125,1519.0341796875,9409.2744140625,2259.264892578125,1077.5574951171875,35.71110534667969,207.3022918701172,151.29417419433594,2464.12060546875,169.02713012695312,1246.0732421875,1293.6546630859375,546.3682861328125,23427.38671875,2166.40283203125,1096.3720703125,825.6104736328125,111.64117431640624,3114.46923828125,1123.6807861328125,3050.805908203125,1339.705322265625,8062.67578125,193.6086883544922,194.21360778808597
2023-08-24,4258.4296875,1965.335693359375,2536.165771484375,983.6500244140624,811.4524536132812,443.7696228027344,4888.28515625,979.755859375,4417.1357421875,1466.959228515625,705.824462890625,231.00161743164065,857.4632568359375,149.56568908691406,4426.42138671875,1080.9932861328125,1186.3172607421875,190.52618408203125,1849.80029296875,548.297119140625,3625.3896484375,477.31097412109375,1167.0733642578125,3262.723876953125,139.02796936035156,106.31135559082033,995.0878295898438,1757.8338623046875,1309.0167236328125,1051.13134765625,756.1170654296875,624.4055786132812,2680.892578125,450.5935974121094,2438.27490234375,953.3237915039062,1307.0958251953125,7.949999809265137,1407.2227783203125,1295.1451416015625,79.01541900634766,387.0317993164063,779.676513671875,355.3902893066406,2616.977294921875,1518.787841796875,9382.5673828125,2364.541259765625,1080.556884765625,35.331661224365234,206.50750732421875,149.22520446777344,2520.663818359375,166.79241943359375,1225.1258544921875,1287.187744140625,546.4155883789062,23614.54296875,2216.071533203125,1091.103515625,825.268310546875,110.98418426513672,3104.84619140625,1121.9031982421875,3042.060791015625,1346.8223876953125,8111.57470703125,193.2425994873047,193.02096557617188
2023-08-25,4172.94580078125,1937.8851318359373,2492.424072265625,979.4500122070312,795.9111328125,429.585205078125,4834.185546875,981.5030517578124,4373.15673828125,1502.219970703125,713.1473388671875,231.98501586914065,861.4574584960938,149.13987731933594,4409.857421875,1078.15380859375,1175.5283203125,189.23802185058597,1848.254150390625,541.6484985351562,3597.933837890625,469.11810302734375,1141.8040771484375,3262.23583984375,139.02796936035156,104.9599380493164,984.1513061523438,1756.0543212890625,1282.4520263671875,1035.6055908203125,747.594970703125,622.226806640625,2665.46337890625,444.17767333984375,2421.55517578125,954.7504272460938,1298.28271484375,8.699999809265137,1383.524658203125,1291.9608154296875,78.62998962402344,380.5511779785156,765.0804443359375,354.9712219238281,2568.544677734375,1496.9742431640625,9315.92578125,2295.63671875,1077.8173828125,34.850067138671875,203.7490692138672,150.60447692871094,2529.5009765625,163.8804931640625,1219.4691162109375,1289.8243408203125,539.7860717773438,23607.322265625,2206.37109375,1079.395263671875,813.8795776367188,109.7171401977539,3098.93505859375,1112.921142578125,3048.023681640625,1324.185791015625,7973.32568359375,189.7853240966797,191.6178741455078
2023-08-28,4192.21484375,1960.2998046875,2469.155029296875,980.0999755859376,796.7499389648438,433.7861633300781,4873.87841796875,988.591552734375,4388.802734375,1498.2244873046875,715.5306396484375,231.00161743164065,858.350830078125,151.2902069091797,4395.3876953125,1088.863525390625,1194.482177734375,190.69241333007807,1813.957763671875,537.863037109375,3594.71826171875,476.17584228515625,1141.142333984375,3269.265869140625,142.18992614746094,105.72573852539062,982.0020751953124,1764.358642578125,1289.9019775390625,1028.8748779296875,755.3749389648438,621.2860107421875,2684.55517578125,440.5255432128906,2414.139892578125,954.89794921875,1299.8004150390625,9.0,1391.72021484375,1287.9124755859375,78.71563720703125,378.8774108886719,764.9319458007812,357.2660827636719,2623.98681640625,1525.73095703125,9406.0888671875,2236.56884765625,1070.334228515625,35.71110534667969,204.49713134765625,151.03553771972656,2485.019775390625,168.2822265625,1207.315673828125,1284.9989013671875,542.5325927734375,23773.640625,2241.357666015625,1089.8350830078125,822.9220581054688,110.37413024902344,3093.664794921875,1108.4769287109375,3029.490234375,1333.724853515625,8018.9638671875,193.77137756347656,190.8461456298828
2023-08-29,4246.04150390625,1956.8931884765625,2503.10986328125,974.5,812.6365966796875,436.1090393066406,4847.00244140625,979.10693359375,4449.953125,1501.770263671875,721.241455078125,231.88668823242188,843.4097900390625,151.92893981933594,4414.6806640625,1094.94091796875,1195.3082275390625,191.1079864501953,1835.463134765625,533.980712890625,3618.3154296875,487.6261901855469,1130.848876953125,3276.1005859375,142.7333984375,105.5905990600586,967.9135131835938,1781.3138427734375,1312.4473876953125,1038.8365478515625,761.383544921875,628.7630004882812,2736.19970703125,450.1493835449219,2386.226806640625,952.1431274414062,1293.7779541015625,8.899999618530273,1382.5372314453125,1289.7320556640625,78.71563720703125,377.7615661621094,774.4813232421875,355.8193054199219,2646.9619140625,1537.15478515625,9429.1689453125,2217.80712890625,1071.72119140625,35.84245300292969,206.7412872314453,151.46658325195312,2513.96826171875,170.0767822265625,1195.755126953125,1290.6201171875,544.4266967773438,23882.3671875,2252.048828125,1084.56640625,819.4517211914062,112.20431518554688,3094.214599609375,1120.8739013671875,3060.147216796875,1364.714111328125,8100.0166015625,192.7951812744141,190.8695373535156
2023-08-30,4272.68505859375,1975.4075927734373,2509.751220703125,970.5,807.8507690429688,438.9261169433594,4843.12744140625,981.7526245117188,4459.92236328125,1499.822509765625,718.7445068359375,227.0188446044922,845.924560546875,149.86373901367188,4434.21630859375,1111.9271240234375,1201.529052734375,190.11065673828125,1817.8465576171875,538.5910034179688,3592.29443359375,493.59808349609375,1116.2188720703125,3325.310302734375,141.69586181640625,104.5995635986328,974.7905883789062,1786.1087646484375,1327.2001953125,1050.4586181640625,755.8297729492188,630.8922119140625,2702.960693359375,450.84033203125,2391.705078125,943.4359130859376,1295.5897216796875,9.050000190734863,1374.9339599609375,1305.6529541015625,77.73062133789062,380.0791015625,778.934326171875,354.1830139160156,2637.275390625,1559.16552734375,9600.822265625,2270.445556640625,1078.30322265625,36.06135559082031,206.0867156982422,151.5096893310547,2553.132080078125,167.3341522216797,1194.6187744140625,1294.0028076171875,537.3710327148438,23800.861328125,2252.922607421875,1087.7861328125,829.3251953125,114.59761810302734,3107.77880859375,1120.1253662109375,3062.9296875,1399.261962890625,8165.46142578125,192.3884429931641,190.4486083984375
2023-08-31,4307.68505859375,1980.542236328125,2416.02587890625,928.6500244140624,781.7020263671875,423.4567260742188,4783.11572265625,971.9186401367188,4401.5380859375,1487.2366943359375,708.3511352539062,225.78958129882807,844.59326171875,145.00950622558594,4353.29443359375,1117.6556396484375,1222.3782958984375,191.19107055664065,1819.814453125,536.8438720703125,3554.0048828125,497.5958862304688,1107.940673828125,3257.79345703125,142.23934936523438,103.60851287841795,960.0812377929688,1770.587158203125,1357.1956787109375,1051.939453125,752.3587036132812,638.5177612304688,2670.087646484375,453.9002685546875,2366.29541015625,943.2882690429688,1286.43359375,9.050000190734863,1360.8140869140625,1305.9259033203125,76.31733703613281,377.418212890625,771.5126342773438,350.96026611328125,2631.142333984375,1551.48388671875,9804.0810546875,2330.856689453125,1068.000244140625,36.76346206665039,205.9932098388672,150.13037109375,2644.113525390625,165.6072998046875,1189.1595458984375,1285.99365234375,531.6411743164062,23556.6953125,2285.11279296875,1084.56640625,815.63916015625,115.34847259521484,3076.48095703125,1124.569580078125,3085.04052734375,1403.5618896484375,8196.578125,188.9718475341797,191.0098571777344
2023-09-01,4219.1044921875,1985.9730224609373,2446.784912109375,949.0999755859376,788.9052734375,428.8932800292969,4809.197265625,989.5399780273438,4453.67431640625,1512.8079833984375,723.9362182617188,231.1983184814453,854.0115356445312,146.56373596191406,4369.46923828125,1124.62939453125,1210.5198974609375,196.88400268554688,1817.3311767578125,537.0865478515625,3551.234619140625,496.7568359375,1102.15185546875,3320.08642578125,142.0911407470703,109.32951354980467,960.2720947265624,1790.9034423828125,1350.5299072265625,1064.189453125,753.9147338867188,635.150634765625,2680.572021484375,467.1268615722656,2366.05908203125,953.077880859375,1313.509765625,10.0,1398.73095703125,1313.5677490234375,76.2745132446289,378.5769348144531,797.9833984375,353.4247131347656,2630.558349609375,1567.78271484375,10124.994140625,2335.079345703125,1064.5587158203125,38.989288330078125,215.7178192138672,156.68214416503906,2729.087890625,170.78785705566406,1191.950927734375,1313.851806640625,539.4072265625,23891.419921875,2264.69189453125,1082.029541015625,825.2194213867188,119.24347686767578,3097.009765625,1148.9893798828125,3097.3134765625,1437.3682861328125,8161.955078125,192.10372924804688,194.72808837890625
2023-09-04,4236.65283203125,2032.7772216796875,2467.3076171875,959.2000122070312,790.4347534179688,436.0596008300781,4793.79736328125,980.6544799804688,4423.81396484375,1508.4129638671875,718.9571533203125,232.3292236328125,853.3704833984375,146.77662658691406,4391.734375,1099.822509765625,1204.1534423828125,205.9428253173828,1818.783447265625,541.5028686523438,3590.85986328125,507.2694396972656,1118.13525390625,3353.039306640625,141.3500518798828,110.5457763671875,956.308349609375,1820.117431640625,1332.3463134765625,1106.0999755859375,758.630615234375,633.8631591796875,2694.719482421875,480.35345458984375,2362.84765625,951.7495727539062,1329.814208984375,10.0,1403.9149169921875,1332.9005126953125,77.13105010986328,375.5298461914063,801.3478393554688,351.6487121582031,2639.31982421875,1552.46875,10155.5712890625,2391.89208984375,1055.9437255859375,41.23005294799805,220.4866180419922,157.71661376953125,2846.876220703125,172.9548797607422,1190.987548828125,1321.6121826171875,545.0896606445312,25407.884765625,2267.721435546875,1081.93212890625,827.0767822265625,123.65469360351562,3133.02880859375,1175.841796875,3080.916748046875,1436.1328125,8478.2119140625,196.61854553222656,203.02981567382807
2023-09-05,4365.9365234375,2058.4013671875,2490.726318359375,962.0999755859376,794.2830200195312,435.12060546875,4952.41943359375,979.8557739257812,4485.298828125,1508.762451171875,726.3590698242188,230.7557678222656,853.9622192382812,149.1185760498047,4399.28515625,1092.6494140625,1204.2506103515625,212.2174835205078,1863.762451171875,543.3955688476562,3603.67236328125,514.573974609375,1102.2210693359375,3323.064208984375,142.9804229736328,111.17644500732422,963.85400390625,1832.7225341796875,1332.54248046875,1108.837158203125,754.010498046875,634.7545166015625,2687.851806640625,479.81060791015625,2368.184814453125,952.7826538085938,1318.357177734375,9.899999618530272,1405.84033203125,1345.455322265625,78.2445297241211,380.3366088867188,807.4336547851562,353.4147033691406,2660.591064453125,1547.2984619140625,10057.2236328125,2420.202392578125,1066.4482421875,42.81352233886719,219.3645782470703,157.845947265625,2917.3525390625,172.2099609375,1197.36083984375,1302.8079833984375,542.6746215820312,25460.8359375,2272.440673828125,1104.3726806640625,827.3212280273438,123.60775756835938,3142.972412109375,1173.783447265625,3116.542236328125,1441.1246337890625,8352.064453125,196.37451171875,201.9774932861328
2023-09-06,4424.43310546875,2017.817626953125,2493.173095703125,1006.0999755859376,796.355224609375,432.6988220214844,5000.70654296875,963.4823608398438,4468.31787109375,1516.50390625,730.5817260742188,230.11656188964844,868.1636352539062,150.3747100830078,4452.0966796875,1100.7191162109375,1221.552001953125,212.59149169921875,1891.8271484375,545.0455322265625,3668.626220703125,512.3035888671875,1103.09033203125,3311.201416015625,142.0911407470703,112.25757598876952,966.528564453125,1817.596435546875,1326.268798828125,1109.1065673828125,763.873046875,641.2907104492188,2690.278076171875,471.9634399414063,2383.7236328125,942.0584716796876,1317.1329345703125,10.649999618530272,1390.930419921875,1344.135986328125,78.2445297241211,384.0704650878906,806.3947143554688,353.2650756835937,2658.157470703125,1553.0596923828125,9975.6357421875,2375.91357421875,1068.8599853515625,42.45499801635742,216.8398895263672,157.80282592773438,2932.9833984375,172.34539794921875,1199.8802490234375,1313.1055908203125,540.3069458007812,25386.853515625,2298.338134765625,1114.5684814453125,859.1901245117188,121.63679504394533,3143.476318359375,1168.543701171875,3156.193115234375,1461.042724609375,8433.611328125,196.33383178710935,200.7848358154297
2023-09-07,4373.60546875,2016.0897216796875,2506.15576171875,1002.6500244140624,799.16748046875,434.3792419433594,4996.6826171875,976.6110229492188,4500.181640625,1517.8524169921875,728.1489868164062,234.5418701171875,863.2326049804688,150.9921417236328,4414.6318359375,1125.0279541015625,1214.310791015625,227.7172698974609,1888.735107421875,549.3648071289062,3654.82421875,523.9019775390625,1109.3829345703125,3322.088134765625,143.27685546875,113.56395721435548,968.8685913085938,1826.3953857421875,1343.3251953125,1125.395263671875,771.22216796875,650.4017944335938,2711.24755859375,468.9529418945313,2368.5625,950.0770263671876,1322.1761474609375,10.5,1421.490966796875,1333.901123046875,78.54432678222656,382.7400207519531,810.7487182617188,356.9966735839844,2771.037353515625,1541.9803466796875,10075.501953125,2368.907958984375,1063.62353515625,42.69401168823242,218.8970184326172,156.68214416503906,2924.293701171875,174.03836059570312,1201.5106201171875,1340.6650390625,548.4044189453125,25474.4453125,2295.512451171875,1105.49462890625,839.443115234375,122.15299224853516,3166.70947265625,1187.5369873046875,3152.96337890625,1462.772705078125,8391.875,194.50352478027344,202.4451904296875
2023-09-08,4383.38720703125,1998.8096923828125,2515.942626953125,1001.2000122070312,814.0673828125,434.1321411132813,4953.0654296875,978.7075805664062,4540.58251953125,1539.278564453125,732.8413696289062,239.3605499267578,873.6371459960938,154.121826171875,4424.1806640625,1171.5533447265625,1209.7423095703125,234.4490509033203,1888.547607421875,550.4324951171875,3659.5732421875,533.0326538085938,1103.189208984375,3291.283203125,145.7471466064453,115.3658447265625,974.5518188476562,1828.718505859375,1421.5975341796875,1132.619384765625,777.2306518554688,651.0950317382812,2755.06298828125,469.98931884765625,2374.560791015625,954.89794921875,1321.0009765625,10.5,1430.6246337890625,1336.9945068359375,80.51435089111328,379.9503479003906,807.2357788085938,357.8348083496094,2824.776123046875,1543.753173828125,10125.7294921875,2366.700439453125,1062.9896240234375,42.54463195800781,224.64761352539065,159.00973510742188,2939.678955078125,175.15574645996094,1209.51416015625,1334.6456298828125,552.5715942382812,25706.337890625,2298.804443359375,1102.9578857421875,833.9686889648438,121.54293823242188,3154.474365234375,1181.642578125,3179.09912109375,1463.51416015625,8328.0595703125,193.40530395507807,201.1122283935547
2023-09-11,4540.984375,2025.27294921875,2611.465087890625,1014.6500244140624,870.7560424804688,445.6970825195313,5063.1533203125,998.7749633789062,4585.27734375,1547.96875,730.96240234375,239.0655517578125,878.5189208984375,154.88829040527344,4451.51171875,1179.9718017578125,1212.4154052734375,231.8311309814453,1884.237060546875,552.9561157226562,3696.6259765625,533.8717041015625,1109.1162109375,3324.089599609375,147.13050842285156,115.77125549316406,987.5421142578124,1841.17529296875,1417.4805908203125,1150.1197509765625,781.2523803710938,662.1868286132812,2796.818359375,478.5767822265625,2395.767333984375,962.4737548828124,1338.28466796875,11.300000190734863,1431.95751953125,1343.2264404296875,81.54220581054688,383.8558654785156,815.6470336914062,360.7681579589844,2817.57177734375,1558.082275390625,10323.548828125,2376.585205078125,1074.8323974609375,43.17204284667969,227.3125457763672,158.1045684814453,2922.49658203125,179.1173095703125,1222.556884765625,1343.3016357421875,560.385009765625,25532.44140625,2304.1357421875,1109.2510986328125,843.255615234375,123.09154510498048,3189.988525390625,1187.1627197265625,3193.210205078125,1471.86669921875,8358.8310546875,193.8527374267578,203.38059997558597
2023-09-12,4327.6923828125,1985.6767578125,2532.32080078125,1004.7999877929688,847.3700561523438,439.8652038574219,4947.15380859375,999.274169921875,4598.82421875,1540.726806640625,734.8834228515625,228.98565673828125,878.1244506835938,148.35211181640625,4450.14794921875,1161.6904296875,1205.076904296875,225.0162048339844,1865.0272216796875,549.0736083984375,3747.62939453125,517.732666015625,1120.970458984375,3262.33349609375,140.9053955078125,110.14036560058594,966.5762939453124,1849.677490234375,1388.6121826171875,1150.8824462890625,783.694091796875,654.5612182617188,2765.41015625,471.5686340332031,2360.43896484375,974.5262451171876,1322.469970703125,10.5,1411.1724853515625,1365.652099609375,78.41584777832031,387.2463684082031,807.6810913085938,361.42669677734375,2866.151123046875,1534.298828125,10293.9033203125,2368.66796875,1084.095703125,40.78190231323242,219.8320770263672,155.94935607910156,2875.110595703125,172.72914123535156,1204.8948974609375,1339.6700439453125,557.2122192382812,25767.697265625,2237.220947265625,1117.39794921875,845.357421875,121.07365417480467,3281.774658203125,1184.4962158203125,3165.882080078125,1454.7657470703125,8467.4453125,188.5650787353516,203.4507598876953
2023-09-13,4267.9169921875,2037.1221923828125,2515.543212890625,985.7999877929688,838.4400024414062,438.7778625488281,4978.7490234375,1012.8021850585938,4587.09033203125,1551.0653076171875,739.2940063476562,232.6734161376953,902.533203125,151.41795349121094,4490.1953125,1155.862060546875,1194.09326171875,232.41287231445312,1839.8673095703125,548.8794555664062,3711.0712890625,522.1746215820312,1133.832275390625,3241.87841796875,143.42506408691406,111.9422607421875,958.6484375,1911.0220947265625,1370.869873046875,1144.4656982421875,787.04541015625,643.9151611328125,2741.9228515625,476.9481201171875,2367.712158203125,973.8374633789062,1327.90478515625,11.0,1436.7467041015625,1363.1502685546875,79.74347686767578,389.2634887695313,802.2384643554688,364.1007080078125,2829.78955078125,1513.61767578125,10264.306640625,2346.49951171875,1077.3946533203125,42.48487854003906,221.74896240234372,158.5355682373047,2845.37451171875,174.4446563720703,1210.9222412109375,1338.6751708984375,564.8836059570312,25969.064453125,2230.666259765625,1120.812744140625,869.3568725585938,121.58987426757812,3269.90625,1179.2568359375,3242.798095703125,1437.6650390625,8531.357421875,189.7853240966797,203.7781524658203
2023-09-14,4292.59423828125,2012.6829833984373,2516.44189453125,983.7999877929688,838.5386352539062,440.0628967285156,5051.8251953125,1019.2416381835938,4621.62451171875,1549.1673583984375,741.113525390625,235.574462890625,902.3359985351562,152.75924682617188,4457.1640625,1204.0316162109375,1199.1962890625,230.6675567626953,1826.608154296875,550.7721557617188,3777.41015625,530.4168090820312,1134.96826171875,3301.53515625,145.7471466064453,113.42880249023438,961.41845703125,1909.637939453125,1364.400390625,1151.95947265625,786.5665893554688,639.2110595703125,2745.585693359375,490.9150390625,2362.28076171875,971.7714233398438,1340.488037109375,10.899999618530272,1439.9063720703125,1370.9742431640625,81.07110595703125,386.21630859375,801.8921508789062,363.4920349121094,2841.326171875,1542.2266845703125,10278.76171875,2362.669921875,1091.865478515625,44.8750228881836,222.49700927734372,161.98390197753906,2923.973876953125,176.2053680419922,1212.033935546875,1345.8883056640625,565.6885986328125,26173.388671875,2230.375244140625,1115.9832763671875,864.7134399414062,123.60775756835938,3262.7578125,1197.45458984375,3240.9599609375,1447.1048583984375,8582.3310546875,192.1444091796875,204.12890625
2023-09-15,4305.5712890625,2001.3770751953125,2536.6650390625,1006.4500122070312,834.4437255859375,439.9146118164063,5059.02880859375,1025.4815673828125,4894.46728515625,1536.3817138671875,740.9058227539062,245.2118225097656,923.2437133789062,149.99148559570312,4416.7265625,1222.5120849609375,1200.897216796875,232.1219940185547,1860.857421875,548.8794555664062,3775.03564453125,525.53076171875,1149.75634765625,3346.25341796875,146.4882354736328,111.58187103271484,957.1201782226562,1950.4189453125,1402.7769775390625,1170.8057861328125,795.5914306640625,638.6663818359375,2806.43310546875,490.1253967285156,2332.9033203125,976.44482421875,1349.252197265625,11.699999809265137,1431.7601318359375,1375.2047119140625,78.75846099853516,384.8429565429688,804.3660278320312,361.9654846191406,2831.5419921875,1576.793701171875,10315.12109375,2392.61181640625,1098.8892822265625,44.78539657592773,220.8606414794922,160.9062957763672,2937.020263671875,175.25729370117188,1214.28173828125,1365.6875,567.1091918945312,26519.0546875,2220.295654296875,1121.83740234375,856.2574462890625,123.84239196777344,3297.814208984375,1216.3541259765625,3228.28955078125,1485.60693359375,8622.2392578125,192.2257537841797,206.28033447265625
2023-09-18,4247.466796875,1981.480224609375,2499.114990234375,1004.9500122070312,820.2344970703125,431.6115417480469,5042.486328125,1023.08544921875,4938.49365234375,1558.207275390625,746.4882202148438,242.5074462890625,907.5136108398438,153.44053649902344,4478.4541015625,1189.08740234375,1205.805908203125,233.7426300048828,1870.1343994140625,549.0250854492188,3745.15576171875,522.5694580078125,1131.6787109375,3350.69580078125,144.36380004882812,111.26654052734376,948.7625122070312,1935.194091796875,1397.728515625,1171.164794921875,779.9357299804688,653.5708618164062,2852.03369140625,478.2312927246094,2350.803466796875,974.2310791015624,1349.5948486328125,10.899999618530272,1438.5733642578125,1357.19140625,79.3152084350586,388.0188903808594,800.3582763671875,358.86248779296875,2842.54296875,1616.53125,10312.0341796875,2383.830810546875,1108.463623046875,44.47168731689453,225.5359344482422,160.99249267578125,2874.61865234375,180.67486572265625,1203.7091064453125,1366.73193359375,571.9866333007812,26120.935546875,2201.593505859375,1119.7396240234375,861.1942138671875,122.43456268310548,3305.007568359375,1206.7640380859375,3318.62109375,1508.3916015625,8523.109375,192.3884429931641,203.9652099609375
2023-09-20,4256.06982421875,1954.9183349609373,2467.0078125,1008.9500122070312,807.20947265625,423.2096252441406,4974.07861328125,1025.6312255859375,4944.50390625,1551.6146240234375,745.533935546875,240.8848419189453,898.1445922851562,150.1192169189453,4411.416015625,1194.51708984375,1204.9796142578125,236.27740478515625,1874.72607421875,544.6573486328125,3739.516357421875,515.6104125976562,1109.3631591796875,3359.9228515625,144.759033203125,111.31159210205078,945.7059326171876,1922.5889892578125,1385.279296875,1160.75439453125,748.6482543945312,641.9345092773438,2803.685791015625,472.1115112304688,2330.21142578125,971.2302856445312,1346.853271484375,11.0,1422.3302001953125,1355.7811279296875,78.67280578613281,388.7913818359375,778.5384521484375,357.08648681640625,2813.483154296875,1609.1943359375,10140.1845703125,2382.583251953125,1101.704345703125,44.23267364501953,226.0502014160156,162.24252319335938,2848.894775390625,184.7831268310547,1176.8826904296875,1338.376708984375,569.2874755859375,25839.603515625,2198.88427734375,1125.1058349609375,850.1964111328125,120.41667175292967,3304.91650390625,1192.3087158203125,3285.976318359375,1494.7010498046875,8355.3251953125,188.5650787353516,201.15899658203125
2023-09-21,4204.111328125,1968.742431640625,2475.946044921875,1023.4500122070312,820.0864868164062,421.1832580566406,4987.74072265625,1012.8021850585938,4851.25146484375,1524.4949951171875,740.11474609375,241.4257049560547,905.2946166992188,151.26890563964844,4441.76806640625,1183.757568359375,1172.6123046875,233.07774353027344,1867.697998046875,543.686767578125,3707.064208984375,510.230712890625,1119.92333984375,3354.69921875,144.06736755371094,109.19436645507812,943.2224731445312,1889.7664794921875,1385.4263916015625,1146.9337158203125,743.6929931640625,638.0226440429688,2747.92041015625,473.3453369140625,2336.3515625,943.8294067382812,1327.4639892578125,10.850000381469728,1393.5469970703125,1366.243408203125,79.44369506835938,384.1134033203125,770.2261352539062,350.35162353515625,2822.585693359375,1559.21484375,10078.9814453125,2387.765625,1094.575927734375,43.00772476196289,223.4320526123047,160.94940185546875,2833.337158203125,182.02923583984372,1168.31103515625,1327.4324951171875,557.0228881835938,26023.544921875,2179.01708984375,1118.276123046875,851.46728515625,119.94740295410156,3285.8994140625,1208.494873046875,3283.83984375,1481.65283203125,8212.482421875,184.25364685058597,200.6211395263672
2023-09-22,4116.41455078125,1953.6346435546875,2461.614990234375,1018.7999877929688,816.0901489257812,416.09271240234375,4957.43701171875,1016.595947265625,4770.97216796875,1541.9754638671875,738.843994140625,245.2118225097656,898.8349609375,149.86373901367188,4447.7119140625,1183.757568359375,1152.6864013671875,235.4878845214844,1875.3350830078125,544.8029174804688,3665.7568359375,509.8852233886719,1090.0013427734375,3328.9228515625,144.215576171875,109.5998077392578,941.93310546875,1890.21142578125,1365.08642578125,1143.0745849609375,732.3462524414062,643.17236328125,2767.836669921875,472.6544189453125,2344.947265625,934.9745483398438,1315.8109130859375,11.300000190734863,1434.6236572265625,1361.148681640625,79.01541900634766,380.3366088867188,765.9710083007812,350.5013122558594,2841.228759765625,1582.751953125,10324.82421875,2385.750244140625,1094.52734375,42.78364562988281,222.49700927734372,159.57009887695312,2879.763427734375,179.8170623779297,1163.4447021484375,1312.1602783203125,566.4935913085938,25673.279296875,2149.33203125,1104.8116455078125,858.06591796875,118.96190643310548,3302.716796875,1221.31298828125,3254.027587890625,1476.907958984375,8087.8662109375,183.07408142089844,195.733642578125
2023-09-25,4106.48486328125,1974.963134765625,2478.792236328125,1013.7999877929688,814.708740234375,418.0202026367188,5064.24560546875,1017.2948608398438,4775.17041015625,1575.6378173828125,773.3072509765625,248.7520751953125,897.8487548828125,149.84246826171875,4452.97314453125,1178.6766357421875,1146.31982421875,239.39401245117188,1876.3189697265625,538.0087280273438,3688.9580078125,515.3635864257812,1074.53173828125,3306.6611328125,145.35191345214844,110.27550506591795,933.0499877929688,1917.7940673828125,1369.20361328125,1133.8760986328125,732.9925537109375,635.8933715820312,2723.8837890625,463.2773132324219,2338.712890625,940.9269409179688,1288.6368408203125,11.300000190734863,1424.601318359375,1341.1337890625,78.75846099853516,379.9074401855469,771.760009765625,356.0787658691406,2825.65234375,1565.320556640625,10376.814453125,2392.851806640625,1099.6883544921875,42.75376892089844,224.08660888671875,159.9149169921875,2913.2412109375,179.59132385253906,1156.2811279296875,1287.5855712890625,562.6105346679688,25590.884765625,2152.5654296875,1096.713623046875,880.4034423828125,119.57196807861328,3278.4296875,1215.792724609375,3263.41845703125,1498.111328125,8106.43798828125,182.6673583984375,193.6757659912109
2023-09-26,4134.30810546875,1989.725341796875,2454.67431640625,1012.2999877929688,810.4656982421875,424.7911376953125,5021.1748046875,1012.5026245117188,4835.9873046875,1565.9486083984375,778.3308715820312,248.35870361328125,900.1170043945312,149.7360076904297,4482.30224609375,1190.5819091796875,1131.0595703125,238.3135986328125,1937.7430419921875,539.1248168945312,3713.98974609375,513.5868530273438,1080.26123046875,3390.1416015625,146.09300231933594,109.50970458984376,934.8171997070312,1935.73779296875,1372.144287109375,1132.0810546875,736.1763916015625,638.0226440429688,2778.504638671875,465.39947509765625,2341.640869140625,933.400390625,1281.488525390625,12.100000381469728,1405.1492919921875,1328.8521728515625,78.8012924194336,379.7786865234375,771.5126342773438,352.0278625488281,2835.43603515625,1570.9833984375,10345.89453125,2342.99658203125,1117.506103515625,42.73883438110352,224.60086059570312,161.85458374023438,2884.5390625,179.09474182128906,1157.2939453125,1283.1580810546875,562.9420776367188,25765.62109375,2144.23388671875,1098.4697265625,875.1245727539062,120.97979736328124,3286.265625,1199.7469482421875,3242.201904296875,1513.383544921875,8128.86181640625,182.21990966796875,193.11453247070312
2023-09-27,4161.98388671875,1994.3662109375,2479.99072265625,1018.75,819.69189453125,425.4830932617188,5072.49169921875,1023.5345458984376,4801.40478515625,1564.0008544921875,775.0576171875,248.26036071777344,907.5629272460938,148.60760498046875,4508.80615234375,1193.8199462890625,1147.4375,242.3027801513672,1921.3446044921875,544.51171875,3728.039306640625,521.8784790039062,1085.9315185546875,3397.513427734375,148.76092529296875,109.19436645507812,955.066650390625,1909.1435546875,1378.8590087890625,1131.7667236328125,731.0056762695312,641.9345092773438,2752.865478515625,468.8048706054688,2363.17822265625,927.890625,1276.5433349609375,12.0,1418.3804931640625,1334.6290283203125,77.43083190917969,385.5296630859375,771.4630737304688,352.2373962402344,2886.54638671875,1565.0743408203125,10467.5166015625,2370.395263671875,1111.0672607421875,42.559566497802734,223.7593231201172,161.4235382080078,2874.569091796875,179.99765014648438,1170.336669921875,1294.4007568359375,558.5381469726562,26157.109375,2170.597900390625,1112.2269287109375,868.9169921875,120.27588653564452,3289.5654296875,1205.68798828125,3194.452392578125,1510.6650390625,8162.2509765625,170.01771545410156,194.40069580078125
2023-09-28,4032.552978515625,1971.26025390625,2471.951416015625,1012.4500122070312,812.1924438476562,415.0547790527344,4987.791015625,1029.225341796875,4776.267578125,1537.9798583984375,765.31201171875,245.2118225097656,912.8884887695312,146.457275390625,4408.63916015625,1215.239501953125,1131.4483642578125,241.1808319091797,1854.6260986328125,531.1658325195312,3626.131591796875,513.3893432617188,1072.6251220703125,3358.995361328125,144.26498413085938,109.41960144042967,946.1357421875,1884.8233642578125,1347.9814453125,1114.5357666015625,729.49755859375,628.5650024414062,2719.580322265625,460.8096923828125,2324.0712890625,927.3987426757812,1247.8026123046875,11.649999618530272,1395.2255859375,1309.56494140625,76.91690826416016,378.3194885253906,760.0830688476562,345.8617553710937,2930.30615234375,1532.427734375,10354.419921875,2289.591064453125,1094.8165283203125,42.39524841308594,221.65545654296875,161.595947265625,2824.42626953125,181.26173400878903,1153.1439208984375,1282.8597412109375,558.7275390625,25368.44140625,2112.91796875,1104.7630615234375,856.8439331054688,119.00884246826172,3241.40380859375,1150.34619140625,3137.510498046875,1506.365234375,8055.21826171875,169.48895263671875,189.58335876464844
2023-09-29,4029.1611328125,1986.96044921875,2410.68310546875,987.1500244140624,814.2153930664062,419.8982849121094,5104.68359375,1035.0159912109375,4830.740234375,1538.529296875,772.4073486328125,247.4244842529297,913.6281127929688,147.58567810058594,4420.91650390625,1212.997802734375,1152.9293212890625,245.33624267578125,1879.317626953125,535.3880004882812,3725.219482421875,524.050048828125,1103.8214111328125,3365.536865234375,145.4507293701172,112.07740020751952,947.138671875,1920.315185546875,1361.5084228515625,1108.1641845703125,730.7423706054688,631.2388916015625,2799.473876953125,486.2758483886719,2329.030517578125,936.5487670898438,1282.369873046875,11.649999618530272,1410.876220703125,1305.9259033203125,77.90192413330078,381.4524536132813,771.4630737304688,346.3606262207031,2943.497314453125,1530.655029296875,10398.7666015625,2280.761962890625,1093.2835693359375,44.20279693603516,229.60345458984372,165.38909912109375,2853.8427734375,180.3588104248047,1158.5289306640625,1298.7786865234375,566.8723754882812,25203.455078125,2139.689697265625,1130.4720458984375,857.2349243164062,120.97979736328124,3233.93408203125,1144.077392578125,3129.113525390625,1504.289306640625,8154.49560546875,181.04039001464844,189.9107360839844
2023-10-03,4022.96728515625,2009.3258056640625,2384.068603515625,973.9500122070312,820.382568359375,427.212890625,5086.00390625,1039.35888671875,4785.6640625,1559.30615234375,787.9182739257812,249.5879669189453,912.5432739257812,145.35015869140625,4380.28515625,1249.1123046875,1149.67333984375,242.59368896484372,1853.8763427734373,537.3292236328125,3684.951171875,531.798828125,1079.0657958984375,3272.24365234375,148.9091339111328,111.71701049804688,948.3804931640624,1899.603515625,1360.2833251953125,1111.6640625,722.0048828125,627.426025390625,2761.33544921875,473.7402038574219,2332.147705078125,925.1358032226562,1278.1591796875,12.0,1417.34375,1304.606689453125,77.08821105957031,377.4611511230469,762.2106323242188,344.6344909667969,2991.88134765625,1514.060791015625,10140.33203125,2283.78466796875,1083.9742431640625,44.23267364501953,225.5359344482422,159.1390380859375,2820.044677734375,180.17822265625,1145.2637939453125,1285.894287109375,571.03955078125,25360.919921875,2079.766845703125,1113.6903076171875,852.3471069335938,120.13510131835938,3220.416259765625,1137.9022216796875,3176.266845703125,1512.39501953125,8203.9384765625,187.7109375,189.630126953125
2023-10-04,3930.109375,1981.430908203125,2461.6650390625,971.9000244140624,813.6725463867188,424.6922912597656,5014.9150390625,993.9328002929688,4692.3154296875,1530.837890625,776.6893920898438,249.63714599609372,911.5077514648438,145.35015869140625,4416.3857421875,1205.1273193359375,1134.3643798828125,239.3108673095703,1865.26171875,539.0277709960938,3668.42822265625,518.9664916992188,1070.3927001953125,3320.574462890625,145.5001220703125,109.32951354980467,946.0402221679688,1874.2945556640625,1366.066650390625,1112.427001953125,732.29833984375,619.453857421875,2737.023681640625,467.27490234375,2368.9404296875,915.0510864257812,1276.20068359375,11.449999809265137,1383.6728515625,1314.022705078125,76.31733703613281,374.328125,748.703125,343.6367492675781,2947.586181640625,1498.9930419921875,9927.6142578125,2329.41748046875,1116.5660400390625,43.56044387817383,219.8788299560547,157.544189453125,2802.61669921875,179.681640625,1143.287841796875,1264.10546875,555.223388671875,25205.38671875,2040.0025634765625,1096.4696044921875,845.357421875,117.60100555419922,3242.320068359375,1127.42333984375,3146.851806640625,1478.8358154296875,8022.125,181.7318420410156,189.37289428710935
2023-10-05,3999.224365234375,1972.14892578125,2463.063232421875,959.6500244140624,814.2647094726562,427.85540771484375,5014.5673828125,1001.6203002929688,4780.51220703125,1540.8267822265625,776.3778076171875,245.11346435546875,916.0443725585938,146.67018127441406,4417.74951171875,1194.7662353515625,1128.5809326171875,240.47439575195312,1871.8680419921875,534.56298828125,3657.990234375,518.2261962890625,1068.30810546875,3362.26611328125,143.7709197998047,110.81607055664062,932.8113403320312,1868.6593017578125,1383.466064453125,1108.7474365234375,735.2667236328125,618.31494140625,2762.296875,464.4617919921875,2379.992431640625,925.6768798828124,1269.78662109375,11.199999809265137,1384.2158203125,1331.3994140625,76.7884292602539,374.2852478027344,747.6146240234375,346.0712585449219,3014.07763671875,1514.6024169921875,10006.3125,2371.546875,1113.2872314453125,43.67995071411133,218.6632843017578,157.07008361816406,2825.608154296875,177.51461791992188,1143.26318359375,1267.9854736328125,560.8111572265625,25498.54296875,2050.664306640625,1091.8837890625,840.9095458984375,117.5540771484375,3289.611083984375,1127.984619140625,3196.39013671875,1480.911376953125,8078.03759765625,180.59295654296875,190.2615203857422
2023-10-06,4063.423583984375,1984.6893310546875,2474.7978515625,961.25,819.7411499023438,430.6725158691406,5027.68212890625,999.3240356445312,4783.89892578125,1632.8238525390625,807.7902221679688,248.7028961181641,913.282958984375,147.8411407470703,4422.18359375,1214.990478515625,1130.4278564453125,239.18621826171875,1867.1358642578125,531.0687866210938,3682.329345703125,541.6204223632812,1071.7952880859375,3368.905517578125,144.759033203125,112.25757598876952,928.0833129882812,1881.6597900390625,1371.80126953125,1110.7666015625,734.4528198242188,624.8017578125,2781.8466796875,466.4852600097656,2360.9580078125,929.9568481445312,1292.26025390625,10.949999809265137,1416.7513427734375,1345.273193359375,76.87407684326172,379.5211791992188,757.21337890625,347.9969177246094,3011.7900390625,1525.3370361328125,10096.3759765625,2390.548583984375,1112.973876953125,43.56044387817383,220.25286865234372,156.4235076904297,2829.890869140625,177.92092895507812,1145.18994140625,1276.4422607421875,562.7999877929688,25522.39453125,2058.41357421875,1099.8846435546875,855.1332397460938,118.16413879394533,3318.984619140625,1138.5572509765625,3289.05712890625,1483.9759521484375,8095.818359375,181.1623992919922,190.75262451171875
2023-10-09,4030.5869140625,1940.2547607421875,2439.34521484375,938.9500122070312,779.5804443359375,425.2359619140625,5014.81494140625,994.6317138671876,4776.9345703125,1619.738525390625,793.8616333007812,242.3599395751953,911.8036499023438,144.77529907226562,4406.6416015625,1214.990478515625,1127.0257568359375,239.18621826171875,1874.5384521484373,525.8275146484375,3666.004150390625,533.8717041015625,1085.6153564453125,3364.218994140625,143.2274627685547,109.73493957519533,923.116455078125,1867.5223388671875,1357.1956787109375,1121.4462890625,725.9307250976562,609.2039184570312,2705.9365234375,463.7214965820313,2372.19921875,923.4632568359376,1271.59814453125,10.899999618530272,1410.580078125,1342.3165283203125,74.90404510498047,378.06195068359375,749.6431884765625,343.08795166015625,2993.29296875,1492.19775390625,10040.26953125,2375.19384765625,1111.4971923828125,42.76870346069336,219.45806884765625,156.63902282714844,2754.959716796875,177.19859313964844,1135.4326171875,1270.7713623046875,554.1342163085938,25465.734375,2063.6279296875,1095.73779296875,860.9009399414062,116.24009704589844,3334.518798828125,1134.580810546875,3247.0712890625,1504.9813232421875,8011.505859375,178.11183166503906,189.7002868652344
2023-10-10,4122.01904296875,1961.2872314453125,2494.970947265625,939.75,808.6402587890625,432.15521240234375,5034.0908203125,1010.6056518554688,4805.74560546875,1631.2755126953125,799.3895874023438,247.76866149902344,935.2755126953124,144.94564819335938,4413.9013671875,1254.4422607421875,1122.7005615234375,252.02647399902344,1902.5565185546875,527.8657836914062,3674.265625,554.5020141601562,1082.3948974609375,3377.058349609375,146.19180297851562,110.72598266601562,931.2353515625,1897.0823974609373,1371.752197265625,1132.3951416015625,730.0481567382812,615.2449340820312,2725.806884765625,474.4311218261719,2376.82763671875,935.8600463867188,1286.9232177734375,11.050000190734863,1402.6806640625,1360.2391357421875,75.67493438720703,381.4524536132813,763.843505859375,350.4314270019531,2994.55859375,1514.50390625,10167.87109375,2380.18408203125,1115.684326171875,44.88996124267578,220.5801239013672,158.1907501220703,2834.37158203125,178.7335662841797,1140.447021484375,1295.4456787109375,560.337646484375,25895.029296875,2092.235107421875,1099.10400390625,868.8192138671875,117.60100555419922,3325.858154296875,1148.708740234375,3248.760498046875,1510.516845703125,8059.11962890625,180.71499633789065,190.7058563232422
2023-10-11,4114.841796875,2013.0780029296875,2485.283447265625,962.4500122070312,804.0518798828125,439.9640502929688,5060.07275390625,1017.444580078125,4831.40771484375,1634.7216796875,801.2042236328125,244.6217803955078,942.425537109375,145.8611297607422,4438.2607421875,1254.990234375,1139.1270751953125,250.8629913330078,1931.043212890625,527.7687377929688,3710.7744140625,558.0062255859375,1099.988525390625,3404.250732421875,145.2530975341797,111.31159210205078,941.6466064453124,1957.5865478515625,1363.4691162109375,1117.8563232421875,737.1099853515625,615.4925537109375,2839.3974609375,477.6390380859375,2414.801513671875,937.7293701171876,1286.2869873046875,11.850000381469728,1403.3223876953125,1359.5567626953125,76.83124542236328,384.7571716308594,769.1375732421875,353.4845886230469,3006.92236328125,1532.6739501953125,10204.2294921875,2364.7333984375,1127.051025390625,44.904903411865234,223.19830322265625,157.97523498535156,2836.242431640625,179.23016357421875,1158.5535888671875,1302.7086181640625,557.2122192382812,26229.162109375,2073.270263671875,1101.29931640625,868.4771118164062,117.2725067138672,3308.44482421875,1152.310791015625,3259.989990234375,1532.4119873046875,8241.57421875,185.18914794921875,196.9730529785156
2023-10-12,4144.97509765625,2004.0430908203125,2503.010009765625,948.6500244140624,804.1505737304688,440.4582824707031,4961.708984375,1016.795654296875,4871.66650390625,1632.9736328125,792.5364379882812,246.8344268798828,937.2479248046876,148.47987365722656,4443.912109375,1239.94677734375,1125.4705810546875,255.30929565429688,1930.902587890625,525.0995483398438,3715.424560546875,559.733642578125,1092.5994873046875,3411.6708984375,147.52577209472656,116.53707122802734,933.1932983398438,1979.039794921875,1360.67529296875,1098.247314453125,742.017333984375,618.6121215820312,2827.859619140625,478.1325988769531,2415.367919921875,938.86083984375,1297.4012451171875,11.899999618530272,1406.3341064453125,1333.264404296875,77.34517669677734,386.860107421875,775.2728881835938,351.9779663085937,3000.15625,1542.8668212890625,10369.66015625,2356.816162109375,1120.8868408203125,47.504188537597656,225.90997314453125,159.00973510742188,2841.411376953125,181.26173400878903,1160.70263671875,1306.9866943359375,555.0339965820312,26379.75,2098.031982421875,1102.9091796875,872.3385009765625,118.16413879394533,3246.719482421875,1121.57568359375,3264.4619140625,1579.46435546875,8250.2177734375,184.00958251953125,195.078857421875
2023-10-13,4157.90380859375,1985.18310546875,2451.279052734375,948.9000244140624,802.9664306640625,434.8240356445313,4985.00830078125,992.4352416992188,4819.9599609375,1644.7105712890625,796.22998046875,236.7053680419922,941.0448608398438,148.05406188964844,4457.50439453125,1253.0972900390625,1135.044677734375,255.9325714111328,1920.173095703125,523.0127563476562,3695.735595703125,561.0662231445312,1078.7696533203125,3394.291259765625,147.62457275390625,115.5460205078125,938.8765869140624,1960.05810546875,1363.518310546875,1127.10009765625,735.2667236328125,619.206298828125,2837.199951171875,474.38177490234375,2427.12841796875,935.9583740234376,1286.6785888671875,12.0,1445.2877197265625,1302.0137939453125,77.81627655029297,384.8429565429688,769.1375732421875,351.6087951660156,3007.798828125,1538.73046875,10513.3818359375,2280.3779296875,1144.1641845703125,47.7730827331543,226.3307647705078,159.39767456054688,2838.457763671875,182.20980834960935,1160.6534423828125,1309.7724609375,545.6578979492188,26575.369140625,2092.905029296875,1117.44677734375,892.8675537109375,117.36637115478516,3272.656005859375,1117.22509765625,3263.219482421875,1582.4791259765625,8267.2587890625,184.00958251953125,192.249267578125
2023-10-16,4209.27294921875,2005.32666015625,2426.112548828125,938.7999877929688,794.9737548828125,438.1354064941406,4989.38037109375,1003.1677856445312,4843.142578125,1640.51513671875,794.682373046875,240.0489501953125,933.5003051757812,147.86244201660156,4468.56396484375,1241.04248046875,1131.7884521484375,259.2984619140625,1943.646728515625,521.1685791015625,3616.435546875,559.782958984375,1085.26953125,3404.250732421875,146.78468322753906,117.07763671875,942.3151245117188,1951.25927734375,1386.3087158203125,1140.3375244140625,732.3223266601562,623.9598999023438,2894.4755859375,477.1455383300781,2416.595947265625,936.0568237304688,1309.7886962890625,11.800000190734863,1428.2054443359375,1304.7432861328125,77.85910034179688,385.3580017089844,782.4472045898438,349.164306640625,3019.772705078125,1550.6468505859375,10490.79296875,2264.351318359375,1122.5091552734375,49.371490478515625,227.6397857666016,160.82008361816406,2836.217529296875,183.33848571777344,1158.0596923828125,1315.4932861328125,545.1843872070312,26385.09375,2098.643798828125,1107.6900634765625,888.2240600585938,119.19654846191406,3229.76416015625,1108.3365478515625,3280.759033203125,1583.2698974609375,8191.392578125,186.9788055419922,191.85171508789065
2023-10-17,4211.38671875,2013.9666748046875,2425.163818359375,948.6500244140624,794.4310302734375,437.5422973632813,4996.43408203125,1006.4125366210938,4904.72216796875,1655.798095703125,800.319091796875,235.7219696044922,940.5025024414062,151.0347137451172,4482.49755859375,1239.9964599609375,1140.6336669921875,263.7863464355469,1939.9451904296875,524.37158203125,3607.927001953125,559.8323974609375,1095.3455810546875,3418.1640625,146.63644409179688,118.38399505615234,952.43994140625,1952.000732421875,1356.7054443359375,1146.1708984375,737.8759765625,635.5963134765625,2905.418212890625,478.083251953125,2414.564697265625,938.5164794921876,1332.115478515625,11.899999618530272,1417.936279296875,1312.2940673828125,78.67280578613281,389.2205810546875,781.9030151367188,353.5145263671875,2985.115478515625,1552.6656494140625,10536.16796875,2198.373779296875,1133.0379638671875,49.35655212402344,229.9774627685547,160.5614776611328,2811.970703125,187.0404510498047,1163.593017578125,1341.5107421875,545.9420166015625,26358.173828125,2093.39990234375,1109.153564453125,887.4908447265625,119.57196807861328,3214.183349609375,1120.499755859375,3287.76513671875,1590.8814697265625,8200.48046875,187.0601501464844,192.4129638671875
2023-10-18,4029.2099609375,1988.7379150390625,2403.143310546875,939.0499877929688,788.0172119140625,428.003662109375,4945.2158203125,991.2372436523438,4901.001953125,1626.3809814453125,777.9254760742188,234.1485290527344,939.7135009765624,149.1185760498047,4489.6591796875,1213.8944091796875,1176.694580078125,263.412353515625,1928.56005859375,518.3052368164062,3602.583984375,560.0297241210938,1121.6915283203125,3413.526123046875,144.80845642089844,118.02361297607422,954.63671875,1933.4639892578125,1313.8687744140625,1139.26025390625,727.6064453125,638.765380859375,2887.28759765625,478.774169921875,2407.10302734375,928.5302124023438,1330.3529052734375,11.699999809265137,1402.483154296875,1310.5657958984375,77.73062133789062,387.675537109375,776.2130126953125,349.8926696777344,2964.96337890625,1550.9422607421875,10573.06640625,2164.25732421875,1130.0093994140625,48.29592514038086,226.28399658203125,161.16493225097656,2813.9892578125,186.45355224609372,1148.1541748046875,1349.4700927734375,542.3432006835938,26538.353515625,2034.7296142578125,1125.3497314453125,875.6134033203125,119.29039764404295,3196.037109375,1110.6756591796875,3262.22607421875,1582.1827392578125,8177.6611328125,187.507568359375,190.5655212402344
2023-10-19,4025.130126953125,2005.030517578125,2398.998779296875,933.0,782.3433837890625,432.4023132324219,4964.888671875,989.7896118164062,5230.36865234375,1632.923828125,775.4531860351562,225.3470458984375,929.949951171875,150.6089324951172,4484.5439453125,1192.823486328125,1189.0390625,261.6254577636719,1957.0465087890625,510.2007751464844,3599.170654296875,552.873291015625,1112.49462890625,3418.505615234375,145.10488891601562,116.49202728271484,939.783935546875,1953.236572265625,1335.7772216796875,1137.3759765625,725.308349609375,632.8233642578125,2990.4853515625,473.7402038574219,2406.9609375,920.6591796875,1343.2298583984375,12.0,1432.105712890625,1304.288330078125,77.64497375488281,386.6026306152344,772.30419921875,346.90936279296875,2973.530517578125,1545.7227783203125,10556.6513671875,2169.53564453125,1172.2408447265625,48.81877136230469,223.9463653564453,160.60458374023438,2879.566650390625,185.82151794433597,1139.33544921875,1341.311767578125,540.9698486328125,26027.35546875,2018.066650390625,1113.7392578125,875.3201293945312,118.25798797607422,3175.2705078125,1096.6881103515625,3264.11376953125,1580.6505126953125,8414.990234375,184.78240966796875,184.8829345703125
2023-10-20,3947.609619140625,1938.4776611328125,2390.56005859375,920.1500244140624,783.1328125,425.8784790039063,4945.513671875,978.7575073242188,5236.759765625,1633.223388671875,768.2984619140625,221.75762939453125,932.1689453125,147.50048828125,4462.6689453125,1182.711669921875,1166.5859375,259.6308898925781,1977.89599609375,509.3757019042969,3516.605712890625,545.0752563476562,1100.3243408203125,3398.68505859375,144.1167755126953,112.66300201416016,943.8433837890624,1924.2203369140625,1267.4051513671875,1140.3204345703125,729.066650390625,633.7642211914062,2940.48876953125,465.6462707519531,2356.94384765625,917.7075805664062,1359.3385009765625,11.75,1450.619873046875,1298.4658203125,77.34517669677734,376.2165222167969,761.3695678710938,353.1253967285156,2932.593994140625,1534.59423828125,10511.5205078125,2082.253173828125,1179.3984375,47.220359802246094,225.34890747070312,160.5183563232422,2908.293212890625,183.15786743164065,1135.8524169921875,1355.73828125,533.2985229492188,25816.7421875,2005.278076171875,1114.422119140625,878.79052734375,115.53617095947266,3211.0146484375,1095.3314208984375,3245.779296875,1578.080322265625,8358.1884765625,181.2030792236328,183.2693634033203
2023-10-23,3876.2333984375,1873.5045166015625,2305.5732421875,880.7999877929688,761.22705078125,411.150390625,4937.56591796875,962.7335815429688,5156.72021484375,1611.347900390625,771.2355346679688,217.62733459472656,926.3502807617188,145.9675750732422,4414.53466796875,1162.8858642578125,1150.645263671875,254.3950958251953,1945.098876953125,506.0270690917969,3463.8212890625,526.0736694335938,1096.8966064453125,3364.951416015625,141.69586181640625,108.83399963378906,936.8707275390624,1881.1160888671875,1259.41650390625,1120.433349609375,721.04736328125,619.206298828125,2884.26611328125,450.791015625,2345.939453125,914.9527587890624,1370.012451171875,10.949999809265137,1416.94873046875,1281.544189453125,75.33231353759766,374.1564636230469,741.1329956054688,347.36834716796875,2879.974853515625,1541.3896484375,10342.9541015625,2035.613037109375,1175.417724609375,45.15885543823242,221.1879119873047,159.35455322265625,2858.54443359375,180.3588104248047,1118.1162109375,1331.6112060546875,523.685791015625,25440.099609375,1989.51806640625,1095.1524658203125,863.2958984375,112.62665557861328,3133.46240234375,1081.5311279296875,3199.619873046875,1567.00927734375,8224.0400390625,174.9392852783203,179.20034790039062
2023-10-25,3864.239013671875,1867.3331298828125,2253.9921875,876.1500244140625,758.9080810546875,413.1273193359375,4828.62158203125,953.89794921875,5101.29248046875,1609.6497802734375,760.9064331054688,214.62794494628903,909.8804931640624,144.75401306152344,4417.603515625,1142.7613525390625,1125.0330810546875,257.8856201171875,1943.833984375,502.6784973144531,3406.93115234375,523.309814453125,1089.369140625,3304.46435546875,140.164306640625,107.84295654296876,931.2830200195312,1856.1036376953125,1242.1151123046875,1113.502197265625,716.4751586914062,610.4913940429688,2876.024658203125,455.2327880859375,2340.08251953125,901.3260498046876,1349.6929931640625,10.850000381469728,1394.9293212890625,1262.560302734375,75.03252410888672,371.4097290039063,740.48974609375,344.83404541015625,2838.89208984375,1545.279541015625,10377.451171875,2041.802978515625,1178.57275390625,45.69664001464844,216.9801788330078,158.9235382080078,2903.985107421875,180.1331024169922,1115.5225830078125,1307.484130859375,526.7637329101562,25443.267578125,2000.0635986328125,1093.0548095703125,870.0411987304688,113.89370727539062,3115.03955078125,1068.6195068359375,3167.91943359375,1556.72900390625,8155.9775390625,176.36285400390625,178.59234619140625
2023-10-26,3891.521240234375,1875.9730224609373,2200.263671875,848.1500244140625,760.1415405273438,411.496337890625,4729.662109375,970.470947265625,5017.38916015625,1558.2572021484375,733.9439086914062,208.9241943359375,893.0162353515625,142.6462860107422,4392.318359375,1130.2581787109375,1118.6180419921875,253.6886444091797,1906.3516845703125,493.5062255859375,3370.274169921875,515.56103515625,1071.2125244140625,3248.224853515625,136.5082550048828,106.76183319091795,920.585205078125,1828.5208740234373,1241.8699951171875,1116.0389404296875,700.6278686523438,599.9938354492188,2849.5615234375,450.74163818359375,2339.232421875,893.9962768554688,1327.5130615234375,10.75,1396.8548583984375,1252.7918701171875,73.83338165283203,372.8260498046875,721.0942993164062,338.2089538574219,2788.755859375,1483.2359619140625,10216.0400390625,2020.450439453125,1143.7392578125,45.4277458190918,216.60614013671875,155.94935607910156,2888.2314453125,179.636474609375,1099.9849853515625,1298.9775390625,518.0506591796875,25170.400390625,1984.857177734375,1076.8582763671875,860.6075439453125,112.53280639648438,3066.01806640625,1043.638427734375,3081.41357421875,1558.854248046875,8105.5478515625,172.66151428222656,176.90863037109375
2023-10-27,3940.923828125,1854.3975830078125,2258.685791015625,870.9000244140625,772.0319213867188,412.4353942871094,4799.11328125,1001.12109375,5126.33544921875,1564.6500244140625,742.38916015625,210.84182739257807,901.9907836914062,142.62498474121094,4398.6513671875,1163.682861328125,1141.3626708984375,260.9190979003906,1949.550048828125,509.1330871582031,3375.765380859375,529.2323608398438,1066.34228515625,3314.667724609375,137.89163208007812,106.53659057617188,942.9837646484376,1834.8975830078125,1235.0081787109375,1149.47119140625,703.3807983398438,602.7667846679688,2849.790283203125,450.24810791015625,2344.5693359375,898.0301513671875,1334.098388671875,10.899999618530272,1423.169677734375,1272.052001953125,74.43294525146484,372.3110046386719,724.35986328125,339.7754211425781,2825.068115234375,1487.8646240234375,10349.86328125,2029.0391845703125,1168.5782470703125,46.12985610961914,221.23468017578125,159.2683563232422,2995.16357421875,181.44232177734372,1119.4007568359375,1296.291259765625,531.4517822265625,25252.44921875,1996.6551513671875,1084.273681640625,871.1165161132812,112.53280639648438,3079.065673828125,1048.41015625,3101.18896484375,1573.5333251953125,8110.33984375,175.5493621826172,178.82620239257812
2023-10-30,4001.583984375,1863.28466796875,2296.036376953125,915.25,774.597412109375,417.0811767578125,4810.587890625,987.5932006835938,5064.6591796875,1559.35595703125,741.978759765625,211.0876922607422,913.480224609375,147.71339416503906,4347.30224609375,1151.3292236328125,1160.02490234375,261.417724609375,1924.53076171875,508.06536865234375,3367.305908203125,547.2962646484375,1056.07861328125,3278.34619140625,139.22557067871094,106.94200897216795,934.339599609375,1857.4383544921875,1243.9775390625,1145.8924560546875,711.0172119140625,601.7268676757812,2848.096435546875,450.74163818359375,2341.593994140625,909.9841918945312,1331.2969970703125,11.649999618530272,1436.3516845703125,1269.010986328125,75.58927917480469,369.4784240722656,726.8338012695312,342.7287902832031,2848.87109375,1475.06201171875,10190.1181640625,2058.453125,1174.15234375,46.578006744384766,219.3645782470703,162.759765625,2987.3603515625,181.3520355224609,1142.47265625,1319.472900390625,535.2874755859375,25677.091796875,1998.7528076171875,1088.0787353515625,873.5115356445312,111.82888793945312,3104.426513671875,1054.351318359375,3096.965576171875,1590.288330078125,8299.4619140625,176.07814025878906,178.6624755859375
2023-10-31,4040.024658203125,1864.469482421875,2291.592041015625,911.6500244140624,774.3507080078125,419.5523376464844,4788.87841796875,980.2550659179688,5069.572265625,1567.796630859375,740.9503173828125,210.59597778320312,901.7935791015624,148.71405029296875,4313.10107421875,1133.0479736328125,1166.3914794921875,261.1683959960937,1980.754150390625,513.355224609375,3352.415771484375,556.2294311523438,1060.4647216796875,3217.713134765625,138.97854614257812,107.66277313232422,947.3775024414062,1865.2484130859373,1221.5299072265625,1156.0853271484375,706.8997802734375,612.3729858398438,2827.951416015625,453.55474853515625,2346.4111328125,900.588134765625,1350.266357421875,11.850000381469728,1423.169677734375,1261.039794921875,76.83124542236328,367.7187805175781,728.6644897460938,347.09893798828125,2851.499267578125,1436.45703125,10184.8251953125,2037.772216796875,1177.217529296875,46.070106506347656,220.4866180419922,160.4752655029297,3032.801513671875,182.5258331298828,1130.3192138671875,1360.9117431640625,535.6188354492188,25391.552734375,1940.6942138671875,1062.1256103515625,880.3057250976562,111.45346069335938,3095.421630859375,1060.198974609375,3169.7080078125,1572.4954833984375,8319.861328125,176.20016479492188,178.56893920898438
2023-11-01,3986.64013671875,1820.578125,2214.34521484375,880.25,758.9080810546875,401.9577026367188,4765.6787109375,970.221435546875,5098.478515625,1571.0927734375,738.8983764648438,209.95677185058597,900.8566284179688,151.97149658203125,4284.64892578125,1144.7041015625,1167.6064453125,254.85215759277344,1959.38916015625,501.9019775390625,3310.564208984375,567.4329833984375,1056.2960205078125,3204.72705078125,138.83033752441406,105.9509735107422,930.9486083984376,1847.3048095703125,1216.236572265625,1140.637451171875,705.942138671875,614.0565185546875,2831.70556640625,456.71337890625,2335.31201171875,899.30908203125,1334.54052734375,12.800000190734863,1414.5789794921875,1247.90771484375,79.18672943115234,367.4613037109375,716.888671875,344.1056823730469,2818.642822265625,1432.5177001953125,10023.560546875,2055.76611328125,1166.3660888671875,45.9057846069336,217.49444580078125,160.94940185546875,3057.811767578125,181.44232177734372,1135.0126953125,1329.2730712890625,536.4239501953125,25159.5625,1937.606201171875,1089.0543212890625,882.8963623046875,109.43557739257812,3060.41259765625,1052.6671142578125,3153.5595703125,1542.8900146484375,8279.5576171875,182.0165557861328,178.17141723632812
2023-11-02,4008.219970703125,1840.7218017578125,2212.347900390625,892.0999755859375,764.0391845703125,414.8571166992188,4855.54736328125,981.3533325195312,5073.72216796875,1573.83984375,736.6436767578125,211.38270568847656,911.11328125,153.52569580078125,4411.27001953125,1173.047607421875,1174.6534423828125,256.6805419921875,1990.921142578125,514.81103515625,3308.239013671875,570.4436645507812,1054.725341796875,3259.453125,139.76905822753906,109.96017456054688,946.708984375,1876.1728515625,1240.98779296875,1153.7296142578125,707.0194702148438,613.3138427734375,2794.7578125,468.0645751953125,2366.284912109375,905.114013671875,1347.4161376953125,13.75,1442.8192138671875,1262.65234375,81.41372680664062,370.0792846679688,725.69580078125,346.7597045898437,2840.83935546875,1447.3885498046875,10097.8955078125,2099.4794921875,1178.0479736328125,47.7730827331543,219.97232055664065,160.5183563232422,3064.92578125,183.38360595703125,1146.2767333984375,1336.685302734375,541.8222045898438,25626.318359375,1963.969970703125,1105.299560546875,890.8146362304688,110.8434066772461,3087.4736328125,1054.9368896484375,3181.48388671875,1551.984130859375,8356.1650390625,186.4093780517578,179.4342041015625
2023-11-03,4097.24365234375,1836.4757080078125,2226.87841796875,902.7000122070312,784.859619140625,416.0432739257813,5120.03369140625,987.24365234375,5121.94677734375,1534.4339599609375,732.9254150390625,213.79205322265625,917.9181518554688,153.93023681640625,4423.2548828125,1130.0592041015625,1172.5635986328125,259.2984619140625,1972.4610595703125,519.7612915039062,3315.164794921875,588.1619873046875,1039.818603515625,3347.03466796875,141.79469299316406,111.49177551269533,974.933837890625,1874.6405029296875,1245.8890380859375,1147.2515869140625,710.3707885742188,616.086669921875,2828.91259765625,469.0516357421875,2387.64697265625,918.7406616210938,1339.356689453125,13.75,1432.0069580078125,1280.069580078125,82.14177703857422,371.8818054199219,738.2632446289062,345.8717041015625,2834.170654296875,1446.69921875,10071.140625,2121.072021484375,1172.5391845703125,47.638633728027344,221.24685668945312,163.79425048828125,3094.8095703125,184.55740356445312,1146.0296630859375,1322.6070556640625,547.5521240234375,25691.244140625,1962.01806640625,1113.348876953125,893.209716796875,110.09256744384766,3079.01953125,1071.581298828125,3254.027587890625,1580.6998291015625,8418.9912109375,189.33790588378903,179.38743591308594
2023-11-06,4132.83349609375,1840.8699951171875,2243.0068359375,926.5,791.8655395507812,416.3892517089844,5131.70849609375,1007.7603149414062,5158.103515625,1562.65234375,747.8133544921875,214.23458862304688,926.251708984375,155.9528350830078,4505.15185546875,1148.04150390625,1170.376708984375,263.07989501953125,2003.6160888671875,522.1392211914062,3469.51025390625,584.3616943359375,1054.646240234375,3428.025390625,142.3875732421875,111.17644500732422,979.232177734375,1896.8846435546875,1237.5567626953125,1150.377197265625,715.517578125,615.7896728515625,2899.878173828125,475.7143249511719,2376.37109375,930.2027587890624,1352.2813720703125,13.550000190734863,1451.75537109375,1293.20166015625,84.79703521728516,373.6843566894531,746.1302490234375,347.2585754394531,2896.6708984375,1465.7061767578125,10079.51953125,2103.318115234375,1186.7322998046875,47.907527923583984,222.66297912597656,166.6391143798828,3075.042724609375,187.98851013183597,1155.564697265625,1325.0943603515625,543.9531860351562,26129.841796875,1961.814208984375,1122.032470703125,898.0487670898438,112.0635223388672,3105.98876953125,1080.1400146484375,3246.624267578125,1596.6640625,8535.90234375,189.62261962890625,179.9019012451172
2023-11-07,4137.84716796875,1837.21630859375,2230.373779296875,932.1500244140624,786.9810791015625,414.7088317871094,5103.7890625,1019.2416381835938,5169.6943359375,1568.04638671875,741.2420654296875,212.5136260986328,924.2299194335938,158.7418670654297,4535.94287109375,1138.1287841796875,1182.3807373046875,261.1683959960937,2004.515869140625,520.3435668945312,3444.478759765625,584.805908203125,1067.7352294921875,3426.170166015625,145.54954528808594,112.66300201416016,975.5547485351562,1899.702392578125,1228.24462890625,1154.2279052734375,712.0465087890625,616.4334106445312,2866.318359375,478.2806396484375,2375.467041015625,932.8099975585938,1355.9671630859375,13.850000381469728,1467.702392578125,1294.1231689453125,89.12254333496094,371.4097290039063,740.78662109375,349.463623046875,2882.8955078125,1457.2860107421875,10048.599609375,2113.49072265625,1190.638671875,48.71419906616211,225.7784576416016,166.55288696289062,3065.270263671875,187.8079376220703,1148.055419921875,1334.0487060546875,549.0673828125,26411.47265625,1950.394775390625,1142.4730224609375,901.3724365234376,112.29816436767578,3096.983154296875,1086.6181640625,3249.75439453125,1591.96875,8580.158203125,193.40530395507807,179.27049255371094
2023-11-08,4203.4716796875,1830.847412109375,2256.938232421875,946.6500244140624,807.8507690429688,416.1421203613281,5078.0556640625,1020.0403442382812,5149.279296875,1573.7398681640625,737.7166137695312,213.8412170410156,923.8353881835938,163.59613037109375,4550.9482421875,1138.876220703125,1206.2431640625,263.7863464355469,2024.25927734375,523.4010009765625,3453.8779296875,588.2114868164062,1077.4556884765625,3466.446044921875,145.30252075195312,112.30262756347656,969.967041015625,1911.8624267578125,1227.3135986328125,1148.5198974609375,714.1052856445312,612.7691650390625,2868.012451171875,481.7353515625,2397.257568359375,920.6591796875,1344.56591796875,13.649999618530272,1470.22021484375,1281.866455078125,88.60861206054688,375.0577392578125,748.8020629882812,348.46588134765625,2917.11474609375,1464.8199462890625,10116.2216796875,2094.201171875,1186.3414306640625,48.52000427246094,223.4654541015625,168.40635681152344,3095.91748046875,186.905029296875,1154.033203125,1338.6751708984375,549.5882568359375,26000.685546875,1994.8489990234373,1148.0831298828125,895.7514038085938,111.73503112792967,3107.18310546875,1077.3028564453125,3291.14404296875,1627.9993896484375,8593.0986328125,192.9171905517578,178.7560577392578
2023-11-09,4237.83203125,1821.762939453125,2211.69873046875,938.0999755859376,795.5164794921875,413.4732971191406,5263.5048828125,1020.2400512695312,5169.5986328125,1580.482421875,730.472900390625,213.5953826904297,919.49609375,163.3193359375,4532.921875,1147.7427978515625,1203.47314453125,268.89752197265625,2015.879150390625,519.1301879882812,3461.3974609375,592.949462890625,1078.324951171875,3458.244384765625,145.79656982421875,111.85216522216795,948.2736206054688,1912.9993896484373,1228.3916015625,1148.3841552734375,711.280517578125,615.343994140625,2906.2880859375,478.1819458007813,2356.674072265625,922.2333374023438,1333.95068359375,13.899999618530272,1488.388671875,1266.9375,88.18035125732422,372.8689575195313,743.0131225585938,348.2064208984375,2944.76318359375,1528.488525390625,10192.71484375,2105.189208984375,1183.6641845703125,48.71419906616211,224.6455841064453,166.12185668945312,3111.3271484375,189.43321228027344,1141.50927734375,1343.8486328125,547.741455078125,25684.861328125,1974.719482421875,1147.5953369140625,882.60302734375,112.29816436767578,3075.849609375,1062.927978515625,3263.219482421875,1627.9498291015625,8522.1708984375,191.33091735839844,178.12464904785156
2023-11-10,4167.83349609375,1802.360107421875,2202.161376953125,938.7000122070312,797.8846435546875,413.2756042480469,5244.52734375,1027.528076171875,5143.984375,1594.217041015625,736.2184448242188,214.13624572753903,922.6026611328124,163.5322265625,4562.00732421875,1143.9569091796875,1205.368408203125,268.7728271484375,1995.5670166015625,520.3497924804688,3456.153564453125,598.23046875,1071.7952880859375,3457.121337890625,148.06922912597656,113.15852355957033,944.8179931640624,1920.9083251953125,1232.5577392578125,1137.4664306640625,714.081298828125,620.6918334960938,2843.380615234375,475.07269287109375,2366.046630859375,923.4632568359376,1329.0855712890625,13.699999809265137,1479.9462890625,1261.4544677734375,88.27037811279297,374.7144165039063,746.8724365234375,348.3062438964844,2952.9404296875,1500.9627685546875,10181.39453125,2113.39453125,1179.2889404296875,50.40224075317383,229.1771697998047,168.8804931640625,3075.11669921875,190.65213012695312,1143.6583251953125,1348.52490234375,548.8306274414062,26087.78125,1985.20654296875,1150.6685791015625,892.232177734375,112.67359161376952,3062.985595703125,1076.357177734375,3235.990966796875,1613.171875,8604.9521484375,199.5064239501953,177.39968872070312
2023-11-13,4190.8876953125,1811.7899169921875,2210.69970703125,940.1500244140624,799.1180419921875,414.5605773925781,5187.0498046875,1023.684326171875,5175.60888671875,1583.428955078125,727.9166870117188,215.8080291748047,922.1095581054688,164.83096313476562,4576.03857421875,1144.6043701171875,1205.805908203125,290.3394775390625,2014.6480712890625,517.1790161132812,3472.775390625,600.5501098632812,1070.797607421875,3559.299560546875,151.08297729492188,113.56395721435548,941.3624267578124,1906.919189453125,1225.989990234375,1142.494873046875,712.7886352539062,615.046875,2855.833984375,481.1925048828125,2358.053955078125,919.3801879882812,1335.8182373046875,13.949999809265137,1490.6103515625,1265.7857666015625,89.1256332397461,374.2423095703125,753.1561279296875,348.8550109863281,2967.786376953125,1516.8675537109375,10190.8037109375,2064.64306640625,1176.7801513671875,52.35917663574219,231.9622344970703,168.79429626464844,3070.169189453125,191.6905059814453,1143.5101318359375,1321.6121826171875,550.5827026367188,25927.14453125,1991.41162109375,1149.1566162109375,895.9957885742188,113.56521606445312,3061.23974609375,1069.9263916015625,3244.33837890625,1629.086669921875,8571.9091796875,196.82192993164065,178.49879455566406
2023-11-15,4187.00439453125,1813.2711181640625,2222.434326171875,950.1500244140624,800.0061645507812,413.3250122070313,5191.322265625,1039.6583251953125,5281.9794921875,1585.277099609375,714.4131469726562,218.4140625,936.9027709960938,167.15162658691406,4590.11767578125,1162.3876953125,1206.97216796875,291.3783569335937,2023.3123779296875,513.178955078125,3499.3408203125,614.0733642578125,1070.8173828125,3757.407470703125,148.3656463623047,114.28469848632812,948.177734375,1921.84765625,1237.1158447265625,1156.674072265625,720.2573852539062,630.0009155273438,2909.905029296875,498.8608703613281,2365.904052734375,925.9229125976562,1371.643798828125,14.050000190734863,1475.1573486328125,1299.836669921875,91.55632019042967,379.34954833984375,764.7835083007812,353.1054077148437,2983.80126953125,1520.7083740234375,10247.302734375,2177.548828125,1181.08935546875,50.73088836669922,233.4727935791016,171.98397827148438,3083.806396484375,189.7491912841797,1164.1856689453125,1350.21630859375,553.75537109375,25934.322265625,2036.5650634765625,1152.180908203125,908.7531127929688,116.42781066894533,3128.0869140625,1110.0244140625,3275.34326171875,1653.8978271484375,8660.3212890625,195.31700134277344,183.1758270263672
2023-11-16,4161.3935546875,1821.664306640625,2202.96044921875,941.3499755859376,802.8184204101562,415.0547790527344,5304.3896484375,1024.6827392578125,5295.5263671875,1618.8394775390625,728.0748291015625,218.51239013671875,936.458984375,169.7490692138672,4581.640625,1160.9432373046875,1200.2169189453125,287.38916015625,2015.9268798828125,521.862060546875,3510.61962890625,622.1182250976562,1095.375244140625,3746.13037109375,148.41506958007812,113.87928771972656,940.49853515625,1920.512939453125,1253.8778076171875,1187.8414306640625,722.1484985351562,628.8125610351562,3003.488037109375,497.7751159667969,2370.471435546875,920.9051513671876,1375.6243896484375,14.399999618530272,1479.7982177734375,1331.537841796875,93.71694946289062,376.5169677734375,761.1221923828125,353.77392578125,2970.366455078125,1545.673583984375,10275.1845703125,2270.157470703125,1176.635986328125,50.46199417114258,238.2404327392578,173.9667510986328,3149.01416015625,190.7156982421875,1166.285400390625,1353.0517578125,553.7080688476562,25905.5703125,2053.75244140625,1160.6207275390625,899.4172973632812,117.03787231445312,3214.046875,1141.6583251953125,3315.09326171875,1664.771240234375,8668.3720703125,194.25946044921875,185.72482299804688
2023-11-17,4212.81201171875,1825.0216064453125,2205.8564453125,936.0999755859376,799.3154907226562,416.240966796875,5443.6875,992.7348022460938,5372.41796875,1614.0948486328125,714.0867919921875,213.398681640625,934.2399291992188,166.17227172851562,4597.42578125,1122.188720703125,1214.4080810546875,286.9320983886719,2050.5849609375,527.5206909179688,3562.662109375,623.0066528320312,1108.6717529296875,3774.006103515625,146.34002685546875,113.74413299560548,956.9606323242188,1948.1451416015625,1255.4461669921875,1186.1199951171875,720.5924682617188,645.4996337890625,3053.57568359375,491.3098449707031,2406.24951171875,906.9833374023438,1421.3770751953125,14.550000190734863,1479.6005859375,1324.764404296875,92.45658111572266,377.0319213867188,760.7758178710938,352.1276550292969,3026.684814453125,1560.4951171875,10313.4052734375,2231.626220703125,1190.8121337890625,50.46199417114258,237.53237915039065,169.2684326171875,3144.38671875,192.83270263671875,1163.7412109375,1406.77783203125,533.251220703125,25930.7109375,2080.407470703125,1165.5477294921875,909.97509765625,117.50714874267578,3218.273681640625,1137.4498291015625,3317.975341796875,1727.4912109375,8684.0791015625,194.8289031982422,184.92970275878903
2023-11-20,4273.71826171875,1805.4703369140625,2146.98486328125,926.2000122070312,792.9508666992188,416.6363525390625,5438.7197265625,987.093994140625,5390.20947265625,1592.01953125,699.0159301757812,210.39930725097656,948.1456298828124,166.91741943359375,4591.287109375,1122.4376220703125,1212.17236328125,289.0097045898437,2065.641357421875,529.959716796875,3633.9970703125,618.1698608398438,1107.2095947265625,3755.60107421875,145.64833068847656,112.21253967285156,957.392578125,1949.875244140625,1250.5450439453125,1200.8426513671875,720.6403198242188,646.0938720703125,3064.19775390625,490.8656921386719,2384.982421875,906.58984375,1421.3280029296875,14.149999618530272,1485.870849609375,1323.888916015625,92.59162139892578,374.928955078125,753.8983154296875,353.31494140625,3007.019775390625,1528.6361083984375,10355.302734375,2254.706787109375,1187.3675537109375,50.999778747558594,237.0131378173828,170.56153869628906,3190.49267578125,192.6486358642578,1160.6781005859375,1378.2733154296875,533.9141845703125,25687.087890625,2089.4091796875,1159.1082763671875,909.97509765625,116.7093734741211,3234.031982421875,1146.008544921875,3324.931396484375,1699.4674072265625,8556.2021484375,194.8695526123047,187.17469787597656
2023-11-21,4272.0458984375,1816.430908203125,2193.72265625,926.5999755859376,790.730712890625,415.3019409179688,5431.615234375,990.1889038085938,5424.36328125,1608.6009521484375,702.4326171875,210.35012817382807,957.46533203125,165.21417236328125,4579.3505859375,1099.722900390625,1218.150146484375,290.4874267578125,2062.84814453125,527.6670532226562,3682.131591796875,626.2640380859375,1115.56689453125,3753.404296875,144.9566650390625,112.5728988647461,960.3202514648438,1954.9666748046875,1273.2379150390625,1201.929931640625,726.74462890625,661.4440307617188,3091.8056640625,500.2921447753906,2383.840576171875,911.164794921875,1439.658447265625,13.850000381469728,1483.1553955078125,1326.1007080078125,90.97116088867188,374.4569091796875,767.7027587890625,352.6464538574219,2993.43896484375,1536.071533203125,10324.82421875,2241.895263671875,1190.83154296875,50.70101165771485,236.02182006835935,169.76243591308594,3183.156982421875,192.3264617919922,1175.2769775390625,1416.4288330078125,531.783203125,25670.658203125,2091.069580078125,1172.182373046875,906.895751953125,118.4926300048828,3225.394775390625,1139.1048583984375,3373.2275390625,1704.8052978515625,8602.482421875,195.47967529296875,187.3851318359375
2023-11-22,4163.015625,1792.4364013671875,2169.75439453125,914.4500122070312,781.4059448242188,409.4700317382813,5496.39599609375,996.4786376953124,5486.94482421875,1622.0859375,704.9246215820312,208.6783447265625,956.3804931640624,171.21810913085938,4573.94384765625,1116.759033203125,1235.8890380859375,288.7055053710937,2052.66796875,527.8133544921875,3662.4423828125,624.3884887695312,1119.1429443359375,3743.25,143.7215118408203,111.53682708740234,968.1433715820312,1951.6546630859373,1280.1973876953125,1204.7386474609375,724.159423828125,662.0382080078125,3125.777587890625,493.7775268554688,2399.68359375,907.8688354492188,1424.276611328125,13.5,1451.903564453125,1343.4259033203125,91.15120697021484,377.418212890625,760.429443359375,348.3461303710937,3000.69189453125,1520.0189208984375,10285.0341796875,2257.105712890625,1189.7274169921875,51.2387924194336,239.4677581787109,169.5848846435547,3246.37109375,194.76564025878903,1179.87158203125,1422.8460693359375,529.3682250976562,25730.041015625,2067.735595703125,1174.81689453125,907.4334106445312,118.35183715820312,3243.72607421875,1149.4132080078125,3408.40625,1719.2867431640625,8653.40625,192.26644897460935,187.1980743408203
2023-11-23,4188.724609375,1796.830322265625,2172.351318359375,930.7000122070312,782.590087890625,410.804443359375,5458.5908203125,997.4271240234376,5652.65380859375,1622.1357421875,699.5153198242188,208.87503051757807,963.1854248046876,175.1355438232422,4585.24560546875,1110.8311767578125,1137.863525390625,290.7047119140625,2071.1337890625,527.17919921875,3649.38232421875,627.9420776367188,1115.2113037109375,3792.069091796875,145.40130615234375,112.5728988647461,970.302978515625,1934.6502685546875,1275.7373046875,1204.1044921875,728.3485717773438,658.572021484375,3267.158935546875,495.4555358886719,2397.780517578125,908.1148071289062,1414.349609375,13.600000381469728,1467.4061279296875,1335.5465087890625,93.4468765258789,377.9761352539063,767.455322265625,347.0789794921875,2965.011962890625,1522.382568359375,10279.1044921875,2257.48974609375,1191.8013916015625,51.50768661499024,238.61805725097656,169.27410888671875,3140.447998046875,194.12130737304688,1183.4781494140625,1403.7930908203125,530.3153076171875,25655.958984375,2108.6357421875,1169.6456298828125,912.076904296875,118.91497802734376,3223.60302734375,1145.157470703125,3387.090087890625,1755.6138916015625,8500.63671875,190.4767608642578,188.2503967285156
2023-11-24,4190.494140625,1797.620361328125,2222.484130859375,937.9000244140624,785.0076293945312,409.5194396972656,5366.53662109375,1006.86181640625,5657.47119140625,1615.4432373046875,694.2889404296875,208.82586669921875,959.733642578125,174.83749389648438,4525.17529296875,1090.40771484375,1165.079345703125,289.2705078125,2078.662109375,524.2523193359375,3724.873291015625,621.2297973632812,1115.507568359375,3758.139892578125,145.64833068847656,112.16749572753906,969.0072021484376,1927.235595703125,1268.7286376953125,1186.1199951171875,733.5192260742188,661.5430297851562,3249.394775390625,501.2298278808594,2393.308349609375,914.41162109375,1413.8582763671875,13.350000381469728,1457.630615234375,1324.626220703125,93.13177490234376,375.787353515625,773.8875122070312,348.0168762207031,2973.384521484375,1529.6209716796875,10305.712890625,2225.868408203125,1179.37451171875,51.7467041015625,239.70376586914065,167.6759490966797,3146.109619140625,193.7071075439453,1182.6876220703125,1402.549560546875,530.6941528320312,25382.00390625,2114.1123046875,1166.3770751953125,906.1137084960938,118.21106719970705,3176.603271484375,1132.8157958984375,3375.7119140625,1779.23876953125,8452.1826171875,188.89048767089844,185.2103271484375
2023-11-28,4183.5146484375,1845.5107421875,2420.270263671875,1052.800048828125,826.5990600585938,426.2244567871094,5332.25830078125,1019.4912719726562,5722.2001953125,1652.5517578125,704.8455200195312,213.25119018554688,971.3216552734376,180.75624084472656,4592.70068359375,1102.114013671875,1158.9072265625,297.2237243652344,2064.647216796875,520.788818359375,3720.2724609375,621.0324096679688,1121.3656005859375,3736.31787109375,148.1680450439453,112.88823699951172,961.5680541992188,1953.4342041015625,1255.9365234375,1192.9150390625,731.867431640625,666.7918090820312,3316.60595703125,508.9288940429688,2388.8837890625,910.5745239257812,1425.2593994140625,13.25,1458.963623046875,1329.5103759765625,97.4080047607422,373.5985107421875,774.1843872070312,347.6676940917969,2969.2470703125,1542.2760009765625,10327.1748046875,2207.05908203125,1183.2659912109375,54.271297454833984,243.1496734619141,172.20411682128906,3111.03173828125,193.4770050048828,1182.9346923828125,1405.285400390625,534.5772094726562,25799.71875,2124.54150390625,1162.3768310546875,910.95263671875,119.0557632446289,3188.5947265625,1137.1190185546875,3420.877685546875,1803.1109619140625,8620.412109375,190.6801300048828,185.6078948974609
2023-11-29,4172.50341796875,1848.2757568359373,2393.40625,1041.699951171875,824.4775390625,430.6230773925781,5387.0546875,1058.427978515625,5790.69677734375,1651.65283203125,705.09765625,218.659912109375,981.6768798828124,182.52333068847656,4680.58935546875,1106.298095703125,1167.898193359375,297.5714111328125,2091.303955078125,521.5693359375,3690.19482421875,629.4227905273438,1129.179443359375,3722.208984375,148.4644775390625,113.42880249023438,960.944091796875,1980.4732666015625,1262.602294921875,1208.58935546875,746.4699096679688,669.1192016601562,3430.974853515625,510.7550048828125,2402.681396484375,924.4470825195312,1415.922119140625,13.199999809265137,1464.88818359375,1345.08447265625,97.7230987548828,375.2723693847656,784.9705810546875,349.9026184082031,3002.103515625,1594.5205078125,10387.6435546875,2250.292236328125,1175.883544921875,53.92770385742188,243.9521484375,170.47274780273438,3171.882568359375,194.25938415527344,1186.047119140625,1400.708984375,538.5075073242188,25838.763671875,2118.278076171875,1172.9630126953125,912.6145629882812,119.90045928955078,3228.656982421875,1155.37109375,3407.85986328125,1842.2059326171875,8626.5859375,189.9073181152344,190.00428771972656
2023-11-30,4345.2412109375,1851.978515625,2355.40673828125,1028.800048828125,814.5607299804688,434.1815490722656,5493.36572265625,1072.5050048828125,5810.3486328125,1671.6304931640625,704.2867431640625,222.34767150878903,1000.7107543945312,185.5253143310547,4728.333984375,1113.27197265625,1178.3470458984375,297.3975524902344,2079.703857421875,524.9352416992188,3748.51953125,617.77490234375,1143.5625,3804.859619140625,145.59893798828125,118.83446502685548,967.7593383789062,1982.648193359375,1276.9136962890625,1214.8863525390625,746.3023071289062,684.0731201171875,3497.041259765625,508.978271484375,2422.187744140625,919.8721313476562,1454.647216796875,13.050000190734863,1447.6575927734375,1340.9835205078125,100.60392761230467,374.0706176757813,792.7386474609375,350.3017272949219,3026.87939453125,1622.735595703125,10396.9052734375,2259.69677734375,1184.12353515625,54.22648239135742,246.6899871826172,173.0919647216797,3150.8359375,192.3264617919922,1174.560791015625,1427.969970703125,534.861328125,26467.09375,2131.00830078125,1196.037841796875,919.653076171875,120.04125213623048,3204.628662109375,1154.6617431640625,3468.7763671875,1843.0460205078125,8894.193359375,189.82601928710935,193.1846618652344
2023-12-01,4313.2890625,1876.3680419921875,2359.551513671875,1026.5,816.8302612304688,436.8998107910156,5555.1650390625,1102.855712890625,5767.896484375,1684.06640625,717.8792114257812,222.49517822265625,1000.7107543945312,186.5046539306641,4843.408203125,1123.98193359375,1171.931884765625,301.3089599609375,2158.3486328125,527.959716796875,3752.477294921875,621.131103515625,1135.9066162109375,3799.294189453125,146.9822998046875,122.57339477539062,984.26953125,1993.1279296875,1286.52001953125,1211.0809326171875,744.6744995117188,675.5563354492188,3442.97021484375,510.50823974609375,2439.41015625,931.4326171875,1432.68017578125,13.25,1442.671142578125,1338.3572998046875,100.15380096435548,386.0875549316406,802.33740234375,349.3139953613281,3106.1728515625,1600.8233642578125,10374.3642578125,2279.418212890625,1189.1290283203125,54.39080429077149,253.91232299804688,172.73684692382812,3167.254638671875,193.4770050048828,1182.88525390625,1416.4288330078125,541.4907836914062,26748.970703125,2186.6494140625,1201.3065185546875,921.7059936523438,122.01221466064452,3226.7265625,1154.2835693359375,3467.683349609375,1887.8248291015625,8924.025390625,194.7475433349609,190.65907287597656
2023-12-04,4552.6845703125,1994.119384765625,2527.826904296875,1123.75,867.0064697265625,469.0741882324219,5586.36279296875,1123.771484375,5916.3857421875,1694.35498046875,732.544677734375,230.41159057617188,1018.6598510742188,196.51119995117188,4811.25390625,1144.4549560546875,1182.4293212890625,308.3060607910156,2167.439697265625,533.6670532226562,3757.820068359375,640.8731079101562,1137.2105712890625,4081.615234375,152.2193145751953,127.84390258789062,999.9635620117188,2029.608154296875,1287.7452392578125,1212.21337890625,770.5279541015625,668.4259033203125,3476.9423828125,512.5316772460938,2476.187255859375,975.2149658203124,1445.703125,13.149999618530272,1495.596923828125,1349.4617919921875,104.33999633789062,389.7355651855469,811.0455932617188,362.8934020996094,3225.819091796875,1631.6973876953125,10387.83984375,2275.675537109375,1192.2655029296875,54.98834228515625,259.4351806640625,179.3959503173828,3171.26708984375,195.9622039794922,1195.6810302734375,1446.6248779296875,563.2261962890625,27432.326171875,2218.169189453125,1201.208984375,925.4207763671876,122.95077514648438,3227.46240234375,1157.4515380859375,3466.590087890625,1882.0421142578125,9204.474609375,196.78126525878903,190.5655212402344
2023-12-05,4764.89501953125,2157.342041015625,2955.406494140625,1348.5,999.6746826171876,503.1761169433594,5544.28564453125,1130.6103515625,5857.61962890625,1690.808837890625,726.8238525390625,234.98440551757807,1016.8847045898438,201.0673675537109,4821.630859375,1135.3392333984375,1190.1566162109375,309.0448608398437,2192.202392578125,538.5452270507812,3701.473876953125,641.7120361328125,1141.2508544921875,4038.80078125,154.68960571289062,126.44744110107422,1004.091064453125,2048.787841796875,1291.519287109375,1193.730712890625,777.3742065429688,666.2471923828125,3485.7783203125,513.91357421875,2439.02978515625,997.106201171875,1441.231201171875,13.050000190734863,1487.648193359375,1339.8778076171875,105.9604721069336,387.7613525390625,813.1236572265625,364.8689575195313,3227.668701171875,1660.4542236328125,10507.845703125,2249.38037109375,1202.3350830078125,54.67463302612305,269.48974609375,179.3959503173828,3140.98974609375,204.61436462402344,1204.3514404296875,1453.53955078125,576.0590209960938,27716.23046875,2239.318603515625,1209.40478515625,928.7445678710938,123.51390838623048,3245.05859375,1154.3306884765625,3523.134521484375,1881.10302734375,9216.328125,197.18798828125,189.11566162109372
2023-12-06,4658.51904296875,2101.502685546875,2880.1064453125,1563.449951171875,1004.4603881835938,495.31787109375,5507.42431640625,1118.6798095703125,5790.69677734375,1698.450439453125,734.4681396484375,233.50929260253903,1010.3262939453124,201.3441619873047,4874.978515625,1149.884521484375,1171.44580078125,306.089599609375,2207.40087890625,536.6427001953125,3694.84521484375,644.5253295898438,1132.1429443359375,3951.41455078125,153.3062286376953,126.67267608642578,997.035888671875,2034.3536376953125,1298.282958984375,1204.6029052734375,779.3372802734375,670.8026123046875,3443.931884765625,516.233154296875,2443.216796875,987.0706176757812,1420.934814453125,12.850000381469728,1482.7110595703125,1358.6312255859375,107.40087890625,397.6324462890625,816.0923461914062,363.4621276855469,3302.484130859375,1676.555908203125,10413.6142578125,2288.199462890625,1219.904296875,55.06303405761719,265.3829650878906,179.30712890625,3119.25341796875,206.5472869873047,1215.887451171875,1443.3414306640625,576.2484741210938,27513.583984375,2244.241943359375,1210.18505859375,930.3575439453124,123.74854278564452,3311.676513671875,1158.6810302734375,3524.724365234375,1867.0169677734373,9100.998046875,202.92303466796875,195.8505859375
2023-12-07,4664.81103515625,2114.635498046875,2883.302490234375,1624.1500244140625,1025.8729248046875,499.2716979980469,5426.25,1116.0341796875,5813.2587890625,1702.1463623046875,730.9179077148438,234.1976776123047,986.2134399414062,202.1318817138672,4887.4990234375,1132.998046875,1188.5531005859375,305.9157409667969,2183.016845703125,532.4962768554688,3694.74609375,640.2314453125,1142.9599609375,3994.375244140625,152.8121795654297,127.9790496826172,978.2701416015624,2058.080810546875,1322.837890625,1203.1983642578125,780.60595703125,671.7434692382812,3454.5537109375,509.3730773925781,2396.210693359375,982.88916015625,1424.62060546875,13.199999809265137,1485.8214111328125,1350.89013671875,109.24641418457033,393.2119140625,810.600341796875,364.5496520996094,3266.755859375,1666.9539794921875,10483.099609375,2299.619384765625,1220.2342529296875,55.00328063964844,267.93194580078125,176.59910583496094,3105.985595703125,211.7017517089844,1213.886474609375,1448.365966796875,579.3265380859375,27732.708984375,2232.763916015625,1209.160888671875,935.4409790039062,122.01221466064452,3321.599853515625,1156.8369140625,3562.983642578125,1898.1051025390625,9240.826171875,202.43495178222656,195.61672973632807
2023-12-08,4666.77783203125,2110.9326171875,2818.388916015625,1550.300048828125,1009.3941650390624,488.645751953125,5519.59619140625,1129.3624267578125,5796.1826171875,1708.239501953125,722.6506958007812,233.11595153808597,986.4599609375,200.3221893310547,4815.59033203125,1162.2882080078125,1184.95654296875,305.0899963378906,2172.126708984375,534.1549682617188,3642.7041015625,641.5147094726562,1138.771484375,3959.2255859375,152.66397094726562,126.44744110107422,980.5739135742188,2046.5137939453125,1316.466552734375,1235.9058837890625,791.4978637695312,664.7616577148438,3402.451416015625,513.617431640625,2400.064453125,994.5480346679688,1424.571533203125,12.899999618530272,1489.9686279296875,1374.1591796875,106.95075225830078,385.5296630859375,830.5894165039062,366.8644714355469,3289.0009765625,1643.2198486328125,10406.5576171875,2329.177490234375,1211.163818359375,54.85389709472656,269.112060546875,173.97987365722656,3182.615478515625,210.4131622314453,1213.244140625,1457.7679443359375,581.6468505859375,27386.05859375,2229.82177734375,1205.74609375,925.3718872070312,121.26136779785156,3332.4423828125,1158.7755126953125,3611.92578125,1880.8065185546875,9299.109375,199.14036560058597,197.65122985839844
2023-12-11,4706.15234375,2151.812255859375,2851.994140625,1530.0,1018.2255859375,498.1843872070313,5511.6474609375,1114.6864013671875,5855.99755859375,1700.897705078125,721.1821899414062,234.00100708007807,987.0516967773438,198.2144317626953,4817.48974609375,1170.8062744140625,1168.627197265625,307.3933410644531,2165.119384765625,537.081787109375,3631.573486328125,658.4927368164062,1081.3970947265625,3930.56884765625,152.318115234375,127.07811737060548,1001.2593994140624,2060.354736328125,1318.4268798828125,1246.0535888671875,790.4447021484375,665.9996337890625,3392.287109375,515.6409912109375,2382.318115234375,1000.697265625,1422.2125244140625,13.149999618530272,1502.706298828125,1371.717041015625,105.7804183959961,388.36224365234375,836.2794189453125,367.98193359375,3296.156005859375,1627.1180419921875,10331.291015625,2335.079345703125,1223.566162109375,55.21241760253906,271.2362670898437,175.62245178222656,3213.409912109375,212.576171875,1215.0228271484375,1453.1912841796875,581.7415161132812,28011.9140625,2264.2255859375,1211.2095947265625,929.1355590820312,122.05914306640624,3347.327880859375,1166.3414306640625,3607.8017578125,1910.164794921875,9553.33203125,202.19091796875,196.71583557128903
2023-12-12,4641.70703125,2148.109375,2853.841796875,1463.9000244140625,1028.1424560546875,495.5650024414063,5394.009765625,1129.162841796875,5966.47021484375,1704.84326171875,723.3380126953125,232.7225646972656,981.5289306640624,199.5745086669922,4777.44287109375,1172.8485107421875,1165.079345703125,302.0477600097656,2212.51416015625,535.6183471679688,3608.916259765625,654.05078125,1094.604736328125,3858.4140625,150.73715209960938,125.00594329833984,990.2207641601562,2057.09228515625,1315.093994140625,1246.0535888671875,782.5928344726562,700.5126953125,3431.20361328125,520.6256103515625,2381.4619140625,999.31982421875,1430.41943359375,13.149999618530272,1478.1689453125,1360.243896484375,105.82543182373048,388.920166015625,844.9381103515625,364.05078125,3253.9052734375,1610.5731201171875,10132.001953125,2334.9833984375,1218.8614501953125,54.689571380615234,267.5543212890625,173.4915313720703,3213.607177734375,212.9443817138672,1197.5830078125,1473.935546875,579.9894409179688,28312.98828125,2246.863525390625,1188.378662109375,927.4736938476562,122.1060791015625,3374.1591796875,1159.57958984375,3549.071044921875,1915.502685546875,9743.58984375,200.6452789306641,197.4641571044922
2023-12-13,4686.98193359375,2156.74951171875,2871.21875,1427.699951171875,1049.40673828125,503.1761169433594,5391.82373046875,1113.0390625,6025.5224609375,1682.6680908203125,717.7456665039062,235.9678192138672,986.1148681640624,199.55221557617188,4793.2763671875,1176.18603515625,1182.4293212890625,300.04864501953125,2264.312744140625,534.2036743164062,3617.22705078125,665.0569458007812,1106.123046875,3937.5009765625,150.53952026367188,127.07811737060548,1004.0430908203124,2060.255615234375,1301.076904296875,1240.526611328125,780.8214111328125,691.4511108398438,3537.560546875,525.9556884765625,2390.16845703125,997.5488891601562,1428.5030517578125,13.199999809265137,1487.9444580078125,1335.316162109375,107.71598052978516,391.1089782714844,842.5137329101562,364.4199523925781,3309.78564453125,1640.8563232421875,10172.8193359375,2327.833740234375,1223.61279296875,57.25898361206055,277.60888671875,171.49378967285156,3210.776123046875,218.09886169433597,1202.473876953125,1459.35986328125,587.0451049804688,28243.755859375,2292.279052734375,1203.1114501953125,935.8319702148438,123.32618713378906,3301.982421875,1150.0750732421875,3579.827880859375,1999.0303955078125,9620.751953125,206.0956268310547,196.27149963378903
2023-12-14,4711.60888671875,2206.219970703125,2890.193359375,1508.300048828125,1060.4583740234375,514.2468872070312,5480.3994140625,1118.6298828125,6043.40966796875,1729.0162353515625,739.1257934570312,239.016357421875,991.341796875,198.7495574951172,4819.92578125,1224.305419921875,1170.9112548828125,302.1346740722656,2248.97216796875,534.1061401367188,3644.138427734375,690.4746704101562,1101.12451171875,3989.6396484375,150.8359375,131.13235473632812,1002.6031494140624,2079.97900390625,1307.30126953125,1281.6600341796875,790.0376586914062,677.9330444335938,3556.1943359375,536.0730590820312,2394.40234375,1016.9803466796876,1437.8892822265625,13.949999809265137,1532.180908203125,1383.6510009765625,108.12109375,394.9286193847656,838.5554809570312,369.93756103515625,3342.203857421875,1677.6884765625,10146.5068359375,2496.11279296875,1211.3446044921875,57.31873321533203,278.8833923339844,173.97987365722656,3376.98388671875,213.6347198486328,1217.39404296875,1462.3944091796875,590.64404296875,28437.943359375,2282.753173828125,1201.3553466796875,929.1355590820312,123.88932037353516,3369.702392578125,1196.0364990234375,3568.946044921875,2025.176025390625,9842.1767578125,207.1531524658203,203.17013549804688
2023-12-15,4753.58935546875,2184.545654296875,2987.81298828125,1526.6500244140625,1064.2574462890625,516.3721313476562,5515.47314453125,1118.530029296875,5986.50390625,1731.2138671875,743.16552734375,249.5879669189453,978.8661499023438,200.2211151123047,4788.0146484375,1239.149658203125,1173.2926025390625,304.2207946777344,2259.152099609375,526.5450439453125,3657.841796875,696.1998291015625,1104.305419921875,3964.009765625,155.1836700439453,131.4026336669922,1000.3475341796876,2103.50830078125,1306.0758056640625,1351.15234375,793.1018676757812,666.59375,3568.0068359375,550.0400390625,2400.63525390625,1020.669921875,1426.782958984375,14.050000190734863,1551.0406494140625,1454.5638427734375,111.4520492553711,393.2977600097656,858.1487426757812,369.28900146484375,3395.650146484375,1698.7635498046875,10081.0400390625,2551.677978515625,1190.487060546875,58.24491500854492,288.041015625,178.508056640625,3556.952392578125,218.467041015625,1232.9317626953125,1445.1324462890625,613.942138671875,28463.525390625,2276.48974609375,1205.697021484375,933.2902221679688,128.06588745117188,3547.732421875,1235.1885986328125,3578.0390625,1995.323486328125,9907.5224609375,209.2275390625,208.8527069091797
2023-12-18,4805.990234375,2209.1328125,2976.628173828125,1524.6500244140625,1079.7987060546875,519.5845336914062,5463.259765625,1109.544677734375,6168.240234375,1722.67333984375,750.3400268554688,249.29293823242188,976.5978393554688,199.44073486328125,4754.49658203125,1243.633056640625,1182.7210693359375,302.1781616210937,2237.845458984375,527.3255615234375,3673.672119140625,688.1056518554688,1104.62158203125,3989.00537109375,154.68960571289062,130.681884765625,989.2608642578124,2085.7626953125,1319.2601318359375,1362.930419921875,792.69482421875,665.751953125,3561.780029296875,559.0716552734375,2412.624755859375,1004.9771118164062,1424.5223388671875,14.100000381469728,1536.7723388671875,1441.6160888671875,111.94718933105467,387.675537109375,845.9772338867188,368.5606689453125,3399.155029296875,1684.8284912109375,10113.576171875,2571.97509765625,1189.8934326171875,58.42417526245117,286.2472839355469,176.68789672851562,3518.403076171875,213.40460205078125,1245.4803466796875,1439.610595703125,614.1788940429688,28263.701171875,2411.629638671875,1222.2835693359375,928.4024047851562,128.20668029785156,3546.078369140625,1221.617919921875,3596.969970703125,1976.6409912109373,9849.140625,212.07473754882807,208.2447052001953
2023-12-19,4757.3740234375,2175.06640625,2937.33056640625,1531.800048828125,1059.7677001953125,516.3226928710938,5519.744140625,1118.4302978515625,6123.6884765625,1707.83984375,754.7950439453125,244.4250946044922,974.8226928710938,200.5555725097656,4785.4326171875,1244.977783203125,1202.452392578125,318.9537658691406,2292.200927734375,534.837890625,3684.40673828125,689.0433959960938,1113.7886962890625,3944.238037109375,155.5294952392578,130.09625244140625,1008.218505859375,2094.165771484375,1345.28564453125,1348.43408203125,791.3543090820312,659.6119384765625,3499.60546875,557.5416870117188,2436.603515625,999.0739135742188,1417.347412109375,14.0,1546.8441162109375,1436.0406494140625,112.26227569580078,391.4952087402344,849.7374877929688,368.4808349609375,3406.310302734375,1673.55224609375,10029.29296875,2566.69677734375,1245.3690185546875,57.84157943725586,292.3366394042969,177.84214782714844,3477.909912109375,214.96934509277344,1263.8094482421875,1417.3243408203125,620.7137451171875,28292.3515625,2341.918701171875,1214.67333984375,944.4835205078124,127.0804214477539,3506.567138671875,1211.877197265625,3587.876953125,1946.047119140625,9895.322265625,213.21360778808597,205.18125915527344
2023-12-20,4536.56005859375,2060.42529296875,2780.14013671875,1452.1500244140625,998.7373046875,484.790771484375,5367.43115234375,1108.446533203125,6071.6484375,1679.0220947265625,741.0789184570312,235.3285980224609,958.1556396484376,195.96250915527344,4828.013671875,1234.5172119140625,1201.57763671875,306.089599609375,2243.906005859375,521.910888671875,3581.608642578125,666.63623046875,1102.2703857421875,3819.993408203125,151.37942504882812,124.10498809814452,1008.218505859375,2040.0877685546875,1309.2125244140625,1304.62744140625,793.3171997070312,637.8740844726562,3493.79052734375,541.1071166992188,2433.558837890625,990.4158325195312,1388.9915771484375,13.100000381469728,1536.574951171875,1415.8590087890625,108.07608032226562,387.1176452636719,833.4591674804688,364.4798278808594,3327.990478515625,1621.94775390625,9879.984375,2517.993408203125,1226.21923828125,54.79413986206055,281.0075378417969,180.4169769287109,3444.580078125,209.0784912109375,1248.518798828125,1402.101806640625,602.7666015625,27962.822265625,2277.567626953125,1202.1846923828125,954.4058227539062,121.77757263183594,3473.350341796875,1180.8106689453125,3531.879638671875,1926.7713623046875,9767.248046875,204.5500030517578,202.0242462158203
2023-12-21,4605.52783203125,2080.914306640625,2796.018798828125,1519.550048828125,1005.4472045898438,498.0855407714844,5440.60693359375,1093.62060546875,5958.98193359375,1664.9879150390625,728.5396118164062,234.2960205078125,964.4181518554688,200.46636962890625,4929.982421875,1223.45849609375,1187.6295166015625,309.0014343261719,2267.627197265625,517.3253784179688,3594.174072265625,683.9598999023438,1097.400390625,3864.4677734375,152.12051391601562,126.76277923583984,1029.8642578125,2061.88720703125,1314.6041259765625,1288.4100341796875,807.53662109375,637.97314453125,3525.51904296875,549.052978515625,2429.466552734375,988.2020874023438,1381.669189453125,13.649999618530272,1550.2506103515625,1415.4903564453125,111.76714324951172,387.50390625,833.1129150390625,369.70806884765625,3333.49072265625,1609.046630859375,9812.9501953125,2537.714599609375,1227.103515625,57.85652160644531,285.0672302246094,179.92864990234375,3526.30517578125,213.8648376464844,1266.0079345703125,1396.629638671875,609.6802978515625,27924.025390625,2311.243408203125,1203.501708984375,957.3385620117188,122.95077514648438,3480.195556640625,1182.2291259765625,3557.61767578125,1923.3116455078125,9833.4345703125,208.21066284179688,202.9830322265625
2023-12-22,4678.77197265625,2064.473876953125,2804.607666015625,1533.0999755859375,1013.8838500976562,497.9866943359375,5505.7353515625,1086.5322265625,6078.94580078125,1670.18212890625,721.4343872070312,230.90328979492188,975.907470703125,199.17318725585935,5028.8818359375,1246.12353515625,1200.994384765625,315.7377014160156,2278.990478515625,516.3984985351562,3655.763916015625,706.7124633789062,1111.8624267578125,3911.431640625,152.16990661621094,136.4929656982422,1031.159912109375,2022.9349365234373,1325.092529296875,1325.2396240234375,799.9481201171875,633.6651611328125,3603.85595703125,563.0692138671875,2450.781494140625,978.2649536132812,1398.23046875,13.600000381469728,1542.69677734375,1440.280029296875,111.36202239990234,390.7226867675781,846.3729858398438,371.2645568847656,3385.866455078125,1609.4405517578125,10013.171875,2627.9716796875,1239.4449462890625,58.37936019897461,285.8695983886719,181.08290100097656,3658.61669921875,213.3125457763672,1267.242919921875,1387.2276611328125,603.0507202148438,27897.056640625,2304.6015625,1213.405029296875,970.5358276367188,125.3440933227539,3513.734130859375,1205.9190673828125,3604.671630859375,1944.86083984375,9847.8076171875,211.3019256591797,216.3827209472656
2023-12-26,4690.9140625,2086.9873046875,2861.63134765625,1600.199951171875,1015.1173095703124,499.5188293457031,5596.89404296875,1092.472412109375,6167.142578125,1643.4619140625,708.2819213867188,231.05078125,986.0654296875,201.3805084228516,5101.81494140625,1240.6441650390625,1210.08251953125,318.1715087890625,2325.72314453125,517.6668090820312,3822.5263671875,705.6266479492188,1112.74169921875,3944.97021484375,152.12051391601562,138.74533081054688,1049.2059326171875,2046.0194091796875,1334.8951416015625,1321.1173095703125,805.5018310546875,631.8330078125,3724.4970703125,572.3475952148438,2459.488037109375,979.0520629882812,1391.8419189453125,13.350000381469728,1551.0406494140625,1422.816650390625,115.27814483642578,391.795654296875,843.404296875,376.522705078125,3397.646240234375,1637.0155029296875,10065.6044921875,2604.60400390625,1248.90380859375,60.30642318725586,292.2894592285156,184.1016998291016,3622.77587890625,214.78526306152344,1273.66552734375,1388.2225341796875,604.2819213867188,28312.9375,2333.033935546875,1217.161376953125,984.759521484375,126.8927001953125,3487.592529296875,1212.397216796875,3633.837890625,1973.2305908203125,9896.853515625,212.88821411132807,219.8671417236328
2023-12-27,4653.80078125,2141.2958984375,2839.56103515625,1601.0999755859375,1010.824951171875,511.0343627929688,5650.84521484375,1104.5528564453125,6400.966796875,1667.5848388671875,715.2537841796875,234.05018615722656,1007.1211547851562,202.76290893554688,5083.1552734375,1248.5145263671875,1205.0281982421875,317.78033447265625,2328.04296875,521.3253784179688,3843.056396484375,711.1544189453125,1129.011474609375,4022.6904296875,152.16990661621094,136.80831909179688,1059.1888427734375,2100.641357421875,1334.6500244140625,1333.7110595703125,815.4841918945312,637.5769653320312,3721.61279296875,597.7644653320312,2481.896728515625,986.0867919921876,1390.7606201171875,13.449999809265137,1577.355224609375,1444.1502685546875,113.97277069091795,392.35357666015625,866.7579956054688,379.6157531738281,3450.167724609375,1662.3253173828125,10083.09765625,2629.219482421875,1256.642822265625,60.18690872192383,288.9378967285156,182.5035095214844,3641.114501953125,215.4295959472656,1278.01318359375,1414.140380859375,614.2262573242188,28350.6953125,2317.4775390625,1221.9908447265625,1003.7244873046876,128.7698211669922,3501.97265625,1210.647705078125,3666.1845703125,1990.430419921875,10309.2275390625,214.331787109375,220.26466369628903
2023-12-28,4564.67822265625,2143.419189453125,2806.1552734375,1561.0,1003.4736938476562,508.3161315917969,5723.42529296875,1106.05029296875,6394.90869140625,1679.32177734375,717.8099975585938,235.37777709960935,1022.4074096679688,207.7126617431641,5146.68505859375,1231.0799560546875,1225.48876953125,331.1225891113281,2394.708984375,529.8621215820312,3898.16552734375,719.2485961914062,1157.471435546875,3995.25390625,153.65208435058594,141.5382537841797,1067.875732421875,2115.619140625,1339.5513916015625,1334.0733642578125,816.417724609375,641.8353271484375,3821.37646484375,606.3518676757812,2506.16064453125,989.6779174804688,1412.3839111328125,13.25,1590.2906494140625,1440.0494384765625,119.95950317382812,398.362060546875,871.6068115234375,383.4072265625,3424.904541015625,1708.119384765625,10066.5341796875,2618.519287109375,1282.5107421875,61.889892578125,296.3489990234375,184.94517517089844,3701.793212890625,220.07781982421875,1287.2518310546875,1428.019775390625,616.9254150390625,28307.740234375,2307.10693359375,1231.455078125,1017.6549072265624,129.66143798828125,3491.58935546875,1216.1326904296875,3691.872802734375,1981.484619140625,10299.546875,218.70501708984372,219.5631256103516
2023-12-29,4596.04052734375,2183.45947265625,2845.153076171875,1597.0,1010.7755737304688,514.889404296875,5667.38818359375,1100.5093994140625,6484.53662109375,1683.916748046875,724.6433715820312,237.3937530517578,1017.9694213867188,200.95689392089844,5201.68896484375,1255.08984375,1211.394775390625,326.8200378417969,2395.513671875,543.6184692382812,3862.498046875,717.0276489257812,1145.48876953125,4045.635498046875,154.2943572998047,146.04298400878906,1085.8255615234375,2110.527587890625,1340.9234619140625,1328.3203125,818.3328247070312,640.448974609375,3790.517578125,606.8947143554688,2534.849853515625,980.52783203125,1395.7733154296875,16.0,1578.83642578125,1421.8489990234375,116.89862823486328,396.6453552246094,871.0625610351562,380.76318359375,3432.644287109375,1703.1461181640625,10096.6708984375,2629.267578125,1298.6533203125,62.636810302734375,293.7527160644531,182.05960083007807,3637.9638671875,218.32896423339844,1277.074462890625,1425.3333740234375,608.0701904296875,28359.009765625,2344.89013671875,1228.820556640625,1062.427978515625,131.02235412597656,3485.616943359375,1203.5548095703125,3652.470458984375,2002.4901123046875,10375.3642578125,219.55421447753903,220.4283599853516
2024-01-01,4603.26611328125,2215.106689453125,2913.3125,1598.4000244140625,1033.9642333984375,528.1347045898438,5713.04248046875,1095.916748046875,6392.81005859375,1674.5272216796875,721.8052368164062,240.0489501953125,999.08349609375,201.5811767578125,5183.51611328125,1220.7685546875,1215.963134765625,331.8614196777344,2354.226318359375,543.8624267578125,3874.37060546875,714.2637329101562,1150.1810302734375,3942.968994140625,154.68960571289062,149.73683166503906,1098.8802490234375,2103.113037109375,1335.2869873046875,1344.3114013671875,812.9945678710938,642.4296264648438,3771.28857421875,602.5023803710938,2526.095703125,983.28271484375,1412.58056640625,17.0,1578.7376708984375,1429.635986328125,117.3037338256836,401.7525329589844,868.4402465820312,380.97271728515625,3432.108642578125,1677.4423828125,10078.0009765625,2626.484619140625,1337.353515625,63.17458724975586,292.4310607910156,182.3259429931641,3602.7626953125,219.29542541503903,1279.69287109375,1424.8358154296875,607.4072265625,28169.279296875,2345.38525390625,1229.6011962890625,1055.878173828125,131.25698852539062,3501.881103515625,1226.7247314453125,3654.16015625,1995.8177490234373,10336.7900390625,218.3653717041016,223.1644287109375
2024-01-02,4622.33984375,2238.80517578125,2928.4921875,1603.550048828125,1064.109375,524.7740478515625,5709.36669921875,1091.47412109375,6358.41845703125,1684.316162109375,734.7598266601562,238.3280029296875,1007.6142578125,203.4540863037109,5153.359375,1215.5382080078125,1245.6575927734375,341.2922668457031,2369.85107421875,543.2769775390625,3987.2607421875,704.6395263671875,1170.9554443359375,3800.563720703125,150.09486389160156,147.79981994628906,1112.654541015625,2077.556884765625,1352.8333740234375,1331.446044921875,813.4733276367188,639.2605590820312,3743.49755859375,609.0169677734375,2487.13037109375,966.4093017578124,1395.0853271484375,16.049999237060547,1555.7801513671875,1414.0157470703125,117.52880096435548,403.7267761230469,861.117431640625,372.1725463867188,3347.071533203125,1631.0572509765625,9994.1591796875,2565.545166015625,1330.0615234375,65.05683135986328,288.8907165527344,183.83531188964844,3608.251953125,218.92724609375,1290.2900390625,1430.357666015625,605.60791015625,27800.060546875,2354.736572265625,1264.6768798828125,1073.13232421875,131.02235412597656,3476.244384765625,1208.708984375,3675.128173828125,1946.491943359375,10080.6416015625,219.2145233154297,219.44618225097656
2024-01-03,4695.04296875,2251.54296875,2998.998291015625,1697.25,1079.749267578125,529.9140014648438,5731.17431640625,1096.8154296875,6665.080078125,1675.7757568359375,730.2850341796875,249.6862945556641,1020.9281005859376,205.5945281982422,5119.20703125,1235.862060546875,1263.736572265625,334.2516784667969,2361.138916015625,537.667236328125,3987.8544921875,706.4163818359375,1171.963134765625,3795.779541015625,149.9466552734375,146.08802795410156,1121.2454833984375,2048.639404296875,1370.0855712890625,1302.634521484375,800.9296875,631.0408325195312,3653.4404296875,585.3768310546875,2480.2314453125,968.1802368164062,1354.3944091796875,15.850000381469728,1581.0087890625,1373.0992431640625,119.46434783935548,409.6493835449219,828.9072265625,372.3421630859375,3349.26220703125,1630.1217041015625,9876.45703125,2474.7119140625,1301.3355712890625,64.95227813720703,289.0795288085937,184.9007873535156,3587.82080078125,218.1909027099609,1276.25927734375,1415.4835205078125,609.3961791992188,27931.892578125,2380.109619140625,1267.0185546875,1060.6192626953125,127.03348541259766,3392.214599609375,1176.6494140625,3669.960693359375,1974.9111328125,9988.6240234375,224.0124053955078,213.2257537841797
2024-01-04,4743.41357421875,2328.5625,2994.30419921875,1692.5,1108.315673828125,543.1099853515625,5725.11474609375,1121.5751953125,6603.6904296875,1700.048583984375,762.0040893554688,256.4717712402344,1033.4530029296875,201.8487548828125,5223.953125,1292.3997802734375,1260.334716796875,334.42559814453125,2369.708984375,552.4478759765625,3999.281982421875,751.5760498046875,1154.2410888671875,3769.8076171875,153.00982666015625,146.98895263671875,1153.7857666015625,2046.662109375,1372.291259765625,1286.50732421875,809.5235595703125,641.6868896484375,3614.1572265625,582.85986328125,2466.91015625,971.2302856445312,1369.334228515625,16.799999237060547,1627.8126220703125,1394.0184326171875,118.11396026611328,408.9198303222656,828.3629150390625,371.8831787109375,3367.1259765625,1616.7774658203125,9815.3505859375,2493.857421875,1324.8458251953125,66.7896957397461,299.3700866699219,190.58319091796875,3576.817626953125,222.24082946777344,1282.854736328125,1424.33837890625,608.733154296875,28066.64453125,2382.14892578125,1281.01953125,1100.308837890625,126.00106811523438,3369.288818359375,1179.770263671875,3696.444091796875,1959.787109375,9893.05078125,226.00796508789065,211.58876037597656
2024-01-05,4750.88623046875,2347.570556640625,3002.59326171875,1674.0,1138.9542236328125,536.0918579101562,5717.21533203125,1135.10302734375,6657.44775390625,1707.5902099609375,762.5579223632812,247.52281188964844,1032.1710205078125,202.0494079589844,5137.2822265625,1253.1470947265625,1250.857666015625,333.990966796875,2381.26171875,555.1796264648438,3972.17236328125,743.2350463867188,1152.947021484375,3785.478515625,152.76278686523438,147.43942260742188,1170.9197998046875,2055.856201171875,1377.7315673828125,1298.1497802734375,805.3822021484375,640.4984741210938,3653.852294921875,579.4050903320312,2493.077392578125,977.6746215820312,1371.693115234375,17.100000381469727,1622.52978515625,1412.31103515625,119.46434783935548,406.81683349609375,820.7433471679688,368.69036865234375,3428.652587890625,1617.0728759765625,9817.017578125,2531.18896484375,1302.74267578125,66.53573608398438,297.3403015136719,192.181396484375,3618.935546875,222.05674743652344,1288.3138427734375,1446.7740478515625,607.9755249023438,26745.75390625,2375.477783203125,1268.57958984375,1097.76708984375,125.4379425048828,3434.6201171875,1180.527099609375,3689.3388671875,1956.525146484375,9894.28515625,225.7531890869141,213.5531463623047
2024-01-08,4672.82421875,2325.15576171875,2959.55078125,1680.050048828125,1153.360595703125,524.0820922851562,5645.4296875,1120.177490234375,6662.5517578125,1694.4549560546875,765.0152587890625,229.2314910888672,1034.5872802734375,202.8966827392578,5044.7158203125,1226.547119140625,1236.132080078125,330.64459228515625,2368.0517578125,539.7647094726562,3892.42724609375,749.5031127929688,1138.267578125,3792.50830078125,148.41506958007812,144.78164672851562,1128.252685546875,2044.190673828125,1348.4222412109375,1311.8306884765625,796.4052734375,639.6071166992188,3671.433349609375,570.1760864257812,2453.302978515625,966.163330078125,1371.7421875,17.149999618530273,1606.63232421875,1403.3260498046875,119.4193344116211,399.5637817382813,813.3710327148438,364.4000244140625,3408.40380859375,1591.6153564453125,9748.1220703125,2475.767822265625,1279.730712890625,64.29497528076172,298.75640869140625,193.51319885253903,3587.230224609375,223.0692443847656,1278.26025390625,1413.842041015625,593.8167114257812,27048.953125,2339.530029296875,1273.5557861328125,1080.1707763671875,123.88932037353516,3379.856201171875,1162.2274169921875,3682.87939453125,2014.35205078125,9813.7265625,219.4693145751953,210.62998962402344
2024-01-09,4837.45068359375,2280.622802734375,3010.58251953125,1683.4000244140625,1181.236328125,519.1397705078125,5760.3359375,1114.736328125,6767.5390625,1680.5703125,763.9719848632812,231.00161743164065,1049.82421875,205.10401916503903,4991.17333984375,1226.8458251953125,1253.239013671875,334.9471130371094,2315.259033203125,534.4963989257812,3942.3916015625,779.4121704101562,1135.9857177734375,3779.034423828125,149.6502227783203,145.0969696044922,1116.062255859375,2040.582275390625,1352.3922119140625,1323.15576171875,790.2052612304688,634.7050170898438,3765.74853515625,568.498046875,2454.73046875,963.9495849609376,1371.1033935546875,16.200000762939453,1604.657470703125,1409.316162109375,118.744140625,398.7483215332031,812.8268432617188,364.509765625,3461.80126953125,1605.1566162109375,9823.9755859375,2452.49560546875,1266.6856689453125,64.9821548461914,301.8718566894531,192.3589630126953,3590.01171875,223.0232391357422,1274.8759765625,1441.998291015625,592.3014526367188,27032.37890625,2443.178955078125,1291.8009033203125,1086.7205810546875,125.4379425048828,3390.514892578125,1168.563720703125,3670.904541015625,1995.66943359375,9778.7568359375,221.1251678466797,210.81707763671875
2024-01-10,4852.4931640625,2277.611083984375,3094.0712890625,1723.25,1198.2576904296875,520.0787963867188,5763.56494140625,1105.2017822265625,6729.236328125,1669.9822998046875,759.5318603515625,227.21551513671875,1048.0489501953125,201.22445678710935,4956.33935546875,1211.7027587890625,1291.972900390625,332.0787048339844,2269.142333984375,534.008544921875,3861.26123046875,785.7789916992188,1143.374755859375,3751.79345703125,149.9466552734375,144.1510009765625,1095.5206298828125,2053.162353515625,1363.2239990234375,1351.8768310546875,792.8145141601562,638.7158813476562,3789.144287109375,572.5449829101562,2452.494140625,977.0350952148438,1364.2723388671875,16.149999618530273,1619.518310546875,1400.653564453125,117.52880096435548,397.6753540039063,821.1390991210938,363.3424072265625,3451.627685546875,1608.0126953125,9810.353515625,2456.190185546875,1259.601318359375,62.99533462524414,295.82977294921875,188.3191070556641,3633.975830078125,220.12380981445312,1309.261474609375,1444.087646484375,588.8445434570312,26566.462890625,2435.808837890625,1292.6302490234375,1088.968994140625,125.86029815673828,3411.78662109375,1173.528564453125,3691.226806640625,1997.00390625,9657.3515625,226.7721710205078,212.1500244140625
2024-01-11,4789.7197265625,2292.57080078125,3076.794189453125,1714.1500244140625,1187.0089111328125,532.0391235351562,5832.12109375,1123.9212646484375,6963.06005859375,1667.3851318359375,758.4638061523438,228.9364776611328,1048.1968994140625,204.54661560058597,5005.107421875,1226.74609375,1288.5225830078125,334.0779113769531,2325.154541015625,538.5452270507812,3863.7841796875,787.160888671875,1124.6551513671875,3796.951171875,148.56329345703125,143.2950897216797,1108.766845703125,2068.199462890625,1401.8455810546875,1345.2630615234375,789.4871215820312,637.7750244140625,3976.081787109375,569.4851684570312,2413.29052734375,975.165771484375,1369.38330078125,16.049999237060547,1636.9954833984375,1376.9698486328125,119.95950317382812,397.1174621582031,813.4700317382812,363.75146484375,3412.054443359375,1603.9256591796875,9811.2353515625,2474.80810546875,1249.3900146484375,62.62187576293945,295.4049072265625,188.09716796875,3638.72705078125,222.7010803222656,1343.696044921875,1420.5577392578125,587.3766479492188,26633.564453125,2423.602783203125,1284.2392578125,1094.150146484375,126.61113739013672,3432.460693359375,1181.5672607421875,3675.47607421875,2063.331787109375,9799.84765625,233.1834716796875,209.6244354248047
2024-01-12,4703.30126953125,2303.086669921875,3099.963623046875,1710.699951171875,1191.103759765625,526.2567138671875,5758.39892578125,1118.530029296875,6966.017578125,1650.0545654296875,757.6034545898438,226.3304443359375,1061.5107421875,204.34593200683597,5019.13818359375,1241.839599609375,1271.36669921875,331.25299072265625,2321.31982421875,536.3013305664062,3842.759521484375,790.220947265625,1123.94384765625,3779.425048828125,149.30438232421875,146.31324768066406,1109.1510009765625,2095.842529296875,1403.757080078125,1396.000244140625,785.7526245117188,631.4368896484375,4013.57861328125,574.5191650390625,2420.712646484375,987.3165893554688,1370.21875,15.850000381469728,1652.9423828125,1486.21875,121.8050308227539,400.5937805175781,817.1808471679688,365.8268127441406,3474.31103515625,1599.789306640625,9766.693359375,2571.543212890625,1245.6768798828125,63.14471054077149,295.1688537597656,198.3521423339844,3768.7490234375,220.4459686279297,1354.39208984375,1428.019775390625,600.0674438476562,26597.986328125,2420.28173828125,1293.7034912109375,1133.0086669921875,126.98655700683594,3567.763427734375,1237.0330810546875,3702.70458984375,2061.7998046875,9689.208984375,231.44265747070312,217.6922912597656
2024-01-15,4672.77490234375,2291.23779296875,3085.382568359375,1694.800048828125,1187.1568603515625,525.317626953125,5858.4501953125,1117.6815185546875,6966.017578125,1630.576416015625,739.5015258789062,227.16635131835935,1087.2017822265625,205.10401916503903,5044.7158203125,1273.470947265625,1276.3724365234375,334.3387145996094,2354.983642578125,540.642822265625,3868.1376953125,795.0083618164062,1142.594482421875,3741.59033203125,151.13238525390625,148.8358917236328,1088.5133056640625,2085.37109375,1412.0892333984375,1438.9456787109375,800.8817749023438,608.5106811523438,4003.734619140625,567.2149047851562,2448.497802734375,993.5641479492188,1349.28369140625,16.5,1667.6055908203125,1522.4815673828125,123.92062377929688,401.3663024902344,816.5377197265625,369.4685974121094,3449.242919921875,1610.7208251953125,9885.5224609375,2519.9609375,1244.6751708984375,62.56212615966797,299.5588684082031,207.3197021484375,3774.533935546875,221.96470642089844,1377.5130615234375,1422.79638671875,606.2234497070312,26538.302734375,2425.78759765625,1297.0206298828125,1124.99267578125,126.61113739013672,3587.059814453125,1265.0260009765625,3735.349609375,1998.33837890625,9833.5322265625,231.8247985839844,231.32583618164065
2024-01-16,4728.2236328125,2265.61376953125,3052.4267578125,1666.800048828125,1177.5361328125,522.5994262695312,5866.5478515625,1117.2821044921875,6958.3857421875,1621.686279296875,737.3902587890625,225.9371032714844,1080.791259765625,210.85646057128903,4999.1630859375,1294.5916748046875,1265.8748779296875,331.94830322265625,2367.531005859375,545.1793823242188,3774.046142578125,776.6976318359375,1137.6353759765625,3702.730224609375,147.9210205078125,150.36749267578125,1077.7628173828125,2099.46533203125,1401.943603515625,1409.2734375,803.9219360351562,605.3416137695312,4014.95166015625,572.051513671875,2444.596435546875,992.777099609375,1350.6595458984375,15.75,1646.079833984375,1503.5439453125,129.27719116210938,405.4005126953125,823.613037109375,368.7702026367188,3478.886474609375,1595.75146484375,9980.2431640625,2498.511962890625,1241.9879150390625,63.56298828125,294.08319091796875,208.7403259277344,3751.197998046875,220.03179931640625,1358.24560546875,1401.6541748046875,603.1928100585938,26803.947265625,2390.77197265625,1281.5074462890625,1118.0517578125,128.81674194335938,3548.0078125,1248.71240234375,3796.4150390625,2010.249755859375,9848.3994140625,231.9946136474609,226.8358917236328
2024-01-17,4692.58544921875,2223.5,2967.090576171875,1615.0,1151.3873291015625,514.5433959960938,5887.7607421875,1080.5419921875,6836.2744140625,1584.3779296875,727.7188110351562,224.5111541748047,1070.2882080078125,210.32135009765625,4932.02880859375,1283.283935546875,1257.7587890625,329.9926147460937,2367.10498046875,536.0574340820312,3689.255126953125,765.2966918945312,1116.2584228515625,3662.50341796875,144.16615295410156,147.8448486328125,1056.35693359375,2052.4677734375,1403.0709228515625,1427.8017578125,736.1045532226562,600.7365112304688,4002.3154296875,553.001220703125,2438.69677734375,965.9173583984376,1429.534912109375,15.100000381469728,1623.2210693359375,1511.51513671875,129.72731018066406,400.5079345703125,804.1681518554688,355.1308898925781,3476.404052734375,1573.4453125,9851.0244140625,2521.064208984375,1242.5010986328125,61.665809631347656,292.0061950683594,206.0323181152344,3796.98388671875,220.16986083984372,1345.35107421875,1413.94140625,592.8696899414062,25868.552734375,2392.7236328125,1267.408935546875,1113.066162109375,123.56082153320312,3569.417724609375,1254.7176513671875,3806.10400390625,1993.5936279296875,9734.84765625,224.9040069580078,225.61985778808597
2024-01-18,4630.9423828125,2231.69580078125,2915.009765625,1588.25,1138.7569580078125,518.1019287109375,5952.29296875,1095.71728515625,6757.712890625,1579.383544921875,718.4923706054688,223.82278442382807,1072.0633544921875,211.01255798339844,4886.6708984375,1286.8209228515625,1285.89794921875,326.51580810546875,2362.84375,526.3012084960938,3660.95849609375,765.44482421875,1116.2584228515625,3603.96923828125,145.10488891601562,147.34933471679688,1059.62060546875,2038.373046875,1372.6343994140625,1420.2364501953125,711.5198364257812,601.9249877929688,4023.513427734375,547.720458984375,2424.518798828125,970.443115234375,1415.3817138671875,15.100000381469728,1592.611083984375,1513.7269287109375,130.08741760253906,399.5637817382813,795.2620849609375,354.6519775390625,3500.791015625,1592.6986083984375,9726.3642578125,2412.71728515625,1222.4205322265625,60.82926940917969,282.5653076171875,207.36412048339844,3821.968994140625,214.87728881835935,1351.6500244140625,1397.7738037109375,595.0479125976562,26205.2109375,2354.852783203125,1303.2650146484375,1121.082275390625,122.95077514648438,3585.957275390625,1281.5758056640625,3711.35009765625,1988.3546142578125,9771.990234375,227.19677734375,225.7367706298828
2024-01-19,4739.1865234375,2248.482177734375,2911.764404296875,1570.75,1137.177978515625,530.9024658203125,6055.4248046875,1114.736328125,6808.2265625,1598.7119140625,723.7879638671875,222.44601440429688,1109.4901123046875,214.46847534179688,5007.0068359375,1260.818359375,1290.758056640625,333.1217346191406,2358.298095703125,529.0816650390625,3654.626220703125,775.4144287109375,1119.8641357421875,3612.0732421875,144.80845642089844,151.6288299560547,1103.151611328125,2065.71826171875,1354.6468505859375,1431.5576171875,704.0989990234375,609.9467163085938,4028.779052734375,549.8919677734375,2441.07568359375,983.0859375,1461.4781494140625,15.100000381469728,1541.4625244140625,1529.0244140625,133.82347106933594,404.7138366699219,808.1264038085938,352.0677490234375,3549.466796875,1630.417236328125,9837.3046875,2446.257568359375,1228.3568115234375,62.99533462524414,291.2037658691406,214.9110870361328,3872.481201171875,216.6721649169922,1351.156005859375,1433.2928466796875,594.5270385742188,26375.7890625,2412.940673828125,1303.11865234375,1135.648193359375,126.00106811523438,3648.3662109375,1314.439208984375,3786.77587890625,2013.5611572265625,9970.9912109375,226.26272583007807,226.85926818847656
2024-01-23,4690.126953125,2180.201171875,2892.68994140625,1680.9000244140625,1122.031494140625,518.991455078125,6114.14453125,1087.4805908203125,6769.44677734375,1580.7320556640625,699.2235717773438,219.9875030517578,1142.03515625,206.48638916015625,4918.77685546875,1215.687744140625,1369.5379638671875,326.2115783691406,2309.056884765625,512.0082397460938,3577.00830078125,729.7611694335938,1121.0889892578125,3531.277587890625,138.58331298828125,141.6283416748047,1085.0574951171875,2034.3533935546875,1287.2064208984375,1391.1112060546875,683.3682861328125,580.4843139648438,4069.480712890625,534.3951416015625,2260.42626953125,1012.45458984375,1453.8609619140625,14.399999618530272,1423.5645751953125,1513.312255859375,125.09098052978516,394.241943359375,782.150390625,356.09869384765625,3456.982177734375,1570.9833984375,9663.5927734375,2431.046875,1203.3172607421875,60.48568344116211,285.6808166503906,204.12335205078125,4063.822509765625,219.019287109375,1312.7442626953125,1368.52294921875,573.0757446289062,27211.369140625,2379.381591796875,1344.7803955078125,1119.9581298828125,122.1060791015625,3569.904052734375,1292.451416015625,3716.26904296875,1964.482421875,9711.484375,214.11949157714844,219.7735595703125
2024-01-24,4651.48974609375,2212.440673828125,2899.580810546875,1641.3499755859375,1105.7501220703125,521.3638305664062,6173.36083984375,1057.4295654296875,6881.0166015625,1619.0391845703125,697.70068359375,220.67588806152344,1173.544677734375,212.77395629882807,5010.51513671875,1241.142333984375,1377.6541748046875,332.5567932128906,2384.623779296875,523.5205688476562,3604.9091796875,737.7567138671875,1166.07568359375,3549.1455078125,140.5101318359375,148.2502899169922,1116.6859130859375,2055.89208984375,1279.805419921875,1439.2725830078125,697.0371704101562,576.0277099609375,4059.8203125,557.8378295898438,2323.32275390625,983.0859375,1482.6590576171875,14.899999618530272,1472.0963134765625,1543.9534912109375,129.14212036132812,397.932861328125,803.7228393554688,356.9168701171875,3494.170654296875,1603.3837890625,9788.79296875,2462.2841796875,1228.259033203125,63.2791633605957,291.58135986328125,208.07440185546875,4172.822265625,226.6129302978516,1327.8619384765625,1403.395263671875,585.5771484375,27351.318359375,2446.441650390625,1348.48779296875,1133.0086669921875,126.84577178955078,3554.68310546875,1331.509033203125,3744.293212890625,1977.9259033203125,9869.0458984375,222.95091247558597,224.0621795654297
2024-01-25,4659.404296875,2436.636962890625,2889.744140625,1664.800048828125,1131.1097412109375,553.6865234375,6129.14697265625,1040.5570068359375,7247.97021484375,1628.328857421875,700.6871337890625,217.28314208984372,1144.550048828125,211.54763793945312,5010.173828125,1240.0462646484375,1331.2901611328125,338.46734619140625,2360.334228515625,518.6424560546875,3540.944580078125,748.8615112304688,1156.8687744140625,3531.033447265625,140.11489868164062,149.0160675048828,1110.878662109375,2061.05322265625,1264.856689453125,1415.397216796875,686.9830932617188,573.4033813476562,4067.603759765625,559.861328125,2310.619873046875,993.66259765625,1456.809326171875,14.600000381469728,1492.980224609375,1538.147705078125,129.3671875,391.1089782714844,807.186279296875,352.8858947753906,3498.308349609375,1610.6715087890625,9683.7333984375,2420.682373046875,1212.722412109375,64.87757873535156,297.1514892578125,207.80804443359372,4125.04248046875,225.9686279296875,1336.952392578125,1373.8956298828125,580.3208618164062,27661.74609375,2450.17041015625,1335.0234375,1111.2576904296875,125.53179168701172,3525.537353515625,1250.2728271484375,3746.628173828125,1918.7645263671875,9848.15234375,223.842529296875,220.28916931152344
2024-01-29,4710.77294921875,2461.569580078125,3060.56591796875,1715.5,1180.7923583984375,567.4754638671875,6289.01171875,1059.526123046875,7201.51123046875,1635.1212158203125,711.1843872070312,219.59413146972656,1146.1279296875,219.6858062744141,5005.30224609375,1226.1982421875,1299.40869140625,358.806640625,2392.530517578125,521.2279052734375,3532.73291015625,757.44921875,1154.5374755859375,3582.39111328125,143.7215118408203,154.73709106445312,1121.2454833984375,2088.844970703125,1291.8624267578125,1437.5836181640625,696.438720703125,572.9577026367188,4206.19287109375,560.55224609375,2325.939697265625,1000.008544921875,1463.3455810546875,14.699999809265137,1507.5941162109375,1526.6285400390625,132.06796264648438,386.0875549316406,803.22802734375,363.7614440917969,3609.825439453125,1615.103271484375,9791.9296875,2478.550537109375,1220.7349853515625,66.01289367675781,306.40350341796875,224.18942260742188,4252.48046875,233.74636840820312,1430.795654296875,1411.2054443359375,589.9810791015625,28119.7421875,2508.520263671875,1366.78173828125,1115.46142578125,126.7049789428711,3516.93212890625,1242.9908447265625,3842.475341796875,1942.093017578125,10149.1494140625,227.4090881347656,221.69525146484372
2024-01-30,4650.015625,2481.565185546875,3086.98095703125,1679.449951171875,1171.6156005859375,564.2630004882812,6269.189453125,1052.3876953125,7218.30126953125,1588.773193359375,674.1549072265625,219.7416534423828,1142.67626953125,224.83627319335935,4961.30908203125,1209.5108642578125,1280.2117919921875,349.8973388671875,2358.392822265625,522.886474609375,3514.033203125,776.7470092773438,1153.9940185546875,3617.248046875,143.3756866455078,154.96231079101562,1124.7972412109375,2110.333740234375,1269.5128173828125,1423.6602783203125,691.4835205078125,569.4420776367188,4201.47705078125,561.884765625,2339.4990234375,1000.5005493164062,1474.0098876953125,14.5,1500.7808837890625,1521.8824462890625,132.96823120117188,376.0019226074219,803.52490234375,363.9011535644531,3537.103271484375,1595.75146484375,9752.97265625,2498.511962890625,1217.559326171875,65.63943481445312,297.8123474121094,221.2594146728516,4137.9599609375,233.88446044921875,1390.8524169921875,1391.90380859375,593.5799560546875,27789.37109375,2423.724853515625,1338.3897705078125,1097.71826171875,126.42343139648438,3516.515869140625,1246.3009033203125,3712.3935546875,1935.07470703125,9842.47265625,226.0928649902344,221.4608917236328
2024-01-31,4592.84521484375,2512.323974609375,3137.812744140625,1669.449951171875,1191.6466064453125,553.8347778320312,6312.06298828125,1066.015625,7314.7978515625,1625.4820556640625,678.6741333007812,225.1995391845703,1154.56005859375,224.01129150390625,5065.22607421875,1179.7227783203125,1313.1624755859375,353.0264587402344,2432.82373046875,526.4474487304688,3631.67236328125,792.2444458007812,1209.3531494140625,3748.9130859375,145.54954528808594,155.5028839111328,1117.5018310546875,2158.820556640625,1268.8267822265625,1438.9073486328125,700.2210083007812,571.0265502929688,4231.87744140625,571.8540649414062,2361.289306640625,1011.569091796875,1471.454345703125,14.350000381469728,1514.7529296875,1530.59130859375,132.2930450439453,379.0061340332031,810.1055297851562,364.2303771972656,3387.618896484375,1626.4779052734375,9983.5263671875,2493.71337890625,1224.3748779296875,65.68425750732422,299.7476806640625,223.96743774414065,4127.73095703125,238.67074584960935,1409.6259765625,1394.04296875,606.6022338867188,28262.95703125,2421.88232421875,1383.9537353515625,1092.9281005859375,127.59662628173828,3530.764892578125,1261.2430419921875,3674.4326171875,1978.3214111328125,10043.74609375,232.5465545654297,224.10903930664065
2024-02-01,4469.41162109375,2498.203369140625,3149.29736328125,1665.949951171875,1202.6981201171875,558.5299682617188,6247.47998046875,1082.4886474609375,7303.541015625,1620.4376220703125,666.846923828125,221.90513610839844,1135.328857421875,226.73146057128903,5016.70263671875,1140.7689208984375,1348.785888671875,353.50457763671875,2370.608642578125,540.8867797851562,3616.63330078125,789.7273559570312,1184.064208984375,3840.30224609375,145.10488891601562,156.49391174316406,1204.22802734375,2112.765869140625,1291.62109375,1440.185546875,702.040283203125,581.425048828125,4199.9658203125,563.85888671875,2353.724365234375,1008.6174926757812,1486.443115234375,14.149999618530272,1521.7635498046875,1527.0433349609375,134.8137664794922,380.16497802734375,793.3323974609375,363.73150634765625,3308.033203125,1626.0841064453125,10425.5703125,2495.296875,1205.711181640625,67.34241485595703,303.9961242675781,219.8832092285156,4099.3671875,244.65365600585935,1409.650634765625,1425.4825439453125,613.3739013671875,29309.3984375,2400.970947265625,1373.7091064453125,1104.31689453125,126.51728057861328,3566.110107421875,1241.2413330078125,3604.770751953125,1972.291748046875,9801.6748046875,228.0034942626953,220.92190551757807
2024-02-02,4404.91796875,2468.037109375,3153.241943359375,1674.25,1244.733642578125,550.9682006835938,6279.8701171875,1065.3167724609375,7382.197265625,1649.655029296875,677.2304077148438,225.1011962890625,1134.9344482421875,248.9832000732422,5016.94580078125,1156.5096435546875,1353.64599609375,364.8910827636719,2406.92431640625,531.3744506835938,3660.166748046875,781.2383422851562,1193.2215576171875,3735.195068359375,144.1167755126953,160.2778778076172,1187.23779296875,2123.534912109375,1317.8544921875,1445.9832763671875,692.369140625,573.2052612304688,4319.55419921875,575.950439453125,2333.742431640625,1007.4859619140624,1473.37109375,14.050000190734863,1514.45654296875,1560.4949951171875,146.65216064453125,377.7615661621094,814.954345703125,363.77142333984375,3286.664306640625,1635.538330078125,10442.72265625,2456.9580078125,1212.3558349609375,70.37490844726562,313.9090270996094,228.40684509277344,4201.58203125,255.05458068847656,1440.3306884765625,1428.1688232421875,615.26806640625,28161.70703125,2434.692626953125,1382.19775390625,1136.6746826171875,130.17764282226562,3669.878662109375,1265.451416015625,3589.814697265625,2021.7657470703125,9975.7822265625,231.44265747070312,226.4525451660156
2024-02-05,4294.560546875,2454.95361328125,3169.220947265625,1668.6500244140625,1241.8721923828125,548.5958862304688,6194.375,1059.775634765625,7305.92529296875,1613.095947265625,653.4868774414062,218.95492553710935,1098.1981201171875,256.2964172363281,4993.2197265625,1132.1014404296875,1393.74072265625,382.6662902832031,2397.02880859375,520.6424560546875,3660.265625,776.4508666992188,1204.0780029296875,3798.07373046875,145.5001220703125,163.61138916015625,1169.57568359375,2074.204833984375,1316.3314208984375,1420.053466796875,691.7467041015625,557.9046020507812,4346.4287109375,572.39697265625,2302.246337890625,1006.9940795898438,1492.5860595703125,13.75,1518.455810546875,1554.82763671875,156.60003662109375,376.0019226074219,806.1472778320312,360.8580017089844,3253.272705078125,1677.6884765625,10220.3505859375,2399.809326171875,1203.2193603515625,72.13764953613281,317.3077392578125,233.46778869628903,4226.78369140625,260.3931579589844,1421.8782958984375,1412.6480712890625,608.922607421875,26677.955078125,2426.298583984375,1428.2010498046875,1124.9437255859375,132.85252380371094,3676.355712890625,1260.3919677734375,3529.84228515625,2000.859130859375,9795.796875,232.3343048095703,226.07760620117188
2024-02-06,4328.7734375,2496.4755859375,3199.48046875,1721.6500244140625,1256.229248046875,560.06201171875,6157.4130859375,1048.34423828125,7365.21630859375,1595.265869140625,652.4930419921875,214.77545166015625,1118.4154052734375,271.7031555175781,4878.77880859375,1152.7239990234375,1385.527099609375,389.9675903320313,2429.083251953125,519.7156982421875,3686.979248046875,787.0621948242188,1218.3326416015625,3851.43310546875,145.15428161621094,168.67486572265625,1187.429931640625,2050.63134765625,1321.48974609375,1482.5037841796875,691.3876953125,587.0204467773438,4380.126953125,577.3323364257812,2308.764404296875,1009.8472900390624,1563.696533203125,14.25,1492.3878173828125,1593.7628173828125,166.0977783203125,370.2938537597656,810.2044677734375,356.5975646972656,3333.588134765625,1701.4227294921875,10628.33984375,2474.663818359375,1200.263671875,72.76506805419922,318.5946960449219,241.7694396972656,4270.46728515625,252.4313507080078,1410.7869873046875,1456.5740966796875,615.8362426757812,27286.244140625,2466.54248046875,1439.2261962890625,1137.456787109375,135.76205444335938,3826.896240234375,1277.6983642578125,3536.897705078125,2023.9404296875,9926.587890625,240.3165283203125,234.1861114501953
2024-02-07,4497.97265625,2474.060791015625,3225.5458984375,1866.0,1239.010498046875,561.6436157226562,6138.18896484375,1067.36328125,7347.5673828125,1594.416748046875,663.4747314453125,212.6611328125,1118.661865234375,268.4701843261719,4948.154296875,1156.763427734375,1398.454833984375,393.4443359375,2415.82568359375,524.3010864257812,3692.22314453125,816.7738037109375,1220.9307861328125,3834.88330078125,147.4269561767578,166.25924682617188,1188.2935791015625,2095.79296875,1327.728759765625,1474.8343505859375,684.6130981445312,599.3005981445312,4389.19140625,584.587158203125,2307.90771484375,1005.6658325195312,1596.770263671875,15.0,1496.2880859375,1560.8638916015625,167.85325622558594,370.6371765136719,827.8681640625,357.7150573730469,3304.82080078125,1694.87353515625,10717.376953125,2486.468017578125,1221.248046875,72.73519134521484,315.2581481933594,241.4142303466797,4274.865234375,246.6325836181641,1424.966064453125,1461.996337890625,639.5131225585938,27827.52734375,2485.52392578125,1459.8131103515625,1140.047119140625,135.5274200439453,3778.22705078125,1246.442626953125,3554.139404296875,2040.200927734375,10102.1767578125,239.7221527099609,232.10040283203125
2024-02-08,4375.37451171875,2479.29443359375,3164.377685546875,1827.949951171875,1228.6988525390625,556.8494873046875,6190.89697265625,1034.21728515625,7400.37109375,1568.7955322265625,650.2679443359375,210.59597778320312,1126.4036865234375,276.69757080078125,4750.64697265625,1130.4822998046875,1380.42431640625,399.1376953125,2365.731689453125,520.9351806640625,3645.32568359375,820.1299438476562,1217.0386962890625,3717.3759765625,144.90724182128906,166.9560546875,1168.328125,2041.9959716796875,1325.7635498046875,1491.679443359375,671.7343139648438,585.9805908203125,4402.5146484375,593.5200805664062,2299.915283203125,973.3455810546876,1592.93701171875,14.800000190734863,1458.716796875,1559.34326171875,173.2097930908203,361.260986328125,813.5194702148438,345.1632995605469,3247.187744140625,1660.3065185546875,10529.40625,2492.75390625,1183.8472900390625,73.0190200805664,315.44879150390625,242.5241241455078,4264.46337890625,254.22622680664065,1432.845947265625,1451.649169921875,662.527099609375,27137.34765625,2472.27490234375,1463.13037109375,1112.3819580078125,134.823486328125,3825.137939453125,1238.167724609375,3526.91064453125,2010.3486328125,9876.109375,236.5801696777344,229.1241607666016
2024-02-09,4413.76611328125,2595.021240234375,3210.915283203125,1880.699951171875,1254.650390625,569.5513305664062,6395.91943359375,1049.692138671875,7426.701171875,1569.1949462890625,658.0654907226562,212.6119537353516,1104.8056640625,273.93280029296875,4844.13916015625,1119.361572265625,1399.4267578125,396.5300903320313,2399.7275390625,526.0573120117188,3613.566162109375,823.6341552734375,1216.2088623046875,3750.231201171875,145.54954528808594,160.82412719726562,1169.767822265625,2152.368896484375,1323.3564453125,1488.7578125,671.9976196289062,578.3550415039062,4494.953125,583.6494140625,2306.670654296875,994.4005126953124,1610.3338623046875,15.5,1467.55419921875,1538.378173828125,164.2972412109375,362.0888366699219,803.2775268554688,347.7075500488281,3236.528076171875,1621.4061279296875,10518.576171875,2484.884765625,1197.0633544921875,72.15259552001953,309.7289428710937,237.55197143554688,4268.861328125,251.28077697753903,1443.344482421875,1432.3973388671875,686.8670043945312,27395.03515625,2501.0830078125,1506.0106201171875,1103.9259033203125,132.61788940429688,3824.76806640625,1239.8701171875,3569.14501953125,2014.154296875,9824.83984375,232.97119140625,229.8740692138672
2024-02-12,4353.7451171875,2603.217041015625,3165.52587890625,1842.5999755859373,1232.7939453125,556.997802734375,6571.87890625,1044.999755859375,7469.7265625,1555.5103759765625,649.6251831054688,197.36920166015625,1103.2769775390625,263.2974548339844,4842.873046875,1098.666015625,1394.56689453125,376.1907653808594,2381.7353515625,523.4718017578125,3700.484375,797.179931640625,1251.30712890625,3780.4013671875,144.90724182128906,156.82907104492188,1151.2900390625,2131.37646484375,1309.7977294921875,1521.9459228515625,665.4864501953125,571.6207275390625,4292.2666015625,574.9140014648438,2270.03662109375,980.035888671875,1587.629638671875,14.449999809265137,1428.946044921875,1548.2847900390625,157.9053955078125,354.55078125,803.0300903320312,341.1423645019531,3212.18994140625,1635.24267578125,10495.888671875,2496.11279296875,1201.436279296875,68.731689453125,301.38751220703125,228.98394775390625,4301.4755859375,248.7956085205078,1435.0443115234375,1428.716064453125,670.4352416992188,27033.5390625,2467.478271484375,1505.6671142578125,1097.033935546875,128.95751953125,3812.739501953125,1247.1993408203125,3562.834716796875,2012.325439453125,9842.7197265625,227.706298828125,235.02978515625
2024-02-13,4389.58154296875,2581.740478515625,3174.21435546875,1815.550048828125,1248.039306640625,561.6929931640625,6675.65673828125,1069.0107421875,7553.1533203125,1566.248291015625,653.036865234375,195.74658203125,1102.438720703125,260.55499267578125,4853.98095703125,1138.710693359375,1416.9227294921875,393.1836242675781,2416.299072265625,525.6182861328125,3661.20556640625,818.6492919921875,1251.672607421875,3763.168212890625,145.9447784423828,158.26913452148438,1149.8502197265625,2048.795166015625,1338.8311767578125,1520.7132568359375,667.6168823242188,583.8513793945312,4344.7353515625,503.50006103515625,2277.982177734375,1003.3536987304688,1602.7166748046875,14.699999809265137,1445.4853515625,1552.3856201171875,157.05015563964844,354.4636535644531,804.1681518554688,346.6499328613281,3233.55859375,1621.7508544921875,10578.9951171875,2522.5517578125,1200.6058349609375,67.76068878173828,306.535400390625,230.40457153320312,4297.892578125,248.74957275390625,1447.642578125,1460.15576171875,675.6915283203125,27017.822265625,2522.9599609375,1513.271728515625,1112.2841796875,129.37986755371094,3839.38720703125,1256.3253173828125,3537.69287109375,2020.727783203125,9732.625,228.85269165039065,239.7870941162109
2024-02-14,4481.5537109375,2586.677734375,3202.92578125,1852.25,1251.048828125,564.3124389648438,6710.63037109375,1095.0682373046875,7711.4208984375,1577.9351806640625,657.2743530273438,194.95985412597656,1100.4661865234375,278.10223388671875,4882.2861328125,1122.2540283203125,1385.4300537109375,405.35247802734375,2457.160400390625,531.032958984375,3680.2021484375,832.912841796875,1236.459716796875,3809.39990234375,147.67398071289062,163.750732421875,1152.4420166015625,2064.32861328125,1356.6148681640625,1526.0999755859375,662.6378173828125,579.6919555664062,4408.146484375,501.2298278808594,2272.22509765625,1006.2069702148438,1611.51318359375,15.550000190734863,1462.8638916015625,1535.4752197265625,165.2425079345703,358.6466369628906,804.7618408203125,349.0046691894531,3221.3896484375,1631.8944091796875,10807.78515625,2456.622314453125,1215.0919189453125,70.37490844726562,312.6842346191406,238.7062530517578,4258.13818359375,251.87905883789065,1463.7236328125,1446.326171875,704.0564575195312,26669.609375,2561.682861328125,1491.8807373046875,1110.133544921875,132.52403259277344,3793.678955078125,1222.70556640625,3563.1328125,2063.9248046875,9668.8095703125,237.4718170166016,241.1463165283203
2024-02-15,4393.26806640625,2604.500244140625,3189.5439453125,1900.75,1250.259521484375,565.6469116210938,6584.94482421875,1070.4583740234375,7749.341796875,1567.646728515625,654.5944213867188,194.0747985839844,1105.2493896484375,291.07867431640625,4823.7255859375,1121.555908203125,1382.51416015625,414.4791259765625,2452.567626953125,530.9353637695312,3669.5166015625,840.4148559570312,1235.33349609375,3824.045654296875,154.73902893066406,171.1833953857422,1182.390380859375,2069.29150390625,1356.5166015625,1517.9285888671875,677.0007934570312,579.4443969726562,4410.802734375,506.55999755859375,2236.92333984375,1000.2545166015624,1621.29296875,15.949999809265137,1458.37109375,1544.8289794921875,170.91415405273438,351.9800109863281,803.8712768554688,347.0690002441406,3212.919677734375,1738.2548828125,10868.8408203125,2599.373779296875,1202.132568359375,73.7808837890625,323.40887451171875,246.2087860107422,4311.60595703125,263.5769958496094,1453.076904296875,1445.9781494140625,721.387939453125,26108.873046875,2542.58447265625,1481.57763671875,1106.027587890625,132.52403259277344,3796.547607421875,1229.7509765625,3599.40478515625,2068.9169921875,9694.9873046875,227.53648376464844,243.0211181640625
2024-02-16,4447.880859375,2686.21044921875,3219.30419921875,1904.75,1289.531982421875,578.3485717773438,6558.06787109375,1067.013916015625,7942.04931640625,1574.139404296875,654.5745849609375,197.4675445556641,1104.55908203125,291.9036560058594,4787.8203125,1141.004638671875,1400.35009765625,417.2171020507813,2442.766357421875,531.22802734375,3689.650634765625,852.1612548828125,1248.0767822265625,3835.859619140625,162.74276733398438,169.65040588378906,1191.5572509765625,2089.986328125,1374.64404296875,1522.402587890625,679.8015747070312,586.723388671875,4481.6298828125,509.0276184082031,2260.140869140625,1006.7481079101562,1617.2139892578125,15.899999618530272,1474.8612060546875,1568.14404296875,168.34840393066406,352.5900573730469,811.3919067382812,346.27081298828125,3297.080810546875,1807.6846923828125,11153.19921875,2688.959228515625,1218.840087890625,73.00408172607422,321.9789123535156,247.47003173828125,4382.91162109375,256.9325561523437,1443.17138671875,1500.798583984375,714.7583618164062,26074.267578125,2572.943115234375,1481.626708984375,1121.7176513671875,133.55645751953125,3819.771240234375,1231.83154296875,3632.5458984375,2114.140380859375,9795.6494140625,226.5598907470703,254.5042724609375
2024-02-19,4413.17578125,2636.9375,3254.457275390625,1955.050048828125,1289.6800537109375,578.1015014648438,6614.30419921875,1061.2232666015625,8118.20361328125,1618.340087890625,663.830810546875,200.3685760498047,1126.4530029296875,290.9894714355469,4799.07421875,1130.3826904296875,1429.1697998046875,400.70220947265625,2434.906982421875,534.30126953125,3683.9619140625,837.6509399414062,1267.8338623046875,3810.669189453125,161.0135498046875,170.81175231933594,1180.6624755859375,2152.46826171875,1385.8939208984375,1529.52392578125,678.4609985351562,579.5433959960938,4443.44580078125,505.6716003417969,2271.464111328125,1026.91748046875,1614.8057861328125,16.0,1464.9375,1566.3931884765625,169.69879150390625,356.6423034667969,811.6393432617188,345.5025634765625,3251.423095703125,1820.4873046875,11254.0927734375,2667.270751953125,1231.3829345703125,73.586669921875,322.9322509765625,247.42498779296875,4317.06591796875,258.6170959472656,1456.4364013671875,1481.2979736328125,719.0675048828125,26587.169921875,2583.442626953125,1501.398681640625,1129.098388671875,133.22796630859375,3797.102294921875,1238.8770751953125,3671.9482421875,2096.001220703125,9781.8193359375,229.40463256835935,251.19993591308597
2024-02-20,4448.22509765625,2652.93408203125,3224.297607421875,1926.6500244140625,1283.2662353515625,582.0059204101562,6722.00439453125,1086.8316650390625,7913.57275390625,1601.059326171875,668.8543701171875,199.33599853515625,1128.1788330078125,293.2414245605469,4795.0791015625,1097.0203857421875,1410.9935302734375,392.5694885253906,2401.621337890625,534.2036743164062,3673.375244140625,852.7536010742188,1259.7037353515625,3737.684814453125,152.56515502929688,170.95111083984375,1178.310791015625,2175.942138671875,1370.8121337890625,1518.385498046875,696.2711181640625,582.2669067382812,4270.1533203125,504.9806518554688,2287.593017578125,1031.8367919921875,1620.703125,15.949999809265137,1485.2783203125,1553.0306396484375,169.92385864257812,353.8972473144531,812.62890625,351.7085876464844,3267.87548828125,1825.5098876953125,11217.9306640625,2653.35546875,1244.1954345703125,71.98826599121094,329.5577087402344,249.18170166015625,4299.57275390625,269.4259338378906,1453.496826171875,1505.872802734375,719.87255859375,26299.23828125,2594.64404296875,1509.83740234375,1128.5118408203125,132.3832550048828,3729.419189453125,1248.8543701171875,3663.650390625,2093.826904296875,9857.63671875,229.40463256835935,249.3251495361328
2024-02-21,4900.6669921875,2633.23486328125,3218.904541015625,1904.949951171875,1273.89208984375,581.0173950195312,6722.70068359375,1082.4388427734375,7853.51806640625,1585.177001953125,661.4573364257812,197.22169494628903,1124.1846923828125,282.3608703613281,4796.8818359375,1082.7078857421875,1406.765380859375,380.6561584472656,2401.05322265625,532.984130859375,3610.400390625,875.4074096679688,1254.3990478515625,3745.739990234375,151.92288208007812,167.5135040283203,1186.517822265625,2177.67919921875,1390.1187744140625,1493.962158203125,689.0177612304688,571.868408203125,4243.484375,505.1780700683594,2290.447021484375,1034.985107421875,1616.3785400390625,15.350000381469728,1498.1641845703125,1525.660888671875,164.1171875,351.500732421875,819.6052856445312,348.4359436035156,3209.123046875,1831.418701171875,11236.9423828125,2547.3115234375,1246.2532958984375,69.49354553222656,320.4059753417969,245.89352416992188,4210.130859375,262.12646484375,1450.2115478515625,1494.082763671875,730.6693115234375,26120.869140625,2597.3349609375,1514.4493408203125,1134.719482421875,135.05813598632812,3693.1953125,1226.20458984375,3633.490234375,2069.4111328125,9847.21484375,229.27723693847656,244.38037109375
2024-02-22,5333.54443359375,2646.417236328125,3258.701416015625,1922.6500244140625,1293.57763671875,585.9103393554688,6731.70068359375,1099.1116943359375,8107.4716796875,1590.7708740234375,660.0877685546875,200.27023315429688,1119.8946533203125,279.1055908203125,4829.96240234375,1079.615966796875,1412.597412109375,391.3825988769531,2402.947265625,528.3987426757812,3606.739501953125,880.7377319335938,1257.3231201171875,3858.072509765625,151.77467346191406,169.32522583007812,1205.9554443359375,2184.825439453125,1406.9197998046875,1539.7039794921875,679.634033203125,569.0953979492188,4206.3349609375,514.4071655273438,2272.3681640625,1045.5618896484375,1618.0494384765625,16.299999237060547,1470.417724609375,1549.4366455078125,161.77651977539062,361.1738586425781,820.0011596679688,344.175537109375,3274.68994140625,1881.3489990234373,11425.0595703125,2589.6328125,1255.831787109375,71.4056625366211,323.69488525390625,247.47003173828125,4230.02099609375,264.4660339355469,1464.0941162109375,1501.9925537109375,725.3656616210938,26377.01953125,2662.935791015625,1528.8245849609375,1133.4974365234375,136.93524169921875,3781.650634765625,1255.9942626953125,3629.217041015625,2104.156494140625,9840.1025390625,230.55105590820312,248.9033050537109
2024-02-23,5301.14990234375,2645.8740234375,3268.937744140625,1923.300048828125,1303.198486328125,595.9926147460938,6736.5234375,1095.0184326171875,8048.8017578125,1614.744140625,662.3523559570312,204.7938995361328,1110.229736328125,275.5604248046875,4809.8896484375,1102.5057373046875,1425.3304443359375,390.2835693359375,2411.32763671875,522.2522583007812,3609.410888671875,887.6473999023438,1272.7730712890625,3834.297607421875,150.63833618164062,167.14187622070312,1200.7723388671875,2178.076171875,1404.5125732421875,1520.8502197265625,680.1366577148438,575.0869140625,4228.8857421875,511.6433410644531,2278.077392578125,1044.1845703125,1611.1693115234375,17.549999237060547,1461.678955078125,1545.2896728515625,158.31051635742188,358.5159606933594,812.4309692382812,344.02587890625,3298.249267578125,1900.6514892578125,11305.2998046875,2617.607666015625,1263.5975341796875,71.196533203125,321.9789123535156,245.2178649902344,4275.55712890625,263.8577575683594,1475.82763671875,1521.3936767578125,718.8781127929688,26264.2890625,2653.57666015625,1531.96435546875,1134.279541015625,136.51290893554688,3749.266357421875,1250.4619140625,3668.86767578125,2091.602783203125,9879.3203125,227.8761138916016,251.29368591308597
2024-02-26,5206.91650390625,2641.035400390625,3323.3154296875,1970.449951171875,1320.417236328125,601.577392578125,6547.52685546875,1083.4371337890625,8059.34326171875,1612.49658203125,656.952880859375,199.2376708984375,1094.7462158203125,279.6629638671875,4776.322265625,1107.9415283203125,1428.683837890625,388.8768310546875,2387.51171875,516.3497924804688,3539.4111328125,891.2503662109375,1272.4964599609375,3859.585693359375,149.69961547851562,169.1858673095703,1202.4517822265625,2170.6318359375,1399.1580810546875,1506.287841796875,680.9506225585938,570.7789306640625,4207.2236328125,498.5154113769531,2287.7353515625,1037.1988525390625,1622.275634765625,16.850000381469727,1448.0526123046875,1529.9000244140625,159.7959442138672,356.5987243652344,800.308837890625,340.4938049316406,3378.272705078125,1900.5037841796875,11238.0693359375,2568.999755859375,1265.9984130859375,70.19566345214844,321.8359375,243.10081481933597,4163.43408203125,269.33233642578125,1469.6026611328125,1541.292236328125,718.736083984375,25877.654296875,2670.686279296875,1527.7451171875,1150.702880859375,133.88494873046875,3702.031494140625,1227.7650146484375,3599.851806640625,2137.221923828125,9809.330078125,225.24368286132807,249.7704162597656
2024-02-27,5358.61474609375,2635.8515625,3297.899169921875,1979.5,1311.83251953125,596.3880004882812,6583.923828125,1077.2972412109375,8074.12939453125,1598.8118896484375,648.3494873046875,197.81173706054688,1111.9556884765625,278.7265014648437,4778.70947265625,1095.7735595703125,1445.790771484375,388.0855102539063,2397.454833984375,522.5449829101562,3502.25927734375,904.576171875,1274.2449951171875,3908.209716796875,152.36753845214844,167.69932556152344,1215.266357421875,2188.39892578125,1443.4696044921875,1514.5050048828125,679.9212646484375,575.9782104492188,4145.41748046875,503.055908203125,2288.734375,1043.1021728515625,1697.17041015625,15.850000381469728,1474.2685546875,1533.079345703125,155.9698486328125,358.2980651855469,810.40234375,340.5836181640625,3413.611572265625,1920.988037109375,11271.0478515625,2580.468017578125,1273.249755859375,68.92466735839844,320.4059753417969,242.6503753662109,4209.58740234375,273.7307434082031,1467.94775390625,1534.8748779296875,710.1649780273438,25968.474609375,2682.121826171875,1553.0611572265625,1157.0570068359375,135.33970642089844,3797.656982421875,1225.6845703125,3631.005859375,2108.60498046875,9830.1240234375,224.0973052978516,249.09078979492188
2024-02-28,5337.083984375,2540.909912109375,3214.710205078125,1918.1500244140625,1282.2794189453125,582.4507446289062,6327.10400390625,1072.455078125,7811.92431640625,1582.7298583984375,642.6583251953125,193.3863983154297,1113.1883544921875,271.7031555175781,4762.58349609375,1066.8992919921875,1435.633544921875,381.7551879882813,2364.122314453125,523.17919921875,3481.036865234375,887.400634765625,1269.9873046875,3772.49267578125,148.51388549804688,166.63087463378906,1184.5501708984375,2169.73876953125,1507.52978515625,1508.2049560546875,674.7744750976562,574.9879150390625,4093.95068359375,497.8738098144531,2304.197021484375,1029.327880859375,1694.90966796875,13.649999618530272,1430.9700927734375,1540.1290283203125,150.7033233642578,355.8144226074219,790.2647705078125,335.9639892578125,3378.321533203125,1872.7811279296875,10930.1416015625,2546.87939453125,1259.62890625,68.3121337890625,317.7366943359375,239.4072113037109,4155.00830078125,261.6116943359375,1438.2803955078125,1532.3875732421875,703.2040405273438,25388.552734375,2677.14990234375,1544.3280029296875,1141.7579345703125,132.1016845703125,3811.120361328125,1216.038330078125,3572.2255859375,2070.44921875,9685.7509765625,223.2906188964844,242.6461639404297
2024-02-29,5353.15869140625,2596.255615234375,3281.021728515625,1895.050048828125,1303.0010986328125,598.9086303710938,6067.798828125,1073.353515625,7545.47412109375,1592.01953125,642.3270263671875,192.35385131835935,1107.86279296875,269.2728576660156,4838.0009765625,1086.34814453125,1438.8896484375,383.9532165527344,2392.720458984375,525.0328369140625,3451.800537109375,889.572265625,1269.2364501953125,3702.82763671875,148.61268615722656,169.32522583007812,1207.2515869140625,2175.0986328125,1504.582275390625,1519.11572265625,671.90185546875,576.3743896484375,4142.09521484375,497.3309326171875,2295.39501953125,1035.231201171875,1682.4273681640625,13.649999618530272,1456.346923828125,1542.5711669921875,149.03785705566406,354.07147216796875,791.7490844726562,337.1313781738281,3385.47705078125,1903.064453125,11062.9853515625,2511.803466796875,1272.0247802734375,69.18498229980469,319.9292907714844,238.3712158203125,4264.71044921875,264.70001220703125,1443.393798828125,1544.6749267578125,708.5076904296875,25287.421875,2737.076904296875,1548.3511962890625,1163.3624267578125,132.19554138183594,3789.05224609375,1204.6898193359375,3601.73974609375,2114.5849609375,9772.1396484375,227.6213531494141,243.0679626464844
2024-03-01,5397.30126953125,2661.57421875,3314.3271484375,1969.550048828125,1304.5799560546875,610.4735717773438,6051.6884765625,1097.4644775390625,7670.16064453125,1611.59765625,649.8526611328125,196.53330993652344,1113.13916015625,277.9461669921875,4801.4619140625,1092.9808349609375,1429.704345703125,392.4376220703125,2400.200927734375,527.9108276367188,3445.46826171875,898.1600341796875,1223.6571044921875,3752.769775390625,150.78656005859375,171.09046936035156,1216.6103515625,2238.1259765625,1489.107666015625,1501.08349609375,684.9961547851562,584.2474975585938,4217.5166015625,512.3836059570312,2292.921142578125,1069.37158203125,1615.6904296875,14.199999809265137,1507.4459228515625,1524.87744140625,152.5038299560547,356.8601379394531,827.4723510742188,344.76422119140625,3537.298095703125,1942.9986572265625,11388.9462890625,2511.70751953125,1274.59716796875,70.76224517822266,327.46044921875,243.73138427734372,4249.21826171875,269.2388000488281,1474.345458984375,1534.32763671875,728.443603515625,25419.685546875,2749.653076171875,1530.0020751953125,1174.0667724609375,140.7364044189453,3788.358642578125,1202.7510986328125,3742.355224609375,2216.79541015625,10012.283203125,230.80577087402344,243.3023223876953
2024-03-04,5536.61181640625,2661.771484375,3312.729248046875,1940.699951171875,1324.8082275390625,610.0287475585938,5999.87744140625,1104.9521484375,7829.7158203125,1617.490966796875,652.918212890625,195.69741821289065,1117.8729248046875,285.5937805175781,4714.93603515625,1072.7340087890625,1430.2874755859375,400.39453125,2440.4462890625,524.2035522460938,3445.369140625,919.7774658203124,1251.6231689453125,3662.844970703125,151.77467346191406,177.31533813476562,1203.1719970703125,2217.530517578125,1526.787353515625,1495.4683837890625,685.9296875,604.4008178710938,4315.396484375,518.157958984375,2304.625,1074.733642578125,1621.83349609375,14.199999809265137,1512.0374755859375,1508.75048828125,157.77037048339844,356.5115661621094,815.696533203125,344.6644287109375,3547.9580078125,1891.88671875,11362.681640625,2495.72900390625,1268.54638671875,73.51860809326172,337.3271484375,251.52395629882807,4186.04150390625,275.7427978515625,1489.4384765625,1510.25048828125,731.1900634765625,25511.3984375,2742.897216796875,1522.986083984375,1176.2664794921875,143.69285583496094,3775.728515625,1210.5531005859375,3709.064697265625,2206.66357421875,9857.0927734375,234.66954040527344,243.95851135253903
2024-03-05,5585.0810546875,2635.209716796875,3305.78857421875,1947.4000244140625,1320.5654296875,606.0254516601562,6027.5234375,1099.011962890625,7967.5205078125,1548.7679443359375,625.4069213867188,194.6648406982422,1152.784912109375,287.6673583984375,4702.025390625,1044.158935546875,1432.182861328125,405.0103759765625,2408.723388671875,521.7156982421875,3447.496337890625,920.0242309570312,1245.3404541015625,3702.339599609375,153.35565185546875,180.3348388671875,1194.7730712890625,2214.900146484375,1513.228515625,1478.486572265625,689.8317260742188,601.825927734375,4295.0908203125,515.3447875976562,2283.548828125,1070.503173828125,1624.1429443359375,14.350000381469728,1523.047119140625,1480.459228515625,158.31051635742188,353.9407958984375,810.7487182617188,342.3695983886719,3516.95166015625,1909.810302734375,11437.6044921875,2441.60302734375,1243.827880859375,74.31490325927734,341.5216979980469,255.62294006347656,4075.944091796875,276.0703430175781,1482.32421875,1483.6859130859375,742.4603881835938,24796.978515625,2766.850341796875,1544.6715087890625,1173.67578125,142.51966857910156,3712.255615234375,1203.4129638671875,3727.2998046875,2254.654541015625,9718.7451171875,242.60931396484372,240.5838623046875
2024-03-06,5604.5966796875,2608.7958984375,3229.64013671875,1910.5,1307.2442626953125,591.3963012695312,6020.7607421875,1123.172607421875,8209.8818359375,1552.8631591796875,624.121337890625,191.66546630859372,1177.242919921875,284.6573181152344,4755.7138671875,1016.9304809570312,1443.6524658203125,405.84564208984375,2420.0400390625,518.544921875,3507.057861328125,910.794921875,1247.5828857421875,3703.60888671875,155.38128662109375,176.94369506835938,1190.405517578125,2219.863037109375,1491.1708984375,1501.174560546875,690.6695556640625,608.0155639648438,4337.4794921875,520.132080078125,2284.452392578125,1079.4071044921875,1627.435791015625,14.100000381469728,1534.9951171875,1490.6424560546875,159.66090393066406,355.4222412109375,804.4155883789062,351.1598205566406,3545.767578125,1940.733642578125,11336.1220703125,2421.4501953125,1241.0841064453125,73.79425811767578,335.5158996582031,252.4698638916016,4133.66162109375,274.8537902832031,1485.0909423828125,1512.6881103515625,742.4130249023438,24543.65234375,2754.215576171875,1573.91259765625,1192.689697265625,142.28501892089844,3760.554443359375,1201.9945068359375,3786.9248046875,2253.76513671875,9523.84375,239.84954833984372,240.5135803222656
2024-03-07,5673.46533203125,2605.635986328125,3222.250244140625,1929.0999755859373,1307.885498046875,596.1903686523438,6015.291015625,1109.64453125,8470.5615234375,1581.0318603515625,634.9794921875,191.8129730224609,1183.1602783203125,278.5704650878906,4763.89892578125,1080.4139404296875,1441.611328125,403.2080383300781,2441.91455078125,522.2035522460938,3563.404052734375,908.4258422851562,1249.459716796875,3695.8466796875,154.4919891357422,175.17845153808594,1184.741943359375,2211.525634765625,1516.176025390625,1495.1947021484375,692.3452758789062,615.938232421875,4353.94921875,529.7559204101562,2302.2939453125,1070.4046630859375,1637.6085205078125,14.25,1544.0792236328125,1489.62841796875,157.18519592285156,360.3895263671875,821.3370361328125,348.8250427246094,3579.59765625,1868.743408203125,11280.259765625,2392.32421875,1254.75390625,73.13578796386719,335.7542419433594,250.5329742431641,4137.09521484375,273.87115478515625,1461.302734375,1502.73876953125,746.3433837890625,24495.716796875,2730.87646484375,1575.58056640625,1233.259033203125,147.58786010742188,3801.54345703125,1218.2132568359375,3763.223876953125,2233.69873046875,9555.5537109375,240.1891632080078,241.6150054931641
2024-03-11,5742.87548828125,2608.69677734375,3203.075927734375,1930.300048828125,1309.3656005859375,595.10302734375,6170.32763671875,1103.304931640625,8261.0166015625,1597.013916015625,636.2354125976562,188.61691284179688,1180.1029052734375,279.3285522460937,4810.9130859375,1092.581787109375,1461.974609375,399.0757141113281,2468.5712890625,520.3986206054688,3566.520751953125,899.4926147460938,1261.9659423828125,3694.528564453125,153.5532684326172,170.2543182373047,1188.6295166015625,2220.16064453125,1515.4884033203125,1496.107666015625,683.5838012695312,614.8488159179688,4371.5419921875,526.7947387695312,2274.033447265625,1061.3037109375,1626.0106201171875,13.75,1521.6649169921875,1475.0220947265625,156.8701171875,356.77301025390625,821.1390991210938,345.1533203125,3544.2099609375,1865.5919189453125,11168.0458984375,2370.107421875,1279.521240234375,70.08846282958984,331.7026672363281,246.8394470214844,4069.12451171875,267.2267150878906,1449.12451171875,1524.32861328125,732.7528076171875,25096.904296875,2767.259765625,1563.707763671875,1193.2762451171875,144.02133178710938,3814.26611328125,1219.0172119140625,3726.703369140625,2242.249267578125,9580.00390625,233.82037353515625,241.16973876953125
2024-03-12,5621.6044921875,2529.406494140625,3118.338623046875,1897.0999755859373,1284.0555419921875,580.770263671875,6110.7587890625,1095.218017578125,8135.3759765625,1591.769775390625,636.4628295898438,185.568359375,1187.6475830078125,278.9048767089844,4744.4111328125,1063.65771484375,1424.6986083984375,395.0312805175781,2464.688720703125,516.1058349609375,3539.806884765625,853.2470703125,1245.11328125,3720.744384765625,149.9466552734375,167.14187622070312,1163.7205810546875,2167.75341796875,1475.7454833984375,1493.322998046875,698.78466796875,615.5420532226562,4359.56396484375,522.106201171875,2262.900146484375,1059.483642578125,1632.6448974609375,13.699999809265137,1513.7655029296875,1486.403076171875,155.65475463867188,352.4593200683594,809.2643432617188,343.2975158691406,3525.761474609375,1866.3798828125,11280.11328125,2328.505859375,1269.060546875,68.449951171875,328.6520690917969,243.59625244140625,4057.38818359375,266.8523864746094,1457.844482421875,1508.708251953125,719.4937744140625,24748.048828125,2797.442626953125,1554.582275390625,1187.9483642578125,143.1297149658203,3878.94189453125,1222.13818359375,3725.362060546875,2216.79541015625,9498.6044921875,229.53201293945312,239.435546875
2024-03-13,5502.890625,2359.07421875,2902.3271484375,1725.0,1193.521484375,552.796875,5975.11474609375,1078.64501953125,7999.14599609375,1571.392578125,638.4505615234375,175.7342987060547,1152.636962890625,266.5527038574219,4732.2314453125,1045.5552978515625,1430.0445556640625,366.6766357421875,2435.94873046875,507.2764587402344,3442.89599609375,819.4390258789062,1245.439208984375,3647.32080078125,146.7352752685547,156.73614501953125,1148.07421875,2133.11328125,1448.2840576171875,1489.5797119140625,699.191650390625,604.1531982421875,4222.19580078125,500.440185546875,2200.52685546875,1066.4691162109375,1615.1007080078125,12.399999618530272,1483.747802734375,1484.974853515625,147.0572967529297,368.1455078125,784.6737060546875,345.1333923339844,3444.86181640625,1825.55908203125,11162.75390625,2279.51416015625,1265.5328369140625,62.9218864440918,307.4410095214844,230.0381317138672,4016.1513671875,247.34030151367188,1415.10986328125,1479.8055419921875,707.70263671875,24153.103515625,2720.02587890625,1529.3641357421875,1152.51123046875,134.823486328125,3838.924560546875,1207.8577880859375,3603.03173828125,2121.553955078125,9476.921875,213.90719604492188,236.4124298095703
2024-03-14,5530.56591796875,2450.90576171875,3083.33544921875,1895.300048828125,1251.048828125,575.7291870117188,5989.783203125,1056.531005859375,7997.857421875,1561.9530029296875,632.6456298828125,176.6685333251953,1178.1304931640625,271.4578857421875,4812.37451171875,1068.0462646484375,1454.7332763671875,376.0402221679688,2544.848388671875,516.7400512695312,3480.591796875,829.8035278320312,1243.6217041015625,3683.54443359375,144.31439208984375,163.6113739013672,1178.1668701171875,2180.16064453125,1490.43408203125,1533.1759033203125,696.8217163085938,616.2353515625,4374.90966796875,518.4541015625,2221.460693359375,1066.124755859375,1633.4312744140625,13.100000381469728,1458.173583984375,1523.58740234375,153.35910034179688,365.7054138183594,777.2520141601562,347.6976318359375,3512.667724609375,1861.8497314453125,11176.9150390625,2382.439208984375,1280.1336669921875,61.84996795654297,306.8213806152344,237.1550445556641,4105.71630859375,249.2587890625,1414.4180908203125,1498.211669921875,701.8307495117188,24745.2734375,2779.2802734375,1540.74658203125,1171.476318359375,133.69723510742188,3893.14501953125,1223.131103515625,3617.391357421875,2125.063232421875,9579.064453125,220.91287231445312,242.76333618164065
2024-03-15,5521.865234375,2471.493408203125,3128.02587890625,1902.5999755859373,1265.9981689453125,593.8179931640625,5950.0546875,1044.7001953125,7966.51953125,1569.6943359375,644.2059936523438,180.11045837402344,1203.180419921875,261.51373291015625,4846.7705078125,1065.05419921875,1446.3740234375,365.0940551757813,2583.815673828125,513.715576171875,3448.436279296875,813.0722045898438,1241.705078125,3657.181884765625,148.66209411621094,161.4744873046875,1164.056396484375,2180.756103515625,1456.3897705078125,1504.0050048828125,695.481201171875,626.2376708984375,4290.6923828125,525.6596069335938,2214.894775390625,1062.92724609375,1623.0618896484375,13.149999618530272,1465.6781005859375,1505.801513671875,144.94166564941406,365.2261047363281,772.502197265625,346.87945556640625,3443.4990234375,1772.181884765625,11247.52734375,2387.525634765625,1275.6749267578125,60.74742126464844,301.5304870605469,233.10108947753903,4166.91748046875,248.88442993164065,1401.3260498046875,1495.0721435546875,693.1650390625,24857.162109375,2790.920654296875,1519.1593017578125,1184.9669189453125,132.99331665039062,3903.924072265625,1212.5863037109375,3610.48486328125,2042.6722412109373,9515.8427734375,225.1163330078125,242.3180694580078
2024-03-18,5669.533203125,2410.865234375,3107.603271484375,1869.9000244140625,1249.8153076171875,577.9038696289062,6102.5546875,1059.6258544921875,8129.7470703125,1575.2882080078125,643.2467651367188,178.34033203125,1208.4073486328125,259.6631164550781,4852.42138671875,1053.63427734375,1446.7628173828125,370.89691162109375,2588.929443359375,510.8374328613281,3469.41162109375,825.4602661132812,1252.7987060546875,3612.317138671875,145.59893798828125,163.42555236816406,1191.89306640625,2186.711669921875,1475.4014892578125,1500.4443359375,692.3212890625,627.970703125,4261.5908203125,524.2777709960938,2188.489990234375,1063.7635498046875,1627.976318359375,13.149999618530272,1462.0738525390625,1476.9112548828125,144.76161193847656,363.7882080078125,796.0042724609375,346.79962158203125,3466.912353515625,1827.87353515625,11403.9892578125,2362.573974609375,1264.2591552734375,62.07965850830078,302.3408203125,235.6686248779297,4041.84765625,247.9018402099609,1422.32275390625,1484.805908203125,692.2653198242188,25127.58984375,2827.830078125,1541.7767333984375,1160.331787109375,140.50177001953125,3842.1630859375,1203.5548095703125,3557.3193359375,2008.0750732421875,9494.5048828125,230.1688995361328,239.1309051513672
2024-03-19,5533.7119140625,2373.194580078125,3048.6318359375,1821.550048828125,1224.751953125,573.6039428710938,6079.33447265625,1049.0931396484375,8242.7001953125,1579.733154296875,652.3050537109375,177.45526123046875,1211.415283203125,248.6933441162109,4693.548828125,1044.0093994140625,1395.490234375,368.43505859375,2473.82666015625,505.7154541015625,3410.591796875,812.4306030273438,1212.0697021484375,3629.062255859375,145.7471466064453,160.68475341796875,1156.0413818359375,2157.629638671875,1431.7777099609375,1460.0435791015625,693.9012451171875,626.38623046875,4249.94091796875,526.7454223632812,2157.089111328125,1066.4691162109375,1628.6151123046875,12.850000381469728,1416.06005859375,1438.943603515625,139.76519775390625,356.9037475585937,792.689208984375,349.14434814453125,3408.987548828125,1815.907958984375,11365.5224609375,2291.51025390625,1222.955810546875,61.34462738037109,298.8135986328125,233.55154418945312,3943.06640625,242.38040161132807,1408.267333984375,1456.549072265625,685.4937133789062,24792.71484375,2714.0302734375,1519.4044189453125,1120.5445556640625,139.61012268066406,3680.056396484375,1184.2625732421875,3560.99609375,2026.2857666015625,9338.3271484375,226.43251037597656,231.9363555908203
2024-03-20,5637.0400390625,2367.566162109375,3047.38330078125,1847.75,1228.8963623046875,569.6995239257812,6139.84716796875,1033.069091796875,8238.3115234375,1582.9295654296875,657.5709838867188,174.89842224121094,1214.8177490234375,252.68443298339844,4679.8583984375,1042.0645751953125,1377.7027587890625,368.8306884765625,2523.258056640625,507.5202941894531,3391.94189453125,815.293212890625,1205.8265380859375,3782.110107421875,145.69775390625,161.66029357910156,1166.4560546875,2151.376220703125,1435.658447265625,1449.041748046875,685.1398315429688,620.3451538085938,4220.6513671875,521.0203857421875,2133.30078125,1067.0103759765625,1612.299560546875,12.75,1423.41650390625,1432.95361328125,142.4659423828125,362.26318359375,786.3560791015625,352.2872619628906,3416.77587890625,1816.4002685546875,11702.75390625,2288.487060546875,1249.5113525390625,63.029083251953125,299.0042724609375,237.6955718994141,3954.43212890625,247.66786193847656,1426.5469970703125,1453.60888671875,697.2847900390625,24723.70703125,2754.800537109375,1520.2877197265625,1098.8424072265625,136.7006072998047,3674.134521484375,1195.658203125,3568.0517578125,2019.487548828125,9369.2470703125,227.2817230224609,231.30360412597656
2024-03-21,5766.0283203125,2408.19921875,3062.41357421875,1855.3499755859373,1245.7203369140625,580.42431640625,6148.25,1033.917724609375,8348.0205078125,1600.8096923828125,664.1224975585938,177.45526123046875,1203.969482421875,262.1156921386719,4683.56103515625,1071.387451171875,1408.1260986328125,379.8648071289063,2537.0361328125,511.1789245605469,3428.549560546875,846.6336059570312,1210.74609375,3826.388916015625,148.1680450439453,162.6358184814453,1182.246337890625,2189.14306640625,1459.091796875,1456.985107421875,692.1776123046875,616.2353515625,4229.494140625,532.7171020507812,2133.68115234375,1064.3538818359375,1644.390380859375,12.800000190734863,1465.43115234375,1432.72314453125,148.09259033203125,367.0997009277344,803.8712768554688,353.6342163085937,3465.744140625,1837.524658203125,11670.412109375,2338.582275390625,1251.17724609375,63.64160919189453,309.82427978515625,236.88479614257807,4054.4482421875,256.18389892578125,1433.685791015625,1463.2271728515625,704.9087524414062,25145.638671875,2890.974365234375,1535.84033203125,1108.5205078125,140.87718200683594,3676.031494140625,1213.1064453125,3604.8701171875,2039.4349365234373,9484.0341796875,232.1644592285156,234.5610809326172
2024-03-22,5866.80029296875,2412.543701171875,3103.558349609375,1851.75,1264.616455078125,582.549560546875,6340.5791015625,1031.62158203125,8533.7158203125,1585.7764892578125,668.58740234375,178.73370361328125,1219.058349609375,264.3453674316406,4740.36767578125,1086.5477294921875,1439.7645263671875,379.7769470214844,2564.40283203125,508.1057434082031,3395.05859375,854.727783203125,1225.563720703125,3894.198486328125,147.82220458984375,161.75320434570312,1172.6474609375,2207.00927734375,1443.56787109375,1422.3363037109375,690.7892456054688,617.81982421875,4383.05078125,540.6629638671875,2147.193115234375,1072.716796875,1641.2449951171875,13.300000190734863,1493.0789794921875,1390.470458984375,148.677734375,373.5048828125,816.1912841796875,354.4823303222656,3522.013671875,1850.278076171875,12091.3876953125,2293.045654296875,1260.853759765625,62.38593292236328,309.5859375,237.1550445556641,3939.08837890625,258.0556030273437,1437.6876220703125,1496.16845703125,707.1817626953125,25150.24609375,2919.75341796875,1578.720703125,1097.5716552734375,142.4727325439453,3618.61865234375,1194.0977783203125,3683.525146484375,2035.21728515625,9564.048828125,230.2113494873047,228.30392456054688
2024-03-26,5829.83447265625,2419.208984375,3105.805419921875,1859.0,1286.9169921875,588.1837768554688,6287.42578125,1038.8597412109375,8548.3115234375,1592.119384765625,683.341796875,178.73370361328125,1196.37548828125,267.4891662597656,4834.34716796875,1112.280029296875,1431.0164794921875,383.2937927246094,2599.866455078125,508.3983459472656,3355.037353515625,862.1310424804688,1212.0599365234375,3818.724609375,148.01983642578125,167.69932556152344,1150.9541015625,2223.386474609375,1461.548095703125,1426.3536376953125,682.4347534179688,620.8403930664062,4371.0263671875,551.4219360351562,2131.445068359375,1066.22314453125,1620.01513671875,13.300000190734863,1499.595947265625,1375.54150390625,150.74835205078125,372.6770629882813,813.3216552734375,349.9525146484375,3572.928955078125,1835.6534423828125,12005.9765625,2281.529541015625,1267.0762939453125,62.309364318847656,313.7328491210937,239.18199157714844,3990.18359375,252.7213287353516,1424.3978271484375,1481.5169677734375,700.8836669921875,25465.642578125,2982.400390625,1568.123291015625,1087.6004638671875,143.03585815429688,3587.71484375,1186.2484130859375,3675.078369140625,2067.123046875,9483.984375,228.0459747314453,224.9058532714844
2024-03-27,6173.49169921875,2423.257568359375,3117.939453125,1822.5,1305.2706298828125,594.5593872070312,6196.9296875,1051.1397705078125,8740.9716796875,1580.8819580078125,694.4818115234375,177.84864807128906,1207.914306640625,265.4156188964844,4794.1533203125,1127.2408447265625,1422.3658447265625,377.5788879394531,2517.765869140625,508.93499755859375,3332.133056640625,869.1393432617188,1194.13037109375,3821.360595703125,148.01983642578125,167.5135040283203,1185.510009765625,2190.929931640625,1462.38330078125,1411.699462890625,689.7598266601562,620.295654296875,4278.76171875,550.4348754882812,2131.159912109375,1066.2724609375,1634.1685791015625,13.300000190734863,1514.2591552734375,1367.431884765625,149.62301635742188,372.9820556640625,809.5117797851562,354.3226928710937,3608.267822265625,1852.5924072265625,12260.58984375,2309.93603515625,1257.448486328125,60.94649124145508,316.1160583496094,235.80372619628903,4002.463623046875,252.9085235595703,1475.061767578125,1474.6893310546875,694.4909057617188,25718.669921875,3093.538818359375,1574.0599365234375,1066.5826416015625,143.31741333007812,3553.850341796875,1185.7283935546875,3735.895751953125,2107.017333984375,9506.4580078125,230.63595581054688,221.36715698242188
2024-03-28,6253.6181640625,2460.384765625,3192.839599609375,1835.1500244140625,1324.0682373046875,605.2841186523438,6321.5849609375,1045.498779296875,8727.2822265625,1642.0135498046875,716.4849243164062,177.0127410888672,1211.661865234375,268.62628173828125,4785.4326171875,1153.57177734375,1455.0247802734375,381.667236328125,2566.5810546875,510.3984680175781,3408.76171875,885.4264526367188,1216.61376953125,3924.36865234375,148.41506958007812,168.2103271484375,1201.588134765625,2270.28515625,1488.51806640625,1409.2801513671875,693.20703125,627.22802734375,4418.89013671875,553.001220703125,2154.614990234375,1075.66845703125,1655.6441650390625,13.25,1533.4644775390625,1380.5179443359375,151.01841735839844,373.2870788574219,821.5349731445312,356.2982482910156,3664.245361328125,1892.1820068359373,12348.79296875,2291.75,1284.83740234375,61.78871536254883,320.1199951171875,241.47921752929688,3937.9521484375,259.1318054199219,1468.1451416015625,1495.3214111328125,712.53271484375,25464.3515625,3143.49267578125,1590.1522216796875,1071.6170654296875,146.27389526367188,3586.604736328125,1180.337646484375,3778.031005859375,2135.49951171875,9630.6298828125,230.6784210205078,225.0230255126953
2024-04-01,6394.994140625,2512.57080078125,3247.76611328125,1888.300048828125,1357.6669921875,614.32861328125,6421.478515625,1051.3892822265625,8626.158203125,1644.1611328125,717.048583984375,184.7324676513672,1200.56689453125,267.86822509765625,4769.79443359375,1182.29638671875,1456.6771240234375,388.6570129394531,2572.120849609375,516.2522583007812,3530.11083984375,936.0151977539062,1234.879150390625,3853.4345703125,150.53952026367188,169.4181365966797,1179.0787353515625,2275.49609375,1487.977783203125,1421.2861328125,704.0271606445312,628.614501953125,4380.01025390625,561.2431640625,2175.120849609375,1081.916015625,1668.7655029296875,14.0,1522.9979248046875,1378.121826171875,152.36880493164062,371.8491821289063,862.8491821289062,357.3359375,3736.383544921875,1886.864013671875,12318.65625,2362.47802734375,1266.831298828125,65.11167907714844,326.3641357421875,243.1458282470703,3949.910400390625,262.1732177734375,1467.0831298828125,1485.05517578125,718.1677856445312,26232.90625,3195.46435546875,1598.68896484375,1062.525634765625,153.12533569335938,3624.031982421875,1176.98046875,3715.027099609375,2122.846435546875,9833.384765625,244.13784790039065,227.29623413085935
2024-04-02,6321.45458984375,2615.3623046875,3264.39404296875,1892.6500244140625,1385.5426025390625,627.3763427734375,6384.1865234375,1045.498779296875,8849.3447265625,1654.699462890625,712.7418823242188,189.89532470703125,1191.5924072265625,274.6016845703125,4774.42236328125,1194.115478515625,1447.6861572265625,389.6680908203125,2634.998779296875,518.6424560546875,3584.082275390625,922.7880859375,1232.3502197265625,3829.562255859375,152.2193145751953,170.30076599121094,1160.64892578125,2289.143798828125,1517.1585693359375,1395.356689453125,708.6472778320312,625.7920532226562,4267.7666015625,563.8095703125,2175.882080078125,1063.7635498046875,1659.96875,13.449999809265137,1539.7840576171875,1366.5103759765625,156.82508850097656,371.1084289550781,870.072998046875,350.6908569335937,3706.59375,1942.0137939453125,12301.849609375,2368.907958984375,1285.3026123046875,66.06109619140625,328.69976806640625,245.4881591796875,3923.819091796875,261.6116943359375,1469.232177734375,1465.7686767578125,725.8391723632812,26307.169921875,3262.118408203125,1591.8201904296875,1105.783203125,154.53317260742188,3593.544189453125,1169.6512451171875,3732.46728515625,2134.209228515625,9916.1171875,255.8564453125,225.53860473632807
2024-04-03,6394.4033203125,2600.846923828125,3229.140869140625,1878.949951171875,1378.6845703125,627.6234130859375,6339.73388671875,1061.5228271484375,8662.6962890625,1638.5174560546875,722.8138427734375,187.33848571777344,1208.8017578125,272.43896484375,4710.74658203125,1191.6219482421875,1430.2874755859375,391.6902465820313,2651.71240234375,518.05712890625,3645.820556640625,892.8790283203125,1209.9952392578125,3841.278564453125,152.66397094726562,175.68943786621094,1141.691162109375,2288.300048828125,1523.44677734375,1402.25,709.6766357421875,618.0673828125,4264.3984375,569.1396484375,2155.423828125,1059.827880859375,1663.70361328125,13.550000190734863,1523.24462890625,1364.48291015625,156.37496948242188,370.5419616699219,859.9299926757812,345.4526672363281,3682.304443359375,1959.1005859375,12179.736328125,2384.022705078125,1251.32421875,66.67362213134766,334.8485412597656,248.0556488037109,3926.437744140625,262.12646484375,1454.0650634765625,1456.0010986328125,730.2430419921875,26130.08984375,3302.1572265625,1589.4652099609375,1094.39453125,153.5946044921875,3652.298828125,1187.0050048828125,3689.2890625,2088.409912109375,9880.3076171875,253.7334899902344,226.4759979248047
2024-04-04,6392.19140625,2583.369384765625,3206.521240234375,1890.8499755859373,1348.73681640625,617.4916381835938,6404.92041015625,1061.2232666015625,8725.373046875,1653.9503173828125,720.2575073242188,194.6648406982422,1190.211669921875,266.8871765136719,4690.2841796875,1193.2176513671875,1418.67236328125,394.63568115234375,2563.40869140625,493.7152404785156,3694.59765625,876.7400512695312,1213.5712890625,3919.487060546875,150.63833618164062,173.2738037109375,1130.31640625,2260.905517578125,1511.8529052734375,1405.7193603515625,731.36474609375,616.3839111328125,4232.3486328125,570.2748413085938,2155.186279296875,1061.451416015625,1610.235595703125,13.350000381469728,1525.0220947265625,1370.0582275390625,152.72889709472656,368.4069213867188,853.497802734375,349.0445556640625,3697.296630859375,1972.297119140625,12316.3544921875,2413.0048828125,1249.1929931640625,66.39797973632812,338.0897827148437,242.33506774902344,3982.376220703125,259.8336486816406,1445.4935302734375,1458.9412841796875,719.1149291992188,25689.81640625,3291.482177734375,1588.974609375,1092.8792724609375,153.35997009277344,3704.11328125,1209.796630859375,3759.099853515625,2070.84423828125,9883.4677734375,263.2018127441406,228.4445343017578
2024-04-05,6557.40869140625,2542.736572265625,3220.502685546875,1901.949951171875,1357.3216552734375,619.9628295898438,6362.30810546875,1057.3795166015625,8595.0107421875,1676.075439453125,709.6021118164062,194.0747985839844,1174.5802001953125,263.2974548339844,4689.74853515625,1214.4620361328125,1408.8065185546875,392.9651489257813,2584.5732421875,495.5201416015625,3708.399658203125,894.1622314453125,1220.841796875,3936.03662109375,152.71337890625,177.222412109375,1161.5606689453125,2220.9052734375,1523.004638671875,1410.832275390625,741.8737182617188,623.3162231445312,4234.1728515625,562.6743774414062,2157.089111328125,1065.9281005859375,1688.3736572265625,13.300000190734863,1532.8720703125,1363.0545654296875,151.24346923828125,372.5898742675781,848.1541748046875,356.2283935546875,3643.99609375,1982.736328125,12173.611328125,2409.3583984375,1243.337890625,66.73487091064453,337.9944152832031,241.3891448974609,3950.00927734375,260.5354919433594,1442.7021484375,1480.4205322265625,724.2764892578125,25591.462890625,3295.693603515625,1578.81884765625,1090.5330810546875,153.31304931640625,3681.860595703125,1194.80712890625,3730.976806640625,2053.67578125,9704.1748046875,270.8443908691406,227.3430938720703
2024-04-08,6586.80517578125,2549.994384765625,3220.252685546875,1919.0999755859373,1330.778076171875,623.2741088867188,6272.80712890625,1074.3021240234375,8615.044921875,1687.2630615234375,709.888916015625,181.88058471679688,1188.09130859375,263.9663391113281,4703.14599609375,1199.900146484375,1421.490966796875,393.3607482910156,2553.79736328125,490.7883605957031,3755.742431640625,906.4022827148438,1219.9034423828125,4106.4150390625,152.56515502929688,186.5132293701172,1196.2127685546875,2263.83349609375,1503.4033203125,1406.0845947265625,740.4613037109375,628.4658813476562,4299.86328125,569.3370971679688,2158.9921875,1069.6175537109375,1681.3953857421875,13.149999618530272,1548.621337890625,1360.8427734375,153.3140869140625,373.9406433105469,867.30224609375,356.8769226074219,3707.031982421875,2046.5526123046875,12608.2568359375,2355.232421875,1223.9356689453125,68.63370513916016,346.52655029296875,243.59625244140625,3858.146240234375,263.67059326171875,1468.268798828125,1513.8104248046875,727.6385498046875,25734.384765625,3315.435546875,1569.6932373046875,1111.8441162109375,155.0493621826172,3675.661376953125,1196.462158203125,3725.46142578125,2116.742919921875,9743.8359375,274.5382995605469,224.9292907714844
2024-04-09,6419.71923828125,2492.5751953125,3194.1875,1916.199951171875,1338.524169921875,615.9100952148438,6469.013671875,1078.24560546875,8565.818359375,1708.4892578125,711.377197265625,179.6679229736328,1187.8447265625,261.2015991210937,4671.86865234375,1206.931640625,1409.681396484375,386.72271728515625,2483.20166015625,490.8859252929688,3764.597412109375,898.900390625,1218.5894775390625,4148.3017578125,153.94851684570312,189.39340209960935,1188.005859375,2284.18115234375,1486.25830078125,1406.4954833984375,741.39501953125,627.8222045898438,4231.17919921875,580.984375,2154.424560546875,1089.1966552734375,1673.1392822265625,12.899999618530272,1535.389892578125,1377.5689697265625,152.05369567871094,371.5441589355469,865.4715576171875,355.3204345703125,3685.0302734375,2059.157958984375,12630.7001953125,2358.20751953125,1226.262939453125,69.82814025878906,345.95458984375,242.29000854492188,3910.575927734375,263.1558532714844,1446.2098388671875,1505.5875244140625,723.7555541992188,25770.673828125,3278.73046875,1572.48974609375,1100.357666015625,155.80020141601562,3651.6044921875,1183.4586181640625,3656.346435546875,2083.1005859375,9650.3876953125,287.02117919921875,223.0076141357422
2024-04-10,6529.5859375,2492.969970703125,3237.6796875,1907.5,1334.3797607421875,618.4307250976562,6453.89794921875,1086.0330810546875,8591.2412109375,1702.1962890625,715.0015869140625,179.61875915527344,1212.4508056640625,269.6741943359375,4685.51025390625,1188.6796875,1383.0972900390625,401.2297973632813,2514.782470703125,493.9103698730469,3699.446044921875,899.3939208984375,1216.61376953125,4213.18212890625,157.11048889160156,187.86041259765625,1180.806396484375,2289.193603515625,1475.0576171875,1405.2628173828125,735.5540161132812,615.4925537109375,4206.10107421875,595.2474365234375,2151.33251953125,1091.5087890625,1657.953857421875,12.949999809265137,1533.3162841796875,1388.581298828125,155.78981018066406,380.7815551757813,874.7239379882812,364.3700866699219,3653.82861328125,2044.6812744140625,12429.5478515625,2346.595458984375,1238.4139404296875,73.84020233154297,345.5732116699219,245.0376739501953,3912.453369140625,264.4192199707031,1461.9449462890625,1498.4111328125,737.8196411132812,25392.12109375,3265.598876953125,1573.961669921875,1119.6160888671875,154.90858459472656,3686.857421875,1197.5498046875,3687.9970703125,2081.462890625,9698.4951171875,307.2314758300781,223.71066284179688
2024-04-12,6639.10791015625,2437.279052734375,3205.6220703125,1884.050048828125,1326.3870849609375,601.8245239257812,6371.05859375,1071.706298828125,8647.8125,1696.75244140625,714.9323120117188,179.9137725830078,1208.6539306640625,268.0911865234375,4630.01904296875,1174.516845703125,1357.6798095703125,400.57037353515625,2520.700927734375,488.3981018066406,3739.615234375,896.8767700195312,1201.98388671875,4200.6357421875,154.09674072265625,186.83840942382807,1151.6258544921875,2237.282470703125,1484.2442626953125,1389.148193359375,727.2233276367188,612.5215454101562,4155.4765625,590.9044189453125,2124.118408203125,1086.58935546875,1638.6405029296875,12.949999809265137,1536.0811767578125,1368.26123046875,153.1790313720703,374.8121032714844,857.4066162109375,361.79583740234375,3581.836669921875,2039.5108642578125,12021.6572265625,2347.507080078125,1242.6275634765625,73.16641235351562,344.8582458496094,239.3622131347656,3931.428955078125,257.5876770019531,1449.6680908203125,1488.2447509765625,725.7444458007812,25274.283203125,3262.46923828125,1511.113037109375,1123.6728515625,153.45382690429688,3702.355712890625,1174.6634521484375,3596.671875,2031.2972412109373,9535.2041015625,316.69989013671875,220.64068603515625
2024-04-15,6450.44287109375,2411.753662109375,3143.25537109375,1815.0999755859373,1298.1168212890625,599.8475952148438,6268.23193359375,1056.2314453125,8583.1328125,1654.9989013671875,699.7724609375,173.0299530029297,1207.667724609375,262.8960876464844,4639.90869140625,1158.6583251953125,1342.7110595703125,396.5259704589844,2531.496337890625,483.1296997070313,3677.135009765625,873.581298828125,1187.561279296875,4119.69384765625,153.15802001953125,189.2540283203125,1130.1724853515625,2220.75634765625,1475.3524169921875,1374.1292724609375,715.6133422851562,607.0252075195312,4099.70654296875,604.7726440429688,2087.721923828125,1060.95947265625,1602.37255859375,13.149999618530272,1520.529296875,1352.9637451171875,149.80307006835938,371.1519775390625,851.46923828125,358.82257080078125,3505.4638671875,2022.276611328125,12174.8359375,2297.748291015625,1251.17724609375,73.7789535522461,344.28631591796875,252.1095428466797,3906.52392578125,256.4646301269531,1447.3707275390625,1462.0809326171875,717.4102172851562,25080.98828125,3182.566650390625,1511.162353515625,1105.29443359375,150.96665954589844,3646.654052734375,1152.5811767578125,3578.088623046875,1984.9521484375,9390.68359375,314.6618347167969,215.2974853515625
2024-04-16,6532.830078125,2411.951171875,3102.26025390625,1811.6500244140625,1287.0650634765625,610.4241333007812,6299.6572265625,1050.19140625,8508.81640625,1616.6917724609375,687.707763671875,170.96481323242188,1199.6793212890625,264.1224060058594,4619.25244140625,1127.04150390625,1336.6845703125,398.4602661132813,2558.4375,491.61767578125,3724.279541015625,864.3025512695312,1195.365234375,4252.82373046875,150.29249572753906,191.2515563964844,1130.0284423828125,2226.264892578125,1456.094970703125,1348.793212890625,722.5794067382812,598.755859375,4045.151611328125,600.9723510742188,2113.17578125,1049.841796875,1620.4083251953125,12.949999809265137,1472.1949462890625,1303.4769287109375,152.14373779296875,371.1519775390625,836.4278564453125,357.7150573730469,3449.632080078125,2000.462890625,12253.0927734375,2214.92822265625,1247.47802734375,73.64112854003906,342.4749755859375,255.08241271972656,3813.12890625,256.6518249511719,1448.2847900390625,1457.944580078125,711.9171752929688,24670.861328125,3235.796142578125,1508.708984375,1110.182373046875,150.21580505371094,3583.366455078125,1130.8773193359375,3623.10546875,1960.588623046875,9348.7490234375,321.15802001953125,210.1417999267578
2024-04-18,6262.1220703125,2381.6865234375,3015.276611328125,1775.449951171875,1278.3817138671875,608.1506958007812,6040.5009765625,1022.3366088867188,8606.2666015625,1592.119384765625,681.670654296875,170.42393493652344,1248.2996826171875,262.9183959960937,4574.72265625,1115.8707275390625,1309.5660400390625,385.6237182617188,2526.193359375,491.5688781738281,3669.56591796875,845.0048217773438,1176.951904296875,4248.43017578125,150.34188842773438,189.1146697998047,1116.1099853515625,2209.49072265625,1467.5904541015625,1339.252197265625,715.6133422851562,599.7957763671875,3978.15234375,604.8712768554688,2107.466552734375,1038.4288330078125,1680.8056640625,13.199999809265137,1455.853271484375,1307.9002685546875,152.14373779296875,365.00823974609375,835.9825439453125,356.5476989746094,3456.93359375,1994.2093505859373,12157.34375,2242.23095703125,1206.542236328125,72.03323364257812,334.75323486328125,246.9745330810547,3798.94677734375,262.12646484375,1446.876708984375,1452.1634521484375,705.3822631835938,24218.046875,3263.697509765625,1487.955810546875,1109.1070556640625,150.21580505371094,3573.373779296875,1115.6041259765625,3503.060791015625,1925.9537353515625,9268.68359375,329.9045104980469,208.2669982910156
2024-04-19,6186.5185546875,2374.922607421875,3022.916015625,1770.050048828125,1292.6402587890625,602.6153564453125,6135.3720703125,1027.4283447265625,8399.44140625,1617.1912841796875,704.0494384765625,170.6697998046875,1271.2291259765625,261.223876953125,4548.70654296875,1125.1962890625,1308.0594482421875,382.7223205566406,2509.1005859375,491.9103698730469,3632.760498046875,844.6099853515625,1174.12646484375,4241.54638671875,150.04547119140625,187.6281280517578,1121.9654541015625,2256.240234375,1475.45068359375,1321.5853271484375,733.13623046875,595.7353515625,3942.968505859375,606.7960205078125,2123.452392578125,1050.03857421875,1660.8043212890625,12.899999618530272,1463.406982421875,1300.5279541015625,150.02813720703125,370.1498107910156,855.7738037109375,357.7250366210937,3425.197021484375,2051.279541015625,12457.185546875,2188.34521484375,1194.3668212890625,72.17105865478516,334.1812438964844,247.9654998779297,3839.26953125,263.5769958496094,1452.607666015625,1442.79443359375,710.7332763671875,24161.431640625,3269.517822265625,1494.23583984375,1112.5772705078125,152.13986206054688,3540.248779296875,1128.8441162109375,3540.7734375,1884.620361328125,9250.11328125,327.7391052246094,212.20407104492188
2024-04-22,6415.29541015625,2373.342529296875,3059.267578125,1793.75,1303.59326171875,609.1885986328125,6203.990234375,1052.2379150390625,8391.0947265625,1627.629638671875,721.1277465820312,177.79946899414062,1279.6612548828125,269.0945129394531,4631.52880859375,1137.0152587890625,1316.904541015625,389.4482727050781,2516.2978515625,493.8128051757813,3697.86279296875,853.9874267578125,1188.5985107421875,4361.44580078125,151.6758575439453,184.6550750732422,1137.9476318359375,2263.58544921875,1523.643310546875,1338.3848876953125,723.99169921875,600.0928955078125,4034.858642578125,610.546875,2132.87255859375,1069.125732421875,1657.1185302734375,12.899999618530272,1458.9141845703125,1320.341064453125,153.85423278808594,370.6291198730469,845.878173828125,361.1772766113281,3517.048583984375,2058.911865234375,12530.2470703125,2147.079345703125,1204.65576171875,72.82952117919922,326.8884582519531,249.36187744140625,3467.46923828125,265.4486389160156,1462.2166748046875,1470.5531005859375,725.5549926757812,24188.84765625,3374.163330078125,1511.211181640625,1144.690673828125,151.9052276611328,3575.779296875,1142.462158203125,3574.262939453125,1928.4844970703125,9448.96484375,323.53570556640625,216.53955078125
2024-04-23,6201.1181640625,2421.7763671875,3061.015380859375,1816.4000244140625,1304.5799560546875,629.2048950195312,6160.58154296875,1054.0350341796875,8391.140625,1619.2889404296875,717.93359375,179.81544494628906,1323.843505859375,264.4345397949219,4674.88916015625,1140.2567138671875,1308.9827880859375,387.6898498535156,2547.54736328125,494.7884826660156,3728.68212890625,873.8280639648438,1175.9539794921875,4413.38916015625,151.92288208007812,185.49124145507807,1131.0843505859375,2352.518798828125,1520.89208984375,1357.329833984375,721.7894287109375,595.3392944335938,4065.878662109375,603.8842163085938,2153.092529296875,1072.6676025390625,1666.75048828125,14.399999618530272,1455.951904296875,1329.2340087890625,151.33351135253906,374.02777099609375,842.4641723632812,361.79583740234375,3514.56591796875,2031.287841796875,12736.7890625,2153.0771484375,1225.50341796875,71.86479187011719,330.94000244140625,249.36187744140625,3487.77880859375,267.03955078125,1441.936279296875,1465.021240234375,732.0899047851562,24170.35546875,3331.638427734375,1456.8013916015625,1147.036865234375,151.24822998046875,3585.124267578125,1135.085693359375,3610.2861328125,1938.259521484375,9417.6513671875,320.1814270019531,216.58642578125
2024-04-24,6236.90478515625,2524.271484375,3039.494140625,1808.300048828125,1303.0010986328125,637.0137329101562,6248.5419921875,1061.5228271484375,8296.9814453125,1628.528564453125,724.7817993164062,180.79884338378903,1317.9755859375,264.59063720703125,4705.24169921875,1165.7398681640625,1359.0404052734375,390.2395935058594,2602.234130859375,497.0324096679688,3773.353515625,881.9716186523438,1175.697265625,4423.6904296875,151.77467346191406,192.69161987304688,1164.1524658203125,2320.35986328125,1540.6900634765625,1350.573486328125,723.7523193359375,588.4564208984375,4111.07568359375,627.8698120117188,2150.7138671875,1079.062744140625,1671.46826171875,13.100000381469728,1456.10009765625,1318.4979248046875,151.91867065429688,373.766357421875,873.4869995117188,367.7325134277344,3538.612060546875,2027.2008056640625,12685.630859375,2153.029052734375,1224.9644775390625,75.98403930664062,335.2298889160156,251.6591033935547,3425.86181640625,271.7655029296875,1432.895263671875,1455.25341796875,732.1845703125,24161.828125,3315.9912109375,1457.8807373046875,1085.254150390625,155.37786865234375,3544.736328125,1121.325439453125,3587.181396484375,1949.3746337890625,9541.4267578125,325.6162109375,215.5552673339844
2024-04-25,6323.27392578125,2547.179931640625,3111.098388671875,1812.6500244140625,1312.91796875,630.984130859375,6348.7333984375,1125.1693115234375,8333.0439453125,1653.7005615234375,721.394775390625,181.53640747070312,1320.243896484375,269.0722045898437,4720.0517578125,1152.3251953125,1366.8162841796875,397.80084228515625,2651.14404296875,494.1054992675781,3803.03564453125,882.2677612304688,1228.6358642578125,4506.1943359375,154.09674072265625,193.24908447265625,1153.59375,2349.8388671875,1533.321044921875,1373.307373046875,723.2975463867188,588.9515991210938,4209.2822265625,638.4313354492188,2122.739013671875,1095.78857421875,1677.5621337890625,13.899999618530272,1477.2802734375,1325.5936279296875,153.2240753173828,381.304443359375,896.3458862304688,327.7524719238281,3555.600341796875,2065.01806640625,12664.51171875,2139.40185546875,1255.5867919921875,77.25504302978516,342.4273986816406,254.0013885498047,3390.23291015625,274.4794006347656,1442.57861328125,1439.7047119140625,769.6888427734375,23767.66015625,3351.4384765625,1491.635498046875,1081.4417724609375,157.395751953125,3564.3056640625,1125.6759033203125,3548.773193359375,1990.509521484375,9566.025390625,323.57818603515625,216.07086181640625
2024-04-26,6302.38232421875,2501.21533203125,3076.294921875,1806.6500244140625,1307.046875,625.0533447265625,6223.9296875,1128.4639892578125,8561.4296875,1595.5655517578125,665.6503295898438,181.14303588867188,1307.718994140625,271.7700500488281,4677.4716796875,1168.63232421875,1369.683837890625,400.74615478515625,2703.700439453125,496.5933532714844,3973.755615234375,896.2845458984375,1235.2249755859375,4492.32958984375,155.2330780029297,193.2955474853516,1154.2657470703125,2325.02490234375,1611.38232421875,1345.643310546875,722.8427124023438,582.167724609375,4203.0126953125,640.8989868164062,2114.935791015625,1090.032958984375,1663.654541015625,14.0,1428.2054443359375,1318.0372314453125,154.4394073486328,383.4394836425781,877.989501953125,320.97772216796875,3509.747314453125,2013.8564453125,12449.736328125,2205.427490234375,1216.4393310546875,79.00074005126953,339.3767395019531,254.8571929931641,3357.7177734375,273.4967956542969,1435.2421875,1410.6005859375,758.89208984375,23935.123046875,3362.52294921875,1478.2906494140625,1077.9224853515625,155.6125030517578,3535.76171875,1209.3238525390625,3562.3876953125,2001.1778564453125,9582.9677734375,336.7403564453125,217.75816345214844
2024-04-29,6343.13232421875,2493.6611328125,3077.093994140625,1806.8499755859373,1299.794189453125,622.384521484375,5935.287109375,1157.366943359375,8357.0830078125,1593.867431640625,675.0844116210938,180.84800720214844,1314.080078125,275.9394836425781,4676.88671875,1167.83447265625,1368.5660400390625,398.5042419433594,2674.013427734375,494.3494567871094,3946.94287109375,874.6671142578125,1244.1156005859375,4463.8681640625,158.5432586669922,194.6891632080078,1169.1920166015625,2368.846435546875,1615.705322265625,1266.7132568359375,732.2744750976562,569.541015625,4171.291015625,641.6393432617188,2118.21875,1141.4403076171875,1676.431884765625,13.449999809265137,1468.54150390625,1322.18408203125,159.12074279785156,381.870849609375,886.4007568359375,327.3433837890625,3538.076904296875,2030.7462158203125,12436.505859375,2246.45361328125,1229.6927490234375,78.06663513183594,346.04986572265625,255.12745666503903,3334.344482421875,274.8537902832031,1447.568359375,1417.67724609375,782.7584838867188,23939.734375,3378.9892578125,1493.0582275390625,1073.865478515625,157.11419677734375,3580.960205078125,1218.355224609375,3582.312255859375,2021.1251220703125,9843.3134765625,345.01983642578125,216.9848175048828
2024-04-30,6430.4853515625,2499.98095703125,3050.629150390625,1797.6500244140625,1307.3427734375,612.7470703125,5914.15478515625,1164.0062255859375,8494.0302734375,1613.19580078125,684.671875,185.17498779296875,1304.070068359375,270.8336181640625,4653.59912109375,1190.1756591796875,1360.7901611328125,399.4273681640625,2675.0078125,495.3738403320313,3959.953369140625,880.3428955078125,1225.7811279296875,4488.81494140625,160.667724609375,194.2710876464844,1170.583740234375,2393.710205078125,1634.91357421875,1247.7225341796875,727.7739868164062,578.0084228515625,4251.15673828125,636.0625,2122.358154296875,1131.8475341796875,1681.34619140625,13.199999809265137,1496.633544921875,1309.0982666015625,152.0087127685547,379.6486511230469,872.9921875,324.0608215332031,3499.135986328125,2123.614501953125,12561.6083984375,2221.501953125,1228.5167236328125,77.91350555419922,346.2405700683594,254.8122100830078,3329.205322265625,282.4808044433594,1449.5198974609375,1431.83056640625,782.5216674804688,24236.8828125,3417.03955078125,1473.9239501953125,1083.4945068359375,154.86166381835938,3535.114013671875,1194.901611328125,3566.8095703125,2044.3472900390625,9850.6220703125,337.84429931640625,216.7270355224609
2024-05-02,6569.845703125,2497.66015625,3035.54931640625,1786.8499755859375,1321.0587158203125,618.4801635742188,5925.54052734375,1147.982177734375,8691.5068359375,1613.645263671875,680.6322631835938,187.58433532714844,1286.0716552734375,283.0074157714844,4637.716796875,1298.192138671875,1380.278564453125,399.0757141113281,2662.64990234375,512.4960327148438,3922.603759765625,884.883544921875,1242.2188720703125,4493.6962890625,166.0035400390625,190.5082855224609,1183.830078125,2419.218994140625,1638.4998779296875,1242.335693359375,733.591064453125,570.7789306640625,4268.42138671875,633.150634765625,2118.4091796875,1121.0740966796875,1670.731201171875,13.199999809265137,1486.2657470703125,1303.4769287109375,156.10488891601562,382.5680236816406,881.05712890625,314.4224853515625,3504.197998046875,2151.977294921875,12549.7001953125,2225.868408203125,1230.9176025390625,79.169189453125,351.8173522949219,254.7670745849609,3367.847900390625,293.4768371582031,1449.0753173828125,1456.1007080078125,786.1205444335938,24615.98046875,3434.470458984375,1490.507080078125,1066.6802978515625,157.06727600097656,3574.576171875,1198.1171875,3546.1396484375,2057.198974609375,9862.08203125,348.84112548828125,214.38352966308597
2024-05-03,6609.16357421875,2499.5859375,2989.260986328125,1799.800048828125,1302.8037109375,615.2676391601562,5976.30859375,1139.645751953125,8686.6884765625,1625.4820556640625,685.4581298828125,184.4866180419922,1259.7890625,280.8669128417969,4623.0517578125,1306.2708740234375,1384.846923828125,417.27545166015625,2650.670654296875,518.7888793945312,3909.048828125,866.8690795898438,1254.4781494140625,4490.62109375,163.9779052734375,189.34695434570312,1201.0123291015625,2462.891845703125,1634.4715576171875,1230.7861328125,727.5346069335938,560.4299926757812,4260.23388671875,638.7274780273438,2109.607666015625,1123.63232421875,1644.7342529296875,13.199999809265137,1465.0361328125,1305.1817626953125,153.7191925048828,380.3457946777344,865.07568359375,308.6454772949219,3407.137939453125,2159.708251953125,12242.75390625,2199.477294921875,1203.3822021484375,82.36964416503906,347.9088439941406,257.7400207519531,3327.475830078125,290.9032592773437,1416.9129638671875,1438.508544921875,787.446533203125,25527.51171875,3467.548828125,1482.80419921875,1069.7596435546875,156.2694854736328,3556.1630859375,1182.5601806640625,3511.8056640625,2037.15234375,9696.9638671875,352.9596252441406,214.36009216308597
2024-05-06,6847.7373046875,2458.21240234375,2870.81884765625,1766.6500244140625,1272.8558349609375,600.440673828125,6023.1474609375,1141.792236328125,8636.080078125,1609.5498046875,678.37255859375,183.74905395507807,1265.706298828125,272.1268005371094,4931.93115234375,1322.5283203125,1383.5347900390625,404.9664306640625,2706.635986328125,517.8619995117188,3920.97119140625,875.6541748046875,1243.3944091796875,4490.376953125,161.754638671875,183.7724456787109,1200.00439453125,2435.05029296875,1645.91796875,1240.6011962890625,728.994873046875,549.6847534179688,4219.99658203125,630.534912109375,2146.85986328125,1127.813720703125,1652.5479736328125,12.800000190734863,1478.6627197265625,1314.0286865234375,149.66802978515625,378.8643798828125,871.4584350585938,324.130615234375,3371.604248046875,2191.173095703125,12190.958984375,2206.43505859375,1204.0189208984375,82.50746154785156,340.139404296875,254.1815490722656,3355.988525390625,287.1600036621094,1402.610595703125,1435.8671875,765.048095703125,25319.7421875,3572.604248046875,1500.466552734375,1073.5233154296875,157.30191040039062,3628.010498046875,1193.719482421875,3259.64208984375,2041.2213134765625,9658.04296875,348.5863647460937,214.9694061279297
2024-05-07,6796.529296875,2405.829345703125,2832.170654296875,1726.0,1270.58642578125,587.0964965820312,5867.56396484375,1125.8681640625,8278.666015625,1613.345703125,679.6284790039062,178.14364624023438,1268.41845703125,269.4735107421875,5041.3056640625,1302.9295654296875,1348.3485107421875,400.9220581054688,2710.755126953125,544.8380126953125,3869.918212890625,844.8568115234375,1236.3116455078125,4513.22412109375,157.85157775878906,179.08058166503906,1269.3082275390625,2402.990478515625,1643.70703125,1231.487060546875,721.09521484375,547.0109252929688,4189.11669921875,612.175537109375,2264.08935546875,1113.6458740234375,1656.184814453125,12.399999618530272,1434.278076171875,1327.8975830078125,144.04141235351562,383.7444763183594,848.4015502929688,328.0418395996094,3336.995361328125,2158.23095703125,12117.2109375,2194.583251953125,1229.1292724609375,79.87359619140625,332.8465576171875,246.47906494140625,3322.58349609375,276.3043212890625,1384.775634765625,1445.385986328125,759.4603881835938,25179.59765625,3564.970703125,1486.9254150390625,1074.745361328125,154.15773010253906,3681.5830078125,1222.27978515625,3250.449951171875,1964.5582275390625,9564.69140625,336.2733459472656,217.43006896972656
2024-05-08,7090.84912109375,2408.939697265625,2856.738037109375,1773.0,1260.3243408203125,587.6895141601562,5814.11181640625,1126.816650390625,8346.876953125,1601.2591552734375,672.3995971679688,177.30775451660156,1270.8345947265625,276.6083374023437,5094.4580078125,1260.640625,1345.9671630859375,408.3514099121094,2674.912841796875,543.0331420898438,3885.699462890625,841.5006103515625,1196.5506591796875,4491.451171875,155.38128662109375,186.88487243652344,1296.13720703125,2359.665283203125,1661.5892333984375,1215.4798583984375,709.8441772460938,545.1293334960938,4317.45458984375,625.303466796875,2227.597900390625,1104.8895263671875,1692.9931640625,12.699999809265137,1424.3544921875,1315.3187255859375,146.87722778320312,384.3109130859375,855.6254272460938,328.9298400878906,3394.531005859375,2149.26904296875,12293.126953125,2187.769287109375,1243.9993896484375,81.71117401123047,338.8524475097656,249.40692138671875,3348.1806640625,282.6212158203125,1401.6473388671875,1422.0628662109375,767.8893432617188,25442.140625,3688.041748046875,1493.2054443359375,1090.0443115234375,155.84713745117188,3679.732421875,1217.1256103515625,3239.46923828125,1981.4786376953125,9403.6728515625,343.7885437011719,217.10198974609372
2024-05-09,6891.8896484375,2385.7841796875,2762.962890625,1712.1500244140625,1228.0577392578125,567.6731567382812,5774.23388671875,1113.8377685546875,8439.841796875,1562.85205078125,653.1852416992188,179.7662811279297,1257.8658447265625,264.0555114746094,4940.21337890625,1219.2991943359375,1320.7440185546875,389.931884765625,2619.1845703125,539.32568359375,3749.75634765625,826.1019287109375,1161.1856689453125,4460.15771484375,155.1836700439453,179.59158325195312,1277.5152587890625,2336.191162109375,1644.2967529296875,1221.4017333984375,693.0155029296875,534.3346557617188,4458.7529296875,611.3859252929688,2212.944580078125,1097.7071533203125,1623.258544921875,12.649999618530272,1383.82080078125,1326.607421875,140.9805450439453,370.4548034667969,825.8395385742188,327.8821716308594,3188.727783203125,2178.96142578125,12255.00390625,2158.6435546875,1231.48095703125,77.4847412109375,329.891357421875,238.956787109375,3318.284423828125,277.14654541015625,1377.5130615234375,1417.72705078125,776.4129638671875,25283.80078125,3585.79443359375,1466.61376953125,1060.717041015625,151.95213317871094,3664.234130859375,1200.1976318359375,3225.407470703125,2047.9200439453125,9331.263671875,335.126953125,213.6804656982422
2024-05-10,7082.5615234375,2330.488037109375,2793.522216796875,1714.75,1249.9632568359375,575.086669921875,5810.08447265625,1118.280517578125,8568.583984375,1570.9429931640625,660.9974975585938,183.94573974609372,1283.2115478515625,275.8725891113281,4936.998046875,1269.3179931640625,1302.0330810546875,395.1192321777344,2651.617431640625,537.37451171875,3753.268798828125,815.1944580078125,1169.8095703125,4547.8369140625,158.04920959472656,178.894775390625,1267.9642333984375,2359.466796875,1657.2659912109375,1217.83935546875,697.820068359375,543.2476196289062,4564.02490234375,617.5056762695312,2248.056396484375,1099.035400390625,1633.0382080078125,12.699999809265137,1392.4114990234375,1313.10693359375,143.0961456298828,377.6443176269531,844.6907348632812,324.8589782714844,3184.833740234375,2159.75732421875,12422.443359375,2141.22509765625,1241.157470703125,78.21976470947266,338.90008544921875,243.46116638183597,3328.118408203125,284.25885009765625,1390.6546630859375,1427.2457275390625,774.0927124023438,25442.935546875,3607.992919921875,1478.2906494140625,1066.484619140625,152.28062438964844,3602.88916015625,1195.7528076171875,3269.281494140625,2047.870361328125,9376.3095703125,348.7561950683594,211.78224182128903
2024-05-13,7877.70751953125,2334.04296875,2875.762451171875,1715.1500244140625,1289.088134765625,581.4127807617188,5797.85205078125,1130.1612548828125,8578.6005859375,1578.7843017578125,664.4191284179688,185.0274810791016,1268.22119140625,270.6329650878906,4999.11474609375,1279.2418212890625,1375.02978515625,390.3714904785156,2707.677490234375,536.837890625,3870.017333984375,827.9280395507812,1167.3497314453125,4547.4462890625,159.77841186523438,179.26638793945312,1284.61865234375,2367.456787109375,1672.6424560546875,1214.7862548828125,706.2400512695312,554.2404174804688,4571.6513671875,625.303466796875,2246.248291015625,1109.808837890625,1655.300048828125,12.600000381469728,1386.8819580078125,1311.7706298828125,142.42095947265625,376.3371276855469,851.61767578125,327.5030212402344,3206.640869140625,2151.091064453125,12420.8251953125,2163.7294921875,1232.852783203125,78.32696533203125,334.5148620605469,240.44322204589844,3357.17431640625,286.8791809082031,1385.9859619140625,1420.418212890625,765.9951782226562,25771.369140625,3872.356201171875,1496.443603515625,1072.3502197265625,153.78233337402344,3652.76123046875,1193.5303955078125,3233.3076171875,2052.882080078125,9435.3818359375,351.6009216308594,211.82911682128903
2024-05-14,7973.0185546875,2432.5390625,3033.501953125,1788.800048828125,1313.608642578125,603.1589965820312,5830.3212890625,1121.026123046875,8648.1953125,1574.6888427734375,660.1619262695312,185.42083740234372,1266.593994140625,270.2093505859375,5009.10205078125,1248.77197265625,1319.3345947265625,394.5038146972656,2670.367431640625,541.0330810546875,3854.879638671875,828.22412109375,1159.49658203125,4618.81982421875,161.95225524902344,185.8628845214844,1263.9222412109375,2354.40478515625,1698.875732421875,1222.3270263671875,709.0062866210938,556.1220703125,4719.40673828125,638.2833251953125,2235.73388671875,1102.47900390625,1654.9560546875,13.25,1403.125,1312.9224853515625,143.45626831054688,374.4635009765625,872.2994995117188,328.520751953125,3289.974365234375,2235.440673828125,12558.3740234375,2209.21826171875,1218.6932373046875,81.17520904541016,339.1860656738281,245.84849548339844,3383.957275390625,289.40594482421875,1403.154052734375,1428.142822265625,774.897705078125,25803.4921875,3895.95849609375,1516.2646484375,1061.1080322265625,154.81471252441406,3609.64404296875,1206.2501220703125,3268.33740234375,2118.5791015625,9543.20703125,367.3106384277344,213.8914031982422
2024-05-15,7976.42138671875,2457.86669921875,3045.685791015625,1839.1500244140625,1320.12109375,606.1737670898438,5816.3994140625,1126.2176513671875,8493.5537109375,1567.2972412109375,660.5870971679688,186.74842834472656,1291.8409423828125,278.7265014648437,4934.26953125,1228.1259765625,1367.3023681640625,411.34075927734375,2530.785888671875,532.5451049804688,3851.268310546875,814.9970703125,1160.721435546875,4539.5380859375,160.81593322753906,186.5132293701172,1249.125244140625,2352.072021484375,1723.4879150390625,1233.29150390625,698.1111450195312,550.5761108398438,4732.3662109375,645.2421264648438,2210.708251953125,1106.2176513671875,1624.5855712890625,13.199999809265137,1399.2740478515625,1308.545166015625,145.66188049316406,372.8077697753906,861.859619140625,329.4187316894531,3320.98095703125,2267.348876953125,12512.4091796875,2182.63525390625,1207.74267578125,81.86430358886719,344.4769287109375,246.34397888183597,3440.735595703125,294.6466064453125,1399.399169921875,1425.40185546875,776.8865356445312,25599.98828125,4164.35791015625,1498.7493896484375,1044.9293212890625,155.4248046875,3590.398193359375,1205.304443359375,3248.11474609375,2083.99365234375,9497.2216796875,371.42919921875,214.8053436279297
2024-05-16,8194.3251953125,2454.85546875,3037.596435546875,1844.4000244140625,1327.225830078125,608.2990112304688,5898.83984375,1137.449462890625,8463.693359375,1594.217041015625,667.2276000976562,176.619384765625,1326.5557861328125,275.9172058105469,5006.13037109375,1258.6959228515625,1381.299072265625,411.73638916015625,2543.806884765625,528.8377685546875,3889.458984375,830.642578125,1155.861083984375,4571.17236328125,162.14990234375,181.58909606933597,1259.9085693359375,2354.95068359375,1746.6260986328125,1247.4017333984375,708.6665649414062,561.56884765625,4811.0166015625,644.8966064453125,2229.596435546875,1112.8096923828125,1648.0760498046875,13.149999618530272,1391.029052734375,1339.3248291015625,146.607177734375,375.9885559082031,877.1484375,333.6592102050781,3368.975830078125,2335.74462890625,12248.1435546875,2275.339599609375,1209.384033203125,81.15990447998047,344.572265625,250.12762451171875,3487.185546875,292.4473876953125,1408.3660888671875,1447.4290771484375,768.9784545898438,25467.078125,4120.22412109375,1507.4825439453125,1075.0875244140625,155.70635986328125,3635.646240234375,1236.9383544921875,3313.055908203125,2111.731201171875,9591.06640625,367.7352294921875,217.6878662109375
2024-05-17,8259.6416015625,2490.254638671875,3056.421630859375,1833.0,1317.9996337890625,613.5377807617188,5920.0712890625,1139.4959716796875,8376.736328125,1582.9796142578125,665.2745361328125,178.14364624023438,1325.9146728515625,280.17578125,4956.4853515625,1281.6356201171875,1359.8668212890625,413.4508666992188,2539.735107421875,522.7401123046875,3869.275390625,837.7990112304688,1145.8148193359375,4583.03564453125,161.90286254882812,189.43983459472656,1252.5101318359375,2405.62060546875,1781.9478759765625,1233.5689697265625,710.5350341796875,564.6884155273438,4762.21728515625,646.969482421875,2207.9013671875,1112.2684326171875,1640.9501953125,13.25,1394.583740234375,1330.9849853515625,147.68746948242188,380.2151184082031,897.9786376953125,338.5481872558594,3359.386474609375,2476.426025390625,12389.1220703125,2218.383056640625,1198.1884765625,84.72787475585938,348.385498046875,249.94747924804688,3498.748779296875,293.0556945800781,1418.5927734375,1429.48828125,774.5662231445312,26082.005859375,4202.9931640625,1502.67431640625,1070.639404296875,157.06727600097656,3573.342529296875,1234.52685546875,3340.1357421875,2167.8515625,9770.11328125,375.8873291015625,216.07086181640625
2024-05-21,8435.2177734375,2496.080810546875,3113.34521484375,1859.3499755859373,1367.1397705078125,624.410888671875,5915.29833984375,1135.802001953125,8414.896484375,1580.7821044921875,666.8023681640625,181.0446929931641,1325.766845703125,287.1768493652344,5045.44677734375,1289.0660400390625,1401.905517578125,431.3868713378906,2567.669921875,526.2035522460938,3973.953369140625,840.957763671875,1141.9127197265625,4562.58056640625,161.70523071289062,189.71856689453125,1240.71142578125,2428.44970703125,1834.2178955078125,1241.6187744140625,707.9629516601562,560.1328735351562,4729.13818359375,684.6258544921875,2198.718994140625,1102.8724365234375,1619.6219482421875,13.550000190734863,1388.807373046875,1321.631103515625,150.25320434570312,378.9079284667969,913.8116455078124,338.8874206542969,3349.845947265625,2484.353515625,12224.279296875,2276.875244140625,1205.684814453125,86.4276351928711,354.629638671875,252.33474731445312,3472.8056640625,304.7535705566406,1419.0128173828125,1424.953369140625,786.6888427734375,25613.669921875,4260.84375,1512.0452880859375,1069.41748046875,163.63717651367188,3560.38818359375,1252.0224609375,3355.886474609375,2139.5185546875,9670.390625,417.5393676757813,216.0239715576172
2024-05-22,8300.93359375,2511.3857421875,3136.76416015625,1866.449951171875,1359.9364013671875,625.7453002929688,5835.64208984375,1124.1710205078125,8400.443359375,1582.180419921875,666.9705200195312,180.45465087890625,1329.3170166015625,285.6160888671875,5132.45849609375,1266.425537109375,1440.78515625,441.1021728515625,2597.5166015625,540.4964599609375,4015.508056640625,836.4664916992188,1160.2769775390625,4584.548828125,160.47007751464844,186.5132293701172,1262.7135009765625,2418.52392578125,1810.7357177734373,1242.6829833984375,708.1570434570312,554.983154296875,4674.95849609375,675.6929931640625,2252.195068359375,1093.1812744140625,1619.4744873046875,13.5,1387.27685546875,1340.6611328125,150.2982177734375,383.3523254394531,906.2415161132812,339.1468505859375,3369.21923828125,2482.7783203125,12281.169921875,2272.076904296875,1209.77587890625,83.6712646484375,356.3932800292969,250.44293212890625,3458.376708984375,304.8471984863281,1443.2454833984375,1422.7108154296875,788.422119140625,25460.484375,4187.75537109375,1510.42626953125,1095.2254638671875,162.65167236328125,3571.3857421875,1258.16943359375,3362.69384765625,2126.02197265625,9774.55859375,413.54827880859375,216.21145629882807
2024-05-23,8311.14453125,2583.517578125,3382.7861328125,1888.800048828125,1424.22314453125,639.0401611328125,5936.97705078125,1163.357177734375,8551.0791015625,1606.6529541015625,675.0894165039062,185.3716735839844,1355.1065673828125,288.7152709960937,5145.8564453125,1275.9005126953125,1447.4432373046875,437.2336120605469,2608.217041015625,546.301513671875,4069.38037109375,836.1209716796875,1165.206298828125,4738.2314453125,160.86532592773438,186.2345123291016,1276.6397705078125,2435.546630859375,1821.739990234375,1252.3984375,724.3662109375,560.1824340820312,4814.61865234375,668.043212890625,2267.039306640625,1116.2039794921875,1632.9398193359375,14.050000190734863,1422.7252197265625,1356.8802490234375,151.198486328125,384.6159362792969,907.4290161132812,341.0425720214844,3490.471435546875,2569.58984375,12676.6650390625,2300.38720703125,1212.2257080078125,81.48148345947266,354.9156188964844,255.3527069091797,3526.668701171875,299.37255859375,1468.343017578125,1442.0469970703125,801.277587890625,25458.453125,4311.96728515625,1467.05517578125,1092.8792724609375,164.71649169921875,3628.65625,1264.884033203125,3430.467529296875,2158.622314453125,10046.90625,401.405029296875,218.3206024169922
2024-05-24,8309.8134765625,2576.45751953125,3380.43896484375,1926.6500244140625,1397.334228515625,627.9693603515625,5881.5859375,1172.0928955078125,8536.5302734375,1599.9105224609375,676.1030883789062,183.20819091796875,1369.357421875,291.6806640625,5106.443359375,1257.6484375,1444.81884765625,440.4866943359375,2575.635498046875,544.4965209960938,4078.6806640625,829.3099975585938,1158.8939208984375,4765.66748046875,161.5076141357422,189.9508514404297,1267.2586669921875,2422.841796875,1856.81591796875,1244.6719970703125,736.3046875,559.6376953125,4789.447265625,664.5391845703125,2254.241455078125,1113.695068359375,1631.4656982421875,15.100000381469728,1423.663330078125,1350.15283203125,151.9636993408203,380.1279602050781,899.1661987304688,339.92510986328125,3529.899169921875,2540.5869140625,12740.9052734375,2294.533203125,1209.0899658203125,82.04806518554688,357.44189453125,255.17251586914065,3513.623046875,298.3431091308594,1462.6119384765625,1431.5316162109375,797.9072265625,25239.87890625,4260.2880859375,1458.8128662109375,1081.0230712890625,164.10643005371094,3587.6953125,1249.989013671875,3391.065185546875,2221.4912109375,10106.720703125,400.62255859375,217.3128967285156
2024-05-27,8286.2802734375,2552.611083984375,3284.6669921875,1929.5,1412.67822265625,625.20166015625,5906.39794921875,1185.07177734375,8584.70703125,1594.017333984375,681.8980102539062,185.9125518798828,1365.2645263671875,292.5502014160156,5078.7216796875,1266.6748046875,1437.2373046875,434.7278747558594,2559.896240234375,553.5699462890625,4210.12158203125,831.629638671875,1160.2669677734375,4680.08740234375,161.70523071289062,188.09266662597656,1285.2470703125,2372.8662109375,1854.3104248046875,1252.1671142578125,741.4004516601562,558.7959594726562,4757.25732421875,669.0796508789062,2268.9423828125,1111.579833984375,1595.73828125,15.050000190734863,1446.670166015625,1355.9127197265625,152.05369567871094,376.0321044921875,892.5360717773438,341.4317321777344,3555.30810546875,2510.40234375,12648.4384765625,2342.708740234375,1205.2437744140625,80.42486572265625,352.3893737792969,250.12762451171875,3693.000244140625,297.5476989746094,1448.77880859375,1405.567138671875,802.818359375,25198.9765625,4220.42431640625,1438.55029296875,1070.83544921875,164.71649169921875,3585.412109375,1257.5074462890625,3382.12158203125,2232.457275390625,10101.189453125,399.6662292480469,212.0634613037109
2024-05-28,8123.77978515625,2538.243896484375,3239.72705078125,1893.6500244140625,1381.9410400390625,622.384521484375,5871.791015625,1181.4776611328125,8576.1689453125,1597.863037109375,679.6779174804688,187.1417999267578,1352.14794921875,288.2916259765625,5116.04052734375,1256.40185546875,1438.014892578125,428.7492065429688,2593.869873046875,556.886962890625,4345.5205078125,809.4199829101562,1178.56201171875,4658.26611328125,158.09860229492188,186.28097534179688,1287.229736328125,2422.196533203125,1852.7874755859373,1256.8858642578125,742.75927734375,572.8587036132812,4850.87890625,672.4849853515625,2279.83740234375,1108.775634765625,1607.139404296875,14.550000190734863,1440.9925537109375,1351.949951171875,150.3882598876953,373.8534851074219,897.8796997070312,339.9649963378906,3561.343994140625,2514.046142578125,12562.685546875,2303.60205078125,1201.2261962890625,79.27637481689453,348.3377990722656,247.10964965820312,3647.48876953125,292.7281188964844,1438.8485107421875,1445.9840087890625,800.3628540039062,25416.5625,4174.88671875,1437.421875,1078.365478515625,164.15335083007812,3578.74853515625,1243.7000732421875,3388.083984375,2234.541015625,10055.15625,395.53656005859375,213.7507781982422
2024-05-29,8088.9501953125,2504.621826171875,3254.457275390625,1879.5999755859373,1391.3150634765625,622.829345703125,5870.7470703125,1157.8660888671875,8652.91796875,1568.1461181640625,673.1165161132812,188.51856994628903,1358.114501953125,282.5168762207031,5095.82177734375,1237.15234375,1451.7200927734375,427.6941833496094,2581.20166015625,541.9111328125,4400.82763671875,807.7418823242188,1185.5657958984375,4633.3193359375,157.60455322265625,186.4667816162109,1256.8621826171875,2382.742431640625,1860.4512939453125,1251.9818115234375,731.9855346679688,556.4190673828125,4813.26220703125,696.1744995117188,2258.380126953125,1084.2281494140625,1569.4954833984375,14.800000190734863,1441.8812255859375,1337.1131591796875,148.5877227783203,375.5528259277344,892.4866333007812,336.8121032714844,3538.5634765625,2495.1865234375,12533.333984375,2268.909912109375,1213.2301025390625,79.06199645996094,347.5751647949219,244.9025421142578,3607.166259765625,297.3137512207031,1423.607421875,1408.1588134765625,792.1776733398438,25110.091796875,4104.4013671875,1451.2081298828125,1054.495849609375,163.5432891845703,3544.96337890625,1216.6055908203125,3359.265380859375,2236.724365234375,9901.546875,394.927978515625,211.29010009765625
2024-05-30,8154.3662109375,2465.568603515625,3189.993408203125,1874.9000244140625,1365.166259765625,612.0057373046875,5734.5048828125,1166.052734375,8555.8974609375,1522.3973388671875,654.302734375,183.2573699951172,1358.1639404296875,279.0386962890625,5065.37255859375,1209.6744384765625,1425.524658203125,423.91351318359375,2538.7353515625,537.7159423828125,4366.0009765625,791.7015380859375,1160.4744873046875,4630.92724609375,158.39503479003906,185.25897216796875,1232.0557861328125,2327.75439453125,1828.0770263671875,1232.3199462890625,735.1642456054688,545.4263916015625,4806.009765625,686.1558227539062,2237.4462890625,1095.7393798828125,1558.9788818359375,14.600000381469728,1428.6004638671875,1315.4569091796875,145.79693603515625,369.365478515625,874.4765625,337.26104736328125,3538.466064453125,2455.646240234375,12346.490234375,2219.53466796875,1178.2471923828125,76.39749908447266,342.9040222167969,240.2630920410156,3475.919189453125,287.0195617675781,1407.8720703125,1375.5162353515625,795.2590942382812,24849.1328125,4085.595703125,1431.7305908203125,1050.4599609375,154.0638885498047,3482.008056640625,1173.4814453125,3251.394287109375,2213.899169921875,9748.875,383.23443603515625,204.7985992431641
2024-05-31,8206.955078125,2514.3974609375,3406.803955078125,1908.3499755859373,1418.35205078125,626.7337646484375,5806.8525390625,1160.26220703125,8666.7978515625,1526.892333984375,662.3375244140625,185.17498779296875,1353.8245849609375,279.9527893066406,5047.10302734375,1237.8504638671875,1406.6680908203125,431.8704833984375,2550.251708984375,531.8134155273438,4261.52099609375,805.1260986328125,1144.29345703125,4621.6513671875,160.12425231933594,189.81149291992188,1228.5740966796875,2299.019775390625,1880.0234375,1225.1490478515625,743.268798828125,544.5350952148438,4790.6630859375,680.4308471679688,2216.179443359375,1102.970947265625,1553.67138671875,15.25,1443.4610595703125,1322.4598388671875,146.2020263671875,371.6312561035156,871.3594360351562,335.325439453125,3572.150390625,2468.202880859375,12151.7568359375,2191.991943359375,1153.79833984375,79.67451477050781,342.2366638183594,238.14599609375,3370.615234375,290.1078186035156,1413.3560791015625,1381.845458984375,799.5924072265625,24470.62890625,4075.827392578125,1432.41748046875,1043.6190185546875,156.9264678955078,3421.288330078125,1161.7545166015625,3221.63134765625,2162.691162109375,9794.9580078125,391.2329711914063,205.38449096679688
2024-06-03,8611.533203125,2649.0830078125,3640.392333984375,2038.0,1562.9598388671875,663.0596923828125,5818.7861328125,1221.911865234375,8905.9658203125,1574.0396728515625,683.8806762695312,191.8129730224609,1371.92138671875,297.0540771484375,5035.41015625,1285.276123046875,1411.673828125,450.4658203125,2578.8505859375,531.520751953125,4276.06494140625,857.935791015625,1142.604248046875,4560.52978515625,162.3969268798828,214.43215942382807,1263.535400390625,2351.178955078125,1852.423828125,1216.2200927734375,762.9965209960938,544.7826538085938,4829.029296875,686.9454956054688,2241.728271484375,1141.292724609375,1573.23046875,16.0,1510.45751953125,1321.519775390625,157.8153839111328,375.0299377441406,905.7467651367188,342.8385009765625,3793.96728515625,2594.01318359375,12227.0732421875,2197.60595703125,1153.8719482421875,82.04806518554688,373.5050354003906,255.9382476806641,3385.78564453125,315.9835510253906,1492.32861328125,1386.9287109375,872.1032104492188,25093.9296875,4254.84814453125,1425.7940673828125,1052.3795166015625,163.5432891845703,3451.019287109375,1177.7369384765625,3240.810791015625,2232.903564453125,10342.765625,398.057861328125,208.1498107910156
2024-06-04,7564.44384765625,2253.369873046875,2937.33056640625,1646.0,1232.399169921875,550.1774291992188,5813.31640625,1129.412353515625,8821.345703125,1475.649658203125,643.7312622070312,174.30838012695312,1281.7816162109375,258.72674560546875,5188.68115234375,1228.176025390625,1421.5882568359375,388.5250854492188,2696.50927734375,564.1066284179688,4278.291015625,753.1553955078125,1132.23193359375,4389.22412109375,152.8121795654297,176.8043212890625,1304.1058349609375,2239.614990234375,1747.6441650390625,1206.134765625,719.780029296875,529.283935546875,4969.48583984375,640.6522827148438,2375.32470703125,1054.170654296875,1509.9337158203125,13.199999809265137,1373.99609375,1310.0050048828125,139.08999633789062,368.4967956542969,833.0633544921875,326.8544921875,3313.095703125,2533.8408203125,11932.9638671875,2183.73876953125,1189.49169921875,72.67639923095703,315.7824401855469,212.87649536132807,3312.6513671875,276.9594116210937,1380.625732421875,1334.45166015625,746.4852905273438,24671.109375,3727.3203125,1403.029296875,1069.949462890625,149.18338012695312,3462.3427734375,1172.0157470703125,3218.69970703125,2194.646484375,9797.7236328125,363.2815551757813,205.36105346679688
2024-06-05,7708.4462890625,2371.41748046875,3111.198486328125,1828.8499755859373,1336.649169921875,591.9893188476562,5901.7734375,1182.575927734375,9160.490234375,1516.0045166015625,676.0782470703125,187.48599243164065,1325.81591796875,259.1280517578125,5346.091796875,1285.12646484375,1455.0247802734375,404.9224548339844,2840.752197265625,585.619140625,4454.94775390625,785.7789916992188,1150.6749267578125,4470.84912109375,164.0767059326172,181.3103790283203,1379.8792724609375,2287.70458984375,1767.1610107421875,1243.284423828125,753.0962524414062,546.6148071289062,5294.93896484375,686.2545166015625,2476.61572265625,1090.7708740234375,1602.52001953125,14.850000381469728,1482.0692138671875,1344.2672119140625,143.36622619628906,381.8983154296875,869.23193359375,342.8485107421875,3318.741943359375,2699.33984375,12252.994140625,2266.846435546875,1229.7171630859375,74.97337341308594,325.0771789550781,222.96627807617188,3525.235595703125,279.62652587890625,1403.821044921875,1385.533203125,760.4962768554688,25264.26953125,3818.600341796875,1459.401611328125,1124.48046875,158.80357360839844,3491.65380859375,1198.1171875,3296.90771484375,2333.93017578125,9916.06640625,383.14752197265625,211.6182098388672
2024-06-06,7880.9140625,2422.71435546875,3181.404541015625,1865.199951171875,1335.02099609375,603.0107421875,5928.9716796875,1169.0478515625,9255.126953125,1524.7447509765625,684.8944091796875,188.37106323242188,1351.7041015625,260.48809814453125,5301.07568359375,1332.2027587890625,1435.633544921875,415.8247680664063,2832.93017578125,582.6434936523438,4401.7177734375,818.451904296875,1163.87255859375,4608.27490234375,162.59454345703125,193.1561737060547,1356.0400390625,2317.382080078125,1813.39013671875,1293.0638427734375,756.9301147460938,549.8828735351562,5178.671875,668.7341918945312,2426.041748046875,1092.49267578125,1616.624267578125,15.0,1462.468994140625,1383.8875732421875,147.28236389160156,386.4246520996094,878.8306274414062,346.1610717773437,3390.3447265625,2658.86376953125,12420.4833984375,2338.054443359375,1210.878173828125,77.2397232055664,333.4185791015625,227.29046630859372,3651.1455078125,281.170654296875,1414.541748046875,1438.1099853515625,786.6887817382812,25418.1484375,3974.0478515625,1445.075439453125,1122.019775390625,161.47848510742188,3569.894287109375,1245.922607421875,3300.8828125,2379.9775390625,9932.7119140625,391.1460571289063,216.07086181640625
2024-06-07,7965.51953125,2467.692138671875,3215.259521484375,1864.25,1360.5777587890625,614.130859375,5981.23095703125,1184.872314453125,9278.1171875,1565.9486083984375,711.15966796875,193.2880706787109,1405.6007080078125,267.4668273925781,5323.58349609375,1334.3472900390625,1455.31640625,421.2758483886719,2844.06298828125,598.1559448242188,4476.07080078125,832.5674438476562,1197.5286865234375,4649.52685546875,163.08859252929688,197.6157684326172,1380.943115234375,2362.146728515625,1828.81640625,1324.5230712890625,763.5545654296875,557.5084838867188,5223.2138671875,671.5473022460938,2452.874755859375,1103.6103515625,1632.7529296875,15.850000381469728,1473.33056640625,1441.5552978515625,147.822509765625,389.7528381347656,902.6296997070312,349.9525146484375,3438.97216796875,2814.0712890625,12555.1396484375,2372.266845703125,1226.0914306640625,79.169189453125,343.761962890625,234.58755493164065,3805.222412109375,289.4995422363281,1452.4346923828125,1421.165771484375,799.207275390625,25855.642578125,4021.515625,1478.5848388671875,1117.83642578125,167.90756225585938,3629.12255859375,1302.806884765625,3422.517333984375,2389.355712890625,10335.9501953125,400.4921569824219,227.10873413085935
2024-06-10,7954.37060546875,2511.138916015625,3215.808837890625,1880.3499755859373,1365.708984375,632.9610595703125,6023.1474609375,1198.0506591796875,9285.2724609375,1564.0509033203125,701.0184326171875,195.02870178222656,1406.3897705078125,268.7154541015625,5347.79736328125,1356.3892822265625,1491.2801513671875,420.00103759765625,2825.54052734375,604.7413940429688,4488.14208984375,836.663818359375,1206.3895263671875,4669.78662109375,162.8909912109375,193.41632080078125,1376.252685546875,2428.5986328125,1830.2950439453125,1312.7257080078125,757.7066650390625,563.6981201171875,5354.54638671875,667.6484375,2441.0283203125,1105.676513671875,1657.3653564453125,15.8100004196167,1467.1591796875,1409.737060546875,148.73178100585938,387.7559509277344,906.3405151367188,348.3461303710937,3449.92431640625,2764.9287109375,12463.6533203125,2298.0361328125,1248.5069580078125,78.0053939819336,347.86114501953125,233.46144104003903,3701.697265625,295.5356140136719,1453.867431640625,1427.5946044921875,800.9887084960938,27007.95703125,4010.6650390625,1484.7176513671875,1115.2772216796875,169.212158203125,3596.26953125,1267.5792236328125,3400.803955078125,2418.333984375,10694.6357421875,386.1034851074219,222.7498321533203
2024-06-11,7987.22607421875,2531.38134765625,3216.957275390625,1855.699951171875,1384.851806640625,632.3679809570312,6074.11376953125,1192.659423828125,9361.2587890625,1566.498046875,705.8887939453125,195.1565399169922,1407.5731201171875,270.7667236328125,5376.3955078125,1328.8118896484375,1487.3922119140625,418.8140869140625,2832.498291015625,598.4974975585938,4427.986328125,844.9555053710938,1193.1722412109375,4646.255859375,165.59841918945312,197.7644195556641,1382.2001953125,2438.62353515625,1806.6383056640625,1322.0250244140625,759.4052734375,566.1739501953125,5414.80859375,664.2430419921875,2432.464599609375,1100.1668701171875,1623.0855712890625,16.190000534057617,1462.4195556640625,1405.97705078125,150.95541381835938,384.2946166992188,900.6010131835938,343.2276611328125,3503.41943359375,2792.503662109375,12606.8369140625,2295.444580078125,1245.444580078125,78.17383575439453,350.2444152832031,246.4340057373047,3690.18408203125,296.2375183105469,1439.31787109375,1423.358642578125,804.5997924804688,26833.603515625,4036.69482421875,1471.6180419921875,1117.787109375,170.18826293945312,3590.118896484375,1276.1851806640625,3389.3759765625,2423.891357421875,10800.630859375,385.7992248535156,223.12478637695312
2024-06-12,8170.49755859375,2591.4169921875,3214.76025390625,1827.3499755859373,1375.4776611328125,660.9839477539062,6134.427734375,1185.970458984375,9448.5966796875,1577.3359375,713.7654418945312,193.2093963623047,1418.5694580078125,273.5091552734375,5299.95458984375,1355.4918212890625,1497.7923583984375,429.67236328125,2836.385009765625,604.3999633789062,4405.1318359375,848.6571044921875,1197.2816162109375,4736.0830078125,171.7938995361328,201.53648376464844,1370.208251953125,2431.923583984375,1804.0753173828125,1331.2313232421875,763.9428100585938,567.1642456054688,5418.177734375,665.1807861328125,2406.154296875,1101.4951171875,1632.60498046875,16.43000030517578,1465.579345703125,1396.0601806640625,151.99969482421875,383.6733093261719,907.330078125,342.37957763671875,3534.182861328125,2745.232421875,12592.822265625,2301.2509765625,1243.1663818359375,80.57799530029297,353.9623413085937,248.19076538085935,3726.405029296875,303.8177490234375,1445.888671875,1447.927490234375,808.0182495117188,27304.61328125,4132.771484375,1478.5848388671875,1107.0089111328125,171.032958984375,3571.059326171875,1296.1868896484375,3361.153564453125,2402.108154296875,10910.529296875,386.23388671875,223.52317810058597
2024-06-13,8333.8876953125,2602.673828125,3220.502685546875,1797.550048828125,1385.838623046875,656.8323974609375,6171.8193359375,1172.741943359375,9466.8662109375,1588.3236083984375,721.3997192382812,191.00657653808597,1406.09375,276.1847229003906,5241.638671875,1432.3399658203125,1501.291748046875,428.9690246582031,2817.863037109375,594.7900390625,4544.78466796875,862.7725219726562,1204.354736328125,4688.09423828125,170.21290588378906,204.2401428222656,1362.954833984375,2439.76513671875,1812.2073974609373,1336.227783203125,767.1458740234375,587.76318359375,5442.31982421875,671.8927612304688,2366.85546875,1089.49169921875,1640.2008056640625,16.06999969482422,1488.2899169921875,1404.28515625,152.09873962402344,381.8983154296875,906.1920166015624,344.49481201171875,3605.5908203125,2818.256591796875,12590.37109375,2357.43994140625,1250.2462158203125,81.26708984375,352.67535400390625,249.1366424560547,3746.368896484375,300.8230895996094,1447.790771484375,1445.1368408203125,812.6405639648438,27256.87109375,4326.5615234375,1482.4608154296875,1097.1165771484375,171.34268188476562,3614.397216796875,1313.5406494140625,3450.4912109375,2423.09716796875,11037.9599609375,382.3650207519531,226.19476318359372
2024-06-14,8899.63671875,2635.748046875,3258.6767578125,1806.300048828125,1417.7978515625,671.4066772460938,6173.21142578125,1179.131591796875,9580.6884765625,1589.9718017578125,726.008056640625,191.11474609375,1407.7210693359375,279.44000244140625,5255.474609375,1443.21142578125,1520.9259033203125,428.13372802734375,2833.602294921875,593.814453125,4539.9365234375,867.2638549804688,1202.260498046875,4818.5390625,172.32748413085938,206.09829711914065,1347.142333984375,2452.81689453125,1813.193115234375,1324.1065673828125,774.9834594726562,592.5662841796875,5431.2783203125,674.7552490234375,2382.565185546875,1087.8192138671875,1707.4779052734375,16.729999542236328,1483.4515380859375,1399.5382080078125,153.36810302734375,382.6527099609375,911.5357055664062,342.6689147949219,3590.16015625,2884.14111328125,12588.7548828125,2311.71142578125,1245.714111328125,81.89493560791016,351.24542236328125,248.1006317138672,3728.67822265625,300.869873046875,1459.944091796875,1465.071044921875,808.1146240234375,27303.71875,4556.79345703125,1487.563232421875,1095.000244140625,171.8964385986328,3571.43212890625,1296.9908447265625,3507.979736328125,2484.82470703125,11106.12109375,389.1463928222656,223.8043975830078
2024-06-18,8748.677734375,2626.142578125,3305.932373046875,1814.0,1431.968994140625,668.3331298828125,6201.80224609375,1189.9638671875,9538.8046875,1596.164794921875,725.3306274414062,194.7533416748047,1408.6578369140625,281.335205078125,5257.6181640625,1450.3427734375,1530.694580078125,429.9801025390625,2826.980224609375,585.5704345703125,4516.09228515625,867.4612426757812,1183.68896484375,4819.51513671875,173.00929260253906,206.497802734375,1357.4906005859375,2439.2685546875,1802.0545654296875,1329.7969970703125,780.2733764648438,595.3887939453125,5385.0986328125,669.968017578125,2388.810302734375,1104.7418212890625,1721.6336669921875,16.850000381469727,1488.931884765625,1408.280029296875,152.67489624023438,380.5226745605469,915.6918334960938,343.1079406738281,3591.523193359375,2916.935546875,12310.1796875,2319.86865234375,1249.560302734375,81.45085906982422,352.3893737792969,248.46099853515625,3802.55419921875,310.5089416503906,1463.377685546875,1468.7091064453125,813.603515625,27228.46484375,4520.32275390625,1492.4202880859375,1109.2236328125,169.9911651611328,3555.635009765625,1296.896240234375,3566.561279296875,2452.373046875,10983.875,393.2326049804688,230.5302581787109
2024-06-19,8429.98828125,2595.98974609375,3258.82666015625,1789.6500244140625,1435.3382568359375,661.0955810546875,6139.34912109375,1224.657470703125,9315.294921875,1593.1182861328125,715.367431640625,195.53024291992188,1373.1541748046875,274.6016845703125,5223.31982421875,1446.85205078125,1516.1146240234375,420.2208557128906,2779.5712890625,583.9606323242188,4432.19140625,848.7064819335938,1176.7640380859375,4765.47216796875,172.4757080078125,200.9418792724609,1346.0302734375,2428.946044921875,1789.6842041015625,1337.8006591796875,804.5628662109375,590.4370727539062,5284.83349609375,653.82958984375,2360.706298828125,1125.993408203125,1735.9375,16.920000076293945,1508.9764404296875,1420.6407470703125,150.1181640625,375.996337890625,905.400390625,348.5556640625,3494.901123046875,2889.3115234375,11997.6953125,2314.158447265625,1237.6544189453125,80.27173614501953,345.5732116699219,244.63229370117188,3797.61279296875,306.29766845703125,1441.2694091796875,1444.4390869140625,821.0181884765625,27209.92578125,4409.27197265625,1475.7884521484375,1088.2576904296875,168.95877075195312,3543.146484375,1306.1641845703125,3440.703125,2419.22705078125,10861.876953125,389.8854064941406,232.35818481445312
2024-06-20,8425.3505859375,2597.07861328125,3256.37890625,1806.4000244140625,1456.14892578125,653.5111083984375,6141.63720703125,1237.486572265625,9263.5517578125,1584.2281494140625,712.7122802734375,204.7250518798828,1362.108642578125,279.2616271972656,5240.6640625,1434.9332275390625,1501.583251953125,424.7927551269531,2740.51171875,586.1069946289062,4456.283203125,863.216796875,1179.648681640625,4761.712890625,176.75425720214844,203.0973663330078,1316.2913818359375,2480.2119140625,1792.2962646484375,1335.5799560546875,810.143798828125,584.39599609375,5150.927734375,667.7471313476562,2384.9189453125,1138.144287109375,1724.642578125,16.530000686645508,1508.6307373046875,1424.4476318359375,152.11672973632812,375.6857299804688,919.9469604492188,352.4569091796875,3526.7890625,2827.612548828125,11906.9443359375,2323.3232421875,1244.36669921875,83.68657684326172,340.9496765136719,244.9025421142578,3852.76025390625,303.72412109375,1456.139892578125,1450.7183837890625,812.4960327148438,27462.8046875,4401.60888671875,1443.4073486328125,1085.9447021484375,171.07989501953125,3529.678955078125,1317.46533203125,3414.468017578125,2409.50146484375,10770.650390625,408.5776672363281,229.8506317138672
2024-06-21,8287.3173828125,2564.9453125,3186.295166015625,1780.449951171875,1472.1036376953125,651.8256225585938,6135.81982421875,1235.43994140625,9234.9404296875,1578.131103515625,709.0498046875,205.7576446533203,1396.527587890625,274.3341369628906,5193.7470703125,1397.8804931640625,1498.375732421875,422.1990661621094,2712.344482421875,575.5702514648438,4474.19140625,845.05419921875,1187.6798095703125,4731.0546875,174.42230224609375,199.52967834472656,1312.2296142578125,2447.804443359375,1860.0631103515625,1339.6512451171875,808.396728515625,577.2910766601562,5101.70654296875,675.6436157226562,2345.621826171875,1139.9644775390625,1733.0767822265625,17.139999389648438,1507.939697265625,1440.7093505859375,150.00111389160156,372.4019165039063,927.1212768554688,354.3326721191406,3468.45849609375,2796.8369140625,11957.90625,2331.7685546875,1224.1070556640625,82.5993423461914,342.9992980957031,242.92063903808597,3898.32080078125,305.03436279296875,1436.872314453125,1459.340087890625,805.322021484375,27170.66015625,4349.78369140625,1439.727783203125,1067.882568359375,172.2863006591797,3551.58056640625,1323.8016357421875,3378.494384765625,2416.894775390625,10532.77734375,408.8384399414063,229.9209442138672
2024-06-24,8352.3369140625,2563.01416015625,3191.590087890625,1812.3499755859373,1447.0814208984375,652.123046875,6224.87353515625,1226.1051025390625,9372.470703125,1586.8768310546875,703.8419189453125,204.48904418945312,1400.225830078125,272.23828125,5162.03125,1430.993408203125,1462.2662353515625,416.4841613769531,2718.582763671875,585.13134765625,4471.619140625,829.6061401367188,1196.2740478515625,4755.85498046875,173.75038146972656,197.5693206787109,1335.3919677734375,2496.390625,1884.5084228515625,1333.17431640625,811.6240234375,575.8502197265625,5169.501953125,676.3839111328125,2346.486328125,1151.229736328125,1747.5284423828125,17.260000228881836,1471.6519775390625,1435.492431640625,149.7130584716797,375.6857299804688,925.5874633789062,353.7140808105469,3465.122314453125,2871.535400390625,11940.1669921875,2297.652099609375,1239.6142578125,80.85363006591797,345.8115234375,243.1458282470703,3921.694580078125,311.585205078125,1424.2989501953125,1447.9774169921875,801.8554077148438,27086.38671875,4441.9990234375,1466.466552734375,1084.6649169921875,170.39051818847656,3557.21923828125,1325.5985107421875,3391.015869140625,2421.162109375,10654.875,402.8395385742188,229.9209442138672
2024-06-25,8287.564453125,2544.64501953125,3168.1123046875,1797.0999755859375,1443.018310546875,643.2495727539062,6260.4755859375,1269.3846435546875,9290.43359375,1602.5692138671875,703.1065063476562,200.0735626220703,1395.4427490234375,264.2561950683594,5214.9404296875,1427.6025390625,1457.69775390625,412.5715942382813,2717.046875,578.8872680664062,4491.1591796875,814.0099487304688,1200.9071044921875,4662.2685546875,173.90847778320312,198.0338592529297,1330.2662353515625,2498.2265625,1889.4368896484373,1339.74365234375,830.5266723632812,587.2280883789062,5155.97998046875,676.630615234375,2336.87841796875,1178.630615234375,1756.20947265625,17.190000534057617,1476.7371826171875,1449.404052734375,147.9755401611328,375.6857299804688,920.1943359375,355.57989501953125,3520.264404296875,2865.232421875,11874.7001953125,2311.18359375,1232.4609375,79.03136444091797,344.0002746582031,240.5332946777344,3927.722900390625,306.39129638671875,1436.822998046875,1457.197021484375,811.0516357421875,26985.99609375,4422.140625,1476.9658203125,1077.4302978515625,168.20750427246094,3577.39697265625,1350.234130859375,3381.177490234375,2396.35205078125,10714.34375,394.7540893554688,232.87374877929688
2024-06-26,8278.880859375,2565.63818359375,3167.5126953125,1774.300048828125,1454.5633544921875,651.4290161132812,6102.8037109375,1283.31201171875,9112.2216796875,1599.470703125,711.4301147460938,202.15838623046875,1439.3785400390625,266.12908935546875,5282.80615234375,1426.5052490234375,1437.6746826171875,412.1320495605469,2688.9755859375,587.1314086914062,4497.1455078125,815.0464477539062,1199.2574462890625,4627.75390625,175.06455993652344,198.2939910888672,1367.741943359375,2533.26416015625,1890.8663330078125,1335.8111572265625,825.7463989257812,585.340087890625,5102.642578125,665.970458984375,2349.753662109375,1198.357421875,1762.72021484375,18.020000457763672,1479.0576171875,1448.229248046875,147.88552856445312,376.2625732421875,909.6060180664062,358.82257080078125,3535.12939453125,2808.21142578125,11954.720703125,2321.884033203125,1241.6719970703125,76.33625030517578,348.0041809082031,241.20895385742188,3904.6953125,305.7362365722656,1495.9844970703125,1446.1334228515625,814.0367431640625,27264.953125,4443.841796875,1492.6165771484375,1069.85107421875,165.22019958496094,3593.614013671875,1336.332275390625,3351.663330078125,2358.6904296875,11007.6328125,384.36468505859375,232.10040283203125
2024-06-27,8527.7158203125,2611.288818359375,3172.158447265625,1808.449951171875,1472.1036376953125,654.998291015625,6158.1953125,1286.856201171875,9057.208984375,1602.3193359375,712.2798461914062,196.9758453369141,1455.453857421875,271.88153076171875,5291.185546875,1434.334716796875,1439.42431640625,410.6373901367188,2726.260009765625,584.6922607421875,4474.3896484375,806.2118530273438,1232.0242919921875,4602.46533203125,174.91635131835938,202.4934539794922,1317.2103271484375,2617.9794921875,1826.3521728515625,1346.1741943359375,823.1500244140625,589.5136108398438,5132.77392578125,676.3839111328125,2365.654541015625,1200.2266845703125,1769.1815185546875,18.520000457763672,1483.8465576171875,1478.919677734375,147.26434326171875,377.7270202636719,933.3060302734376,365.2879943847656,3497.304931640625,2845.0927734375,11935.609375,2343.62060546875,1241.427001953125,75.18775939941406,359.5391540527344,240.98373413085935,3984.45166015625,310.2749938964844,1512.3126220703125,1458.6422119140625,812.73681640625,27595.662109375,4581.361328125,1487.80859375,1068.571533203125,166.7521514892578,3666.58837890625,1354.48974609375,3370.456787109375,2326.338134765625,11574.2607421875,385.407958984375,239.412109375
2024-06-28,8377.5966796875,2593.51416015625,3174.156494140625,1788.800048828125,1464.7703857421875,664.51611328125,6151.43310546875,1263.1947021484375,9138.1884765625,1587.3765869140625,707.1912841796875,200.3980865478516,1424.1414794921875,271.0788879394531,5335.2763671875,1419.7730712890625,1439.3271484375,416.0005798339844,2728.563232421875,586.0581665039062,4547.70361328125,814.1087036132812,1264.9097900390625,4562.58056640625,175.14361572265625,203.97998046875,1330.60498046875,2650.584716796875,1796.337646484375,1350.5230712890625,817.156494140625,591.3023071289062,5221.1083984375,684.5764770507812,2376.127685546875,1180.254150390625,1765.3343505859375,17.889999389648438,1462.1318359375,1472.7156982421875,149.10986328125,377.1057434082031,921.7776489257812,359.69061279296875,3481.655029296875,2823.13134765625,11793.6025390625,2357.488037109375,1250.197265625,75.35619354248047,360.6831665039063,247.0196228027344,4191.84765625,309.7135009765625,1546.747314453125,1487.0484619140625,817.5034790039062,27633.29296875,4506.66455078125,1492.322265625,1080.2354736328125,166.60853576660156,3638.628662109375,1352.69287109375,3393.98583984375,2346.880859375,11526.0537109375,394.7106018066406,241.31033325195312
2024-07-01,8472.8095703125,2722.791259765625,3180.80029296875,1776.8499755859375,1461.2027587890625,689.0543823242188,6106.4833984375,1259.8502197265625,9167.76171875,1579.430419921875,723.21240234375,202.44357299804688,1433.954345703125,271.6139831542969,5336.2021484375,1430.843994140625,1437.6746826171875,417.4512939453125,2746.125732421875,596.058349609375,4553.29345703125,814.7503051757812,1255.2979736328125,4526.0634765625,175.6278076171875,206.76724243164065,1352.07470703125,2706.11865234375,1797.81640625,1359.081787109375,827.5420532226562,596.9663696289062,5243.09912109375,680.9243774414062,2406.92138671875,1192.3065185546875,1782.6468505859375,17.6200008392334,1454.5440673828125,1495.3223876953125,150.93739318847656,380.7889404296875,934.0482177734376,360.80810546875,3460.16748046875,2832.19189453125,11866.91015625,2394.291015625,1258.2572021484375,77.05596923828125,352.4847106933594,245.89352416992188,4443.568359375,308.4501647949219,1541.5599365234375,1496.9161376953125,810.7627563476562,28112.130859375,4604.37841796875,1491.5863037109375,1077.381103515625,166.66598510742188,3707.642333984375,1392.17626953125,3421.154052734375,2336.708984375,11759.92578125,404.2740783691406,247.16909790039065
