Date,pair,t1,t2,hedge_ratio,alpha,signal,z_score,spread,s1_price,s2_price
2024-06-28,APOLLOHOSP / HCLTECH,APOLLOHOSP.NS,HCLTECH.NS,3.5449,1135.8803,0.0,,228.08405833740176,6151.43359375,1350.5230712890625
2024-07-01,APOLLOHOSP / HCLTECH,APOLLOHOSP.NS,HCLTECH.NS,3.5449,1135.8803,0.0,,152.79407131347648,6106.4833984375,1359.081787109375
2024-07-02,APOLLOHOSP / HCLTECH,APOLLOHOSP.NS,HCLTECH.NS,3.5449,1135.8803,0.0,,70.93505739746047,6063.82080078125,1370.138916015625
2024-07-03,APOLLOHOSP / HCLTECH,APOLLOHOSP.NS,HCLTECH.NS,3.5449,1135.8803,0.0,,164.85228537597663,6158.39404296875,1370.323974609375
2024-07-04,APOLLOHOSP / HCLTECH,APOLLOHOSP.NS,HCLTECH.NS,3.5449,1135.8803,0.0,,61.39521964111259,6190.564453125,1408.5838623046875
2024-07-05,APOLLOHOSP / HCLTECH,APOLLOHOSP.NS,HCLTECH.NS,3.5449,1135.8803,0.0,,173.99775430908153,6293.4912109375,1405.8543701171875
2024-07-08,APOLLOHOSP / HCLTECH,APOLLOHOSP.NS,HCLTECH.NS,3.5449,1135.8803,0.0,,117.03997192382826,6282.453125,1418.80810546875
2024-07-09,APOLLOHOSP / HCLTECH,APOLLOHOSP.NS,HCLTECH.NS,3.5449,1135.8803,0.0,,127.4181197021478,6285.287109375,1416.679931640625
2024-07-10,APOLLOHOSP / HCLTECH,APOLLOHOSP.NS,HCLTECH.NS,3.5449,1135.8803,0.0,,251.88401856689393,6340.38037109375,1397.1102294921875
2024-07-11,APOLLOHOSP / HCLTECH,APOLLOHOSP.NS,HCLTECH.NS,3.5449,1135.8803,0.0,,258.763758935547,6353.65625,1398.91455078125
2024-07-12,APOLLOHOSP / HCLTECH,APOLLOHOSP.NS,HCLTECH.NS,3.5449,1135.8803,0.0,,65.38465560302734,6318.70068359375,1443.6051025390625
2024-07-15,APOLLOHOSP / HCLTECH,APOLLOHOSP.NS,HCLTECH.NS,3.5449,1135.8803,0.0,,117.44152510986328,6401.58935546875,1452.3026123046875
2024-07-16,APOLLOHOSP / HCLTECH,APOLLOHOSP.NS,HCLTECH.NS,3.5449,1135.8803,0.0,,133.96490366210924,6417.94873046875,1452.25634765625
2024-07-18,APOLLOHOSP / HCLTECH,APOLLOHOSP.NS,HCLTECH.NS,3.5449,1135.8803,0.0,-0.4213569871708646,118.74312320556578,6484.7265625,1475.3880615234375
2024-07-19,APOLLOHOSP / HCLTECH,APOLLOHOSP.NS,HCLTECH.NS,3.5449,1135.8803,1.0,-2.0084911530167218,-19.38822445068422,6346.59521484375,1475.3880615234375
2024-07-22,APOLLOHOSP / HCLTECH,APOLLOHOSP.NS,HCLTECH.NS,3.5449,1135.8803,1.0,-0.8423545533739497,57.93609600830018,6366.68359375,1459.2420654296875
2024-07-23,APOLLOHOSP / HCLTECH,APOLLOHOSP.NS,HCLTECH.NS,3.5449,1135.8803,1.0,-1.8629206716644442,-50.51774844970737,6368.1259765625,1490.2432861328125
2024-07-24,APOLLOHOSP / HCLTECH,APOLLOHOSP.NS,HCLTECH.NS,3.5449,1135.8803,1.0,-0.951127670572775,16.796720593261625,6387.02001953125,1476.5841064453125
2024-07-25,APOLLOHOSP / HCLTECH,APOLLOHOSP.NS,HCLTECH.NS,3.5449,1135.8803,1.0,-1.3300724638020136,-32.68911147460972,6350.423828125,1480.22021484375
2024-07-26,APOLLOHOSP / HCLTECH,APOLLOHOSP.NS,HCLTECH.NS,3.5449,1135.8803,1.0,-0.02724129367475184,86.69613951415954,6627.62939453125,1524.7406005859375
2024-07-29,APOLLOHOSP / HCLTECH,APOLLOHOSP.NS,HCLTECH.NS,3.5449,1135.8803,0.0,0.2629382908523366,113.61664107665979,6644.63525390625,1521.9437255859375
2024-07-30,APOLLOHOSP / HCLTECH,APOLLOHOSP.NS,HCLTECH.NS,3.5449,1135.8803,0.0,-0.059093932047579775,80.13234555664053,6604.21044921875,1519.98583984375
2024-07-31,APOLLOHOSP / HCLTECH,APOLLOHOSP.NS,HCLTECH.NS,3.5449,1135.8803,0.0,-0.6751682739114497,13.757316577148003,6578.65283203125,1531.500244140625
2024-08-01,APOLLOHOSP / HCLTECH,APOLLOHOSP.NS,HCLTECH.NS,3.5449,1135.8803,0.0,0.8561554319857744,111.12644067382803,6669.248046875,1529.58935546875
2024-08-02,APOLLOHOSP / HCLTECH,APOLLOHOSP.NS,HCLTECH.NS,3.5449,1135.8803,0.0,1.9793575457438117,218.14274271240242,6672.97802734375,1500.4527587890625
2024-08-05,APOLLOHOSP / HCLTECH,APOLLOHOSP.NS,HCLTECH.NS,3.5449,1135.8803,-1.0,2.4930945196136256,350.7280128662103,6650.55224609375,1456.724853515625
2024-08-06,APOLLOHOSP / HCLTECH,APOLLOHOSP.NS,HCLTECH.NS,3.5449,1135.8803,-1.0,1.3874950432967228,253.73443963623026,6620.81787109375,1475.6983642578125
2024-08-07,APOLLOHOSP / HCLTECH,APOLLOHOSP.NS,HCLTECH.NS,3.5449,1135.8803,-1.0,1.371957646166714,276.87191409912043,6683.12060546875,1486.7467041015625
2024-08-08,APOLLOHOSP / HCLTECH,APOLLOHOSP.NS,HCLTECH.NS,3.5449,1135.8803,-1.0,0.798992768443746,220.87350965576184,6505.6591796875,1452.4825439453125
2024-08-09,APOLLOHOSP / HCLTECH,APOLLOHOSP.NS,HCLTECH.NS,3.5449,1135.8803,-1.0,0.2503075846367115,160.47459030761706,6551.35498046875,1482.411376953125
2024-08-12,APOLLOHOSP / HCLTECH,APOLLOHOSP.NS,HCLTECH.NS,3.5449,1135.8803,0.0,-0.44162752764178803,91.03206347656192,6466.37841796875,1478.029296875
2024-08-13,APOLLOHOSP / HCLTECH,APOLLOHOSP.NS,HCLTECH.NS,3.5449,1135.8803,0.0,0.031002321718470966,153.09147596435537,6552.89599609375,1484.9288330078125
2024-08-14,APOLLOHOSP / HCLTECH,APOLLOHOSP.NS,HCLTECH.NS,3.5449,1135.8803,0.0,-1.7209998988912198,-30.772972644043193,6479.75341796875,1516.1629638671875
2024-08-16,APOLLOHOSP / HCLTECH,APOLLOHOSP.NS,HCLTECH.NS,3.5449,1135.8803,0.0,-1.2148110029856616,10.404778283691257,6660.0771484375,1555.4154052734375
2024-08-19,APOLLOHOSP / HCLTECH,APOLLOHOSP.NS,HCLTECH.NS,3.5449,1135.8803,0.0,-1.064497150165727,14.374233728027093,6697.9248046875,1564.9722900390625
2024-08-20,APOLLOHOSP / HCLTECH,APOLLOHOSP.NS,HCLTECH.NS,3.5449,1135.8803,0.0,-1.509592068169895,-64.68334609375074,6646.1337890625,1572.6640625
2024-08-21,APOLLOHOSP / HCLTECH,APOLLOHOSP.NS,HCLTECH.NS,3.5449,1135.8803,0.0,-0.6669569486410468,45.94585301513666,6725.36474609375,1563.8067626953125
2024-08-22,APOLLOHOSP / HCLTECH,APOLLOHOSP.NS,HCLTECH.NS,3.5449,1135.8803,0.0,-0.025390609598366923,127.3681912353511,6803.15087890625,1562.781005859375
2024-08-23,APOLLOHOSP / HCLTECH,APOLLOHOSP.NS,HCLTECH.NS,3.5449,1135.8803,0.0,0.61352932299465,205.98240601806606,6833.1806640625,1549.0755615234375
2024-08-26,APOLLOHOSP / HCLTECH,APOLLOHOSP.NS,HCLTECH.NS,3.5449,1135.8803,0.0,-1.417946169180951,-66.09176514892647,6752.8037109375,1603.1524658203125
2024-08-27,APOLLOHOSP / HCLTECH,APOLLOHOSP.NS,HCLTECH.NS,3.5449,1135.8803,0.0,-1.036746500067931,-38.70198070068386,6754.248046875,1595.8333740234375
2024-08-28,APOLLOHOSP / HCLTECH,APOLLOHOSP.NS,HCLTECH.NS,3.5449,1135.8803,0.0,-1.1855436075476593,-69.62643311767647,6749.26904296875,1603.1524658203125
2024-08-29,APOLLOHOSP / HCLTECH,APOLLOHOSP.NS,HCLTECH.NS,3.5449,1135.8803,0.0,-1.2805159930546248,-96.28723795166047,6829.6943359375,1633.3609619140625
2024-08-30,APOLLOHOSP / HCLTECH,APOLLOHOSP.NS,HCLTECH.NS,3.5449,1135.8803,0.0,-0.5206652493726143,-30.897187353515847,6899.71240234375,1634.66650390625
2024-09-02,APOLLOHOSP / HCLTECH,APOLLOHOSP.NS,HCLTECH.NS,3.5449,1135.8803,1.0,-2.1378728158517175,-254.6512270996093,6852.4521484375,1684.45458984375
2024-09-03,APOLLOHOSP / HCLTECH,APOLLOHOSP.NS,HCLTECH.NS,3.5449,1135.8803,1.0,-1.6630543869125118,-236.1658509399415,6817.39404296875,1669.3502197265625
2024-09-04,APOLLOHOSP / HCLTECH,APOLLOHOSP.NS,HCLTECH.NS,3.5449,1135.8803,1.0,-0.7368029254085513,-133.27512910156315,6903.09814453125,1664.501953125
2024-09-05,APOLLOHOSP / HCLTECH,APOLLOHOSP.NS,HCLTECH.NS,3.5449,1135.8803,1.0,-0.7475727963003771,-147.40606682128896,6906.48486328125,1669.443603515625
2024-09-06,APOLLOHOSP / HCLTECH,APOLLOHOSP.NS,HCLTECH.NS,3.5449,1135.8803,1.0,-0.019288628863820847,-60.933111840820175,6879.09521484375,1637.323486328125
2024-09-09,APOLLOHOSP / HCLTECH,APOLLOHOSP.NS,HCLTECH.NS,3.5449,1135.8803,1.0,-0.13325610073553384,-75.94575847168039,6833.1806640625,1628.606201171875
2024-09-10,APOLLOHOSP / HCLTECH,APOLLOHOSP.NS,HCLTECH.NS,3.5449,1135.8803,1.0,-0.41799019254108294,-122.26108579101606,6893.7861328125,1658.76806640625
2024-09-11,APOLLOHOSP / HCLTECH,APOLLOHOSP.NS,HCLTECH.NS,3.5449,1135.8803,1.0,-0.4762767308657271,-142.3183291259768,6872.57177734375,1658.441650390625
2024-09-12,APOLLOHOSP / HCLTECH,APOLLOHOSP.NS,HCLTECH.NS,3.5449,1135.8803,0.0,0.5021911409935333,-76.77004293212963,7033.4736328125,1685.3404541015625
2024-09-13,APOLLOHOSP / HCLTECH,APOLLOHOSP.NS,HCLTECH.NS,3.5449,1135.8803,0.0,-0.308347371270115,-136.43523438720717,6990.99462890625,1690.1885986328125
2024-09-16,APOLLOHOSP / HCLTECH,APOLLOHOSP.NS,HCLTECH.NS,3.5449,1135.8803,0.0,0.009175732671722175,-121.14443244628933,7003.14599609375,1689.302978515625
2024-09-17,APOLLOHOSP / HCLTECH,APOLLOHOSP.NS,HCLTECH.NS,3.5449,1135.8803,0.0,-0.3755524648345201,-150.6302776489258,6979.939453125,1691.0743408203125
2024-09-18,APOLLOHOSP / HCLTECH,APOLLOHOSP.NS,HCLTECH.NS,3.5449,1135.8803,-1.0,2.2670796304485723,66.32650554199222,7007.67724609375,1637.696533203125
2024-09-19,APOLLOHOSP / HCLTECH,APOLLOHOSP.NS,HCLTECH.NS,3.5449,1135.8803,-1.0,2.2804847958304695,126.80207124023377,7002.05029296875,1619.04931640625
2024-09-20,APOLLOHOSP / HCLTECH,APOLLOHOSP.NS,HCLTECH.NS,3.5449,1135.8803,-1.0,1.7097240983162472,101.15517883300777,7054.23974609375,1641.006591796875
2024-09-23,APOLLOHOSP / HCLTECH,APOLLOHOSP.NS,HCLTECH.NS,3.5449,1135.8803,-1.0,2.0573801505686333,194.9860916137693,7124.1083984375,1634.2469482421875
2024-09-24,APOLLOHOSP / HCLTECH,APOLLOHOSP.NS,HCLTECH.NS,3.5449,1135.8803,-1.0,1.0047261976988475,88.95294699707006,7093.431640625,1655.504638671875
2024-09-25,APOLLOHOSP / HCLTECH,APOLLOHOSP.NS,HCLTECH.NS,3.5449,1135.8803,-1.0,0.7897655280868274,77.88183358154288,7104.8359375,1661.8448486328125
2024-09-26,APOLLOHOSP / HCLTECH,APOLLOHOSP.NS,HCLTECH.NS,3.5449,1135.8803,-1.0,0.9085268572795974,107.35207680664075,7139.0986328125,1663.19677734375
2024-09-27,APOLLOHOSP / HCLTECH,APOLLOHOSP.NS,HCLTECH.NS,3.5449,1135.8803,-1.0,0.683185478766345,92.09483940429686,7204.98291015625,1686.08642578125
2024-09-30,APOLLOHOSP / HCLTECH,APOLLOHOSP.NS,HCLTECH.NS,3.5449,1135.8803,-1.0,0.6233492382695781,98.03828670654252,7170.27294921875,1674.6182861328125
2024-10-01,APOLLOHOSP / HCLTECH,APOLLOHOSP.NS,HCLTECH.NS,3.5449,1135.8803,0.0,-0.4276532417315265,-15.002912475585845,7124.65625,1693.638427734375
2024-10-03,APOLLOHOSP / HCLTECH,APOLLOHOSP.NS,HCLTECH.NS,3.5449,1135.8803,0.0,-1.411144255405048,-135.98079710693423,6878.24853515625,1658.2552490234375
2024-10-04,APOLLOHOSP / HCLTECH,APOLLOHOSP.NS,HCLTECH.NS,3.5449,1135.8803,1.0,-2.102633187023117,-261.3541753417969,6746.4296875,1656.43701171875
2024-10-07,APOLLOHOSP / HCLTECH,APOLLOHOSP.NS,HCLTECH.NS,3.5449,1135.8803,1.0,-1.8215921885825395,-262.9595296630862,6745.9814453125,1656.763427734375
2024-10-08,APOLLOHOSP / HCLTECH,APOLLOHOSP.NS,HCLTECH.NS,3.5449,1135.8803,1.0,-1.0869424346542478,-153.7311760864261,6896.5244140625,1668.4180908203125
2024-10-09,APOLLOHOSP / HCLTECH,APOLLOHOSP.NS,HCLTECH.NS,3.5449,1135.8803,1.0,-0.852783505849174,-136.39718664550787,6980.7861328125,1687.298095703125
2024-10-10,APOLLOHOSP / HCLTECH,APOLLOHOSP.NS,HCLTECH.NS,3.5449,1135.8803,1.0,-1.0202881695510997,-186.56229122314494,6927.15185546875,1686.3194580078125
2024-10-11,APOLLOHOSP / HCLTECH,APOLLOHOSP.NS,HCLTECH.NS,3.5449,1135.8803,1.0,-1.2754848050281902,-260.78447781982436,6955.38818359375,1715.2225341796875
2024-10-14,APOLLOHOSP / HCLTECH,APOLLOHOSP.NS,HCLTECH.NS,3.5449,1135.8803,1.0,-0.822650665979543,-205.7315424316405,7064.14990234375,1730.37353515625
2024-10-15,APOLLOHOSP / HCLTECH,APOLLOHOSP.NS,HCLTECH.NS,3.5449,1135.8803,1.0,-0.7047061916199671,-205.30531063232434,7111.50927734375,1743.6131591796875
2024-10-16,APOLLOHOSP / HCLTECH,APOLLOHOSP.NS,HCLTECH.NS,3.5449,1135.8803,1.0,-0.9321727649350974,-257.84866750488277,7042.935546875,1739.091064453125
2024-10-17,APOLLOHOSP / HCLTECH,APOLLOHOSP.NS,HCLTECH.NS,3.5449,1135.8803,1.0,-1.4038317827518012,-347.94865616455104,6961.2646484375,1741.4688720703125
2024-10-18,APOLLOHOSP / HCLTECH,APOLLOHOSP.NS,HCLTECH.NS,3.5449,1135.8803,1.0,-1.1071997141254644,-320.940439550782,6954.89013671875,1732.0517578125
2024-10-21,APOLLOHOSP / HCLTECH,APOLLOHOSP.NS,HCLTECH.NS,3.5449,1135.8803,1.0,-0.6353517221018613,-270.8524927001956,6958.3759765625,1718.905517578125
2024-10-22,APOLLOHOSP / HCLTECH,APOLLOHOSP.NS,HCLTECH.NS,3.5449,1135.8803,1.0,-1.376973139658734,-335.48054494628946,6864.30517578125,1710.599853515625
2024-10-23,APOLLOHOSP / HCLTECH,APOLLOHOSP.NS,HCLTECH.NS,3.5449,1135.8803,1.0,-1.8550950942859283,-397.2568385986335,6879.04541015625,1732.184814453125
2024-10-24,APOLLOHOSP / HCLTECH,APOLLOHOSP.NS,HCLTECH.NS,3.5449,1135.8803,1.0,-1.0576377761647253,-347.21943911132826,6926.25537109375,1731.38720703125
2024-10-25,APOLLOHOSP / HCLTECH,APOLLOHOSP.NS,HCLTECH.NS,3.5449,1135.8803,1.0,-1.2833435470018173,-381.26614353027367,6916.99267578125,1738.378662109375
2024-10-28,APOLLOHOSP / HCLTECH,APOLLOHOSP.NS,HCLTECH.NS,3.5449,1135.8803,1.0,-1.8459507552499825,-464.2821036376956,6898.51708984375,1756.585205078125
2024-10-29,APOLLOHOSP / HCLTECH,APOLLOHOSP.NS,HCLTECH.NS,3.5449,1135.8803,1.0,-1.0695196824714952,-403.3768302001956,6959.42236328125,1756.585205078125
2024-10-30,APOLLOHOSP / HCLTECH,APOLLOHOSP.NS,HCLTECH.NS,3.5449,1135.8803,0.0,0.2951878721841735,-298.6899432128905,6954.49169921875,1725.66259765625
2024-10-31,APOLLOHOSP / HCLTECH,APOLLOHOSP.NS,HCLTECH.NS,3.5449,1135.8803,-1.0,2.5838885819395214,-16.62664121093735,6994.53076171875,1657.388671875
2024-11-01,APOLLOHOSP / HCLTECH,APOLLOHOSP.NS,HCLTECH.NS,3.5449,1135.8803,-1.0,2.2145257176399817,21.36303101806584,7003.74365234375,1649.2708740234375
2024-11-04,APOLLOHOSP / HCLTECH,APOLLOHOSP.NS,HCLTECH.NS,3.5449,1135.8803,-1.0,1.3847246926012704,-70.35550515136788,6930.48828125,1654.479248046875
2024-11-05,APOLLOHOSP / HCLTECH,APOLLOHOSP.NS,HCLTECH.NS,3.5449,1135.8803,-1.0,1.0715760986045009,-97.75199936523427,6938.3564453125,1664.42724609375
2024-11-06,APOLLOHOSP / HCLTECH,APOLLOHOSP.NS,HCLTECH.NS,3.5449,1135.8803,0.0,-0.3058912430532388,-311.70115996093796,6940.1494140625,1725.287109375
2024-11-07,APOLLOHOSP / HCLTECH,APOLLOHOSP.NS,HCLTECH.NS,3.5449,1135.8803,-1.0,2.047285460806734,164.67536606445242,7395.06787109375,1719.23388671875
2024-11-08,APOLLOHOSP / HCLTECH,APOLLOHOSP.NS,HCLTECH.NS,3.5449,1135.8803,-1.0,1.5865554227330938,142.77432381591802,7391.630859375,1724.4425048828125
2024-11-11,APOLLOHOSP / HCLTECH,APOLLOHOSP.NS,HCLTECH.NS,3.5449,1135.8803,0.0,-0.14003973700000805,-221.24663319091837,7126.74853515625,1752.4090576171875
2024-11-12,APOLLOHOSP / HCLTECH,APOLLOHOSP.NS,HCLTECH.NS,3.5449,1135.8803,0.0,-0.8780868753851044,-375.0648342895513,6991.39306640625,1757.6173095703125
2024-11-13,APOLLOHOSP / HCLTECH,APOLLOHOSP.NS,HCLTECH.NS,3.5449,1135.8803,0.0,-1.3690566789110834,-508.1732311645512,6831.337890625,1750.0157470703125
2024-11-14,APOLLOHOSP / HCLTECH,APOLLOHOSP.NS,HCLTECH.NS,3.5449,1135.8803,0.0,-1.1975483307825092,-487.0854515014655,6833.13037109375,1744.5726318359375
2024-11-18,APOLLOHOSP / HCLTECH,APOLLOHOSP.NS,HCLTECH.NS,3.5449,1135.8803,0.0,-1.3126287074418181,-525.6821553222655,6714.85693359375,1722.09619140625
2024-11-19,APOLLOHOSP / HCLTECH,APOLLOHOSP.NS,HCLTECH.NS,3.5449,1135.8803,0.0,-1.2485437638810952,-532.3902924072265,6660.0771484375,1708.535400390625
2024-11-21,APOLLOHOSP / HCLTECH,APOLLOHOSP.NS,HCLTECH.NS,3.5449,1135.8803,0.0,-1.113354388574545,-529.5762058593757,6715.45458984375,1723.36328125
2024-11-22,APOLLOHOSP / HCLTECH,APOLLOHOSP.NS,HCLTECH.NS,3.5449,1135.8803,0.0,-1.011421385659748,-544.1758715454109,6907.28173828125,1781.5953369140625
2024-11-25,APOLLOHOSP / HCLTECH,APOLLOHOSP.NS,HCLTECH.NS,3.5449,1135.8803,0.0,-0.30648924395745253,-382.54766669921923,7046.62060546875,1775.3076171875
2024-11-26,APOLLOHOSP / HCLTECH,APOLLOHOSP.NS,HCLTECH.NS,3.5449,1135.8803,0.0,-0.3190619296521411,-407.1187989013672,7048.16455078125,1782.674560546875
2024-11-27,APOLLOHOSP / HCLTECH,APOLLOHOSP.NS,HCLTECH.NS,3.5449,1135.8803,0.0,-0.491513527457257,-472.31452884521536,6954.69140625,1774.6976318359375
2024-11-28,APOLLOHOSP / HCLTECH,APOLLOHOSP.NS,HCLTECH.NS,3.5449,1135.8803,0.0,-0.34012050090813767,-446.5079755249028,6813.6591796875,1727.6331787109375
2024-11-29,APOLLOHOSP / HCLTECH,APOLLOHOSP.NS,HCLTECH.NS,3.5449,1135.8803,0.0,-0.38603578565527263,-482.44678142089856,6801.5078125,1734.343505859375
2024-12-02,APOLLOHOSP / HCLTECH,APOLLOHOSP.NS,HCLTECH.NS,3.5449,1135.8803,0.0,1.2942646145445236,-324.50953983154363,7037.45751953125,1756.3504638671875
2024-12-03,APOLLOHOSP / HCLTECH,APOLLOHOSP.NS,HCLTECH.NS,3.5449,1135.8803,0.0,1.6321269937613092,-328.04425488281254,7097.96337890625,1774.416015625
2024-12-04,APOLLOHOSP / HCLTECH,APOLLOHOSP.NS,HCLTECH.NS,3.5449,1135.8803,-1.0,2.1343676810126047,-245.6230946289063,7203.33984375,1780.8916015625
2024-12-05,APOLLOHOSP / HCLTECH,APOLLOHOSP.NS,HCLTECH.NS,3.5449,1135.8803,-1.0,1.3839630937696807,-291.05409465332036,7245.56982421875,1805.620361328125
2024-12-06,APOLLOHOSP / HCLTECH,APOLLOHOSP.NS,HCLTECH.NS,3.5449,1135.8803,-1.0,0.8808944379437591,-328.01273474121103,7204.28564453125,1804.400146484375
2024-12-09,APOLLOHOSP / HCLTECH,APOLLOHOSP.NS,HCLTECH.NS,3.5449,1135.8803,-1.0,0.7899404110075052,-324.7217332153325,7164.994140625,1792.3878173828125
2024-12-10,APOLLOHOSP / HCLTECH,APOLLOHOSP.NS,HCLTECH.NS,3.5449,1135.8803,-1.0,0.4457245739628815,-348.5245628417972,7229.18505859375,1817.21044921875
2024-12-11,APOLLOHOSP / HCLTECH,APOLLOHOSP.NS,HCLTECH.NS,3.5449,1135.8803,-1.0,1.3470689880804891,-248.22435410156254,7311.35400390625,1812.095703125
2024-12-12,APOLLOHOSP / HCLTECH,APOLLOHOSP.NS,HCLTECH.NS,3.5449,1135.8803,0.0,-0.28442201436327647,-379.09941457519585,7198.11083984375,1817.069580078125
2024-12-13,APOLLOHOSP / HCLTECH,APOLLOHOSP.NS,HCLTECH.NS,3.5449,1135.8803,0.0,-1.1654794729660056,-455.333203295899,7230.33056640625,1847.663818359375
2024-12-16,APOLLOHOSP / HCLTECH,APOLLOHOSP.NS,HCLTECH.NS,3.5449,1135.8803,0.0,-0.5634708383249212,-407.6762575683599,7230.08203125,1834.14990234375
2024-12-17,APOLLOHOSP / HCLTECH,APOLLOHOSP.NS,HCLTECH.NS,3.5449,1135.8803,0.0,-0.9876239108977792,-435.32173443603574,7189.79443359375,1830.5836181640625
2024-12-18,APOLLOHOSP / HCLTECH,APOLLOHOSP.NS,HCLTECH.NS,3.5449,1135.8803,0.0,-1.1641107105664665,-449.1829489501954,7208.369140625,1839.733642578125
2024-12-19,APOLLOHOSP / HCLTECH,APOLLOHOSP.NS,HCLTECH.NS,3.5449,1135.8803,0.0,0.6576256629319791,-302.4454111694333,7268.27783203125,1815.2396240234373
2024-12-20,APOLLOHOSP / HCLTECH,APOLLOHOSP.NS,HCLTECH.NS,3.5449,1135.8803,0.0,1.0064209179363321,-271.9271775878908,7222.6123046875,1793.74853515625
2024-12-23,APOLLOHOSP / HCLTECH,APOLLOHOSP.NS,HCLTECH.NS,3.5449,1135.8803,0.0,1.3671496353600752,-230.80250588378954,7235.95849609375,1785.912353515625
2024-12-24,APOLLOHOSP / HCLTECH,APOLLOHOSP.NS,HCLTECH.NS,3.5449,1135.8803,0.0,1.279784945769324,-235.6750170166017,7210.958984375,1780.234619140625
2024-12-26,APOLLOHOSP / HCLTECH,APOLLOHOSP.NS,HCLTECH.NS,3.5449,1135.8803,0.0,1.25637545436717,-227.2517636718751,7232.02392578125,1783.80078125
2024-12-27,APOLLOHOSP / HCLTECH,APOLLOHOSP.NS,HCLTECH.NS,3.5449,1135.8803,0.0,1.2419599781065027,-212.93317503662115,7217.2333984375,1775.5892333984375
2024-12-30,APOLLOHOSP / HCLTECH,APOLLOHOSP.NS,HCLTECH.NS,3.5449,1135.8803,0.0,0.568323788965579,-268.17983680419934,7284.91064453125,1810.2655029296875
2024-12-31,APOLLOHOSP / HCLTECH,APOLLOHOSP.NS,HCLTECH.NS,3.5449,1135.8803,0.0,0.7047804531197407,-247.58390777587942,7267.0830078125,1799.4263916015625
2025-01-01,APOLLOHOSP / HCLTECH,APOLLOHOSP.NS,HCLTECH.NS,3.5449,1135.8803,0.0,1.4980444854221417,-156.44721770019555,7340.0888671875,1794.311767578125
2025-01-02,APOLLOHOSP / HCLTECH,APOLLOHOSP.NS,HCLTECH.NS,3.5449,1135.8803,0.0,-0.0480214265780906,-305.0944509887697,7391.88037109375,1850.8546142578125
2025-01-03,APOLLOHOSP / HCLTECH,APOLLOHOSP.NS,HCLTECH.NS,3.5449,1135.8803,0.0,-0.5754328525222279,-342.9007830932617,7269.0751953125,1826.8768310546875
2025-01-06,APOLLOHOSP / HCLTECH,APOLLOHOSP.NS,HCLTECH.NS,3.5449,1135.8803,0.0,0.5593405116467656,-233.91740538330146,7399.349609375,1832.8829345703125
2025-01-07,APOLLOHOSP / HCLTECH,APOLLOHOSP.NS,HCLTECH.NS,3.5449,1135.8803,0.0,1.8703374275242035,-102.75721809082029,7406.919921875,1798.018798828125
2025-01-08,APOLLOHOSP / HCLTECH,APOLLOHOSP.NS,HCLTECH.NS,3.5449,1135.8803,1.0,-2.357138476052465,-450.070608630371,7113.9990234375,1813.3626708984373
2025-01-09,APOLLOHOSP / HCLTECH,APOLLOHOSP.NS,HCLTECH.NS,3.5449,1135.8803,1.0,-2.243499946394653,-509.44924199218826,7063.10400390625,1815.755859375
2025-01-10,APOLLOHOSP / HCLTECH,APOLLOHOSP.NS,HCLTECH.NS,3.5449,1135.8803,1.0,-2.70592743170017,-764.6346016723639,7008.5244140625,1872.3458251953125
2025-01-13,APOLLOHOSP / HCLTECH,APOLLOHOSP.NS,HCLTECH.NS,3.5449,1135.8803,1.0,-2.4594522088942723,-942.0305791259773,6812.1650390625,1866.996337890625
2025-01-14,APOLLOHOSP / HCLTECH,APOLLOHOSP.NS,HCLTECH.NS,3.5449,1135.8803,1.0,-0.48014297360994246,-489.2316152465821,6679.94775390625,1701.9659423828125
2025-01-15,APOLLOHOSP / HCLTECH,APOLLOHOSP.NS,HCLTECH.NS,3.5449,1135.8803,1.0,-0.6179340277757043,-544.5926460205085,6665.00732421875,1713.368408203125
2025-01-16,APOLLOHOSP / HCLTECH,APOLLOHOSP.NS,HCLTECH.NS,3.5449,1135.8803,0.0,0.3044061495755505,-335.90397734375006,6762.4150390625,1681.9765625
2025-01-17,APOLLOHOSP / HCLTECH,APOLLOHOSP.NS,HCLTECH.NS,3.5449,1135.8803,0.0,0.28479066582334595,-346.8403009277347,6800.7109375,1695.86474609375
2025-01-20,APOLLOHOSP / HCLTECH,APOLLOHOSP.NS,HCLTECH.NS,3.5449,1135.8803,0.0,0.02678124133923655,-418.4316560302734,6753.65087890625,1702.784912109375
2025-01-21,APOLLOHOSP / HCLTECH,APOLLOHOSP.NS,HCLTECH.NS,3.5449,1135.8803,0.0,0.6212992535658095,-301.5232673461917,6891.3955078125,1708.6627197265625
2025-01-22,APOLLOHOSP / HCLTECH,APOLLOHOSP.NS,HCLTECH.NS,3.5449,1135.8803,0.0,0.14098442377696108,-412.68919963378926,6865.25048828125,1732.646728515625
2025-01-23,APOLLOHOSP / HCLTECH,APOLLOHOSP.NS,HCLTECH.NS,3.5449,1135.8803,0.0,0.5891883235911931,-315.2877281250005,6893.08935546875,1713.0234375
2025-01-24,APOLLOHOSP / HCLTECH,APOLLOHOSP.NS,HCLTECH.NS,3.5449,1135.8803,0.0,0.06181262510296609,-442.83192109375,6717.99365234375,1699.609375
2025-01-27,APOLLOHOSP / HCLTECH,APOLLOHOSP.NS,HCLTECH.NS,3.5449,1135.8803,0.0,1.2785753648994524,-220.36326469726578,6668.59375,1622.91650390625
2025-01-28,APOLLOHOSP / HCLTECH,APOLLOHOSP.NS,HCLTECH.NS,3.5449,1135.8803,0.0,1.4267237683476113,-144.07597614746123,6682.03955078125,1605.189208984375
2025-01-29,APOLLOHOSP / HCLTECH,APOLLOHOSP.NS,HCLTECH.NS,3.5449,1135.8803,0.0,1.1812713145840317,-155.56282767333983,6757.08642578125,1629.5999755859375
2025-01-30,APOLLOHOSP / HCLTECH,APOLLOHOSP.NS,HCLTECH.NS,3.5449,1135.8803,0.0,1.2881566547595358,-95.5472303710942,6797.27490234375,1624.0068359375
2025-01-31,APOLLOHOSP / HCLTECH,APOLLOHOSP.NS,HCLTECH.NS,3.5449,1135.8803,0.0,1.1409311836346128,-151.14291080322278,6783.181640625,1635.7144775390625
2025-02-01,APOLLOHOSP / HCLTECH,APOLLOHOSP.NS,HCLTECH.NS,3.5449,1135.8803,0.0,1.7323555588156658,-14.976549584960821,6813.6591796875,1605.900146484375
2025-02-03,APOLLOHOSP / HCLTECH,APOLLOHOSP.NS,HCLTECH.NS,3.5449,1135.8803,0.0,1.3505766561090224,-50.53613919677741,6771.37890625,1604.0042724609375
2025-02-04,APOLLOHOSP / HCLTECH,APOLLOHOSP.NS,HCLTECH.NS,3.5449,1135.8803,0.0,0.2832757265260192,-193.22961015624992,6764.955078125,1642.4453125
2025-02-05,APOLLOHOSP / HCLTECH,APOLLOHOSP.NS,HCLTECH.NS,3.5449,1135.8803,0.0,1.5206016100581374,24.811247521972064,6916.79345703125,1623.7698974609375
2025-02-06,APOLLOHOSP / HCLTECH,APOLLOHOSP.NS,HCLTECH.NS,3.5449,1135.8803,0.0,0.7116552177335709,-81.09598444824246,6846.67578125,1633.865966796875
2025-02-07,APOLLOHOSP / HCLTECH,APOLLOHOSP.NS,HCLTECH.NS,3.5449,1135.8803,0.0,0.010655091181295642,-171.68548582763674,6763.3115234375,1635.9041748046875
2025-02-10,APOLLOHOSP / HCLTECH,APOLLOHOSP.NS,HCLTECH.NS,3.5449,1135.8803,0.0,-0.5636855588226993,-228.42459433593763,6734.12890625,1643.677734375
2025-02-11,APOLLOHOSP / HCLTECH,APOLLOHOSP.NS,HCLTECH.NS,3.5449,1135.8803,1.0,-2.6242316078293717,-634.7537460449223,6292.009765625,1633.58154296875
2025-02-12,APOLLOHOSP / HCLTECH,APOLLOHOSP.NS,HCLTECH.NS,3.5449,1135.8803,1.0,-1.9553786886547753,-557.9563549072266,6348.98046875,1627.988525390625
2025-02-13,APOLLOHOSP / HCLTECH,APOLLOHOSP.NS,HCLTECH.NS,3.5449,1135.8803,1.0,-1.4562474170208641,-512.5769015136723,6346.6396484375,1614.52685546875
2025-02-14,APOLLOHOSP / HCLTECH,APOLLOHOSP.NS,HCLTECH.NS,3.5449,1135.8803,1.0,-1.6508565474945744,-632.4239908325201,6254.18115234375,1622.2530517578125
2025-02-17,APOLLOHOSP / HCLTECH,APOLLOHOSP.NS,HCLTECH.NS,3.5449,1135.8803,1.0,-1.2809185652466824,-598.2642335571293,6283.80419921875,1620.9732666015625
2025-02-18,APOLLOHOSP / HCLTECH,APOLLOHOSP.NS,HCLTECH.NS,3.5449,1135.8803,1.0,-1.0242199795332683,-574.2384877197267,6360.25439453125,1635.761962890625
2025-02-19,APOLLOHOSP / HCLTECH,APOLLOHOSP.NS,HCLTECH.NS,3.5449,1135.8803,1.0,-0.5801648239878061,-484.1985409545898,6405.93505859375,1623.2484130859375
2025-02-20,APOLLOHOSP / HCLTECH,APOLLOHOSP.NS,HCLTECH.NS,3.5449,1135.8803,1.0,-0.27888719182652594,-432.6430484863288,6374.3173828125,1599.78564453125
2025-02-21,APOLLOHOSP / HCLTECH,APOLLOHOSP.NS,HCLTECH.NS,3.5449,1135.8803,1.0,-0.6606902471025837,-550.0434174682616,6301.1083984375,1612.2518310546875
2025-02-24,APOLLOHOSP / HCLTECH,APOLLOHOSP.NS,HCLTECH.NS,3.5449,1135.8803,1.0,-0.03303578225730199,-425.6466406372076,6235.13037109375,1558.5479736328125
2025-02-25,APOLLOHOSP / HCLTECH,APOLLOHOSP.NS,HCLTECH.NS,3.5449,1135.8803,0.0,0.28473133143867885,-398.979388928223,6235.0810546875,1551.0113525390625
2025-02-27,APOLLOHOSP / HCLTECH,APOLLOHOSP.NS,HCLTECH.NS,3.5449,1135.8803,0.0,0.23480138637026493,-441.7701699829106,6169.10302734375,1544.4703369140625
2025-02-28,APOLLOHOSP / HCLTECH,APOLLOHOSP.NS,HCLTECH.NS,3.5449,1135.8803,0.0,0.8722497076383197,-392.0520770385749,6036.84814453125,1493.1365966796875
2025-03-03,APOLLOHOSP / HCLTECH,APOLLOHOSP.NS,HCLTECH.NS,3.5449,1135.8803,-1.0,2.1409394759983726,-265.4523295043948,6154.54150390625,1490.6241455078125
2025-03-04,APOLLOHOSP / HCLTECH,APOLLOHOSP.NS,HCLTECH.NS,3.5449,1135.8803,-1.0,2.426194401431081,-123.94486140136746,6172.04541015625,1455.643310546875
2025-03-05,APOLLOHOSP / HCLTECH,APOLLOHOSP.NS,HCLTECH.NS,3.5449,1135.8803,-1.0,1.4235332520261663,-223.61495986328123,6198.22705078125,1491.1455078125
2025-03-06,APOLLOHOSP / HCLTECH,APOLLOHOSP.NS,HCLTECH.NS,3.5449,1135.8803,-1.0,1.307580511205176,-206.07701644287158,6257.77197265625,1502.9954833984375
2025-03-07,APOLLOHOSP / HCLTECH,APOLLOHOSP.NS,HCLTECH.NS,3.5449,1135.8803,-1.0,1.3331536591045547,-171.51121766357414,6199.9228515625,1476.9256591796875
2025-03-10,APOLLOHOSP / HCLTECH,APOLLOHOSP.NS,HCLTECH.NS,3.5449,1135.8803,-1.0,0.9614749917766886,-208.7703591918946,6133.595703125,1468.7257080078125
2025-03-11,APOLLOHOSP / HCLTECH,APOLLOHOSP.NS,HCLTECH.NS,3.5449,1135.8803,-1.0,0.3281123376130552,-285.87030415039067,6118.833984375,1486.31103515625
2025-03-12,APOLLOHOSP / HCLTECH,APOLLOHOSP.NS,HCLTECH.NS,3.5449,1135.8803,-1.0,0.9459923254086704,-185.3676286621096,6127.76123046875,1460.47802734375
2025-03-13,APOLLOHOSP / HCLTECH,APOLLOHOSP.NS,HCLTECH.NS,3.5449,1135.8803,-1.0,0.6917655900567649,-203.71030358886787,6089.759765625,1454.932373046875
2025-03-17,APOLLOHOSP / HCLTECH,APOLLOHOSP.NS,HCLTECH.NS,3.5449,1135.8803,-1.0,0.7391698625494153,-187.79226079101613,6140.62744140625,1464.79150390625
2025-03-18,APOLLOHOSP / HCLTECH,APOLLOHOSP.NS,HCLTECH.NS,3.5449,1135.8803,-1.0,0.6317609202430866,-187.79226079101613,6140.62744140625,1464.79150390625
2025-03-19,APOLLOHOSP / HCLTECH,APOLLOHOSP.NS,HCLTECH.NS,3.5449,1135.8803,-1.0,2.4533838176776186,84.75530040283206,6410.822265625,1464.1278076171875
2025-03-20,APOLLOHOSP / HCLTECH,APOLLOHOSP.NS,HCLTECH.NS,3.5449,1135.8803,-1.0,1.9925047291376428,72.45585512695266,6457.50048828125,1480.76513671875
2025-03-21,APOLLOHOSP / HCLTECH,APOLLOHOSP.NS,HCLTECH.NS,3.5449,1135.8803,-1.0,2.277049256866677,193.50452393798764,6594.34326171875,1485.2205810546875
2025-03-24,APOLLOHOSP / HCLTECH,APOLLOHOSP.NS,HCLTECH.NS,3.5449,1135.8803,-1.0,1.2287926607653645,71.89117720947229,6598.58251953125,1520.7230224609375
2025-03-25,APOLLOHOSP / HCLTECH,APOLLOHOSP.NS,HCLTECH.NS,3.5449,1135.8803,-1.0,0.8539017866613022,30.984949096679657,6627.4072265625,1540.393798828125
2025-03-26,APOLLOHOSP / HCLTECH,APOLLOHOSP.NS,HCLTECH.NS,3.5449,1135.8803,0.0,-0.1926264677033557,-122.15450328369138,6502.83251953125,1548.4517822265625
2025-03-27,APOLLOHOSP / HCLTECH,APOLLOHOSP.NS,HCLTECH.NS,3.5449,1135.8803,0.0,-0.34273042484490496,-138.91069517822257,6475.154296875,1545.3707275390625
2025-03-28,APOLLOHOSP / HCLTECH,APOLLOHOSP.NS,HCLTECH.NS,3.5449,1135.8803,0.0,1.165156357870737,111.44065018310516,6598.9814453125,1509.6788330078125
2025-04-01,APOLLOHOSP / HCLTECH,APOLLOHOSP.NS,HCLTECH.NS,3.5449,1135.8803,-1.0,2.0061702522280087,336.3557093383786,6615.0390625,1450.7611083984375
2025-04-02,APOLLOHOSP / HCLTECH,APOLLOHOSP.NS,HCLTECH.NS,3.5449,1135.8803,-1.0,2.0478646441123383,445.35612381591795,6714.62939453125,1448.1065673828125
2025-04-03,APOLLOHOSP / HCLTECH,APOLLOHOSP.NS,HCLTECH.NS,3.5449,1135.8803,-1.0,2.047850358439965,577.7769941406248,6653.98779296875,1393.64453125
2025-04-04,APOLLOHOSP / HCLTECH,APOLLOHOSP.NS,HCLTECH.NS,3.5449,1135.8803,-1.0,2.1570141786699444,782.1698955688478,6697.0751953125,1348.1409912109375
2025-04-07,APOLLOHOSP / HCLTECH,APOLLOHOSP.NS,HCLTECH.NS,3.5449,1135.8803,-1.0,2.012803828780826,912.3078030761715,6665.90673828125,1302.63720703125
2025-04-08,APOLLOHOSP / HCLTECH,APOLLOHOSP.NS,HCLTECH.NS,3.5449,1135.8803,-1.0,1.6165601745929696,886.1239389892578,6738.0185546875,1330.365966796875
2025-04-09,APOLLOHOSP / HCLTECH,APOLLOHOSP.NS,HCLTECH.NS,3.5449,1135.8803,-1.0,1.6605359368637955,1042.887964453125,6816.314453125,1308.23046875
2025-04-11,APOLLOHOSP / HCLTECH,APOLLOHOSP.NS,HCLTECH.NS,3.5449,1135.8803,-1.0,1.2307328431829763,954.4229184326166,6763.302734375,1318.231689453125
2025-04-15,APOLLOHOSP / HCLTECH,APOLLOHOSP.NS,HCLTECH.NS,3.5449,1135.8803,-1.0,1.0691976401453351,957.3382020874021,6887.02978515625,1352.3121337890625
2025-04-16,APOLLOHOSP / HCLTECH,APOLLOHOSP.NS,HCLTECH.NS,3.5449,1135.8803,-1.0,1.0867309708518507,1040.1025878540038,6987.2685546875,1357.2415771484375
2025-04-17,APOLLOHOSP / HCLTECH,APOLLOHOSP.NS,HCLTECH.NS,3.5449,1135.8803,-1.0,1.0379089202087322,1086.7537380737301,7055.09130859375,1363.2139892578125
2025-04-21,APOLLOHOSP / HCLTECH,APOLLOHOSP.NS,HCLTECH.NS,3.5449,1135.8803,-1.0,0.7564641313123661,1007.7103518676756,7123.91162109375,1404.9256591796875
2025-04-22,APOLLOHOSP / HCLTECH,APOLLOHOSP.NS,HCLTECH.NS,3.5449,1135.8803,-1.0,0.5526413556291938,960.907889611816,7070.05224609375,1402.9349365234375
2025-04-23,APOLLOHOSP / HCLTECH,APOLLOHOSP.NS,HCLTECH.NS,3.5449,1135.8803,0.0,-0.8334532325091604,630.8310206665035,7123.4130859375,1511.1009521484375
2025-04-24,APOLLOHOSP / HCLTECH,APOLLOHOSP.NS,HCLTECH.NS,3.5449,1135.8803,0.0,-0.910114331161605,672.8182052001946,7140.86767578125,1504.180419921875
2025-04-25,APOLLOHOSP / HCLTECH,APOLLOHOSP.NS,HCLTECH.NS,3.5449,1135.8803,0.0,-1.8907695708451195,495.41919447021496,6934.90478515625,1496.1226806640625
2025-04-28,APOLLOHOSP / HCLTECH,APOLLOHOSP.NS,HCLTECH.NS,3.5449,1135.8803,0.0,-1.2680750611256073,624.2321348266603,7026.6650390625,1485.6702880859375
2025-04-29,APOLLOHOSP / HCLTECH,APOLLOHOSP.NS,HCLTECH.NS,3.5449,1135.8803,0.0,-1.6084064018758402,504.90266711425716,6974.30224609375,1504.561279296875
2025-04-30,APOLLOHOSP / HCLTECH,APOLLOHOSP.NS,HCLTECH.NS,3.5449,1135.8803,0.0,-1.394528198851525,494.54196174316417,6958.84228515625,1503.122802734375
2025-05-02,APOLLOHOSP / HCLTECH,APOLLOHOSP.NS,HCLTECH.NS,3.5449,1135.8803,0.0,-1.4126295058746248,429.01330623779245,6909.9697265625,1507.8214111328125
2025-05-05,APOLLOHOSP / HCLTECH,APOLLOHOSP.NS,HCLTECH.NS,3.5449,1135.8803,0.0,-1.0195501818786932,487.81057979736283,6955.85009765625,1504.1776123046875
2025-05-06,APOLLOHOSP / HCLTECH,APOLLOHOSP.NS,HCLTECH.NS,3.5449,1135.8803,0.0,-0.8863942787410852,487.0266458740232,6990.7587890625,1514.246337890625
2025-05-07,APOLLOHOSP / HCLTECH,APOLLOHOSP.NS,HCLTECH.NS,3.5449,1135.8803,0.0,-0.6630064956000492,514.8033003295893,6964.82666015625,1499.0953369140625
2025-05-08,APOLLOHOSP / HCLTECH,APOLLOHOSP.NS,HCLTECH.NS,3.5449,1135.8803,0.0,-1.28457365623544,324.49785582275376,6833.6689453125,1515.7806396484375
2025-05-09,APOLLOHOSP / HCLTECH,APOLLOHOSP.NS,HCLTECH.NS,3.5449,1135.8803,0.0,-1.5460139513322284,233.74714028320318,6704.50634765625,1504.94482421875
2025-05-12,APOLLOHOSP / HCLTECH,APOLLOHOSP.NS,HCLTECH.NS,3.5449,1135.8803,0.0,-1.962955090646878,94.22561165771435,6907.97509765625,1601.7008056640625
2025-05-13,APOLLOHOSP / HCLTECH,APOLLOHOSP.NS,HCLTECH.NS,3.5449,1135.8803,0.0,-1.1438319027453858,258.093736926269,6899.49755859375,1553.0828857421875
2025-05-14,APOLLOHOSP / HCLTECH,APOLLOHOSP.NS,HCLTECH.NS,3.5449,1135.8803,0.0,-1.3062102816561167,195.56752888183541,6898.49951171875,1570.439697265625
2025-05-15,APOLLOHOSP / HCLTECH,APOLLOHOSP.NS,HCLTECH.NS,3.5449,1135.8803,0.0,-1.3698608402708512,152.9818651733392,7054.09375,1626.3453369140625
2025-05-16,APOLLOHOSP / HCLTECH,APOLLOHOSP.NS,HCLTECH.NS,3.5449,1135.8803,0.0,-0.8445889444090283,218.34710093994067,6996.74365234375,1591.7279052734375
2025-05-19,APOLLOHOSP / HCLTECH,APOLLOHOSP.NS,HCLTECH.NS,3.5449,1135.8803,0.0,-0.7691323209735415,212.96581354980458,6956.34912109375,1581.850830078125
2025-05-20,APOLLOHOSP / HCLTECH,APOLLOHOSP.NS,HCLTECH.NS,3.5449,1135.8803,0.0,-0.8034129130130746,189.040293322754,6894.01171875,1571.0150146484375
2025-05-21,APOLLOHOSP / HCLTECH,APOLLOHOSP.NS,HCLTECH.NS,3.5449,1135.8803,0.0,-0.5256813742577139,214.2818426635738,6965.82421875,1584.1524658203125
2025-05-22,APOLLOHOSP / HCLTECH,APOLLOHOSP.NS,HCLTECH.NS,3.5449,1135.8803,0.0,-0.18499361099211414,249.44561151123048,6936.40087890625,1565.9327392578125
2025-05-23,APOLLOHOSP / HCLTECH,APOLLOHOSP.NS,HCLTECH.NS,3.5449,1135.8803,0.0,0.3983946857597694,307.489705200195,7046.11474609375,1580.508544921875
2025-05-26,APOLLOHOSP / HCLTECH,APOLLOHOSP.NS,HCLTECH.NS,3.5449,1135.8803,0.0,0.09137290305871869,253.06466894531218,7078.03173828125,1604.865234375
2025-05-27,APOLLOHOSP / HCLTECH,APOLLOHOSP.NS,HCLTECH.NS,3.5449,1135.8803,0.0,1.1967042938569725,303.2092417724605,7055.09130859375,1584.248291015625
2025-05-28,APOLLOHOSP / HCLTECH,APOLLOHOSP.NS,HCLTECH.NS,3.5449,1135.8803,0.0,-0.8570528163945992,168.8374619750973,6938.39599609375,1589.2347412109375
2025-05-29,APOLLOHOSP / HCLTECH,APOLLOHOSP.NS,HCLTECH.NS,3.5449,1135.8803,0.0,-1.5491110052117814,110.2695198486324,6904.98291015625,1596.330810546875
2025-05-30,APOLLOHOSP / HCLTECH,APOLLOHOSP.NS,HCLTECH.NS,3.5449,1135.8803,0.0,-0.8969046932868102,163.40090605468754,6862.59326171875,1569.384765625
2025-06-02,APOLLOHOSP / HCLTECH,APOLLOHOSP.NS,HCLTECH.NS,3.5449,1135.8803,0.0,0.08365317694153142,215.6459968505858,6897.50244140625,1564.494384765625
2025-06-03,APOLLOHOSP / HCLTECH,APOLLOHOSP.NS,HCLTECH.NS,3.5449,1135.8803,0.0,-1.4658772388831536,116.65325770263621,6794.7705078125,1563.4395751953125
2025-06-04,APOLLOHOSP / HCLTECH,APOLLOHOSP.NS,HCLTECH.NS,3.5449,1135.8803,0.0,-0.559177289381744,173.65993763427718,6837.15966796875,1559.3160400390625
2025-06-05,APOLLOHOSP / HCLTECH,APOLLOHOSP.NS,HCLTECH.NS,3.5449,1135.8803,0.0,-0.5080784928797556,173.1891556640619,6858.10498046875,1565.357421875
2025-06-06,APOLLOHOSP / HCLTECH,APOLLOHOSP.NS,HCLTECH.NS,3.5449,1135.8803,0.0,0.28677373699912473,221.50014606933541,6924.43212890625,1570.439697265625
2025-06-09,APOLLOHOSP / HCLTECH,APOLLOHOSP.NS,HCLTECH.NS,3.5449,1135.8803,0.0,-0.46722673870233,174.99517375488244,6913.95947265625,1580.604248046875
2025-06-10,APOLLOHOSP / HCLTECH,APOLLOHOSP.NS,HCLTECH.NS,3.5449,1135.8803,0.0,-1.4999646980512413,94.22439725341769,6900.49462890625,1599.5909423828125
2025-06-11,APOLLOHOSP / HCLTECH,APOLLOHOSP.NS,HCLTECH.NS,3.5449,1135.8803,1.0,-2.580499491375103,-79.68241816406248,6909.4716796875,1651.181640625
2025-06-12,APOLLOHOSP / HCLTECH,APOLLOHOSP.NS,HCLTECH.NS,3.5449,1135.8803,1.0,-1.0106943827136345,59.503584509276834,6978.29150390625,1631.3316650390625
2025-06-13,APOLLOHOSP / HCLTECH,APOLLOHOSP.NS,HCLTECH.NS,3.5449,1135.8803,1.0,-0.7017277864470909,77.56412349853485,6976.296875,1625.6741943359375
2025-06-16,APOLLOHOSP / HCLTECH,APOLLOHOSP.NS,HCLTECH.NS,3.5449,1135.8803,1.0,-0.30939197587529976,102.59298027343698,7095.48583984375,1652.236328125
2025-06-17,APOLLOHOSP / HCLTECH,APOLLOHOSP.NS,HCLTECH.NS,3.5449,1135.8803,1.0,-1.6140932587207562,-27.062833972168164,6988.265625,1658.5653076171875
2025-06-18,APOLLOHOSP / HCLTECH,APOLLOHOSP.NS,HCLTECH.NS,3.5449,1135.8803,1.0,-1.585864058287695,-53.30237463378967,6915.45556640625,1645.427978515625
2025-06-19,APOLLOHOSP / HCLTECH,APOLLOHOSP.NS,HCLTECH.NS,3.5449,1135.8803,1.0,-0.6381376029931277,29.298446154784642,6991.2578125,1643.5101318359375
2025-06-20,APOLLOHOSP / HCLTECH,APOLLOHOSP.NS,HCLTECH.NS,3.5449,1135.8803,1.0,-0.8654883450796134,-5.22451533203116,7045.1171875,1668.4423828125
2025-06-23,APOLLOHOSP / HCLTECH,APOLLOHOSP.NS,HCLTECH.NS,3.5449,1135.8803,1.0,-0.08750180724911087,63.676201220702524,6989.2626953125,1633.24951171875
2025-06-24,APOLLOHOSP / HCLTECH,APOLLOHOSP.NS,HCLTECH.NS,3.5449,1135.8803,0.0,0.3884687624765875,100.93168032226527,6987.7666015625,1622.31787109375
2025-06-25,APOLLOHOSP / HCLTECH,APOLLOHOSP.NS,HCLTECH.NS,3.5449,1135.8803,0.0,-0.08452078439068199,50.83608089599579,7023.67333984375,1646.5787353515625
2025-06-26,APOLLOHOSP / HCLTECH,APOLLOHOSP.NS,HCLTECH.NS,3.5449,1135.8803,0.0,0.5522835499584208,86.38563521728497,7083.0185546875,1653.2913818359375
2025-06-27,APOLLOHOSP / HCLTECH,APOLLOHOSP.NS,HCLTECH.NS,3.5449,1135.8803,-1.0,2.6411425846087258,295.5662622314446,7289.4794921875,1652.524169921875
2025-06-30,APOLLOHOSP / HCLTECH,APOLLOHOSP.NS,HCLTECH.NS,3.5449,1135.8803,-1.0,1.473659060284381,211.22344404296814,7223.15283203125,1657.6064453125
2025-07-01,APOLLOHOSP / HCLTECH,APOLLOHOSP.NS,HCLTECH.NS,3.5449,1135.8803,-1.0,2.71983778221865,499.57512236328125,7476.49169921875,1647.7294921875
2025-07-02,APOLLOHOSP / HCLTECH,APOLLOHOSP.NS,HCLTECH.NS,3.5449,1135.8803,-1.0,1.829940649374522,443.6986838378905,7421.634765625,1648.01708984375
2025-07-03,APOLLOHOSP / HCLTECH,APOLLOHOSP.NS,HCLTECH.NS,3.5449,1135.8803,-1.0,2.0241310965223533,590.151708349609,7545.3125,1641.59228515625
2025-07-04,APOLLOHOSP / HCLTECH,APOLLOHOSP.NS,HCLTECH.NS,3.5449,1135.8803,-1.0,1.4523097339926843,531.0910379150389,7533.84228515625,1655.017333984375
2025-07-07,APOLLOHOSP / HCLTECH,APOLLOHOSP.NS,HCLTECH.NS,3.5449,1135.8803,-1.0,1.6156871426368415,646.1172304077143,7596.17919921875,1640.1539306640625
2025-07-08,APOLLOHOSP / HCLTECH,APOLLOHOSP.NS,HCLTECH.NS,3.5449,1135.8803,-1.0,1.2472855197245887,603.0694762695309,7545.3125,1637.9482421875
2025-07-09,APOLLOHOSP / HCLTECH,APOLLOHOSP.NS,HCLTECH.NS,3.5449,1135.8803,-1.0,1.1491447719374317,623.2348812622065,7449.56201171875,1605.2489013671875
2025-07-10,APOLLOHOSP / HCLTECH,APOLLOHOSP.NS,HCLTECH.NS,3.5449,1135.8803,-1.0,0.7334521715988319,548.5346906616212,7339.84814453125,1595.3717041015625
2025-07-11,APOLLOHOSP / HCLTECH,APOLLOHOSP.NS,HCLTECH.NS,3.5449,1135.8803,-1.0,0.27464554360611,465.818125354004,7170.78955078125,1571.0150146484375
2025-07-14,APOLLOHOSP / HCLTECH,APOLLOHOSP.NS,HCLTECH.NS,3.5449,1135.8803,-1.0,0.6014560923499479,559.12545961914,7201.2099609375,1553.27490234375
2025-07-15,APOLLOHOSP / HCLTECH,APOLLOHOSP.NS,HCLTECH.NS,3.5449,1135.8803,-1.0,1.93251767525338,880.7831093139646,7341.34423828125,1502.0679931640625
2025-07-16,APOLLOHOSP / HCLTECH,APOLLOHOSP.NS,HCLTECH.NS,3.5449,1135.8803,-1.0,1.786699669826998,885.0411936767575,7333.365234375,1498.615966796875
2025-07-17,APOLLOHOSP / HCLTECH,APOLLOHOSP.NS,HCLTECH.NS,3.5449,1135.8803,-1.0,1.765056454773802,947.2939827270509,7331.37060546875,1480.4920654296875
2025-07-18,APOLLOHOSP / HCLTECH,APOLLOHOSP.NS,HCLTECH.NS,3.5449,1135.8803,-1.0,1.152116362586448,842.5176063720698,7284.49267578125,1496.824951171875
2025-07-21,APOLLOHOSP / HCLTECH,APOLLOHOSP.NS,HCLTECH.NS,3.5449,1135.8803,-1.0,1.0670128907532352,856.683049182129,7235.62060546875,1479.0423583984375
2025-07-22,APOLLOHOSP / HCLTECH,APOLLOHOSP.NS,HCLTECH.NS,3.5449,1135.8803,-1.0,1.074063556316482,883.9907170776366,7227.64111328125,1469.0880126953125
2025-07-23,APOLLOHOSP / HCLTECH,APOLLOHOSP.NS,HCLTECH.NS,3.5449,1135.8803,-1.0,1.374872569951075,977.4279557983398,7354.31005859375,1478.4625244140625
2025-07-24,APOLLOHOSP / HCLTECH,APOLLOHOSP.NS,HCLTECH.NS,3.5449,1135.8803,-1.0,1.4799855737408,1044.8813642822267,7344.3369140625,1456.620849609375
2025-07-25,APOLLOHOSP / HCLTECH,APOLLOHOSP.NS,HCLTECH.NS,3.5449,1135.8803,-1.0,1.8465668763543466,1208.1913803710938,7449.0634765625,1440.0947265625
2025-07-28,APOLLOHOSP / HCLTECH,APOLLOHOSP.NS,HCLTECH.NS,3.5449,1135.8803,-1.0,1.4386757814760902,1178.7053511962883,7337.35498046875,1416.900146484375
2025-07-29,APOLLOHOSP / HCLTECH,APOLLOHOSP.NS,HCLTECH.NS,3.5449,1135.8803,-1.0,1.4901735755802819,1256.3625140136717,7436.595703125,1422.98876953125
2025-07-30,APOLLOHOSP / HCLTECH,APOLLOHOSP.NS,HCLTECH.NS,3.5449,1135.8803,-1.0,1.2357199061737387,1236.3318189453119,7430.611328125,1426.951171875
2025-07-31,APOLLOHOSP / HCLTECH,APOLLOHOSP.NS,HCLTECH.NS,3.5449,1135.8803,-1.0,1.4600192774193994,1313.6699056518553,7478.486328125,1418.6397705078125
2025-08-01,APOLLOHOSP / HCLTECH,APOLLOHOSP.NS,HCLTECH.NS,3.5449,1135.8803,-1.0,0.9681266366307486,1221.6815128173828,7332.36767578125,1403.369873046875
2025-08-04,APOLLOHOSP / HCLTECH,APOLLOHOSP.NS,HCLTECH.NS,3.5449,1135.8803,-1.0,0.2006050767065894,1101.8959677978517,7288.98095703125,1424.921630859375
2025-08-05,APOLLOHOSP / HCLTECH,APOLLOHOSP.NS,HCLTECH.NS,3.5449,1135.8803,0.0,-0.248075431127968,1039.5499077514648,7255.06982421875,1432.9429931640625
2025-08-06,APOLLOHOSP / HCLTECH,APOLLOHOSP.NS,HCLTECH.NS,3.5449,1135.8803,0.0,-0.3995607165689342,1022.0753345947267,7170.78955078125,1414.097412109375
2025-08-07,APOLLOHOSP / HCLTECH,APOLLOHOSP.NS,HCLTECH.NS,3.5449,1135.8803,0.0,-0.9130080609391688,960.4871556396481,7151.34033203125,1425.984619140625
2025-08-08,APOLLOHOSP / HCLTECH,APOLLOHOSP.NS,HCLTECH.NS,3.5449,1135.8803,0.0,-1.5370994697340912,874.5243166870112,7066.0625,1426.1778564453125
2025-08-11,APOLLOHOSP / HCLTECH,APOLLOHOSP.NS,HCLTECH.NS,3.5449,1135.8803,0.0,-0.729121040020181,1006.4303894653319,7240.1083984375,1438.0653076171875
2025-08-12,APOLLOHOSP / HCLTECH,APOLLOHOSP.NS,HCLTECH.NS,3.5449,1135.8803,0.0,-1.1466679158347421,945.9617954467774,7217.6669921875,1448.7926025390625
2025-08-13,APOLLOHOSP / HCLTECH,APOLLOHOSP.NS,HCLTECH.NS,3.5449,1135.8803,-1.0,2.1813295724436577,1509.6203603393549,7788.17822265625,1450.7257080078125
2025-08-14,APOLLOHOSP / HCLTECH,APOLLOHOSP.NS,HCLTECH.NS,3.5449,1135.8803,-1.0,1.9483327469546532,1561.299729077148,7801.14453125,1439.804931640625
2025-08-18,APOLLOHOSP / HCLTECH,APOLLOHOSP.NS,HCLTECH.NS,3.5449,1135.8803,-1.0,1.6637050132645204,1578.7422137817382,7802.14208984375,1435.1658935546875
2025-08-19,APOLLOHOSP / HCLTECH,APOLLOHOSP.NS,HCLTECH.NS,3.5449,1135.8803,-1.0,1.5527538135682832,1620.2183787963866,7813.12744140625,1426.5645751953125
2025-08-20,APOLLOHOSP / HCLTECH,APOLLOHOSP.NS,HCLTECH.NS,3.5449,1135.8803,-1.0,1.3123796784361081,1611.463130383301,7872.54833984375,1445.7967529296875
2025-08-21,APOLLOHOSP / HCLTECH,APOLLOHOSP.NS,HCLTECH.NS,3.5449,1135.8803,-1.0,1.3080280458882185,1663.4704797119136,7915.99072265625,1443.380615234375
2025-08-22,APOLLOHOSP / HCLTECH,APOLLOHOSP.NS,HCLTECH.NS,3.5449,1135.8803,-1.0,1.3599006597344563,1752.6610248291015,7911.99609375,1417.093505859375
2025-08-25,APOLLOHOSP / HCLTECH,APOLLOHOSP.NS,HCLTECH.NS,3.5449,1135.8803,-1.0,0.6519731934410038,1551.4129707153313,7840.5908203125,1453.7215576171875
2025-08-26,APOLLOHOSP / HCLTECH,APOLLOHOSP.NS,HCLTECH.NS,3.5449,1135.8803,-1.0,0.5017813469571805,1533.0444898315425,7783.1669921875,1442.7042236328125
2025-08-28,APOLLOHOSP / HCLTECH,APOLLOHOSP.NS,HCLTECH.NS,3.5449,1135.8803,-1.0,0.6451497082724877,1614.9468374267578,7717.75390625,1401.147216796875
2025-08-29,APOLLOHOSP / HCLTECH,APOLLOHOSP.NS,HCLTECH.NS,3.5449,1135.8803,-1.0,0.10441987686055071,1479.9735871215814,7599.91015625,1405.9793701171875
2025-09-01,APOLLOHOSP / HCLTECH,APOLLOHOSP.NS,HCLTECH.NS,3.5449,1135.8803,-1.0,0.0009723402711578167,1494.7994571411134,7661.32861328125,1419.1229248046875
2025-09-02,APOLLOHOSP / HCLTECH,APOLLOHOSP.NS,HCLTECH.NS,3.5449,1135.8803,0.0,-0.0889043157082643,1514.5361914306638,7671.81494140625,1416.513427734375
2025-09-03,APOLLOHOSP / HCLTECH,APOLLOHOSP.NS,HCLTECH.NS,3.5449,1135.8803,0.0,-0.1106790718556684,1567.0935347900383,7725.7431640625,1416.900146484375
2025-09-04,APOLLOHOSP / HCLTECH,APOLLOHOSP.NS,HCLTECH.NS,3.5449,1135.8803,-1.0,2.2651862858205662,1808.9873768432615,7889.52587890625,1394.8653564453125
2025-09-05,APOLLOHOSP / HCLTECH,APOLLOHOSP.NS,HCLTECH.NS,3.5449,1135.8803,-1.0,1.7123856094420877,1796.8644680786126,7794.15234375,1371.3807373046875
2025-09-08,APOLLOHOSP / HCLTECH,APOLLOHOSP.NS,HCLTECH.NS,3.5449,1135.8803,-1.0,1.6633291474650165,1833.703660290527,7776.17626953125,1355.9176025390625
2025-09-09,APOLLOHOSP / HCLTECH,APOLLOHOSP.NS,HCLTECH.NS,3.5449,1135.8803,-1.0,1.1383170796965187,1790.0867157348628,7815.12451171875,1379.2088623046875
2025-09-10,APOLLOHOSP / HCLTECH,APOLLOHOSP.NS,HCLTECH.NS,3.5449,1135.8803,-1.0,0.8505576753709685,1767.374915185547,7918.4873046875,1414.77392578125
2025-09-11,APOLLOHOSP / HCLTECH,APOLLOHOSP.NS,HCLTECH.NS,3.5449,1135.8803,-1.0,0.35398579118851886,1704.922239831543,7869.05322265625,1418.4464111328125
2025-09-12,APOLLOHOSP / HCLTECH,APOLLOHOSP.NS,HCLTECH.NS,3.5449,1135.8803,-1.0,0.3624941851385475,1701.641321154785,7864.0595703125,1417.9632568359375
2025-09-15,APOLLOHOSP / HCLTECH,APOLLOHOSP.NS,HCLTECH.NS,3.5449,1135.8803,0.0,-0.11683755923200814,1646.1170756347653,7806.13671875,1417.28662109375
2025-09-16,APOLLOHOSP / HCLTECH,APOLLOHOSP.NS,HCLTECH.NS,3.5449,1135.8803,0.0,-0.3457431712894318,1625.1980714233393,7842.0888671875,1433.3297119140625
2025-09-17,APOLLOHOSP / HCLTECH,APOLLOHOSP.NS,HCLTECH.NS,3.5449,1135.8803,0.0,-0.042017625291625345,1666.1324944213864,7877.54150390625,1431.7833251953125
2025-09-18,APOLLOHOSP / HCLTECH,APOLLOHOSP.NS,HCLTECH.NS,3.5449,1135.8803,0.0,-0.8263221794527696,1586.5433389038087,7840.09130859375,1443.6705322265625
2025-09-19,APOLLOHOSP / HCLTECH,APOLLOHOSP.NS,HCLTECH.NS,3.5449,1135.8803,0.0,-0.5587868357762772,1633.0462135375972,7796.14990234375,1418.1566162109375
2025-09-22,APOLLOHOSP / HCLTECH,APOLLOHOSP.NS,HCLTECH.NS,3.5449,1135.8803,0.0,-0.4520093095404797,1659.8489025024408,7728.7392578125,1391.5794677734375
2025-09-23,APOLLOHOSP / HCLTECH,APOLLOHOSP.NS,HCLTECH.NS,3.5449,1135.8803,0.0,-0.8064538578957025,1639.5238095703123,7673.81201171875,1381.818359375
2025-09-24,APOLLOHOSP / HCLTECH,APOLLOHOSP.NS,HCLTECH.NS,3.5449,1135.8803,0.0,-1.5602379137509246,1556.2535533813477,7633.36572265625,1393.8988037109375
2025-09-25,APOLLOHOSP / HCLTECH,APOLLOHOSP.NS,HCLTECH.NS,3.5449,1135.8803,0.0,-0.9034059942084575,1600.159232507324,7613.8916015625,1376.0196533203125
2025-09-26,APOLLOHOSP / HCLTECH,APOLLOHOSP.NS,HCLTECH.NS,3.5449,1135.8803,0.0,-1.0373111350694186,1583.9494005249023,7500.04296875,1348.4761962890625
2025-09-29,APOLLOHOSP / HCLTECH,APOLLOHOSP.NS,HCLTECH.NS,3.5449,1135.8803,0.0,-1.4929870024248704,1545.1017162597652,7434.13037109375,1340.84130859375
2025-09-30,APOLLOHOSP / HCLTECH,APOLLOHOSP.NS,HCLTECH.NS,3.5449,1135.8803,0.0,-1.7828609040892212,1518.0280625732419,7399.1767578125,1338.618408203125
2025-10-01,APOLLOHOSP / HCLTECH,APOLLOHOSP.NS,HCLTECH.NS,3.5449,1135.8803,0.0,-1.3081115272429442,1534.9115352905271,7431.13427734375,1342.8707275390625
2025-10-03,APOLLOHOSP / HCLTECH,APOLLOHOSP.NS,HCLTECH.NS,3.5449,1135.8803,0.0,-1.2650095955861451,1529.6967045776362,7439.623046875,1346.7364501953125
2025-10-06,APOLLOHOSP / HCLTECH,APOLLOHOSP.NS,HCLTECH.NS,3.5449,1135.8803,0.0,1.211151141962226,1659.0074924560547,7651.84130859375,1370.124267578125
2025-10-07,APOLLOHOSP / HCLTECH,APOLLOHOSP.NS,HCLTECH.NS,3.5449,1135.8803,0.0,0.8680228654137766,1643.1692270751953,7689.791015625,1385.297607421875
2025-10-08,APOLLOHOSP / HCLTECH,APOLLOHOSP.NS,HCLTECH.NS,3.5449,1135.8803,0.0,-0.9733514700450312,1537.3865257446284,7651.84130859375,1404.4329833984375
2025-10-09,APOLLOHOSP / HCLTECH,APOLLOHOSP.NS,HCLTECH.NS,3.5449,1135.8803,0.0,-1.955133859014955,1456.2593417724609,7684.7978515625,1436.615478515625
2025-10-10,APOLLOHOSP / HCLTECH,APOLLOHOSP.NS,HCLTECH.NS,3.5449,1135.8803,1.0,-2.0294824501372,1411.4443631835936,7670.81640625,1445.3134765625
2025-10-13,APOLLOHOSP / HCLTECH,APOLLOHOSP.NS,HCLTECH.NS,3.5449,1135.8803,1.0,-1.7533832274148295,1404.1980071899413,7660.82958984375,1444.5404052734375
2025-10-14,APOLLOHOSP / HCLTECH,APOLLOHOSP.NS,HCLTECH.NS,3.5449,1135.8803,1.0,-0.5763645821398254,1489.6831346557617,7748.712890625,1445.2169189453125
2025-10-15,APOLLOHOSP / HCLTECH,APOLLOHOSP.NS,HCLTECH.NS,3.5449,1135.8803,0.0,0.2906214065746852,1555.5669734497067,7815.6240234375,1445.5067138671875
2025-10-16,APOLLOHOSP / HCLTECH,APOLLOHOSP.NS,HCLTECH.NS,3.5449,1135.8803,0.0,-0.3937795984640111,1496.9351607299802,7823.11376953125,1464.1593017578125
2025-10-17,APOLLOHOSP / HCLTECH,APOLLOHOSP.NS,HCLTECH.NS,3.5449,1135.8803,0.0,1.2196455563057194,1622.8610326782225,7891.02392578125,1447.7933349609375
2025-10-20,APOLLOHOSP / HCLTECH,APOLLOHOSP.NS,HCLTECH.NS,3.5449,1135.8803,0.0,1.7809898133562074,1699.4466023681641,7999.3798828125,1456.755615234375
2025-10-21,APOLLOHOSP / HCLTECH,APOLLOHOSP.NS,HCLTECH.NS,3.5449,1135.8803,0.0,1.7323308712957128,1733.9056134033196,8001.37744140625,1447.598388671875
2025-10-23,APOLLOHOSP / HCLTECH,APOLLOHOSP.NS,HCLTECH.NS,3.5449,1135.8803,0.0,0.024304385240949355,1559.583203173828,7957.93505859375,1484.51904296875
2025-10-24,APOLLOHOSP / HCLTECH,APOLLOHOSP.NS,HCLTECH.NS,3.5449,1135.8803,0.0,-1.1148272791231735,1429.1023474853516,7827.10888671875,1484.421630859375
2025-10-27,APOLLOHOSP / HCLTECH,APOLLOHOSP.NS,HCLTECH.NS,3.5449,1135.8803,0.0,-1.1635644780551415,1403.594637023925,7835.09814453125,1493.8709716796875
2025-10-28,APOLLOHOSP / HCLTECH,APOLLOHOSP.NS,HCLTECH.NS,3.5449,1135.8803,0.0,-0.39573437864488126,1477.9160264770505,7870.0517578125,1482.7655029296875
2025-10-29,APOLLOHOSP / HCLTECH,APOLLOHOSP.NS,HCLTECH.NS,3.5449,1135.8803,0.0,-1.464695554910219,1334.3892656982423,7848.0810546875,1517.055908203125
2025-10-30,APOLLOHOSP / HCLTECH,APOLLOHOSP.NS,HCLTECH.NS,3.5449,1135.8803,0.0,-1.5565909255833057,1291.8796654541009,7779.671875,1509.749755859375
2025-10-31,APOLLOHOSP / HCLTECH,APOLLOHOSP.NS,HCLTECH.NS,3.5449,1135.8803,0.0,-1.7975673982970544,1211.6863056396485,7670.81640625,1501.664306640625
2025-11-03,APOLLOHOSP / HCLTECH,APOLLOHOSP.NS,HCLTECH.NS,3.5449,1135.8803,0.0,-0.8382086284464659,1348.0895522216795,7814.1259765625,1503.612548828125
2025-11-04,APOLLOHOSP / HCLTECH,APOLLOHOSP.NS,HCLTECH.NS,3.5449,1135.8803,0.0,-0.5462525428208878,1383.8353686767575,7800.14453125,1489.584716796875
2025-11-06,APOLLOHOSP / HCLTECH,APOLLOHOSP.NS,HCLTECH.NS,3.5449,1135.8803,0.0,-0.5817808484170192,1364.696936096191,7771.68212890625,1486.9544677734375
2025-11-07,APOLLOHOSP / HCLTECH,APOLLOHOSP.NS,HCLTECH.NS,3.5449,1135.8803,0.0,-1.0280785799206584,1273.2284799926754,7631.86767578125,1473.3162841796875
2025-11-10,APOLLOHOSP / HCLTECH,APOLLOHOSP.NS,HCLTECH.NS,3.5449,1135.8803,0.0,-1.864254517708181,1063.840151098633,7519.51708984375,1500.690185546875
2025-11-11,APOLLOHOSP / HCLTECH,APOLLOHOSP.NS,HCLTECH.NS,3.5449,1135.8803,1.0,-2.087368627219227,933.5060119140624,7491.0546875,1529.427734375
2025-11-12,APOLLOHOSP / HCLTECH,APOLLOHOSP.NS,HCLTECH.NS,3.5449,1135.8803,1.0,-2.1244971046596923,847.6310043090814,7488.05859375,1552.8074951171875
2025-11-13,APOLLOHOSP / HCLTECH,APOLLOHOSP.NS,HCLTECH.NS,3.5449,1135.8803,1.0,-1.9762291005057984,774.6675706176754,7430.63525390625,1557.1912841796875
2025-11-14,APOLLOHOSP / HCLTECH,APOLLOHOSP.NS,HCLTECH.NS,3.5449,1135.8803,1.0,-1.640451822344492,768.1621345336914,7410.66162109375,1553.3919677734375
2025-11-17,APOLLOHOSP / HCLTECH,APOLLOHOSP.NS,HCLTECH.NS,3.5449,1135.8803,1.0,-1.3065041797421868,794.3242264282223,7477.57275390625,1564.8870849609375
2025-11-18,APOLLOHOSP / HCLTECH,APOLLOHOSP.NS,HCLTECH.NS,3.5449,1135.8803,1.0,-1.3419017529751305,731.1366241333005,7375.7080078125,1553.9764404296875
2025-11-19,APOLLOHOSP / HCLTECH,APOLLOHOSP.NS,HCLTECH.NS,3.5449,1135.8803,1.0,-1.611342501936842,571.7867708984375,7449.1103515625,1619.634765625
2025-11-20,APOLLOHOSP / HCLTECH,APOLLOHOSP.NS,HCLTECH.NS,3.5449,1135.8803,1.0,-1.3020641775721618,595.2311701782226,7413.158203125,1602.8792724609375
2025-11-21,APOLLOHOSP / HCLTECH,APOLLOHOSP.NS,HCLTECH.NS,3.5449,1135.8803,1.0,-0.8406194722172755,692.427097131347,7381.20068359375,1566.4456787109375
2025-11-24,APOLLOHOSP / HCLTECH,APOLLOHOSP.NS,HCLTECH.NS,3.5449,1135.8803,1.0,-0.869775209026035,647.6869830444336,7344.7490234375,1568.7838134765625
2025-11-25,APOLLOHOSP / HCLTECH,APOLLOHOSP.NS,HCLTECH.NS,3.5449,1135.8803,1.0,-0.743435011700365,655.8348575805664,7320.78076171875,1559.7239990234375
2025-11-26,APOLLOHOSP / HCLTECH,APOLLOHOSP.NS,HCLTECH.NS,3.5449,1135.8803,1.0,-0.6521489096432926,660.2366223510742,7383.1982421875,1576.0899658203125
2025-11-27,APOLLOHOSP / HCLTECH,APOLLOHOSP.NS,HCLTECH.NS,3.5449,1135.8803,1.0,-1.2780449221604238,551.4989219116212,7312.79150390625,1586.9029541015625
2025-11-28,APOLLOHOSP / HCLTECH,APOLLOHOSP.NS,HCLTECH.NS,3.5449,1135.8803,1.0,-1.0547577827524246,581.0574417480464,7325.7744140625,1582.22705078125
2025-12-01,APOLLOHOSP / HCLTECH,APOLLOHOSP.NS,HCLTECH.NS,3.5449,1135.8803,1.0,-1.8471822804478193,468.5441950683587,7277.837890625,1600.44384765625
2025-12-02,APOLLOHOSP / HCLTECH,APOLLOHOSP.NS,HCLTECH.NS,3.5449,1135.8803,1.0,-1.7451439169695553,448.65900520019545,7232.3984375,1593.235107421875
2025-12-03,APOLLOHOSP / HCLTECH,APOLLOHOSP.NS,HCLTECH.NS,3.5449,1135.8803,1.0,-1.9341293384593174,373.46899057617134,7174.47509765625,1598.10595703125
2025-12-04,APOLLOHOSP / HCLTECH,APOLLOHOSP.NS,HCLTECH.NS,3.5449,1135.8803,1.0,-1.7940398756241291,341.75564915771497,7191.45263671875,1611.8414306640625
2025-12-05,APOLLOHOSP / HCLTECH,APOLLOHOSP.NS,HCLTECH.NS,3.5449,1135.8803,1.0,-2.0919378323937745,232.19709436035168,7179.9677734375,1639.507568359375
2025-12-08,APOLLOHOSP / HCLTECH,APOLLOHOSP.NS,HCLTECH.NS,3.5449,1135.8803,1.0,-2.1633320722476483,119.48254589843759,7086.591796875,1644.962890625
2025-12-09,APOLLOHOSP / HCLTECH,APOLLOHOSP.NS,HCLTECH.NS,3.5449,1135.8803,1.0,-1.333513848435099,221.54172692871066,7081.5986328125,1614.763916015625
2025-12-10,APOLLOHOSP / HCLTECH,APOLLOHOSP.NS,HCLTECH.NS,3.5449,1135.8803,1.0,-1.5463061678603658,120.13000493164031,7009.1943359375,1622.94677734375
2025-12-11,APOLLOHOSP / HCLTECH,APOLLOHOSP.NS,HCLTECH.NS,3.5449,1135.8803,1.0,-1.4489240080831465,89.04067784423819,7000.20654296875,1629.1815185546875
2025-12-12,APOLLOHOSP / HCLTECH,APOLLOHOSP.NS,HCLTECH.NS,3.5449,1135.8803,1.0,-0.8943032206206284,177.65699904785083,7091.5849609375,1629.960693359375
2025-12-15,APOLLOHOSP / HCLTECH,APOLLOHOSP.NS,HCLTECH.NS,3.5449,1135.8803,1.0,-1.0131599180503263,125.88065124511718,7077.1044921875,1640.481689453125
2025-12-16,APOLLOHOSP / HCLTECH,APOLLOHOSP.NS,HCLTECH.NS,3.5449,1135.8803,1.0,-0.5137187344288404,202.46849348144474,7042.15087890625,1609.016357421875
2025-12-17,APOLLOHOSP / HCLTECH,APOLLOHOSP.NS,HCLTECH.NS,3.5449,1135.8803,1.0,-1.1956277963857913,61.24498988037044,6912.3232421875,1612.2310791015625
2025-12-18,APOLLOHOSP / HCLTECH,APOLLOHOSP.NS,HCLTECH.NS,3.5449,1135.8803,1.0,-1.2700331421950086,36.14779473876911,6909.3271484375,1618.4656982421875
2025-12-19,APOLLOHOSP / HCLTECH,APOLLOHOSP.NS,HCLTECH.NS,3.5449,1135.8803,1.0,-0.003782991967437073,195.63552209472596,7003.20263671875,1599.956787109375
2025-12-22,APOLLOHOSP / HCLTECH,APOLLOHOSP.NS,HCLTECH.NS,3.5449,1135.8803,1.0,-0.3428800094728284,140.73323572997992,7044.6474609375,1627.1358642578125
2025-12-23,APOLLOHOSP / HCLTECH,APOLLOHOSP.NS,HCLTECH.NS,3.5449,1135.8803,1.0,-0.3724644817140755,127.05613746337872,7064.12158203125,1636.4876708984375
2025-12-24,APOLLOHOSP / HCLTECH,APOLLOHOSP.NS,HCLTECH.NS,3.5449,1135.8803,0.0,1.4602998295813183,243.3830735229492,7162.4912109375,1631.4219970703125
2025-12-26,APOLLOHOSP / HCLTECH,APOLLOHOSP.NS,HCLTECH.NS,3.5449,1135.8803,0.0,1.7662192867607969,275.05943426513636,7146.51220703125,1617.9786376953125
2025-12-29,APOLLOHOSP / HCLTECH,APOLLOHOSP.NS,HCLTECH.NS,3.5449,1135.8803,0.0,1.7726182889904096,307.59822751464776,7075.10693359375,1588.656494140625
2025-12-30,APOLLOHOSP / HCLTECH,APOLLOHOSP.NS,HCLTECH.NS,3.5449,1135.8803,0.0,1.1764165724014244,267.0952045288084,6980.732421875,1573.4595947265625
2025-12-31,APOLLOHOSP / HCLTECH,APOLLOHOSP.NS,HCLTECH.NS,3.5449,1135.8803,0.0,1.2524531324441124,291.55303829345644,7033.16259765625,1581.3504638671875
2026-01-01,APOLLOHOSP / HCLTECH,APOLLOHOSP.NS,HCLTECH.NS,3.5449,1135.8803,0.0,1.3589024140852097,321.78545135497984,7102.0712890625,1592.2608642578125
2026-01-02,APOLLOHOSP / HCLTECH,APOLLOHOSP.NS,HCLTECH.NS,3.5449,1135.8803,0.0,1.1602830633211563,320.077637487793,7120.04736328125,1597.8135986328125
2026-01-05,APOLLOHOSP / HCLTECH,APOLLOHOSP.NS,HCLTECH.NS,3.5449,1135.8803,0.0,1.5314239247268837,386.2161322753907,7073.60888671875,1566.05615234375
2026-01-06,APOLLOHOSP / HCLTECH,APOLLOHOSP.NS,HCLTECH.NS,3.5449,1135.8803,-1.0,2.4681556137283924,620.8212516479487,7338.2578125,1574.5313720703125
2026-01-07,APOLLOHOSP / HCLTECH,APOLLOHOSP.NS,HCLTECH.NS,3.5449,1135.8803,-1.0,1.9266282175490683,611.7566713256836,7437.6259765625,1605.1197509765625
2026-01-08,APOLLOHOSP / HCLTECH,APOLLOHOSP.NS,HCLTECH.NS,3.5449,1135.8803,-1.0,1.2805156896146948,532.3196964721681,7354.73583984375,1604.1456298828125
2026-01-09,APOLLOHOSP / HCLTECH,APOLLOHOSP.NS,HCLTECH.NS,3.5449,1135.8803,-1.0,0.19377580640578668,373.6995525512691,7246.87890625,1618.4656982421875
2026-01-12,APOLLOHOSP / HCLTECH,APOLLOHOSP.NS,HCLTECH.NS,3.5449,1135.8803,-1.0,0.02907055956486407,364.27345853271413,7258.86328125,1624.5054931640625
2026-01-13,APOLLOHOSP / HCLTECH,APOLLOHOSP.NS,HCLTECH.NS,3.5449,1135.8803,-1.0,0.2857123969692453,416.1949832031248,7301.80615234375,1621.97265625
2026-01-14,APOLLOHOSP / HCLTECH,APOLLOHOSP.NS,HCLTECH.NS,3.5449,1135.8803,0.0,-0.20763081609765668,365.15980903320246,7262.85791015625,1625.38232421875
2026-01-15,APOLLOHOSP / HCLTECH,APOLLOHOSP.NS,HCLTECH.NS,3.5449,1135.8803,0.0,-0.2725720753379115,365.15980903320246,7262.85791015625,1625.38232421875
2026-01-16,APOLLOHOSP / HCLTECH,APOLLOHOSP.NS,HCLTECH.NS,3.5449,1135.8803,0.0,-1.6296032676223438,183.85911483154246,7225.90673828125,1666.1026611328125
2026-01-19,APOLLOHOSP / HCLTECH,APOLLOHOSP.NS,HCLTECH.NS,3.5449,1135.8803,1.0,-2.246962028893613,16.10293156738294,7123.54296875,1684.549560546875
2026-01-20,APOLLOHOSP / HCLTECH,APOLLOHOSP.NS,HCLTECH.NS,3.5449,1135.8803,1.0,-2.2014496711998772,-101.49510705566468,6903.3349609375,1655.603759765625
2026-01-21,APOLLOHOSP / HCLTECH,APOLLOHOSP.NS,HCLTECH.NS,3.5449,1135.8803,1.0,-1.9587311386399489,-170.68450871582104,6817.44921875,1650.893798828125
2026-01-22,APOLLOHOSP / HCLTECH,APOLLOHOSP.NS,HCLTECH.NS,3.5449,1135.8803,1.0,-1.859207621200586,-271.79855491943385,6787.98828125,1671.1068115234375
2026-01-23,APOLLOHOSP / HCLTECH,APOLLOHOSP.NS,HCLTECH.NS,3.5449,1135.8803,1.0,-1.551135242967775,-279.3719277343755,6793.98046875,1674.93359375
2026-01-27,APOLLOHOSP / HCLTECH,APOLLOHOSP.NS,HCLTECH.NS,3.5449,1135.8803,1.0,-1.470168015421366,-334.7733589721686,6784.49267578125,1687.8856201171875
2026-01-28,APOLLOHOSP / HCLTECH,APOLLOHOSP.NS,HCLTECH.NS,3.5449,1135.8803,1.0,-1.155578570939449,-283.5806776000984,6868.38134765625,1697.1090087890625
2026-01-29,APOLLOHOSP / HCLTECH,APOLLOHOSP.NS,HCLTECH.NS,3.5449,1135.8803,1.0,-1.1502780680215563,-332.15260209961,6791.98291015625,1689.25927734375
2026-01-30,APOLLOHOSP / HCLTECH,APOLLOHOSP.NS,HCLTECH.NS,3.5449,1135.8803,1.0,-0.24694525888182325,-82.42796881103573,6951.271484375,1663.7476806640625
2026-02-02,APOLLOHOSP / HCLTECH,APOLLOHOSP.NS,HCLTECH.NS,3.5449,1135.8803,1.0,-0.016391391286709557,-44.00034327392609,6924.30712890625,1645.3009033203125
2026-02-03,APOLLOHOSP / HCLTECH,APOLLOHOSP.NS,HCLTECH.NS,3.5449,1135.8803,0.0,0.46961929843740363,46.44498150634695,7079.1015625,1663.4534912109375
2026-02-04,APOLLOHOSP / HCLTECH,APOLLOHOSP.NS,HCLTECH.NS,3.5449,1135.8803,0.0,1.696965112587504,329.56485574951125,7106.5654296875,1591.3341064453125
2026-02-05,APOLLOHOSP / HCLTECH,APOLLOHOSP.NS,HCLTECH.NS,3.5449,1135.8803,0.0,1.880832825369751,376.6007157348629,7112.55712890625,1579.7557373046875
2026-02-06,APOLLOHOSP / HCLTECH,APOLLOHOSP.NS,HCLTECH.NS,3.5449,1135.8803,0.0,1.903067408669135,463.7570075927731,7143.01708984375,1563.761962890625
2026-02-09,APOLLOHOSP / HCLTECH,APOLLOHOSP.NS,HCLTECH.NS,3.5449,1135.8803,0.0,1.6606693998311899,493.30955295410126,7201.439453125,1571.906005859375
2026-02-10,APOLLOHOSP / HCLTECH,APOLLOHOSP.NS,HCLTECH.NS,3.5449,1135.8803,0.0,1.6384111676842028,601.8217373901368,7209.4287109375,1543.5489501953125
2026-02-11,APOLLOHOSP / HCLTECH,APOLLOHOSP.NS,HCLTECH.NS,3.5449,1135.8803,-1.0,2.0247197546918354,964.2237903686516,7497.046875,1522.4527587890625
2026-02-12,APOLLOHOSP / HCLTECH,APOLLOHOSP.NS,HCLTECH.NS,3.5449,1135.8803,-1.0,2.0617828048914157,1258.7934042968743,7529.00439453125,1448.37109375
2026-02-13,APOLLOHOSP / HCLTECH,APOLLOHOSP.NS,HCLTECH.NS,3.5449,1135.8803,-1.0,1.7805262192743063,1334.9858561157223,7532.5,1427.8636474609375
2026-02-16,APOLLOHOSP / HCLTECH,APOLLOHOSP.NS,HCLTECH.NS,3.5449,1135.8803,-1.0,1.5864963302635677,1397.5283878906246,7618.0,1434.33984375
2026-02-17,APOLLOHOSP / HCLTECH,APOLLOHOSP.NS,HCLTECH.NS,3.5449,1135.8803,-1.0,1.246058420690945,1308.6798868164058,7601.5,1454.7490234375
2026-02-18,APOLLOHOSP / HCLTECH,APOLLOHOSP.NS,HCLTECH.NS,3.5449,1135.8803,-1.0,1.2558894928507347,1408.2458702514648,7647.5,1439.6383056640625
2026-02-19,APOLLOHOSP / HCLTECH,APOLLOHOSP.NS,HCLTECH.NS,3.5449,1135.8803,-1.0,1.110010557942399,1411.6813311889644,7592.5,1423.1539306640625
2026-02-20,APOLLOHOSP / HCLTECH,APOLLOHOSP.NS,HCLTECH.NS,3.5449,1135.8803,-1.0,1.1070605102045588,1483.0299245727535,7615.5,1409.5150146484375
2026-02-23,APOLLOHOSP / HCLTECH,APOLLOHOSP.NS,HCLTECH.NS,3.5449,1135.8803,-1.0,1.200575938522845,1596.3566952880853,7693.0,1399.408447265625
2026-02-24,APOLLOHOSP / HCLTECH,APOLLOHOSP.NS,HCLTECH.NS,3.5449,1135.8803,-1.0,1.6232004539749623,1926.4696455322262,7720.5,1314.042724609375
2026-02-25,APOLLOHOSP / HCLTECH,APOLLOHOSP.NS,HCLTECH.NS,3.5449,1135.8803,-1.0,1.3061622245539133,1853.3153405639648,7783.0,1352.3101806640625
2026-02-26,APOLLOHOSP / HCLTECH,APOLLOHOSP.NS,HCLTECH.NS,3.5449,1135.8803,-1.0,1.1937895432092374,1861.6633358154293,7775.0,1347.698486328125
2026-02-27,APOLLOHOSP / HCLTECH,APOLLOHOSP.NS,HCLTECH.NS,3.5449,1135.8803,-1.0,1.1004205706264987,1853.9019600097652,7821.5,1363.00537109375
2026-03-02,APOLLOHOSP / HCLTECH,APOLLOHOSP.NS,HCLTECH.NS,3.5449,1135.8803,-1.0,1.1765576121530716,1886.8589859008787,7791.5,1345.2454833984375
2026-03-04,APOLLOHOSP / HCLTECH,APOLLOHOSP.NS,HCLTECH.NS,3.5449,1135.8803,-1.0,0.7492826897554955,1785.7072388671875,7666.0,1338.376953125
2026-03-05,APOLLOHOSP / HCLTECH,APOLLOHOSP.NS,HCLTECH.NS,3.5449,1135.8803,-1.0,1.1564799586632104,1929.1427921142574,7775.0,1328.662841796875
2026-03-06,APOLLOHOSP / HCLTECH,APOLLOHOSP.NS,HCLTECH.NS,3.5449,1135.8803,-1.0,0.7924908979174047,1869.5992294799805,7724.5,1331.2139892578125
2026-03-09,APOLLOHOSP / HCLTECH,APOLLOHOSP.NS,HCLTECH.NS,3.5449,1135.8803,-1.0,0.8670389245569694,1917.490189233398,7779.0,1333.078369140625
2026-03-10,APOLLOHOSP / HCLTECH,APOLLOHOSP.NS,HCLTECH.NS,3.5449,1135.8803,-1.0,0.8340720910642964,1931.4028889526369,7803.0,1335.9239501953125
2026-03-11,APOLLOHOSP / HCLTECH,APOLLOHOSP.NS,HCLTECH.NS,3.5449,1135.8803,-1.0,0.3174872527468642,1851.3600071533199,7684.0,1324.934326171875
2026-03-12,APOLLOHOSP / HCLTECH,APOLLOHOSP.NS,HCLTECH.NS,3.5449,1135.8803,0.0,-0.7764191040217691,1714.7293192504883,7574.5,1332.5877685546875
2026-03-13,APOLLOHOSP / HCLTECH,APOLLOHOSP.NS,HCLTECH.NS,3.5449,1135.8803,0.0,-0.40312433885136073,1803.9698936401362,7550.0,1300.5020751953125
2026-03-16,APOLLOHOSP / HCLTECH,APOLLOHOSP.NS,HCLTECH.NS,3.5449,1135.8803,0.0,-1.6958533329792282,1732.8392884399416,7490.0,1303.6419677734375
2026-03-17,APOLLOHOSP / HCLTECH,APOLLOHOSP.NS,HCLTECH.NS,3.5449,1135.8803,0.0,-1.0233534877792094,1768.9266714233397,7500.0,1296.2828369140625
2026-03-18,APOLLOHOSP / HCLTECH,APOLLOHOSP.NS,HCLTECH.NS,3.5449,1135.8803,1.0,-2.2732034920892397,1614.3600994628903,7471.0,1331.70458984375
2026-03-19,APOLLOHOSP / HCLTECH,APOLLOHOSP.NS,HCLTECH.NS,3.5449,1135.8803,1.0,-2.141164996958901,1553.2747493774411,7252.0,1287.1575927734375
2026-03-20,APOLLOHOSP / HCLTECH,APOLLOHOSP.NS,HCLTECH.NS,3.5449,1135.8803,1.0,-1.5114293420804712,1589.6000757202144,7364.5,1308.6461181640625
2026-03-23,APOLLOHOSP / HCLTECH,APOLLOHOSP.NS,HCLTECH.NS,3.5449,1135.8803,1.0,-2.5267412228710886,1283.490189233398,7145.0,1333.078369140625
2026-03-24,APOLLOHOSP / HCLTECH,APOLLOHOSP.NS,HCLTECH.NS,3.5449,1135.8803,1.0,-1.1461014061452746,1500.3587281860353,7413.0,1347.5023193359375
2026-03-25,APOLLOHOSP / HCLTECH,APOLLOHOSP.NS,HCLTECH.NS,3.5449,1135.8803,1.0,-0.31951141077433326,1640.0322151855469,7580.5,1355.35205078125
2026-03-27,APOLLOHOSP / HCLTECH,APOLLOHOSP.NS,HCLTECH.NS,3.5449,1135.8803,1.0,-0.0928055321801949,1667.3160213989256,7549.0,1338.7694091796875
2026-03-30,APOLLOHOSP / HCLTECH,APOLLOHOSP.NS,HCLTECH.NS,3.5449,1135.8803,1.0,-0.28108402414183176,1616.6214752685544,7419.0,1316.397705078125
2026-04-01,APOLLOHOSP / HCLTECH,APOLLOHOSP.NS,HCLTECH.NS,3.5449,1135.8803,1.0,-1.1320251700109698,1458.5990544677732,7305.5,1328.957275390625
2026-04-02,APOLLOHOSP / HCLTECH,APOLLOHOSP.NS,HCLTECH.NS,3.5449,1135.8803,1.0,-1.7994477275381078,1304.3362342895505,7317.5,1375.8592529296875
2026-04-06,APOLLOHOSP / HCLTECH,APOLLOHOSP.NS,HCLTECH.NS,3.5449,1135.8803,1.0,-1.2556718416329131,1356.0096289794917,7373.0,1376.938720703125
2026-04-07,APOLLOHOSP / HCLTECH,APOLLOHOSP.NS,HCLTECH.NS,3.5449,1135.8803,1.0,-1.906964115231316,1176.2907118530272,7326.5,1414.5191650390625
2026-04-08,APOLLOHOSP / HCLTECH,APOLLOHOSP.NS,HCLTECH.NS,3.5449,1135.8803,1.0,-1.5651984173812508,1183.811255554199,7401.5,1433.5548095703125
2026-04-09,APOLLOHOSP / HCLTECH,APOLLOHOSP.NS,HCLTECH.NS,3.5449,1135.8803,1.0,-1.0776692886061432,1250.2461279663082,7481.5,1437.3814697265625
2026-04-10,APOLLOHOSP / HCLTECH,APOLLOHOSP.NS,HCLTECH.NS,3.5449,1135.8803,1.0,-0.5423815392352812,1327.8988962524415,7511.5,1423.9388427734375
2026-04-13,APOLLOHOSP / HCLTECH,APOLLOHOSP.NS,HCLTECH.NS,3.5449,1135.8803,1.0,-0.017370966985282447,1408.72565736084,7516.5,1402.5484619140625
2026-04-15,APOLLOHOSP / HCLTECH,APOLLOHOSP.NS,HCLTECH.NS,3.5449,1135.8803,0.0,0.3439333575287163,1458.0509837036132,7642.0,1424.0369873046875
2026-04-16,APOLLOHOSP / HCLTECH,APOLLOHOSP.NS,HCLTECH.NS,3.5449,1135.8803,0.0,-0.2251984100989449,1372.8771562866211,7553.0,1422.9576416015625
2026-04-17,APOLLOHOSP / HCLTECH,APOLLOHOSP.NS,HCLTECH.NS,3.5449,1135.8803,0.0,0.8329503051653763,1546.3557567382811,7699.0,1415.2060546875
2026-04-20,APOLLOHOSP / HCLTECH,APOLLOHOSP.NS,HCLTECH.NS,3.5449,1135.8803,0.0,0.9604401119102352,1553.051829943847,7657.0,1401.4691162109375
2026-04-21,APOLLOHOSP / HCLTECH,APOLLOHOSP.NS,HCLTECH.NS,3.5449,1135.8803,0.0,1.3429820649730562,1595.181929321289,7744.0,1414.126708984375
2026-04-22,APOLLOHOSP / HCLTECH,APOLLOHOSP.NS,HCLTECH.NS,3.5449,1135.8803,-1.0,2.8071385154066024,2055.449938464356,7662.0,1261.1553955078125
2026-04-23,APOLLOHOSP / HCLTECH,APOLLOHOSP.NS,HCLTECH.NS,3.5449,1135.8803,-1.0,2.3642941525441152,2201.23314654541,7781.0,1253.5999755859375
2026-04-24,APOLLOHOSP / HCLTECH,APOLLOHOSP.NS,HCLTECH.NS,3.5449,1135.8803,-1.0,2.0766326135064994,2331.39619309082,7732.5,1203.199951171875
2026-04-27,APOLLOHOSP / HCLTECH,APOLLOHOSP.NS,HCLTECH.NS,3.5449,1135.8803,-1.0,1.6823683411841939,2335.2736930908204,7825.0,1228.199951171875
2026-04-28,APOLLOHOSP / HCLTECH,APOLLOHOSP.NS,HCLTECH.NS,3.5449,1135.8803,-1.0,1.4978538993607735,2377.4192999999996,7753.0,1196.0
2026-04-29,APOLLOHOSP / HCLTECH,APOLLOHOSP.NS,HCLTECH.NS,3.5449,1135.8803,-1.0,1.1836728279413238,2318.5308930908204,7709.0,1200.199951171875
2026-04-30,APOLLOHOSP / HCLTECH,APOLLOHOSP.NS,HCLTECH.NS,3.5449,1135.8803,-1.0,0.8959676445268444,2249.9301965454106,7636.5,1199.0999755859375
2026-05-01,APOLLOHOSP / HCLTECH,APOLLOHOSP.NS,HCLTECH.NS,3.5449,1135.8803,-1.0,0.7760319709770076,2249.9301965454106,7636.5,1199.0999755859375
2026-05-04,APOLLOHOSP / HCLTECH,APOLLOHOSP.NS,HCLTECH.NS,3.5449,1135.8803,-1.0,0.8813840694428783,2345.9672499999997,7737.5,1200.5
2026-05-05,APOLLOHOSP / HCLTECH,APOLLOHOSP.NS,HCLTECH.NS,3.5449,1135.8803,-1.0,0.849168697540527,2381.5308930908204,7772.0,1200.199951171875
2026-05-06,APOLLOHOSP / HCLTECH,APOLLOHOSP.NS,HCLTECH.NS,3.5449,1135.8803,-1.0,0.8333448951907808,2409.37919654541,7760.5,1189.0999755859375
2026-05-07,APOLLOHOSP / HCLTECH,APOLLOHOSP.NS,HCLTECH.NS,3.5449,1135.8803,-1.0,1.0335251554807152,2506.0849534545896,7837.0,1183.4000244140625
2026-05-08,APOLLOHOSP / HCLTECH,APOLLOHOSP.NS,HCLTECH.NS,3.5449,1135.8803,-1.0,1.688832990476206,2712.9114534545897,8097.0,1198.4000244140625
2026-05-11,APOLLOHOSP / HCLTECH,APOLLOHOSP.NS,HCLTECH.NS,3.5449,1135.8803,-1.0,1.9006631896821877,2710.3186034545897,8082.0,1194.9000244140625
2026-05-12,APOLLOHOSP / HCLTECH,APOLLOHOSP.NS,HCLTECH.NS,3.5449,1135.8803,-1.0,2.07720990171405,2824.873106909179,8022.5,1145.800048828125
2026-05-13,APOLLOHOSP / HCLTECH,APOLLOHOSP.NS,HCLTECH.NS,3.5449,1135.8803,-1.0,1.6764829759404625,2816.0901930908203,8004.5,1143.199951171875
2026-05-14,APOLLOHOSP / HCLTECH,APOLLOHOSP.NS,HCLTECH.NS,3.5449,1135.8803,-1.0,1.9593406981526515,2998.6521000000002,8119.0,1124.0
2026-05-15,APOLLOHOSP / HCLTECH,APOLLOHOSP.NS,HCLTECH.NS,3.5449,1135.8803,-1.0,1.4148038100881204,2931.6660465454097,8082.5,1132.5999755859375
2026-05-18,APOLLOHOSP / HCLTECH,APOLLOHOSP.NS,HCLTECH.NS,3.5449,1135.8803,-1.0,0.8603746887081517,2820.0374465454097,8020.5,1146.5999755859375
2026-05-19,APOLLOHOSP / HCLTECH,APOLLOHOSP.NS,HCLTECH.NS,3.5449,1135.8803,-1.0,0.35305458057866773,2709.26455345459,8026.0,1179.4000244140625
2026-05-20,APOLLOHOSP / HCLTECH,APOLLOHOSP.NS,HCLTECH.NS,3.5449,1135.8803,-1.0,0.5843074247636959,2795.7955069091795,8078.5,1169.800048828125
2026-05-21,APOLLOHOSP / HCLTECH,APOLLOHOSP.NS,HCLTECH.NS,3.5449,1135.8803,-1.0,1.4183311457121357,3031.46769309082,8308.5,1168.199951171875
2026-05-22,APOLLOHOSP / HCLTECH,APOLLOHOSP.NS,HCLTECH.NS,3.5449,1135.8803,-1.0,1.5166155261862697,3100.3561,8362.5,1164.0
2026-05-25,APOLLOHOSP / HCLTECH,APOLLOHOSP.NS,HCLTECH.NS,3.5449,1135.8803,-1.0,1.499294004388479,3135.82994309082,8404.0,1165.699951171875
2026-05-26,APOLLOHOSP / HCLTECH,APOLLOHOSP.NS,HCLTECH.NS,3.5449,1135.8803,-1.0,0.7877450923892426,3003.80030345459,8258.5,1161.9000244140625
2026-05-27,APOLLOHOSP / HCLTECH,APOLLOHOSP.NS,HCLTECH.NS,3.5449,1135.8803,-1.0,0.7203593846912496,3006.1023930908204,8272.5,1165.199951171875
2026-05-28,APOLLOHOSP / HCLTECH,APOLLOHOSP.NS,HCLTECH.NS,3.5449,1135.8803,-1.0,0.6114856990321884,3006.1023930908204,8272.5,1165.199951171875
2026-05-29,APOLLOHOSP / HCLTECH,APOLLOHOSP.NS,HCLTECH.NS,3.5449,1135.8803,0.0,-0.6718830676811445,2844.1669069091795,8176.5,1183.800048828125
2026-06-01,APOLLOHOSP / HCLTECH,APOLLOHOSP.NS,HCLTECH.NS,3.5449,1135.8803,0.0,-1.3834617447776718,2736.10979654541,8108.5,1195.0999755859375
2026-06-02,APOLLOHOSP / HCLTECH,APOLLOHOSP.NS,HCLTECH.NS,3.5449,1135.8803,1.0,-2.1400912619325068,2545.53655,8089.5,1243.5
2026-06-03,APOLLOHOSP / HCLTECH,APOLLOHOSP.NS,HCLTECH.NS,3.5449,1135.8803,0.0,0.4327414916206375,2975.1826,8290.5,1179.0
2026-06-04,APOLLOHOSP / HCLTECH,APOLLOHOSP.NS,HCLTECH.NS,3.5449,1135.8803,0.0,0.39221738037347476,2971.6128569091798,8249.0,1168.300048828125
2026-06-05,APOLLOHOSP / HCLTECH,APOLLOHOSP.NS,HCLTECH.NS,3.5449,1135.8803,0.0,0.8817871513679301,3075.3238430908204,8304.5,1154.699951171875
2026-06-08,APOLLOHOSP / HCLTECH,APOLLOHOSP.NS,HCLTECH.NS,3.5449,1135.8803,0.0,1.104699428391125,3141.3761569091794,8358.5,1151.300048828125
2026-06-09,APOLLOHOSP / HCLTECH,APOLLOHOSP.NS,HCLTECH.NS,3.5449,1135.8803,0.0,1.7611413624144066,3324.6006569091796,8524.0,1146.300048828125
2026-06-10,APOLLOHOSP / HCLTECH,APOLLOHOSP.NS,HCLTECH.NS,3.5449,1135.8803,0.0,1.5458988615704408,3339.43849654541,8488.5,1132.0999755859375
2026-06-11,APOLLOHOSP / HCLTECH,APOLLOHOSP.NS,HCLTECH.NS,3.5449,1135.8803,0.0,1.6263083230065913,3421.5718930908197,8493.0,1110.199951171875
2026-06-12,APOLLOHOSP / HCLTECH,APOLLOHOSP.NS,HCLTECH.NS,3.5449,1135.8803,0.0,1.4376968955932439,3428.6987465454104,8498.0,1109.5999755859375
2026-06-15,APOLLOHOSP / HCLTECH,APOLLOHOSP.NS,HCLTECH.NS,3.5449,1135.8803,0.0,1.0412801997989451,3364.81295690918,8468.5,1119.300048828125
2026-06-16,APOLLOHOSP / HCLTECH,APOLLOHOSP.NS,HCLTECH.NS,3.5449,1135.8803,0.0,0.19250259110481938,3146.0806000000002,8390.5,1159.0
2026-06-17,APOLLOHOSP / HCLTECH,APOLLOHOSP.NS,HCLTECH.NS,3.5449,1135.8803,0.0,0.18817088175138924,3155.43020690918,8427.5,1166.800048828125
2026-06-18,APOLLOHOSP / HCLTECH,APOLLOHOSP.NS,HCLTECH.NS,3.5449,1135.8803,0.0,0.11576561465469933,3157.1547069091794,8411.5,1161.800048828125
2026-06-19,APOLLOHOSP / HCLTECH,APOLLOHOSP.NS,HCLTECH.NS,3.5449,1135.8803,0.0,0.7234564885415664,3341.85654309082,8489.5,1131.699951171875
2026-06-22,APOLLOHOSP / HCLTECH,APOLLOHOSP.NS,HCLTECH.NS,3.5449,1135.8803,0.0,0.6345859406398721,3325.6102500000006,8469.0,1130.5
2026-06-23,APOLLOHOSP / HCLTECH,APOLLOHOSP.NS,HCLTECH.NS,3.5449,1135.8803,0.0,1.0979398897636425,3418.5531500000006,8487.5,1109.5
2024-06-28,AXISBANK / JSWSTEEL,AXISBANK.NS,JSWSTEEL.NS,1.5753,-242.9671,0.0,,54.0854717956544,1263.1947021484375,921.7776489257812
2024-07-01,AXISBANK / JSWSTEEL,AXISBANK.NS,JSWSTEEL.NS,1.5753,-242.9671,0.0,,31.411162268066306,1259.8502197265625,934.0482177734376
2024-07-02,AXISBANK / JSWSTEEL,AXISBANK.NS,JSWSTEEL.NS,1.5753,-242.9671,0.0,,31.732463897705117,1251.364013671875,928.4572143554688
2024-07-03,AXISBANK / JSWSTEEL,AXISBANK.NS,JSWSTEEL.NS,1.5753,-242.9671,0.0,,39.34899394531263,1277.9207763671875,940.48046875
2024-07-04,AXISBANK / JSWSTEEL,AXISBANK.NS,JSWSTEEL.NS,1.5753,-242.9671,0.0,,49.67877769775387,1278.8193359375,934.4935302734376
2024-07-05,AXISBANK / JSWSTEEL,AXISBANK.NS,JSWSTEEL.NS,1.5753,-242.9671,0.0,,40.697873779296884,1284.9593505859375,944.09228515625
2024-07-08,AXISBANK / JSWSTEEL,AXISBANK.NS,JSWSTEEL.NS,1.5753,-242.9671,0.0,,64.6455028015138,1285.7579345703125,929.3972778320312
2024-07-09,AXISBANK / JSWSTEEL,AXISBANK.NS,JSWSTEEL.NS,1.5753,-242.9671,0.0,,60.85135199584957,1287.305419921875,932.7881469726562
2024-07-10,AXISBANK / JSWSTEEL,AXISBANK.NS,JSWSTEEL.NS,1.5753,-242.9671,0.0,,78.65139959106446,1289.5518798828125,922.9147338867188
2024-07-11,AXISBANK / JSWSTEEL,AXISBANK.NS,JSWSTEEL.NS,1.5753,-242.9671,0.0,1.6595868302477417,84.37150217895524,1294.6435546875,922.5158081054688
2024-07-12,AXISBANK / JSWSTEEL,AXISBANK.NS,JSWSTEEL.NS,1.5753,-242.9671,0.0,1.535897342638476,91.1350654846191,1316.1751708984375,931.8905639648438
2024-07-15,AXISBANK / JSWSTEEL,AXISBANK.NS,JSWSTEEL.NS,1.5753,-242.9671,0.0,1.056285125879312,85.53527821655271,1306.33349609375,929.1978149414062
2024-07-16,AXISBANK / JSWSTEEL,AXISBANK.NS,JSWSTEEL.NS,1.5753,-242.9671,0.0,0.5572322484400083,77.92492266845684,1302.886474609375,931.8406982421876
2024-07-18,AXISBANK / JSWSTEEL,AXISBANK.NS,JSWSTEEL.NS,1.5753,-242.9671,0.0,0.9104079134889662,87.87653190917982,1308.281982421875,928.948486328125
2024-07-19,AXISBANK / JSWSTEEL,AXISBANK.NS,JSWSTEEL.NS,1.5753,-242.9671,-1.0,2.241781783854595,136.82592668457042,1291.2464599609375,887.061279296875
2024-07-22,AXISBANK / JSWSTEEL,AXISBANK.NS,JSWSTEEL.NS,1.5753,-242.9671,-1.0,1.570000410723793,128.39833646240245,1281.4049072265625,886.1636962890625
2024-07-23,AXISBANK / JSWSTEEL,AXISBANK.NS,JSWSTEEL.NS,1.5753,-242.9671,-1.0,0.3208852875322113,100.68091881103524,1262.1712646484375,891.5491943359375
2024-07-24,AXISBANK / JSWSTEEL,AXISBANK.NS,JSWSTEEL.NS,1.5753,-242.9671,0.0,-0.014450585078716232,96.49690179443374,1238.1917724609375,878.9830322265625
2024-07-25,AXISBANK / JSWSTEEL,AXISBANK.NS,JSWSTEEL.NS,1.5753,-242.9671,0.0,-1.905956663493688,43.96282914428721,1174.8958740234375,872.1514282226562
2024-07-26,AXISBANK / JSWSTEEL,AXISBANK.NS,JSWSTEEL.NS,1.5753,-242.9671,1.0,-2.1103090963882685,4.485200231933646,1176.3446044921875,898.1314697265625
2024-07-29,AXISBANK / JSWSTEEL,AXISBANK.NS,JSWSTEEL.NS,1.5753,-242.9671,1.0,-1.6278267212059143,0.33363797607435686,1169.0509033203125,896.1368408203125
2024-07-30,AXISBANK / JSWSTEEL,AXISBANK.NS,JSWSTEEL.NS,1.5753,-242.9671,1.0,-1.3663204057496188,-5.293585357666046,1169.0009765625,899.6773071289062
2024-07-31,AXISBANK / JSWSTEEL,AXISBANK.NS,JSWSTEEL.NS,1.5753,-242.9671,1.0,-1.6241078793815762,-50.27378020019532,1165.104248046875,925.757080078125
2024-08-01,AXISBANK / JSWSTEEL,AXISBANK.NS,JSWSTEEL.NS,1.5753,-242.9671,1.0,-1.3175694623983654,-53.97669356689434,1171.299072265625,932.0401611328124
2024-08-02,AXISBANK / JSWSTEEL,AXISBANK.NS,JSWSTEEL.NS,1.5753,-242.9671,1.0,-0.5594518094361511,-10.429570153808612,1159.8587646484375,897.1341552734375
2024-08-05,AXISBANK / JSWSTEEL,AXISBANK.NS,JSWSTEEL.NS,1.5753,-242.9671,0.0,0.07497639049721912,18.409502813720707,1132.5321044921875,861.4801635742188
2024-08-06,AXISBANK / JSWSTEEL,AXISBANK.NS,JSWSTEEL.NS,1.5753,-242.9671,0.0,-0.521169067432569,-20.719776995849628,1125.138427734375,881.6259155273438
2024-08-07,AXISBANK / JSWSTEEL,AXISBANK.NS,JSWSTEEL.NS,1.5753,-242.9671,0.0,-1.060374486795779,-45.29936835937505,1135.829345703125,904.015625
2024-08-08,AXISBANK / JSWSTEEL,AXISBANK.NS,JSWSTEEL.NS,1.5753,-242.9671,0.0,0.13950737774234,-14.257278649902304,1137.17822265625,885.1663818359375
2024-08-09,AXISBANK / JSWSTEEL,AXISBANK.NS,JSWSTEEL.NS,1.5753,-242.9671,0.0,-0.6388136320664762,-37.2336003723145,1141.774169921875,902.6692504882812
2024-08-12,AXISBANK / JSWSTEEL,AXISBANK.NS,JSWSTEEL.NS,1.5753,-242.9671,0.0,-0.41522141753895575,-34.94746295165996,1163.305908203125,914.8863525390624
2024-08-13,AXISBANK / JSWSTEEL,AXISBANK.NS,JSWSTEEL.NS,1.5753,-242.9671,0.0,0.11994308672586156,-24.718470092773345,1158.6097412109375,905.411865234375
2024-08-14,AXISBANK / JSWSTEEL,AXISBANK.NS,JSWSTEEL.NS,1.5753,-242.9671,0.0,0.8885010741160451,-3.6405858703613774,1152.1153564453125,887.9089965820312
2024-08-16,AXISBANK / JSWSTEEL,AXISBANK.NS,JSWSTEEL.NS,1.5753,-242.9671,0.0,0.038496377530288076,-18.417215283203035,1165.8536376953125,906.01025390625
2024-08-19,AXISBANK / JSWSTEEL,AXISBANK.NS,JSWSTEEL.NS,1.5753,-242.9671,0.0,-1.194484597957774,-46.61654014892551,1152.2652587890625,915.2852783203124
2024-08-20,AXISBANK / JSWSTEEL,AXISBANK.NS,JSWSTEEL.NS,1.5753,-242.9671,0.0,-0.23533501186458775,-30.936567864990224,1167.002685546875,914.6869506835938
2024-08-21,AXISBANK / JSWSTEEL,AXISBANK.NS,JSWSTEEL.NS,1.5753,-242.9671,0.0,-0.6238079585363776,-38.13169127807609,1173.397216796875,923.3136596679688
2024-08-22,AXISBANK / JSWSTEEL,AXISBANK.NS,JSWSTEEL.NS,1.5753,-242.9671,0.0,-1.563904826315112,-54.282447802734254,1168.950927734375,930.74365234375
2024-08-23,AXISBANK / JSWSTEEL,AXISBANK.NS,JSWSTEEL.NS,1.5753,-242.9671,0.0,-1.847068157489038,-70.53337160644523,1164.954345703125,938.522705078125
2024-08-26,AXISBANK / JSWSTEEL,AXISBANK.NS,JSWSTEEL.NS,1.5753,-242.9671,1.0,-2.1137033972254926,-101.45744539184565,1169.30078125,960.9124145507812
2024-08-27,AXISBANK / JSWSTEEL,AXISBANK.NS,JSWSTEEL.NS,1.5753,-242.9671,1.0,-0.5301746701393075,-59.881039202880714,1180.2413330078125,941.4647827148438
2024-08-28,AXISBANK / JSWSTEEL,AXISBANK.NS,JSWSTEEL.NS,1.5753,-242.9671,1.0,-0.9665459876420535,-78.42041362304676,1169.9500732421875,946.70068359375
2024-08-29,AXISBANK / JSWSTEEL,AXISBANK.NS,JSWSTEEL.NS,1.5753,-242.9671,1.0,-0.13267133012532226,-58.970411236572176,1174.3963623046875,937.1763305664062
2024-08-30,AXISBANK / JSWSTEEL,AXISBANK.NS,JSWSTEEL.NS,1.5753,-242.9671,1.0,-0.06232679647883066,-61.319810821533196,1174.2464599609375,938.5725708007812
2024-09-02,AXISBANK / JSWSTEEL,AXISBANK.NS,JSWSTEEL.NS,1.5753,-242.9671,0.0,0.6561702100557353,-46.76016352539054,1187.784912109375,937.92431640625
2024-09-03,AXISBANK / JSWSTEEL,AXISBANK.NS,JSWSTEEL.NS,1.5753,-242.9671,0.0,1.49771438879677,-29.037396252441198,1190.58251953125,928.4498291015624
2024-09-04,AXISBANK / JSWSTEEL,AXISBANK.NS,JSWSTEEL.NS,1.5753,-242.9671,0.0,0.7310062618428463,-46.22482570800784,1176.6943359375,930.544189453125
2024-09-05,AXISBANK / JSWSTEEL,AXISBANK.NS,JSWSTEEL.NS,1.5753,-242.9671,0.0,1.2357622165776077,-31.43704157714828,1179.5419921875,922.964599609375
2024-09-06,AXISBANK / JSWSTEEL,AXISBANK.NS,JSWSTEEL.NS,1.5753,-242.9671,0.0,-0.3221120322149029,-64.76589623413074,1157.760498046875,930.2948608398438
2024-09-09,AXISBANK / JSWSTEEL,AXISBANK.NS,JSWSTEEL.NS,1.5753,-242.9671,0.0,-0.11733869025225103,-54.95422526855472,1169.8502197265625,931.740966796875
2024-09-10,AXISBANK / JSWSTEEL,AXISBANK.NS,JSWSTEEL.NS,1.5753,-242.9671,0.0,0.4016490717765815,-45.6881003295899,1186.1861572265625,936.2288818359376
2024-09-11,AXISBANK / JSWSTEEL,AXISBANK.NS,JSWSTEEL.NS,1.5753,-242.9671,0.0,1.30192361943767,-29.505335314941107,1185.087158203125,925.2584228515624
2024-09-12,AXISBANK / JSWSTEEL,AXISBANK.NS,JSWSTEEL.NS,1.5753,-242.9671,0.0,-0.6414827801083544,-54.76753466186514,1202.3223876953125,952.2357788085938
2024-09-13,AXISBANK / JSWSTEEL,AXISBANK.NS,JSWSTEEL.NS,1.5753,-242.9671,0.0,0.33917858095624914,-40.286754602050536,1216.410400390625,951.9864501953124
2024-09-16,AXISBANK / JSWSTEEL,AXISBANK.NS,JSWSTEEL.NS,1.5753,-242.9671,0.0,-0.6234315281712751,-52.54234620971678,1229.9989013671875,968.3922729492188
2024-09-17,AXISBANK / JSWSTEEL,AXISBANK.NS,JSWSTEEL.NS,1.5753,-242.9671,0.0,0.4730151184519102,-40.888677172851516,1231.0478515625,961.660400390625
2024-09-18,AXISBANK / JSWSTEEL,AXISBANK.NS,JSWSTEEL.NS,1.5753,-242.9671,0.0,1.6757532054207727,-20.68420725707992,1239.3907470703125,954.1306762695312
2024-09-19,AXISBANK / JSWSTEEL,AXISBANK.NS,JSWSTEEL.NS,1.5753,-242.9671,0.0,1.9746636414923722,-5.3962838806151865,1241.6387939453125,945.8529663085938
2024-09-20,AXISBANK / JSWSTEEL,AXISBANK.NS,JSWSTEEL.NS,1.5753,-242.9671,0.0,-0.9036001492678819,-55.17914071044933,1243.9368896484375,978.9139404296876
2024-09-23,AXISBANK / JSWSTEEL,AXISBANK.NS,JSWSTEEL.NS,1.5753,-242.9671,0.0,-0.8557406753154865,-54.244766998291055,1245.7353515625,979.4624633789062
2024-09-24,AXISBANK / JSWSTEEL,AXISBANK.NS,JSWSTEEL.NS,1.5753,-242.9671,0.0,-1.5508304150269085,-73.42866929321289,1238.4915771484375,987.0420532226562
2024-09-25,AXISBANK / JSWSTEEL,AXISBANK.NS,JSWSTEEL.NS,1.5753,-242.9671,0.0,0.4756944830383868,-33.82711691894528,1267.01708984375,980.010986328125
2024-09-26,AXISBANK / JSWSTEEL,AXISBANK.NS,JSWSTEEL.NS,1.5753,-242.9671,0.0,-0.8527745549147827,-60.81217586669922,1276.009521484375,1002.8494873046876
2024-09-27,AXISBANK / JSWSTEEL,AXISBANK.NS,JSWSTEEL.NS,1.5753,-242.9671,0.0,-0.6304117346078286,-58.47455330810553,1272.0628662109375,998.8602294921876
2024-09-30,AXISBANK / JSWSTEEL,AXISBANK.NS,JSWSTEEL.NS,1.5753,-242.9671,1.0,-2.3887802004491454,-144.1650719238281,1231.1478271484375,1027.28369140625
2024-10-01,AXISBANK / JSWSTEEL,AXISBANK.NS,JSWSTEEL.NS,1.5753,-242.9671,1.0,-1.720926233287798,-145.3900151489257,1225.6025390625,1024.5411376953125
2024-10-03,AXISBANK / JSWSTEEL,AXISBANK.NS,JSWSTEEL.NS,1.5753,-242.9671,1.0,-2.053437977939264,-214.8349365966795,1174.696044921875,1036.309326171875
2024-10-04,AXISBANK / JSWSTEEL,AXISBANK.NS,JSWSTEEL.NS,1.5753,-242.9671,1.0,-1.4859301350653276,-203.73205723876944,1177.393798828125,1030.9737548828125
2024-10-07,AXISBANK / JSWSTEEL,AXISBANK.NS,JSWSTEEL.NS,1.5753,-242.9671,1.0,-1.281469918798005,-212.8381345092774,1144.7216796875,1016.0140380859376
2024-10-08,AXISBANK / JSWSTEEL,AXISBANK.NS,JSWSTEEL.NS,1.5753,-242.9671,1.0,-0.5845420105792639,-172.95902921752926,1152.3153076171875,995.5192260742188
2024-10-09,AXISBANK / JSWSTEEL,AXISBANK.NS,JSWSTEEL.NS,1.5753,-242.9671,1.0,-0.15786355673850963,-150.31050093383791,1169.15087890625,991.8291625976562
2024-10-10,AXISBANK / JSWSTEEL,AXISBANK.NS,JSWSTEEL.NS,1.5753,-242.9671,1.0,-0.08054175988754506,-156.48940631713853,1183.23876953125,1004.6945190429688
2024-10-11,AXISBANK / JSWSTEEL,AXISBANK.NS,JSWSTEEL.NS,1.5753,-242.9671,1.0,-0.26434266069278134,-175.58479628906238,1171.4488525390625,1009.33203125
2024-10-14,AXISBANK / JSWSTEEL,AXISBANK.NS,JSWSTEEL.NS,1.5753,-242.9671,1.0,-0.3046759218156316,-184.3849171936034,1163.355712890625,1009.7808227539062
2024-10-15,AXISBANK / JSWSTEEL,AXISBANK.NS,JSWSTEEL.NS,1.5753,-242.9671,0.0,0.10988709162453353,-176.5729248046874,1152.86474609375,998.162109375
2024-10-16,AXISBANK / JSWSTEEL,AXISBANK.NS,JSWSTEEL.NS,1.5753,-242.9671,0.0,0.930473107995273,-159.15516217040985,1152.2152099609375,986.6929931640624
2024-10-17,AXISBANK / JSWSTEEL,AXISBANK.NS,JSWSTEEL.NS,1.5753,-242.9671,0.0,0.530900853052986,-165.01179304809565,1130.883544921875,976.8694458007812
2024-10-18,AXISBANK / JSWSTEEL,AXISBANK.NS,JSWSTEEL.NS,1.5753,-242.9671,0.0,1.943745854415468,-120.64834494018541,1195.8280029296875,989.9342651367188
2024-10-21,AXISBANK / JSWSTEEL,AXISBANK.NS,JSWSTEEL.NS,1.5753,-242.9671,0.0,1.9338317279820771,-109.6752320068359,1189.28369140625,978.814208984375
2024-10-22,AXISBANK / JSWSTEEL,AXISBANK.NS,JSWSTEEL.NS,1.5753,-242.9671,0.0,1.7539326123643209,-96.24791538085933,1174.7459716796875,961.06201171875
2024-10-23,AXISBANK / JSWSTEEL,AXISBANK.NS,JSWSTEEL.NS,1.5753,-242.9671,0.0,1.360831355394414,-97.13086835937483,1159.4091796875,951.88671875
2024-10-24,AXISBANK / JSWSTEEL,AXISBANK.NS,JSWSTEEL.NS,1.5753,-242.9671,0.0,1.1292288991909065,-95.92130215454094,1166.3531494140625,955.5269165039062
2024-10-25,AXISBANK / JSWSTEEL,AXISBANK.NS,JSWSTEEL.NS,1.5753,-242.9671,0.0,1.7020909762699612,-51.55236120605454,1188.3343505859375,941.315185546875
2024-10-28,AXISBANK / JSWSTEEL,AXISBANK.NS,JSWSTEEL.NS,1.5753,-242.9671,0.0,0.30482317594123465,-106.05012773437497,1170.599609375,964.65234375
2024-10-29,AXISBANK / JSWSTEEL,AXISBANK.NS,JSWSTEEL.NS,1.5753,-242.9671,0.0,0.886602933458433,-77.53765233764634,1185.8365478515625,956.2250366210938
2024-10-30,AXISBANK / JSWSTEEL,AXISBANK.NS,JSWSTEEL.NS,1.5753,-242.9671,0.0,0.3248949349593848,-91.61696123657211,1169.400634765625,954.7290649414062
2024-10-31,AXISBANK / JSWSTEEL,AXISBANK.NS,JSWSTEEL.NS,1.5753,-242.9671,0.0,-0.8390641952016173,-112.43395053710933,1158.5599365234375,961.06201171875
2024-11-01,AXISBANK / JSWSTEEL,AXISBANK.NS,JSWSTEEL.NS,1.5753,-242.9671,0.0,-0.8098757161600618,-109.74796843872068,1168.5513916015625,965.6995239257812
2024-11-04,AXISBANK / JSWSTEEL,AXISBANK.NS,JSWSTEEL.NS,1.5753,-242.9671,0.0,-1.1919599401196326,-118.96980762329085,1138.2772216796875,952.3355102539062
2024-11-05,AXISBANK / JSWSTEEL,AXISBANK.NS,JSWSTEEL.NS,1.5753,-242.9671,1.0,-2.0005810382070983,-156.61726423950185,1170.699462890625,996.8157348632812
2024-11-06,AXISBANK / JSWSTEEL,AXISBANK.NS,JSWSTEEL.NS,1.5753,-242.9671,1.0,-1.8481399917152328,-176.18810642089838,1165.50390625,1005.941162109375
2024-11-07,AXISBANK / JSWSTEEL,AXISBANK.NS,JSWSTEEL.NS,1.5753,-242.9671,1.0,-0.9926325555124947,-153.1678074890136,1158.9095458984375,987.1417846679688
2024-11-08,AXISBANK / JSWSTEEL,AXISBANK.NS,JSWSTEEL.NS,1.5753,-242.9671,1.0,-1.0829045908427468,-162.4877936462402,1159.9586181640625,993.7240600585938
2024-11-11,AXISBANK / JSWSTEEL,AXISBANK.NS,JSWSTEEL.NS,1.5753,-242.9671,0.0,0.10090655230840179,-125.10968117065417,1170.0001220703125,976.3707885742188
2024-11-12,AXISBANK / JSWSTEEL,AXISBANK.NS,JSWSTEEL.NS,1.5753,-242.9671,0.0,0.9466352018987138,-103.77790971679687,1157.1611328125,954.67919921875
2024-11-13,AXISBANK / JSWSTEEL,AXISBANK.NS,JSWSTEEL.NS,1.5753,-242.9671,0.0,1.4240759437580879,-89.29789490966809,1138.1773681640625,933.4364013671876
2024-11-14,AXISBANK / JSWSTEEL,AXISBANK.NS,JSWSTEEL.NS,1.5753,-242.9671,0.0,1.1625050341352603,-92.61962624511702,1139.7259521484375,936.528076171875
2024-11-18,AXISBANK / JSWSTEEL,AXISBANK.NS,JSWSTEEL.NS,1.5753,-242.9671,0.0,0.20204293269889553,-124.07484729003895,1125.23828125,947.299072265625
2024-11-19,AXISBANK / JSWSTEEL,AXISBANK.NS,JSWSTEEL.NS,1.5753,-242.9671,0.0,0.5595447212337337,-112.32521196899401,1132.981689453125,944.7559204101562
2024-11-21,AXISBANK / JSWSTEEL,AXISBANK.NS,JSWSTEEL.NS,1.5753,-242.9671,0.0,0.7239828446822507,-102.18066446533189,1138.1773681640625,941.6143798828124
2024-11-22,AXISBANK / JSWSTEEL,AXISBANK.NS,JSWSTEEL.NS,1.5753,-242.9671,0.0,-1.1213045965570358,-151.09297808837877,1141.424560546875,974.7252197265624
2024-11-25,AXISBANK / JSWSTEEL,AXISBANK.NS,JSWSTEEL.NS,1.5753,-242.9671,0.0,0.6709574291107712,-99.82035430297842,1154.9129638671875,950.7398071289062
2024-11-26,AXISBANK / JSWSTEEL,AXISBANK.NS,JSWSTEEL.NS,1.5753,-242.9671,0.0,-0.7528272175107572,-127.09282382202136,1143.822509765625,961.0121459960938
2024-11-27,AXISBANK / JSWSTEEL,AXISBANK.NS,JSWSTEEL.NS,1.5753,-242.9671,0.0,-0.8818084005930853,-130.4951132812499,1148.6683349609375,966.248046875
2024-11-28,AXISBANK / JSWSTEEL,AXISBANK.NS,JSWSTEEL.NS,1.5753,-242.9671,0.0,-0.4707319443198095,-124.53576822509748,1131.532958984375,951.5875244140624
2024-11-29,AXISBANK / JSWSTEEL,AXISBANK.NS,JSWSTEEL.NS,1.5753,-242.9671,0.0,-1.028382418683538,-139.35618837280262,1135.3297119140625,963.4057006835938
2024-12-02,AXISBANK / JSWSTEEL,AXISBANK.NS,JSWSTEEL.NS,1.5753,-242.9671,1.0,-2.0684786997989373,-175.9483250671386,1136.1290283203125,987.1417846679688
2024-12-03,AXISBANK / JSWSTEEL,AXISBANK.NS,JSWSTEEL.NS,1.5753,-242.9671,1.0,-1.3138658860110193,-166.70794530639645,1159.509033203125,996.1176147460938
2024-12-04,AXISBANK / JSWSTEEL,AXISBANK.NS,JSWSTEEL.NS,1.5753,-242.9671,1.0,-0.9101103088341516,-161.5512932128905,1158.4599609375,992.17822265625
2024-12-05,AXISBANK / JSWSTEEL,AXISBANK.NS,JSWSTEEL.NS,1.5753,-242.9671,1.0,-0.7468613415424397,-161.4413535583495,1165.404052734375,996.5165405273438
2024-12-06,AXISBANK / JSWSTEEL,AXISBANK.NS,JSWSTEEL.NS,1.5753,-242.9671,1.0,-0.2875622791211633,-150.5337515808104,1183.53857421875,1001.1041870117188
2024-12-09,AXISBANK / JSWSTEEL,AXISBANK.NS,JSWSTEEL.NS,1.5753,-242.9671,1.0,-1.5278166639722122,-184.5412745422362,1162.2567138671875,1009.1824340820312
2024-12-10,AXISBANK / JSWSTEEL,AXISBANK.NS,JSWSTEEL.NS,1.5753,-242.9671,1.0,-1.5851994798317162,-195.7826943481442,1152.6649169921875,1010.2296142578124
2024-12-11,AXISBANK / JSWSTEEL,AXISBANK.NS,JSWSTEEL.NS,1.5753,-242.9671,1.0,-0.8214584704245752,-182.14609000854475,1146.2703857421875,997.5138549804688
2024-12-12,AXISBANK / JSWSTEEL,AXISBANK.NS,JSWSTEEL.NS,1.5753,-242.9671,1.0,-1.1711593605144566,-192.5427117858886,1144.6717529296875,1003.0988159179688
2024-12-13,AXISBANK / JSWSTEEL,AXISBANK.NS,JSWSTEEL.NS,1.5753,-242.9671,1.0,-0.3744785795045792,-180.69692370605466,1147.169677734375,997.164794921875
2024-12-16,AXISBANK / JSWSTEEL,AXISBANK.NS,JSWSTEEL.NS,1.5753,-242.9671,0.0,0.715618103648891,-163.02420526123055,1149.917236328125,987.6903076171876
2024-12-17,AXISBANK / JSWSTEEL,AXISBANK.NS,JSWSTEEL.NS,1.5753,-242.9671,0.0,1.657898341568524,-140.74152416992192,1135.27978515625,964.25341796875
2024-12-18,AXISBANK / JSWSTEEL,AXISBANK.NS,JSWSTEEL.NS,1.5753,-242.9671,0.0,1.8518518895735003,-123.3081721191405,1121.291748046875,944.30712890625
2024-12-19,AXISBANK / JSWSTEEL,AXISBANK.NS,JSWSTEEL.NS,1.5753,-242.9671,0.0,1.85124562258257,-103.81144349365249,1107.953125,923.4632568359376
2024-12-20,AXISBANK / JSWSTEEL,AXISBANK.NS,JSWSTEEL.NS,1.5753,-242.9671,0.0,0.9715351374024184,-127.31867877197246,1070.9346923828125,914.8863525390624
2024-12-23,AXISBANK / JSWSTEEL,AXISBANK.NS,JSWSTEEL.NS,1.5753,-242.9671,0.0,0.15882725335458706,-150.97492385253904,1078.228515625,934.533447265625
2024-12-24,AXISBANK / JSWSTEEL,AXISBANK.NS,JSWSTEEL.NS,1.5753,-242.9671,0.0,0.7369632703032961,-127.34442395019536,1077.978759765625,919.374267578125
2024-12-26,AXISBANK / JSWSTEEL,AXISBANK.NS,JSWSTEEL.NS,1.5753,-242.9671,0.0,0.867351829991215,-117.91675214843744,1075.780517578125,911.994140625
2024-12-27,AXISBANK / JSWSTEEL,AXISBANK.NS,JSWSTEEL.NS,1.5753,-242.9671,0.0,0.8298570035821833,-115.36063262329102,1076.5299072265625,910.8472290039062
2024-12-30,AXISBANK / JSWSTEEL,AXISBANK.NS,JSWSTEEL.NS,1.5753,-242.9671,0.0,1.3457241139389515,-100.30931617431642,1069.036376953125,896.5357666015625
2024-12-31,AXISBANK / JSWSTEEL,AXISBANK.NS,JSWSTEEL.NS,1.5753,-242.9671,0.0,0.7629539490394762,-109.56114876098636,1063.790771484375,899.0789184570312
2025-01-01,AXISBANK / JSWSTEEL,AXISBANK.NS,JSWSTEEL.NS,1.5753,-242.9671,0.0,0.6618784183020578,-108.67275690917958,1070.8848876953125,903.018310546875
2025-01-02,AXISBANK / JSWSTEEL,AXISBANK.NS,JSWSTEEL.NS,1.5753,-242.9671,0.0,0.7648880969124433,-104.9615651428222,1085.672119140625,910.0493774414062
2025-01-03,AXISBANK / JSWSTEEL,AXISBANK.NS,JSWSTEEL.NS,1.5753,-242.9671,0.0,0.45026240783707067,-110.66627858886713,1083.9736328125,912.592529296875
2025-01-06,AXISBANK / JSWSTEEL,AXISBANK.NS,JSWSTEEL.NS,1.5753,-242.9671,0.0,0.39070724268245244,-109.91743135986312,1062.491943359375,898.4805908203125
2025-01-07,AXISBANK / JSWSTEEL,AXISBANK.NS,JSWSTEEL.NS,1.5753,-242.9671,0.0,-1.241568746747207,-122.9454346862793,1066.5885009765625,909.3512573242188
2025-01-08,AXISBANK / JSWSTEEL,AXISBANK.NS,JSWSTEEL.NS,1.5753,-242.9671,0.0,1.317103725016573,-100.57667131957996,1074.0321044921875,899.8767700195312
2025-01-09,AXISBANK / JSWSTEEL,AXISBANK.NS,JSWSTEEL.NS,1.5753,-242.9671,0.0,1.5155516346630924,-95.9337536743163,1060.8433837890625,888.5572509765625
2025-01-10,AXISBANK / JSWSTEEL,AXISBANK.NS,JSWSTEEL.NS,1.5753,-242.9671,1.0,-2.0439243060917653,-131.34114370727534,1039.811279296875,897.6826782226562
2025-01-13,AXISBANK / JSWSTEEL,AXISBANK.NS,JSWSTEEL.NS,1.5753,-242.9671,0.0,1.0957509013766606,-97.06138463134752,1048.404052734375,881.3765869140625
2025-01-14,AXISBANK / JSWSTEEL,AXISBANK.NS,JSWSTEEL.NS,1.5753,-242.9671,0.0,-1.447437353723367,-129.74821108398427,1050.7520751953125,903.61669921875
2025-01-15,AXISBANK / JSWSTEEL,AXISBANK.NS,JSWSTEEL.NS,1.5753,-242.9671,1.0,-2.0001198134447717,-151.4349295898438,1025.9232177734375,901.6220703125
2025-01-16,AXISBANK / JSWSTEEL,AXISBANK.NS,JSWSTEEL.NS,1.5753,-242.9671,1.0,-1.2766005110255867,-144.56494091186514,1037.1136474609375,904.3646850585938
2025-01-17,AXISBANK / JSWSTEEL,AXISBANK.NS,JSWSTEEL.NS,1.5753,-242.9671,1.0,-2.1873769495110778,-194.30277804565432,990.2037353515624,906.1598510742188
2025-01-20,AXISBANK / JSWSTEEL,AXISBANK.NS,JSWSTEEL.NS,1.5753,-242.9671,1.0,-1.8976567030714409,-213.9535508239745,987.206298828125,916.7313842773438
2025-01-21,AXISBANK / JSWSTEEL,AXISBANK.NS,JSWSTEEL.NS,1.5753,-242.9671,1.0,-1.818500587692616,-243.8069489746093,969.37158203125,924.36083984375
2025-01-22,AXISBANK / JSWSTEEL,AXISBANK.NS,JSWSTEEL.NS,1.5753,-242.9671,1.0,-1.409295005293555,-242.9933247314452,958.4808349609376,916.930908203125
2025-01-23,AXISBANK / JSWSTEEL,AXISBANK.NS,JSWSTEEL.NS,1.5753,-242.9671,1.0,-1.4681639715473342,-267.73237781372086,950.2379150390624,927.4026489257812
2025-01-24,AXISBANK / JSWSTEEL,AXISBANK.NS,JSWSTEEL.NS,1.5753,-242.9671,1.0,-1.2573014829667444,-274.2864564941408,947.6900634765624,929.94580078125
2025-01-27,AXISBANK / JSWSTEEL,AXISBANK.NS,JSWSTEEL.NS,1.5753,-242.9671,1.0,-0.7886664822693308,-254.10510479736283,947.2904052734376,916.8809814453124
2025-01-28,AXISBANK / JSWSTEEL,AXISBANK.NS,JSWSTEEL.NS,1.5753,-242.9671,0.0,0.14623064967284155,-213.4082840515135,982.9598999023438,913.6896362304688
2025-01-29,AXISBANK / JSWSTEEL,AXISBANK.NS,JSWSTEEL.NS,1.5753,-242.9671,0.0,-0.456662505331048,-247.50722494506826,982.560302734375,935.0819702148438
2025-01-30,AXISBANK / JSWSTEEL,AXISBANK.NS,JSWSTEEL.NS,1.5753,-242.9671,0.0,-0.9423985696755269,-267.0250061035157,983.8591918945312,948.29638671875
2025-01-31,AXISBANK / JSWSTEEL,AXISBANK.NS,JSWSTEEL.NS,1.5753,-242.9671,0.0,-0.39671081564890043,-256.4355070983888,985.2579345703124,942.4620971679688
2025-02-01,AXISBANK / JSWSTEEL,AXISBANK.NS,JSWSTEEL.NS,1.5753,-242.9671,0.0,1.1674909787319274,-227.5067155029296,997.2977294921876,931.740966796875
2025-02-03,AXISBANK / JSWSTEEL,AXISBANK.NS,JSWSTEEL.NS,1.5753,-242.9671,0.0,0.6698890823409638,-235.77794837646488,988.55517578125,931.4417724609376
2025-02-04,AXISBANK / JSWSTEEL,AXISBANK.NS,JSWSTEEL.NS,1.5753,-242.9671,0.0,1.019091081671414,-226.08209514160157,1014.4330444335938,941.714111328125
2025-02-05,AXISBANK / JSWSTEEL,AXISBANK.NS,JSWSTEEL.NS,1.5753,-242.9671,0.0,0.35967489769141103,-236.95692859497066,1012.4347534179688,947.3489379882812
2025-02-06,AXISBANK / JSWSTEEL,AXISBANK.NS,JSWSTEEL.NS,1.5753,-242.9671,0.0,0.7200915737526827,-227.20664765014644,1019.8284301757812,945.8529663085938
2025-02-07,AXISBANK / JSWSTEEL,AXISBANK.NS,JSWSTEEL.NS,1.5753,-242.9671,0.0,-1.695501861670541,-274.6336498901368,1023.2255249023438,978.1160888671876
2025-02-10,AXISBANK / JSWSTEEL,AXISBANK.NS,JSWSTEEL.NS,1.5753,-242.9671,0.0,-0.45199308485341355,-253.03802713623062,1010.8860473632812,956.5740966796876
2025-02-11,AXISBANK / JSWSTEEL,AXISBANK.NS,JSWSTEEL.NS,1.5753,-242.9671,0.0,-0.26524140034676785,-250.0788065979003,1006.539794921875,951.9365844726562
2025-02-12,AXISBANK / JSWSTEEL,AXISBANK.NS,JSWSTEEL.NS,1.5753,-242.9671,0.0,-0.5908315803837395,-253.56341132202132,1006.0402221679688,953.8314819335938
2025-02-13,AXISBANK / JSWSTEEL,AXISBANK.NS,JSWSTEEL.NS,1.5753,-242.9671,0.0,-1.5145506840428404,-273.31685289916993,1007.339111328125,967.1954956054688
2025-02-14,AXISBANK / JSWSTEEL,AXISBANK.NS,JSWSTEEL.NS,1.5753,-242.9671,0.0,-1.3154846665927256,-275.8381486511231,996.6482543945312,962.0094604492188
2025-02-17,AXISBANK / JSWSTEEL,AXISBANK.NS,JSWSTEEL.NS,1.5753,-242.9671,0.0,-1.668208968255013,-294.4453628784182,992.1021118164062,970.9354248046876
2025-02-18,AXISBANK / JSWSTEEL,AXISBANK.NS,JSWSTEEL.NS,1.5753,-242.9671,0.0,-1.5603797602597886,-301.4944418884277,993.3011474609376,976.1713256835938
2025-02-19,AXISBANK / JSWSTEEL,AXISBANK.NS,JSWSTEEL.NS,1.5753,-242.9671,0.0,-0.5978604113681663,-282.03114947509755,1010.4863891601562,974.7252197265624
2025-02-20,AXISBANK / JSWSTEEL,AXISBANK.NS,JSWSTEEL.NS,1.5753,-242.9671,0.0,-0.4641608727244598,-282.1561816772462,1016.3314208984376,978.5150146484376
2025-02-21,AXISBANK / JSWSTEEL,AXISBANK.NS,JSWSTEEL.NS,1.5753,-242.9671,0.0,-0.8643385954906199,-291.57740369262706,1008.0885009765624,979.2630004882812
2025-02-24,AXISBANK / JSWSTEEL,AXISBANK.NS,JSWSTEEL.NS,1.5753,-242.9671,0.0,0.6145972421366831,-266.7552558532715,1009.1875,964.2035522460938
2025-02-25,AXISBANK / JSWSTEEL,AXISBANK.NS,JSWSTEEL.NS,1.5753,-242.9671,0.0,1.4068946533476996,-255.05736546630882,1008.23828125,956.1751708984376
2025-02-27,AXISBANK / JSWSTEEL,AXISBANK.NS,JSWSTEEL.NS,1.5753,-242.9671,0.0,0.47542680053007985,-272.99367726440425,1015.8318481445312,972.3815307617188
2025-02-28,AXISBANK / JSWSTEEL,AXISBANK.NS,JSWSTEEL.NS,1.5753,-242.9671,-1.0,2.0383131755272053,-235.965737286377,1014.6828002929688,948.1467895507812
2025-03-03,AXISBANK / JSWSTEEL,AXISBANK.NS,JSWSTEEL.NS,1.5753,-242.9671,0.0,-0.3765059454358436,-284.0852557617187,1006.389892578125,973.4287109375
2025-03-04,AXISBANK / JSWSTEEL,AXISBANK.NS,JSWSTEEL.NS,1.5753,-242.9671,0.0,-0.5559195637011416,-286.46698281860347,1000.944580078125,971.4839477539062
2025-03-05,AXISBANK / JSWSTEEL,AXISBANK.NS,JSWSTEEL.NS,1.5753,-242.9671,0.0,-1.8556973039137414,-318.7603481262207,1013.5838012695312,1000.0071411132812
2025-03-06,AXISBANK / JSWSTEEL,AXISBANK.NS,JSWSTEEL.NS,1.5753,-242.9671,0.0,-1.2796748629939916,-312.32421389770514,1033.2169189453125,1008.3845825195312
2025-03-07,AXISBANK / JSWSTEEL,AXISBANK.NS,JSWSTEEL.NS,1.5753,-242.9671,0.0,-0.9703516229502939,-308.8556482299806,1036.7640380859375,1008.4344482421876
2025-03-10,AXISBANK / JSWSTEEL,AXISBANK.NS,JSWSTEEL.NS,1.5753,-242.9671,0.0,-1.0252521341497318,-314.3462454406739,1034.9654541015625,1010.7781372070312
2025-03-11,AXISBANK / JSWSTEEL,AXISBANK.NS,JSWSTEEL.NS,1.5753,-242.9671,0.0,-1.315488653561869,-332.6285373291015,1024.774169921875,1015.914306640625
2025-03-12,AXISBANK / JSWSTEEL,AXISBANK.NS,JSWSTEEL.NS,1.5753,-242.9671,0.0,-1.1225182544402956,-334.1048363708496,1010.3365478515624,1007.6864624023438
2025-03-13,AXISBANK / JSWSTEEL,AXISBANK.NS,JSWSTEEL.NS,1.5753,-242.9671,0.0,-0.5396052569725561,-320.65014286499024,1009.33740234375,998.5111694335938
2025-03-17,AXISBANK / JSWSTEEL,AXISBANK.NS,JSWSTEEL.NS,1.5753,-242.9671,0.0,0.46429342872259455,-303.7903899963379,1033.2669677734375,1002.9990844726562
2025-03-18,AXISBANK / JSWSTEEL,AXISBANK.NS,JSWSTEEL.NS,1.5753,-242.9671,0.0,0.6893142515706073,-303.7903899963379,1033.2669677734375,1002.9990844726562
2025-03-19,AXISBANK / JSWSTEEL,AXISBANK.NS,JSWSTEEL.NS,1.5753,-242.9671,0.0,-1.0194457125020813,-329.3456948852539,1051.1517333984375,1030.5748291015625
2025-03-20,AXISBANK / JSWSTEEL,AXISBANK.NS,JSWSTEEL.NS,1.5753,-242.9671,1.0,-2.0187612587469475,-353.59879509277346,1053.44970703125,1047.429443359375
2025-03-21,AXISBANK / JSWSTEEL,AXISBANK.NS,JSWSTEEL.NS,1.5753,-242.9671,1.0,-1.4286266786629438,-351.0877368408202,1069.2362060546875,1055.856689453125
2025-03-24,AXISBANK / JSWSTEEL,AXISBANK.NS,JSWSTEEL.NS,1.5753,-242.9671,1.0,-0.02813727318258802,-327.5748975219725,1096.9124755859375,1058.4996337890625
2025-03-25,AXISBANK / JSWSTEEL,AXISBANK.NS,JSWSTEEL.NS,1.5753,-242.9671,0.0,1.061265553844946,-307.44218056640614,1117.594970703125,1058.8486328125
2025-03-26,AXISBANK / JSWSTEEL,AXISBANK.NS,JSWSTEEL.NS,1.5753,-242.9671,0.0,0.21432559060377718,-321.4751679199218,1095.31396484375,1053.61279296875
2025-03-27,AXISBANK / JSWSTEEL,AXISBANK.NS,JSWSTEEL.NS,1.5753,-242.9671,0.0,-0.013128134629969899,-324.56155260009757,1097.412109375,1056.9039306640625
2025-03-28,AXISBANK / JSWSTEEL,AXISBANK.NS,JSWSTEEL.NS,1.5753,-242.9671,0.0,-0.08212833072115074,-326.33479549560536,1101.0589599609375,1060.3446044921875
2025-04-01,AXISBANK / JSWSTEEL,AXISBANK.NS,JSWSTEEL.NS,1.5753,-242.9671,0.0,-0.2582132483562908,-331.80194523925786,1084.6729736328125,1053.413330078125
2025-04-02,AXISBANK / JSWSTEEL,AXISBANK.NS,JSWSTEEL.NS,1.5753,-242.9671,0.0,-0.13628996759888398,-332.4012149291992,1083.52392578125,1053.0643310546875
2025-04-03,AXISBANK / JSWSTEEL,AXISBANK.NS,JSWSTEEL.NS,1.5753,-242.9671,0.0,1.3192769000366296,-308.3885599609374,1088.9193115234375,1041.24609375
2025-04-04,AXISBANK / JSWSTEEL,AXISBANK.NS,JSWSTEEL.NS,1.5753,-242.9671,-1.0,2.5488859110673023,-246.76774718017563,1090.3681640625,1003.0489501953124
2025-04-07,AXISBANK / JSWSTEEL,AXISBANK.NS,JSWSTEEL.NS,1.5753,-242.9671,-1.0,2.4821851873907197,-171.54366692504877,1047.0550537109375,927.8015747070312
2025-04-08,AXISBANK / JSWSTEEL,AXISBANK.NS,JSWSTEEL.NS,1.5753,-242.9671,-1.0,1.675583426182308,-179.8461430358885,1076.9295654296875,952.0363159179688
2025-04-09,AXISBANK / JSWSTEEL,AXISBANK.NS,JSWSTEEL.NS,1.5753,-242.9671,-1.0,1.2959643228885098,-181.81399959716813,1060.7435302734375,943.0106201171876
2025-04-11,AXISBANK / JSWSTEEL,AXISBANK.NS,JSWSTEEL.NS,1.5753,-242.9671,-1.0,0.2943907783331252,-244.74710319824212,1068.0372314453125,987.590576171875
2025-04-15,AXISBANK / JSWSTEEL,AXISBANK.NS,JSWSTEEL.NS,1.5753,-242.9671,-1.0,0.40322002508548055,-228.82096400756822,1111.849853515625,1005.2929077148438
2025-04-16,AXISBANK / JSWSTEEL,AXISBANK.NS,JSWSTEEL.NS,1.5753,-242.9671,-1.0,0.9116252844430625,-182.56184308471674,1160.3084716796875,1006.6891479492188
2025-04-17,AXISBANK / JSWSTEEL,AXISBANK.NS,JSWSTEEL.NS,1.5753,-242.9671,-1.0,1.1958961204415335,-149.63075883178712,1189.783203125,1004.4950561523438
2025-04-21,AXISBANK / JSWSTEEL,AXISBANK.NS,JSWSTEEL.NS,1.5753,-242.9671,-1.0,0.9160484812724903,-159.56283880615237,1221.9556884765625,1031.2230224609375
2025-04-22,AXISBANK / JSWSTEEL,AXISBANK.NS,JSWSTEEL.NS,1.5753,-242.9671,-1.0,0.3147564158621745,-181.78244942626938,1215.760986328125,1041.3956298828125
2025-04-23,AXISBANK / JSWSTEEL,AXISBANK.NS,JSWSTEEL.NS,1.5753,-242.9671,-1.0,0.08925357235925976,-183.81858162841795,1205.8695068359375,1036.4090576171875
2025-04-24,AXISBANK / JSWSTEEL,AXISBANK.NS,JSWSTEEL.NS,1.5753,-242.9671,0.0,-0.12203490660551729,-191.94554272460923,1206.0692138671875,1041.69482421875
2025-04-25,AXISBANK / JSWSTEEL,AXISBANK.NS,JSWSTEEL.NS,1.5753,-242.9671,0.0,-0.5584027221047997,-207.41653139648437,1165.30419921875,1025.63818359375
2025-04-28,AXISBANK / JSWSTEEL,AXISBANK.NS,JSWSTEEL.NS,1.5753,-242.9671,0.0,-0.876949993769935,-221.78704238281247,1191.781494140625,1051.568359375
2025-04-29,AXISBANK / JSWSTEEL,AXISBANK.NS,JSWSTEEL.NS,1.5753,-242.9671,0.0,-0.29021573447912774,-197.7459835327148,1186.2862548828125,1032.8187255859375
2025-04-30,AXISBANK / JSWSTEEL,AXISBANK.NS,JSWSTEEL.NS,1.5753,-242.9671,0.0,-0.20017718154873523,-190.93206867675767,1183.9881591796875,1027.034423828125
2025-05-02,AXISBANK / JSWSTEEL,AXISBANK.NS,JSWSTEEL.NS,1.5753,-242.9671,-1.0,2.312205743272145,-94.65297810668935,1182.3895263671875,964.9016723632812
2025-05-05,AXISBANK / JSWSTEEL,AXISBANK.NS,JSWSTEEL.NS,1.5753,-242.9671,-1.0,1.8663296583430655,-85.99155086059554,1172.1981201171875,952.9338989257812
2025-05-06,AXISBANK / JSWSTEEL,AXISBANK.NS,JSWSTEEL.NS,1.5753,-242.9671,-1.0,1.0333913890364665,-116.63417927856435,1160.4083251953125,964.9016723632812
2025-05-07,AXISBANK / JSWSTEEL,AXISBANK.NS,JSWSTEEL.NS,1.5753,-242.9671,-1.0,0.8961067610780047,-114.53453555297855,1160.3084716796875,963.5054321289062
2025-05-08,AXISBANK / JSWSTEEL,AXISBANK.NS,JSWSTEEL.NS,1.5753,-242.9671,-1.0,1.200608409214619,-83.37723661499021,1171.198974609375,950.6400756835938
2025-05-09,AXISBANK / JSWSTEEL,AXISBANK.NS,JSWSTEEL.NS,1.5753,-242.9671,-1.0,0.5789908130548453,-110.42920973510726,1150.1170654296875,954.4298706054688
2025-05-12,AXISBANK / JSWSTEEL,AXISBANK.NS,JSWSTEEL.NS,1.5753,-242.9671,-1.0,0.014736938211793815,-134.2990447204589,1201.9727783203125,1002.5004272460938
2025-05-13,AXISBANK / JSWSTEEL,AXISBANK.NS,JSWSTEEL.NS,1.5753,-242.9671,-1.0,0.1296425715885887,-119.6536497863768,1192.580810546875,987.2415161132812
2025-05-14,AXISBANK / JSWSTEEL,AXISBANK.NS,JSWSTEEL.NS,1.5753,-242.9671,0.0,-0.0026486825462365524,-116.81269268188461,1194.4791259765625,986.6431274414062
2025-05-15,AXISBANK / JSWSTEEL,AXISBANK.NS,JSWSTEEL.NS,1.5753,-242.9671,1.0,-2.327100785376186,-180.20681336669904,1208.0675048828125,1035.5115966796875
2025-05-16,AXISBANK / JSWSTEEL,AXISBANK.NS,JSWSTEEL.NS,1.5753,-242.9671,1.0,-1.1303581235551672,-154.5837537780761,1207.767822265625,1019.0558471679688
2025-05-19,AXISBANK / JSWSTEEL,AXISBANK.NS,JSWSTEEL.NS,1.5753,-242.9671,1.0,-1.008227052265493,-157.12227401733398,1201.77294921875,1016.8617553710938
2025-05-20,AXISBANK / JSWSTEEL,AXISBANK.NS,JSWSTEEL.NS,1.5753,-242.9671,1.0,-0.7251070497772323,-153.27591331176754,1194.7789306640625,1009.9802856445312
2025-05-21,AXISBANK / JSWSTEEL,AXISBANK.NS,JSWSTEEL.NS,1.5753,-242.9671,0.0,0.05385033909336676,-132.73900269165037,1196.7772216796875,998.2119750976562
2025-05-22,AXISBANK / JSWSTEEL,AXISBANK.NS,JSWSTEEL.NS,1.5753,-242.9671,0.0,-0.39207547657800634,-149.41514340209946,1187.485107421875,1002.8993530273438
2025-05-23,AXISBANK / JSWSTEEL,AXISBANK.NS,JSWSTEEL.NS,1.5753,-242.9671,0.0,0.5493393155786952,-132.3897018615722,1209.066650390625,1005.7915649414062
2025-05-26,AXISBANK / JSWSTEEL,AXISBANK.NS,JSWSTEEL.NS,1.5753,-242.9671,0.0,-0.9186582709754452,-164.68554798583986,1214.162353515625,1029.5277099609375
2025-05-27,AXISBANK / JSWSTEEL,AXISBANK.NS,JSWSTEEL.NS,1.5753,-242.9671,0.0,-0.29959888766801285,-155.04681187133778,1194.5791015625,1010.9776000976562
2025-05-28,AXISBANK / JSWSTEEL,AXISBANK.NS,JSWSTEEL.NS,1.5753,-242.9671,0.0,1.0389408008891923,-135.99352174682608,1193.6798095703125,998.3117065429688
2025-05-29,AXISBANK / JSWSTEEL,AXISBANK.NS,JSWSTEEL.NS,1.5753,-242.9671,0.0,0.8663178420380058,-137.16906437377915,1200.673828125,1003.4977416992188
2025-05-30,AXISBANK / JSWSTEEL,AXISBANK.NS,JSWSTEEL.NS,1.5753,-242.9671,0.0,1.37150689720306,-126.70842561645495,1191.181884765625,990.8318481445312
2025-06-02,AXISBANK / JSWSTEEL,AXISBANK.NS,JSWSTEEL.NS,1.5753,-242.9671,-1.0,2.091514686102777,-101.41546239624026,1193.380126953125,976.1713256835938
2025-06-03,AXISBANK / JSWSTEEL,AXISBANK.NS,JSWSTEEL.NS,1.5753,-242.9671,-1.0,1.4044863056178876,-106.4491531921386,1180.4910888671875,971.1847534179688
2025-06-04,AXISBANK / JSWSTEEL,AXISBANK.NS,JSWSTEEL.NS,1.5753,-242.9671,-1.0,1.0818719632209775,-108.69200533447233,1170.0001220703125,965.9488525390624
2025-06-05,AXISBANK / JSWSTEEL,AXISBANK.NS,JSWSTEEL.NS,1.5753,-242.9671,-1.0,0.3857874431145363,-120.99596531982442,1158.0103759765625,966.1483154296876
2025-06-06,AXISBANK / JSWSTEEL,AXISBANK.NS,JSWSTEEL.NS,1.5753,-242.9671,0.0,-0.5837459037194123,-142.22054614868156,1193.5799560546875,1002.2012329101562
2025-06-09,AXISBANK / JSWSTEEL,AXISBANK.NS,JSWSTEEL.NS,1.5753,-242.9671,0.0,0.22326316240705257,-121.81241908569322,1218.8583984375,1005.2929077148438
2025-06-10,AXISBANK / JSWSTEEL,AXISBANK.NS,JSWSTEEL.NS,1.5753,-242.9671,0.0,1.2459830228834152,-101.22526272582999,1231.747314453125,1000.4060668945312
2025-06-11,AXISBANK / JSWSTEEL,AXISBANK.NS,JSWSTEEL.NS,1.5753,-242.9671,0.0,0.5937623714774252,-108.90834426879869,1230.3485107421875,1004.3953247070312
2025-06-12,AXISBANK / JSWSTEEL,AXISBANK.NS,JSWSTEEL.NS,1.5753,-242.9671,0.0,0.41454306120184703,-109.40372983398433,1211.8643798828125,992.97607421875
2025-06-13,AXISBANK / JSWSTEEL,AXISBANK.NS,JSWSTEEL.NS,1.5753,-242.9671,0.0,0.7201145335329094,-103.30074052734366,1204.7703857421875,984.5986328125
2025-06-16,AXISBANK / JSWSTEEL,AXISBANK.NS,JSWSTEEL.NS,1.5753,-242.9671,0.0,-0.44434051780724415,-119.71014318237289,1214.3621826171875,1001.1041870117188
2025-06-17,AXISBANK / JSWSTEEL,AXISBANK.NS,JSWSTEEL.NS,1.5753,-242.9671,0.0,0.12447016104929357,-113.49000961914052,1214.0623779296875,996.96533203125
2025-06-18,AXISBANK / JSWSTEEL,AXISBANK.NS,JSWSTEEL.NS,1.5753,-242.9671,0.0,1.751791860314242,-86.69976629638685,1219.9573974609375,983.7010498046876
2025-06-19,AXISBANK / JSWSTEEL,AXISBANK.NS,JSWSTEEL.NS,1.5753,-242.9671,0.0,0.3923350658303494,-105.43621035156238,1216.4603271484375,993.375
2025-06-20,AXISBANK / JSWSTEEL,AXISBANK.NS,JSWSTEEL.NS,1.5753,-242.9671,0.0,-0.81470047963096,-117.16410457763672,1219.6575927734375,1002.8494873046876
2025-06-23,AXISBANK / JSWSTEEL,AXISBANK.NS,JSWSTEEL.NS,1.5753,-242.9671,0.0,-0.2953070342935708,-110.32582106323238,1213.063232421875,994.3224487304688
2025-06-24,AXISBANK / JSWSTEEL,AXISBANK.NS,JSWSTEEL.NS,1.5753,-242.9671,0.0,-0.9919997848778676,-118.94252150268548,1220.1572265625,1004.2955932617188
2025-06-25,AXISBANK / JSWSTEEL,AXISBANK.NS,JSWSTEEL.NS,1.5753,-242.9671,1.0,-2.3509171161999123,-154.25077587280256,1212.2640380859375,1021.6986694335938
2025-06-26,AXISBANK / JSWSTEEL,AXISBANK.NS,JSWSTEEL.NS,1.5753,-242.9671,1.0,-1.4633830328939925,-146.79379537353506,1232.44677734375,1029.7769775390625
2025-06-27,AXISBANK / JSWSTEEL,AXISBANK.NS,JSWSTEEL.NS,1.5753,-242.9671,1.0,-1.2640631158922855,-149.45243233642563,1224.0538330078125,1026.1368408203125
2025-06-30,AXISBANK / JSWSTEEL,AXISBANK.NS,JSWSTEEL.NS,1.5753,-242.9671,1.0,-1.4321427867635435,-162.13328242797851,1198.1759033203125,1017.7593383789062
2025-07-01,AXISBANK / JSWSTEEL,AXISBANK.NS,JSWSTEEL.NS,1.5753,-242.9671,1.0,-1.9720194084313594,-202.3076038940429,1172.2982177734375,1026.8348388671875
2025-07-02,AXISBANK / JSWSTEEL,AXISBANK.NS,JSWSTEEL.NS,1.5753,-242.9671,1.0,-2.151711790816125,-247.9129097534179,1174.2965087890625,1057.0535888671875
2025-07-03,AXISBANK / JSWSTEEL,AXISBANK.NS,JSWSTEEL.NS,1.5753,-242.9671,1.0,-1.387995850640464,-230.42849213867188,1170.0999755859375,1043.29052734375
2025-07-04,AXISBANK / JSWSTEEL,AXISBANK.NS,JSWSTEEL.NS,1.5753,-242.9671,1.0,-0.8824010017777653,-215.54465798339842,1177.5999755859375,1038.603271484375
2025-07-07,AXISBANK / JSWSTEEL,AXISBANK.NS,JSWSTEEL.NS,1.5753,-242.9671,1.0,-0.808303612623387,-219.92974903564445,1175.0999755859375,1039.7999267578125
2025-07-08,AXISBANK / JSWSTEEL,AXISBANK.NS,JSWSTEEL.NS,1.5753,-242.9671,1.0,-1.0400877284081211,-237.8213755859375,1165.4000244140625,1045.0
2025-07-09,AXISBANK / JSWSTEEL,AXISBANK.NS,JSWSTEEL.NS,1.5753,-242.9671,1.0,-0.71081320571069,-231.27510728759748,1164.699951171875,1040.4000244140625
2025-07-10,AXISBANK / JSWSTEEL,AXISBANK.NS,JSWSTEEL.NS,1.5753,-242.9671,1.0,-0.6949076354283673,-236.2434180908202,1164.300048828125,1043.300048828125
2025-07-11,AXISBANK / JSWSTEEL,AXISBANK.NS,JSWSTEEL.NS,1.5753,-242.9671,0.0,0.12127534450025601,-217.1339342529296,1173.800048828125,1037.199951171875
2025-07-14,AXISBANK / JSWSTEEL,AXISBANK.NS,JSWSTEEL.NS,1.5753,-242.9671,0.0,0.3797829200564458,-220.91215728759752,1172.699951171875,1038.9000244140625
2025-07-15,AXISBANK / JSWSTEEL,AXISBANK.NS,JSWSTEEL.NS,1.5753,-242.9671,0.0,0.5963031828358292,-221.56837558593733,1165.9000244140625,1035.0
2025-07-16,AXISBANK / JSWSTEEL,AXISBANK.NS,JSWSTEEL.NS,1.5753,-242.9671,0.0,1.4490936126639224,-210.87689250488265,1168.4000244140625,1029.800048828125
2025-07-17,AXISBANK / JSWSTEEL,AXISBANK.NS,JSWSTEEL.NS,1.5753,-242.9671,0.0,-0.29437923601262084,-226.4080342529297,1159.800048828125,1034.199951171875
2025-07-18,AXISBANK / JSWSTEEL,AXISBANK.NS,JSWSTEEL.NS,1.5753,-242.9671,1.0,-2.6158400878567543,-287.2232096313477,1099.300048828125,1034.4000244140625
2025-07-21,AXISBANK / JSWSTEEL,AXISBANK.NS,JSWSTEEL.NS,1.5753,-242.9671,1.0,-1.8145159710750902,-287.55344133300775,1099.5999755859375,1034.800048828125
2025-07-22,AXISBANK / JSWSTEEL,AXISBANK.NS,JSWSTEEL.NS,1.5753,-242.9671,1.0,-1.3091076930039938,-282.6945330810546,1098.0,1030.699951171875
2025-07-23,AXISBANK / JSWSTEEL,AXISBANK.NS,JSWSTEEL.NS,1.5753,-242.9671,1.0,-1.0224788498795818,-280.7780680908203,1104.800048828125,1033.800048828125
2025-07-24,AXISBANK / JSWSTEEL,AXISBANK.NS,JSWSTEEL.NS,1.5753,-242.9671,1.0,-1.074481313219935,-290.4781413330078,1095.0999755859375,1033.800048828125
2025-07-25,AXISBANK / JSWSTEEL,AXISBANK.NS,JSWSTEEL.NS,1.5753,-242.9671,1.0,-0.8365541399734608,-288.6085328735352,1086.0999755859375,1026.9000244140625
2025-07-28,AXISBANK / JSWSTEEL,AXISBANK.NS,JSWSTEEL.NS,1.5753,-242.9671,1.0,-1.0554324197286784,-304.1016413330077,1073.5999755859375,1028.800048828125
2025-07-29,AXISBANK / JSWSTEEL,AXISBANK.NS,JSWSTEEL.NS,1.5753,-242.9671,1.0,-1.3243608441712251,-323.11095728759767,1064.199951171875,1034.9000244140625
2025-07-30,AXISBANK / JSWSTEEL,AXISBANK.NS,JSWSTEEL.NS,1.5753,-242.9671,1.0,-1.1243373544458195,-318.7367596313476,1073.300048828125,1037.9000244140625
2025-07-31,AXISBANK / JSWSTEEL,AXISBANK.NS,JSWSTEEL.NS,1.5753,-242.9671,1.0,-1.9548129435318722,-340.0199425048828,1068.4000244140625,1048.300048828125
2025-08-01,AXISBANK / JSWSTEEL,AXISBANK.NS,JSWSTEEL.NS,1.5753,-242.9671,1.0,-0.5337655042336248,-313.72629250488274,1062.4000244140625,1027.800048828125
2025-08-04,AXISBANK / JSWSTEEL,AXISBANK.NS,JSWSTEEL.NS,1.5753,-242.9671,1.0,-1.7337806807167513,-351.7922328735352,1068.5999755859375,1055.9000244140625
2025-08-05,AXISBANK / JSWSTEEL,AXISBANK.NS,JSWSTEEL.NS,1.5753,-242.9671,1.0,-1.2025707270234605,-345.6539096313476,1070.800048828125,1053.4000244140625
2025-08-06,AXISBANK / JSWSTEEL,AXISBANK.NS,JSWSTEEL.NS,1.5753,-242.9671,1.0,-0.9618290949335697,-344.1936415405272,1071.0,1052.5999755859375
2025-08-07,AXISBANK / JSWSTEEL,AXISBANK.NS,JSWSTEEL.NS,1.5753,-242.9671,1.0,-1.2965190220883227,-358.21246574707027,1076.199951171875,1064.800048828125
2025-08-08,AXISBANK / JSWSTEEL,AXISBANK.NS,JSWSTEEL.NS,1.5753,-242.9671,1.0,-0.889610925204252,-351.73760749511723,1058.0999755859375,1049.199951171875
2025-08-11,AXISBANK / JSWSTEEL,AXISBANK.NS,JSWSTEEL.NS,1.5753,-242.9671,1.0,-0.20581197787116431,-342.0510842529296,1073.300048828125,1052.699951171875
2025-08-12,AXISBANK / JSWSTEEL,AXISBANK.NS,JSWSTEEL.NS,1.5753,-242.9671,0.0,0.15364256398128423,-338.26228308105453,1070.0,1048.199951171875
2025-08-13,AXISBANK / JSWSTEEL,AXISBANK.NS,JSWSTEEL.NS,1.5753,-242.9671,0.0,-0.5954386071321044,-350.9264330810546,1066.0,1053.699951171875
2025-08-14,AXISBANK / JSWSTEEL,AXISBANK.NS,JSWSTEEL.NS,1.5753,-242.9671,0.0,0.5981268662541922,-335.809098828125,1068.199951171875,1045.5
2025-08-18,AXISBANK / JSWSTEEL,AXISBANK.NS,JSWSTEEL.NS,1.5753,-242.9671,1.0,-2.2801412954086415,-375.4419413330078,1082.5999755859375,1079.800048828125
2025-08-19,AXISBANK / JSWSTEEL,AXISBANK.NS,JSWSTEEL.NS,1.5753,-242.9671,1.0,-1.1324142823578298,-364.76000728759766,1083.199951171875,1073.4000244140625
2025-08-20,AXISBANK / JSWSTEEL,AXISBANK.NS,JSWSTEEL.NS,1.5753,-242.9671,1.0,-1.774766201476132,-382.2526903686522,1080.199951171875,1082.5999755859375
2025-08-21,AXISBANK / JSWSTEEL,AXISBANK.NS,JSWSTEEL.NS,1.5753,-242.9671,1.0,-0.6333203299486685,-366.5394925048828,1078.9000244140625,1071.800048828125
2025-08-22,AXISBANK / JSWSTEEL,AXISBANK.NS,JSWSTEEL.NS,1.5753,-242.9671,0.0,0.5067966016908139,-347.4442171264649,1070.9000244140625,1054.5999755859375
2025-08-25,AXISBANK / JSWSTEEL,AXISBANK.NS,JSWSTEEL.NS,1.5753,-242.9671,0.0,0.14473175001306088,-353.38531691894525,1070.0,1057.800048828125
2025-08-26,AXISBANK / JSWSTEEL,AXISBANK.NS,JSWSTEEL.NS,1.5753,-242.9671,0.0,0.045858611873789965,-356.4295159545899,1050.0999755859375,1047.0999755859375
2025-08-28,AXISBANK / JSWSTEEL,AXISBANK.NS,JSWSTEEL.NS,1.5753,-242.9671,0.0,1.3110654137392945,-336.8286925048827,1051.9000244140625,1035.800048828125
2025-08-29,AXISBANK / JSWSTEEL,AXISBANK.NS,JSWSTEEL.NS,1.5753,-242.9671,0.0,1.4543295798593645,-329.0358903686523,1045.199951171875,1026.5999755859375
2025-09-01,AXISBANK / JSWSTEEL,AXISBANK.NS,JSWSTEEL.NS,1.5753,-242.9671,0.0,1.4298555456982929,-326.7560500000001,1061.5,1035.5
2025-09-02,AXISBANK / JSWSTEEL,AXISBANK.NS,JSWSTEEL.NS,1.5753,-242.9671,0.0,0.3109040331316373,-345.44614882812505,1056.199951171875,1044.0
2025-09-03,AXISBANK / JSWSTEEL,AXISBANK.NS,JSWSTEEL.NS,1.5753,-242.9671,0.0,-1.7649767719400464,-391.3695319091797,1054.699951171875,1072.199951171875
2025-09-04,AXISBANK / JSWSTEEL,AXISBANK.NS,JSWSTEEL.NS,1.5753,-242.9671,0.0,-1.726561071472178,-395.9846340454102,1050.4000244140625,1072.4000244140625
2025-09-05,AXISBANK / JSWSTEEL,AXISBANK.NS,JSWSTEEL.NS,1.5753,-242.9671,0.0,-1.2976214736407836,-391.5872671264648,1055.9000244140625,1073.0999755859375
2025-09-08,AXISBANK / JSWSTEEL,AXISBANK.NS,JSWSTEEL.NS,1.5753,-242.9671,0.0,-1.9556188661759824,-436.5683584594725,1055.5,1101.4000244140625
2025-09-09,AXISBANK / JSWSTEEL,AXISBANK.NS,JSWSTEEL.NS,1.5753,-242.9671,0.0,-1.6056907121671813,-444.75179882812506,1052.199951171875,1104.5
2025-09-10,AXISBANK / JSWSTEEL,AXISBANK.NS,JSWSTEEL.NS,1.5753,-242.9671,0.0,-0.8843375351225318,-421.65320749511704,1070.0999755859375,1101.199951171875
2025-09-11,AXISBANK / JSWSTEEL,AXISBANK.NS,JSWSTEEL.NS,1.5753,-242.9671,0.0,-0.2960447522575876,-400.8875755859375,1087.4000244140625,1099.0
2025-09-12,AXISBANK / JSWSTEEL,AXISBANK.NS,JSWSTEEL.NS,1.5753,-242.9671,0.0,0.2934514729817794,-382.987551171875,1105.300048828125,1099.0
2025-09-15,AXISBANK / JSWSTEEL,AXISBANK.NS,JSWSTEEL.NS,1.5753,-242.9671,0.0,0.4507062534765858,-386.88068404541,1104.4000244140625,1100.9000244140625
2025-09-16,AXISBANK / JSWSTEEL,AXISBANK.NS,JSWSTEEL.NS,1.5753,-242.9671,0.0,0.5464854845860571,-392.6074319091796,1121.199951171875,1115.199951171875
2025-09-17,AXISBANK / JSWSTEEL,AXISBANK.NS,JSWSTEEL.NS,1.5753,-242.9671,0.0,0.982605625594795,-381.19119999999987,1126.0,1111.0
2025-09-18,AXISBANK / JSWSTEEL,AXISBANK.NS,JSWSTEEL.NS,1.5753,-242.9671,0.0,0.5572755454768304,-390.1016915405272,1133.0,1121.0999755859375
2025-09-19,AXISBANK / JSWSTEEL,AXISBANK.NS,JSWSTEEL.NS,1.5753,-242.9671,0.0,0.5570872431927829,-389.87979250488286,1135.9000244140625,1122.800048828125
2025-09-22,AXISBANK / JSWSTEEL,AXISBANK.NS,JSWSTEEL.NS,1.5753,-242.9671,0.0,1.1174538774221445,-372.2429755859374,1144.4000244140625,1117.0
2025-09-23,AXISBANK / JSWSTEEL,AXISBANK.NS,JSWSTEEL.NS,1.5753,-242.9671,0.0,0.7480661397975708,-379.55440963134754,1170.800048828125,1138.4000244140625
2025-09-24,AXISBANK / JSWSTEEL,AXISBANK.NS,JSWSTEEL.NS,1.5753,-242.9671,0.0,-1.884653971355691,-408.3100671264648,1158.9000244140625,1149.0999755859375
2025-09-25,AXISBANK / JSWSTEEL,AXISBANK.NS,JSWSTEEL.NS,1.5753,-242.9671,0.0,-1.0912717851444969,-399.6649744140624,1166.5999755859375,1148.5
2025-09-26,AXISBANK / JSWSTEEL,AXISBANK.NS,JSWSTEEL.NS,1.5753,-242.9671,0.0,0.39779853189578357,-384.38221691894535,1154.0,1130.800048828125
2025-09-29,AXISBANK / JSWSTEEL,AXISBANK.NS,JSWSTEEL.NS,1.5753,-242.9671,0.0,-0.3451228908093823,-392.6345319091796,1132.199951171875,1122.199951171875
2025-09-30,AXISBANK / JSWSTEEL,AXISBANK.NS,JSWSTEEL.NS,1.5753,-242.9671,1.0,-2.133677402595407,-425.52815749511717,1131.5999755859375,1142.699951171875
2025-10-01,AXISBANK / JSWSTEEL,AXISBANK.NS,JSWSTEEL.NS,1.5753,-242.9671,1.0,-0.5512885641858963,-402.9841915405274,1159.5,1146.0999755859375
2025-10-03,AXISBANK / JSWSTEEL,AXISBANK.NS,JSWSTEEL.NS,1.5753,-242.9671,1.0,-0.6346695044782136,-406.05883308105456,1181.0,1161.699951171875
2025-10-06,AXISBANK / JSWSTEEL,AXISBANK.NS,JSWSTEEL.NS,1.5753,-242.9671,0.0,1.3093027418183634,-371.4233596313476,1212.800048828125,1159.9000244140625
2025-10-07,AXISBANK / JSWSTEEL,AXISBANK.NS,JSWSTEEL.NS,1.5753,-242.9671,0.0,0.2399945658629357,-392.53996809082025,1186.800048828125,1156.800048828125
2025-10-08,AXISBANK / JSWSTEEL,AXISBANK.NS,JSWSTEEL.NS,1.5753,-242.9671,0.0,1.0216682625842928,-380.4664074951171,1180.5999755859375,1145.199951171875
2025-10-09,AXISBANK / JSWSTEEL,AXISBANK.NS,JSWSTEEL.NS,1.5753,-242.9671,0.0,-1.9764276985596017,-440.9253586669921,1167.4000244140625,1175.199951171875
2025-10-10,AXISBANK / JSWSTEEL,AXISBANK.NS,JSWSTEEL.NS,1.5753,-242.9671,0.0,-0.6942875904680466,-416.26829250488265,1180.4000244140625,1167.800048828125
2025-10-13,AXISBANK / JSWSTEEL,AXISBANK.NS,JSWSTEEL.NS,1.5753,-242.9671,0.0,0.26921934362421174,-396.98638287353504,1189.5999755859375,1161.4000244140625
2025-10-14,AXISBANK / JSWSTEEL,AXISBANK.NS,JSWSTEEL.NS,1.5753,-242.9671,0.0,0.6551332594756047,-388.3622680908203,1176.800048828125,1147.800048828125
2025-10-15,AXISBANK / JSWSTEEL,AXISBANK.NS,JSWSTEEL.NS,1.5753,-242.9671,0.0,-0.7390857939774909,-416.04124133300786,1169.5999755859375,1160.800048828125
2025-10-16,AXISBANK / JSWSTEEL,AXISBANK.NS,JSWSTEEL.NS,1.5753,-242.9671,0.0,-0.273880467034515,-407.1419427124023,1196.300048828125,1172.0999755859375
2025-10-17,AXISBANK / JSWSTEEL,AXISBANK.NS,JSWSTEEL.NS,1.5753,-242.9671,0.0,0.5173954939700407,-389.3795157470703,1200.199951171875,1163.300048828125
2025-10-20,AXISBANK / JSWSTEEL,AXISBANK.NS,JSWSTEEL.NS,1.5753,-242.9671,-1.0,2.192654380610777,-335.0663830810546,1226.0,1145.199951171875
2025-10-21,AXISBANK / JSWSTEEL,AXISBANK.NS,JSWSTEEL.NS,1.5753,-242.9671,-1.0,1.6268573686595011,-335.266101171875,1237.300048828125,1152.5
2025-10-23,AXISBANK / JSWSTEEL,AXISBANK.NS,JSWSTEEL.NS,1.5753,-242.9671,-1.0,1.9487098186123726,-291.2392342529296,1258.800048828125,1138.199951171875
2025-10-24,AXISBANK / JSWSTEEL,AXISBANK.NS,JSWSTEEL.NS,1.5753,-242.9671,-1.0,1.2148746804876585,-313.1803340454102,1241.9000244140625,1141.4000244140625
2025-10-27,AXISBANK / JSWSTEEL,AXISBANK.NS,JSWSTEEL.NS,1.5753,-242.9671,-1.0,0.955404537215967,-315.47306595458974,1254.0999755859375,1150.5999755859375
2025-10-28,AXISBANK / JSWSTEEL,AXISBANK.NS,JSWSTEEL.NS,1.5753,-242.9671,0.0,-0.4437395500121078,-376.20303425292957,1246.300048828125,1184.199951171875
2025-10-29,AXISBANK / JSWSTEEL,AXISBANK.NS,JSWSTEEL.NS,1.5753,-242.9671,0.0,-1.126007836134348,-411.0377596313475,1248.800048828125,1207.9000244140625
2025-10-30,AXISBANK / JSWSTEEL,AXISBANK.NS,JSWSTEEL.NS,1.5753,-242.9671,0.0,-1.3636681403219095,-424.54592441406237,1238.5999755859375,1210.0
2025-10-31,AXISBANK / JSWSTEEL,AXISBANK.NS,JSWSTEEL.NS,1.5753,-242.9671,0.0,-1.2609735726391638,-424.044651171875,1232.800048828125,1206.0
2025-11-03,AXISBANK / JSWSTEEL,AXISBANK.NS,JSWSTEEL.NS,1.5753,-242.9671,0.0,-0.8383753506303925,-405.81644882812486,1233.699951171875,1195.0
2025-11-04,AXISBANK / JSWSTEEL,AXISBANK.NS,JSWSTEEL.NS,1.5753,-242.9671,0.0,-0.44867596806160975,-391.4923828735351,1226.5999755859375,1181.4000244140625
2025-11-06,AXISBANK / JSWSTEEL,AXISBANK.NS,JSWSTEEL.NS,1.5753,-242.9671,0.0,0.05158669903252756,-369.74361691894535,1228.5,1168.800048828125
2025-11-07,AXISBANK / JSWSTEEL,AXISBANK.NS,JSWSTEEL.NS,1.5753,-242.9671,0.0,0.02855704206170888,-380.0117842529297,1222.800048828125,1171.699951171875
2025-11-10,AXISBANK / JSWSTEEL,AXISBANK.NS,JSWSTEEL.NS,1.5753,-242.9671,0.0,-0.2532921416624876,-397.78426691894526,1217.0,1179.300048828125
2025-11-11,AXISBANK / JSWSTEEL,AXISBANK.NS,JSWSTEEL.NS,1.5753,-242.9671,0.0,-0.6300863067018448,-411.50284999999997,1222.5,1191.5
2025-11-12,AXISBANK / JSWSTEEL,AXISBANK.NS,JSWSTEEL.NS,1.5753,-242.9671,0.0,0.23524460369993885,-397.1225413330077,1221.5999755859375,1181.800048828125
2025-11-13,AXISBANK / JSWSTEEL,AXISBANK.NS,JSWSTEEL.NS,1.5753,-242.9671,0.0,0.1747596019654983,-396.83065728759755,1225.199951171875,1183.9000244140625
2025-11-14,AXISBANK / JSWSTEEL,AXISBANK.NS,JSWSTEEL.NS,1.5753,-242.9671,0.0,1.8741080118028302,-355.06834133300765,1241.5999755859375,1167.800048828125
2025-11-17,AXISBANK / JSWSTEEL,AXISBANK.NS,JSWSTEEL.NS,1.5753,-242.9671,0.0,1.3970749212020692,-359.1980744140625,1249.5999755859375,1175.5
2025-11-18,AXISBANK / JSWSTEEL,AXISBANK.NS,JSWSTEEL.NS,1.5753,-242.9671,-1.0,2.0589596623123603,-323.7067755859374,1265.4000244140625,1163.0
2025-11-19,AXISBANK / JSWSTEEL,AXISBANK.NS,JSWSTEEL.NS,1.5753,-242.9671,-1.0,1.580689712621408,-321.69988404541016,1270.4000244140625,1164.9000244140625
2025-11-20,AXISBANK / JSWSTEEL,AXISBANK.NS,JSWSTEEL.NS,1.5753,-242.9671,-1.0,1.409146414578886,-314.9339488281249,1285.199951171875,1170.0
2025-11-21,AXISBANK / JSWSTEEL,AXISBANK.NS,JSWSTEEL.NS,1.5753,-242.9671,-1.0,1.7317664173350875,-277.5475180908203,1275.800048828125,1140.300048828125
2025-11-24,AXISBANK / JSWSTEEL,AXISBANK.NS,JSWSTEEL.NS,1.5753,-242.9671,-1.0,1.8997038266423696,-230.3147,1269.0,1106.0
2025-11-25,AXISBANK / JSWSTEEL,AXISBANK.NS,JSWSTEEL.NS,1.5753,-242.9671,-1.0,1.3647432467021152,-242.46645117187504,1266.300048828125,1112.0
2025-11-26,AXISBANK / JSWSTEEL,AXISBANK.NS,JSWSTEEL.NS,1.5753,-242.9671,-1.0,0.48195066812246634,-285.3593072875975,1290.199951171875,1154.4000244140625
2025-11-27,AXISBANK / JSWSTEEL,AXISBANK.NS,JSWSTEEL.NS,1.5753,-242.9671,-1.0,0.06519282409003462,-298.0259927124024,1287.300048828125,1160.5999755859375
2025-11-28,AXISBANK / JSWSTEEL,AXISBANK.NS,JSWSTEEL.NS,1.5753,-242.9671,0.0,-0.24043898977281433,-305.1536157470704,1279.699951171875,1160.300048828125
2025-12-01,AXISBANK / JSWSTEEL,AXISBANK.NS,JSWSTEEL.NS,1.5753,-242.9671,0.0,-0.8927460030359413,-321.91350728759755,1275.699951171875,1168.4000244140625
2025-12-02,AXISBANK / JSWSTEEL,AXISBANK.NS,JSWSTEEL.NS,1.5753,-242.9671,0.0,-1.0822098874950021,-329.53149999999994,1258.0,1162.0
2025-12-03,AXISBANK / JSWSTEEL,AXISBANK.NS,JSWSTEEL.NS,1.5753,-242.9671,0.0,0.04504965112100275,-287.8459903686522,1270.699951171875,1143.5999755859375
2025-12-04,AXISBANK / JSWSTEEL,AXISBANK.NS,JSWSTEEL.NS,1.5753,-242.9671,0.0,-0.08967131344383701,-289.57304154052724,1280.0,1150.5999755859375
2025-12-05,AXISBANK / JSWSTEEL,AXISBANK.NS,JSWSTEEL.NS,1.5753,-242.9671,0.0,-0.5006318628230716,-305.34648308105454,1282.5,1162.199951171875
2025-12-08,AXISBANK / JSWSTEEL,AXISBANK.NS,JSWSTEEL.NS,1.5753,-242.9671,0.0,1.5788617113545618,-246.15104271240224,1273.800048828125,1119.0999755859375
2025-12-09,AXISBANK / JSWSTEEL,AXISBANK.NS,JSWSTEEL.NS,1.5753,-242.9671,0.0,1.9872351810886155,-226.25029250488282,1275.9000244140625,1107.800048828125
2025-12-10,AXISBANK / JSWSTEEL,AXISBANK.NS,JSWSTEEL.NS,1.5753,-242.9671,0.0,1.821341633323092,-206.2220413330077,1278.5999755859375,1096.800048828125
2025-12-11,AXISBANK / JSWSTEEL,AXISBANK.NS,JSWSTEEL.NS,1.5753,-242.9671,0.0,1.0964954878135058,-225.6696072875976,1272.699951171875,1105.4000244140625
2025-12-12,AXISBANK / JSWSTEEL,AXISBANK.NS,JSWSTEEL.NS,1.5753,-242.9671,0.0,0.553622836431013,-243.93307441406236,1286.0999755859375,1125.5
2025-12-15,AXISBANK / JSWSTEEL,AXISBANK.NS,JSWSTEEL.NS,1.5753,-242.9671,0.0,0.7427599371280865,-228.37736809082034,1284.800048828125,1114.800048828125
2025-12-16,AXISBANK / JSWSTEEL,AXISBANK.NS,JSWSTEEL.NS,1.5753,-242.9671,0.0,0.22443305277541648,-242.8526659545897,1219.5999755859375,1082.5999755859375
2025-12-17,AXISBANK / JSWSTEEL,AXISBANK.NS,JSWSTEEL.NS,1.5753,-242.9671,0.0,0.3998446421231492,-232.55431574707026,1224.699951171875,1079.300048828125
2025-12-18,AXISBANK / JSWSTEEL,AXISBANK.NS,JSWSTEEL.NS,1.5753,-242.9671,0.0,0.26541732151425523,-232.02243425292963,1229.800048828125,1082.199951171875
2025-12-19,AXISBANK / JSWSTEEL,AXISBANK.NS,JSWSTEEL.NS,1.5753,-242.9671,0.0,0.3415921883070559,-227.12676595458979,1230.5999755859375,1079.5999755859375
2025-12-22,AXISBANK / JSWSTEEL,AXISBANK.NS,JSWSTEEL.NS,1.5753,-242.9671,0.0,-1.432443071664385,-248.62895728759767,1233.199951171875,1094.9000244140625
2025-12-23,AXISBANK / JSWSTEEL,AXISBANK.NS,JSWSTEEL.NS,1.5753,-242.9671,0.0,-1.692961893819815,-259.8220169189452,1225.0,1096.800048828125
2025-12-24,AXISBANK / JSWSTEEL,AXISBANK.NS,JSWSTEEL.NS,1.5753,-242.9671,0.0,-0.9310515133955575,-249.85781809082013,1226.300048828125,1091.300048828125
2025-12-26,AXISBANK / JSWSTEEL,AXISBANK.NS,JSWSTEEL.NS,1.5753,-242.9671,0.0,-0.980691270066022,-252.8413072875977,1228.199951171875,1094.4000244140625
2025-12-29,AXISBANK / JSWSTEEL,AXISBANK.NS,JSWSTEEL.NS,1.5753,-242.9671,0.0,-0.3687225381594878,-246.20564154052735,1232.0,1092.5999755859375
2025-12-30,AXISBANK / JSWSTEEL,AXISBANK.NS,JSWSTEEL.NS,1.5753,-242.9671,0.0,-1.4147501629195836,-262.13634154052727,1246.0,1111.5999755859375
2025-12-31,AXISBANK / JSWSTEEL,AXISBANK.NS,JSWSTEEL.NS,1.5753,-242.9671,1.0,-2.560544169056041,-322.54239250488274,1269.4000244140625,1164.800048828125
2026-01-01,AXISBANK / JSWSTEEL,AXISBANK.NS,JSWSTEEL.NS,1.5753,-242.9671,1.0,-1.880853138427662,-328.0968255859374,1274.4000244140625,1171.5
2026-01-02,AXISBANK / JSWSTEEL,AXISBANK.NS,JSWSTEEL.NS,1.5753,-242.9671,1.0,-1.784261137946514,-350.0895086669922,1266.9000244140625,1180.699951171875
2026-01-05,AXISBANK / JSWSTEEL,AXISBANK.NS,JSWSTEEL.NS,1.5753,-242.9671,1.0,-1.2399588130627301,-339.3811596313477,1285.800048828125,1185.9000244140625
2026-01-06,AXISBANK / JSWSTEEL,AXISBANK.NS,JSWSTEEL.NS,1.5753,-242.9671,1.0,-0.562202963153926,-316.25831809082035,1293.800048828125,1176.300048828125
2026-01-07,AXISBANK / JSWSTEEL,AXISBANK.NS,JSWSTEEL.NS,1.5753,-242.9671,1.0,-0.8427874153780754,-335.8249169189452,1295.5,1189.800048828125
2026-01-08,AXISBANK / JSWSTEEL,AXISBANK.NS,JSWSTEEL.NS,1.5753,-242.9671,0.0,0.34621069931848686,-291.1221596313477,1286.800048828125,1155.9000244140625
2026-01-09,AXISBANK / JSWSTEEL,AXISBANK.NS,JSWSTEEL.NS,1.5753,-242.9671,0.0,-0.008122719992819117,-310.4906169189452,1272.0,1158.800048828125
2026-01-12,AXISBANK / JSWSTEEL,AXISBANK.NS,JSWSTEEL.NS,1.5753,-242.9671,0.0,-0.9536623169506513,-345.9401819091796,1274.199951171875,1182.699951171875
2026-01-13,AXISBANK / JSWSTEEL,AXISBANK.NS,JSWSTEEL.NS,1.5753,-242.9671,0.0,-1.1318941060998151,-350.89379154052733,1262.0,1178.0999755859375
2026-01-14,AXISBANK / JSWSTEEL,AXISBANK.NS,JSWSTEEL.NS,1.5753,-242.9671,0.0,0.4576611498777982,-319.9224680908202,1298.800048828125,1181.800048828125
2026-01-15,AXISBANK / JSWSTEEL,AXISBANK.NS,JSWSTEEL.NS,1.5753,-242.9671,0.0,0.41120311395364556,-319.9224680908202,1298.800048828125,1181.800048828125
2026-01-16,AXISBANK / JSWSTEEL,AXISBANK.NS,JSWSTEEL.NS,1.5753,-242.9671,0.0,-0.37945081570020056,-333.18671574707025,1294.199951171875,1187.300048828125
2026-01-19,AXISBANK / JSWSTEEL,AXISBANK.NS,JSWSTEEL.NS,1.5753,-242.9671,0.0,0.5038006013562009,-314.8455915405274,1307.5,1184.0999755859375
2026-01-20,AXISBANK / JSWSTEEL,AXISBANK.NS,JSWSTEEL.NS,1.5753,-242.9671,0.0,1.4740470655672753,-290.8809,1293.5,1160.0
2026-01-21,AXISBANK / JSWSTEEL,AXISBANK.NS,JSWSTEEL.NS,1.5753,-242.9671,0.0,-0.12547711914224732,-322.4802171264647,1284.9000244140625,1174.5999755859375
2026-01-22,AXISBANK / JSWSTEEL,AXISBANK.NS,JSWSTEEL.NS,1.5753,-242.9671,0.0,-0.25160136086195606,-328.01820963134753,1294.800048828125,1184.4000244140625
2026-01-23,AXISBANK / JSWSTEEL,AXISBANK.NS,JSWSTEEL.NS,1.5753,-242.9671,0.0,-0.8726706065734114,-342.1338999999999,1258.0,1170.0
2026-01-27,AXISBANK / JSWSTEEL,AXISBANK.NS,JSWSTEEL.NS,1.5753,-242.9671,0.0,-1.7922357938680589,-366.24945117187497,1315.800048828125,1222.0
2026-01-28,AXISBANK / JSWSTEEL,AXISBANK.NS,JSWSTEEL.NS,1.5753,-242.9671,0.0,-1.2731737328446022,-357.0508842529297,1319.800048828125,1218.699951171875
2026-01-29,AXISBANK / JSWSTEEL,AXISBANK.NS,JSWSTEEL.NS,1.5753,-242.9671,0.0,-0.5063639443816902,-342.76669882812496,1363.699951171875,1237.5
2026-01-30,AXISBANK / JSWSTEEL,AXISBANK.NS,JSWSTEEL.NS,1.5753,-242.9671,0.0,1.2617680888361962,-299.67723404541005,1370.4000244140625,1214.4000244140625
2026-02-02,AXISBANK / JSWSTEEL,AXISBANK.NS,JSWSTEEL.NS,1.5753,-242.9671,0.0,-0.19958241669140495,-334.6325830810546,1311.5,1199.199951171875
2026-02-03,AXISBANK / JSWSTEEL,AXISBANK.NS,JSWSTEEL.NS,1.5753,-242.9671,0.0,-0.2300599385008741,-337.50680728759755,1356.199951171875,1229.4000244140625
2026-02-04,AXISBANK / JSWSTEEL,AXISBANK.NS,JSWSTEEL.NS,1.5753,-242.9671,0.0,-0.7765172848364891,-353.1163319091796,1338.699951171875,1228.199951171875
2026-02-05,AXISBANK / JSWSTEEL,AXISBANK.NS,JSWSTEEL.NS,1.5753,-242.9671,0.0,-1.6090045603162195,-379.4899413330078,1330.5999755859375,1239.800048828125
2026-02-06,AXISBANK / JSWSTEEL,AXISBANK.NS,JSWSTEEL.NS,1.5753,-242.9671,0.0,-0.6958963835364644,-362.8187074951171,1341.5999755859375,1236.199951171875
2026-02-09,AXISBANK / JSWSTEEL,AXISBANK.NS,JSWSTEEL.NS,1.5753,-242.9671,0.0,-1.0921687551785586,-376.88137558593746,1341.4000244140625,1245.0
2026-02-10,AXISBANK / JSWSTEEL,AXISBANK.NS,JSWSTEEL.NS,1.5753,-242.9671,0.0,-0.4182271644937933,-360.1636403686522,1356.699951171875,1244.0999755859375
2026-02-11,AXISBANK / JSWSTEEL,AXISBANK.NS,JSWSTEEL.NS,1.5753,-242.9671,0.0,-1.012305624903069,-377.5975342529297,1347.300048828125,1249.199951171875
2026-02-12,AXISBANK / JSWSTEEL,AXISBANK.NS,JSWSTEEL.NS,1.5753,-242.9671,0.0,-1.003656286980974,-382.8498084594727,1340.0,1247.9000244140625
2026-02-13,AXISBANK / JSWSTEEL,AXISBANK.NS,JSWSTEEL.NS,1.5753,-242.9671,0.0,-0.14289215982674214,-365.5024511718749,1332.300048828125,1232.0
2026-02-16,AXISBANK / JSWSTEEL,AXISBANK.NS,JSWSTEEL.NS,1.5753,-242.9671,0.0,0.07710118272014026,-365.0222342529297,1358.300048828125,1248.199951171875
2026-02-17,AXISBANK / JSWSTEEL,AXISBANK.NS,JSWSTEEL.NS,1.5753,-242.9671,0.0,0.7920998424843348,-360.4512903686524,1357.199951171875,1244.5999755859375
2026-02-18,AXISBANK / JSWSTEEL,AXISBANK.NS,JSWSTEEL.NS,1.5753,-242.9671,0.0,1.6496855624535895,-351.0481830810546,1377.0,1251.199951171875
2026-02-19,AXISBANK / JSWSTEEL,AXISBANK.NS,JSWSTEEL.NS,1.5753,-242.9671,-1.0,2.0463209533970086,-335.5314828735351,1356.5999755859375,1228.4000244140625
2026-02-20,AXISBANK / JSWSTEEL,AXISBANK.NS,JSWSTEEL.NS,1.5753,-242.9671,-1.0,1.5523125491631087,-335.48866809082017,1368.300048828125,1235.800048828125
2026-02-23,AXISBANK / JSWSTEEL,AXISBANK.NS,JSWSTEEL.NS,1.5753,-242.9671,-1.0,1.6475777836291936,-324.49259882812487,1386.699951171875,1240.5
2026-02-24,AXISBANK / JSWSTEEL,AXISBANK.NS,JSWSTEEL.NS,1.5753,-242.9671,-1.0,0.454083309628938,-345.6467744140624,1387.5999755859375,1254.5
2026-02-25,AXISBANK / JSWSTEEL,AXISBANK.NS,JSWSTEEL.NS,1.5753,-242.9671,0.0,-0.5469724341710781,-362.5404,1403.0,1275.0
2026-02-26,AXISBANK / JSWSTEEL,AXISBANK.NS,JSWSTEEL.NS,1.5753,-242.9671,0.0,-1.554743338002117,-378.86204154052723,1395.5,1280.5999755859375
2026-02-27,AXISBANK / JSWSTEEL,AXISBANK.NS,JSWSTEEL.NS,1.5753,-242.9671,0.0,-0.7637611273481114,-365.41470866699217,1383.9000244140625,1264.699951171875
2026-03-02,AXISBANK / JSWSTEEL,AXISBANK.NS,JSWSTEEL.NS,1.5753,-242.9671,0.0,-1.4277783936649517,-381.11061809082037,1372.300048828125,1267.300048828125
2026-03-04,AXISBANK / JSWSTEEL,AXISBANK.NS,JSWSTEEL.NS,1.5753,-242.9671,0.0,1.4964948328672494,-316.571751171875,1351.300048828125,1213.0
2026-03-05,AXISBANK / JSWSTEEL,AXISBANK.NS,JSWSTEEL.NS,1.5753,-242.9671,0.0,-0.9426990009433199,-374.0648159545898,1349.0999755859375,1248.0999755859375
2026-03-06,AXISBANK / JSWSTEEL,AXISBANK.NS,JSWSTEEL.NS,1.5753,-242.9671,0.0,-1.1241980560973812,-384.6803842529297,1315.800048828125,1233.699951171875
2026-03-09,AXISBANK / JSWSTEEL,AXISBANK.NS,JSWSTEEL.NS,1.5753,-242.9671,0.0,0.4464488954365507,-347.43559271240235,1288.300048828125,1192.5999755859375
2026-03-10,AXISBANK / JSWSTEEL,AXISBANK.NS,JSWSTEEL.NS,1.5753,-242.9671,0.0,0.28497221704452524,-355.21981574707036,1314.699951171875,1214.300048828125
2026-03-11,AXISBANK / JSWSTEEL,AXISBANK.NS,JSWSTEEL.NS,1.5753,-242.9671,0.0,0.2090337319755934,-358.1965680908203,1255.800048828125,1178.800048828125
2026-03-12,AXISBANK / JSWSTEEL,AXISBANK.NS,JSWSTEEL.NS,1.5753,-242.9671,0.0,-0.3253656797007438,-369.72964154052727,1234.5,1172.5999755859375
2026-03-13,AXISBANK / JSWSTEEL,AXISBANK.NS,JSWSTEEL.NS,1.5753,-242.9671,0.0,1.5037178115593066,-322.96621809082023,1197.300048828125,1119.300048828125
2026-03-16,AXISBANK / JSWSTEEL,AXISBANK.NS,JSWSTEEL.NS,1.5753,-242.9671,0.0,0.37782367794906613,-346.9965903686524,1214.699951171875,1145.5999755859375
2026-03-17,AXISBANK / JSWSTEEL,AXISBANK.NS,JSWSTEEL.NS,1.5753,-242.9671,0.0,-0.6108042262849137,-367.6230074951171,1228.0999755859375,1167.199951171875
2026-03-18,AXISBANK / JSWSTEEL,AXISBANK.NS,JSWSTEEL.NS,1.5753,-242.9671,0.0,-0.24043397339471695,-363.15961574707023,1253.199951171875,1180.300048828125
2026-03-19,AXISBANK / JSWSTEEL,AXISBANK.NS,JSWSTEEL.NS,1.5753,-242.9671,0.0,1.2649575027412117,-331.53970845947254,1207.0,1130.9000244140625
2026-03-20,AXISBANK / JSWSTEEL,AXISBANK.NS,JSWSTEEL.NS,1.5753,-242.9671,0.0,-1.936737793831114,-395.60371712646486,1203.9000244140625,1169.5999755859375
2026-03-23,AXISBANK / JSWSTEEL,AXISBANK.NS,JSWSTEEL.NS,1.5753,-242.9671,0.0,0.9369379705749343,-334.38576595458983,1170.5999755859375,1109.5999755859375
2026-03-24,AXISBANK / JSWSTEEL,AXISBANK.NS,JSWSTEEL.NS,1.5753,-242.9671,0.0,0.17606204455895832,-350.2504819091797,1192.699951171875,1133.699951171875
2026-03-25,AXISBANK / JSWSTEEL,AXISBANK.NS,JSWSTEEL.NS,1.5753,-242.9671,0.0,-0.10021348818758549,-355.9797244140624,1222.0999755859375,1156.0
2026-03-27,AXISBANK / JSWSTEEL,AXISBANK.NS,JSWSTEEL.NS,1.5753,-242.9671,0.0,0.8158808299287198,-332.39461574707036,1205.199951171875,1130.300048828125
2026-03-30,AXISBANK / JSWSTEEL,AXISBANK.NS,JSWSTEEL.NS,1.5753,-242.9671,0.0,-0.4959778546727782,-364.007101171875,1161.300048828125,1122.5
2026-04-01,AXISBANK / JSWSTEEL,AXISBANK.NS,JSWSTEEL.NS,1.5753,-242.9671,0.0,-0.24724994413120308,-360.4050828735352,1193.0999755859375,1140.4000244140625
2026-04-02,AXISBANK / JSWSTEEL,AXISBANK.NS,JSWSTEEL.NS,1.5753,-242.9671,0.0,-0.13232854056950383,-357.02284250488276,1197.9000244140625,1141.300048828125
2026-04-06,AXISBANK / JSWSTEEL,AXISBANK.NS,JSWSTEEL.NS,1.5753,-242.9671,0.0,1.9401537432574854,-297.4928927124023,1245.300048828125,1133.5999755859375
2026-04-07,AXISBANK / JSWSTEEL,AXISBANK.NS,JSWSTEEL.NS,1.5753,-242.9671,0.0,0.9449320309935001,-321.5210328735351,1250.0999755859375,1151.9000244140625
2026-04-08,AXISBANK / JSWSTEEL,AXISBANK.NS,JSWSTEEL.NS,1.5753,-242.9671,0.0,1.3733255682931542,-305.41376691894527,1333.0,1194.300048828125
2026-04-09,AXISBANK / JSWSTEEL,AXISBANK.NS,JSWSTEEL.NS,1.5753,-242.9671,0.0,-0.2240495774971635,-344.1732330810547,1318.5,1209.699951171875
2026-04-10,AXISBANK / JSWSTEEL,AXISBANK.NS,JSWSTEEL.NS,1.5753,-242.9671,0.0,0.6632862593505788,-319.90736809082034,1350.800048828125,1214.800048828125
2026-04-13,AXISBANK / JSWSTEEL,AXISBANK.NS,JSWSTEEL.NS,1.5753,-242.9671,0.0,1.1838740629972624,-300.40910749511715,1353.5999755859375,1204.199951171875
2026-04-15,AXISBANK / JSWSTEEL,AXISBANK.NS,JSWSTEEL.NS,1.5753,-242.9671,0.0,0.31379308604979006,-321.19344154052726,1355.5,1218.5999755859375
2026-04-16,AXISBANK / JSWSTEEL,AXISBANK.NS,JSWSTEEL.NS,1.5753,-242.9671,0.0,0.162448875662957,-321.26493287353503,1349.5999755859375,1214.9000244140625
2026-04-17,AXISBANK / JSWSTEEL,AXISBANK.NS,JSWSTEEL.NS,1.5753,-242.9671,0.0,-1.3315132142610835,-351.77759133300776,1359.0999755859375,1240.300048828125
2026-04-20,AXISBANK / JSWSTEEL,AXISBANK.NS,JSWSTEEL.NS,1.5753,-242.9671,1.0,-2.428848158438493,-410.052798828125,1354.699951171875,1274.5
2026-04-21,AXISBANK / JSWSTEEL,AXISBANK.NS,JSWSTEEL.NS,1.5753,-242.9671,1.0,-1.5147954939655475,-395.08679036865226,1377.699951171875,1279.5999755859375
2026-04-22,AXISBANK / JSWSTEEL,AXISBANK.NS,JSWSTEEL.NS,1.5753,-242.9671,1.0,-0.6407120517596757,-367.6669828735352,1379.5999755859375,1263.4000244140625
2026-04-23,AXISBANK / JSWSTEEL,AXISBANK.NS,JSWSTEEL.NS,1.5753,-242.9671,1.0,-0.49837481636505154,-367.58502441406233,1369.5999755859375,1257.0
2026-04-24,AXISBANK / JSWSTEEL,AXISBANK.NS,JSWSTEEL.NS,1.5753,-242.9671,1.0,-0.4685675291480585,-369.2370086669922,1365.9000244140625,1255.699951171875
2026-04-27,AXISBANK / JSWSTEEL,AXISBANK.NS,JSWSTEEL.NS,1.5753,-242.9671,1.0,-1.9103324597658164,-453.4701819091796,1324.199951171875,1282.699951171875
2026-04-28,AXISBANK / JSWSTEEL,AXISBANK.NS,JSWSTEEL.NS,1.5753,-242.9671,1.0,-1.9110911568693956,-486.9373415405272,1289.0,1281.5999755859375
2026-04-29,AXISBANK / JSWSTEEL,AXISBANK.NS,JSWSTEEL.NS,1.5753,-242.9671,1.0,-1.3737667896773758,-476.5442086669922,1296.4000244140625,1279.699951171875
2026-04-30,AXISBANK / JSWSTEEL,AXISBANK.NS,JSWSTEEL.NS,1.5753,-242.9671,1.0,-1.2113002915680318,-480.69970117187484,1268.300048828125,1264.5
2026-05-01,AXISBANK / JSWSTEEL,AXISBANK.NS,JSWSTEEL.NS,1.5753,-242.9671,1.0,-1.0014169753343907,-480.69970117187484,1268.300048828125,1264.5
2026-05-04,AXISBANK / JSWSTEEL,AXISBANK.NS,JSWSTEEL.NS,1.5753,-242.9671,1.0,-0.7799939305996092,-477.2078659545897,1275.0999755859375,1266.5999755859375
2026-05-05,AXISBANK / JSWSTEEL,AXISBANK.NS,JSWSTEEL.NS,1.5753,-242.9671,1.0,-0.5191536259135808,-470.23870728759755,1259.699951171875,1252.4000244140625
2026-05-06,AXISBANK / JSWSTEEL,AXISBANK.NS,JSWSTEEL.NS,1.5753,-242.9671,1.0,-0.34096591119409325,-468.6625157470702,1294.199951171875,1273.300048828125
2026-05-07,AXISBANK / JSWSTEEL,AXISBANK.NS,JSWSTEEL.NS,1.5753,-242.9671,1.0,-0.6021985840283248,-486.07300728759753,1292.699951171875,1283.4000244140625
2026-05-08,AXISBANK / JSWSTEEL,AXISBANK.NS,JSWSTEEL.NS,1.5753,-242.9671,1.0,-1.833266384903279,-501.6512680908203,1268.300048828125,1277.800048828125
2026-05-11,AXISBANK / JSWSTEEL,AXISBANK.NS,JSWSTEEL.NS,1.5753,-242.9671,0.0,0.6775597766180513,-473.7065927124023,1272.300048828125,1262.5999755859375
2026-05-12,AXISBANK / JSWSTEEL,AXISBANK.NS,JSWSTEEL.NS,1.5753,-242.9671,0.0,0.8964332549892007,-469.68119133300786,1260.0999755859375,1252.300048828125
2026-05-13,AXISBANK / JSWSTEEL,AXISBANK.NS,JSWSTEEL.NS,1.5753,-242.9671,1.0,-2.0078147928488725,-509.68295728759756,1255.699951171875,1274.9000244140625
2026-05-14,AXISBANK / JSWSTEEL,AXISBANK.NS,JSWSTEEL.NS,1.5753,-242.9671,1.0,-2.341737324279321,-545.4395328735351,1254.5999755859375,1296.9000244140625
2026-05-15,AXISBANK / JSWSTEEL,AXISBANK.NS,JSWSTEEL.NS,1.5753,-242.9671,1.0,-1.252267452174734,-526.7265680908203,1244.800048828125,1278.800048828125
2026-05-18,AXISBANK / JSWSTEEL,AXISBANK.NS,JSWSTEEL.NS,1.5753,-242.9671,1.0,-1.678061451367587,-555.6807925048828,1237.9000244140625,1292.800048828125
2026-05-19,AXISBANK / JSWSTEEL,AXISBANK.NS,JSWSTEEL.NS,1.5753,-242.9671,1.0,-1.0580340451705474,-543.3083342529297,1238.300048828125,1285.199951171875
2026-05-20,AXISBANK / JSWSTEEL,AXISBANK.NS,JSWSTEEL.NS,1.5753,-242.9671,1.0,-0.4749710479354647,-528.6577342529296,1249.800048828125,1283.199951171875
2026-05-21,AXISBANK / JSWSTEEL,AXISBANK.NS,JSWSTEEL.NS,1.5753,-242.9671,1.0,-0.15414807475270353,-522.1648180908202,1253.300048828125,1281.300048828125
2026-05-22,AXISBANK / JSWSTEEL,AXISBANK.NS,JSWSTEEL.NS,1.5753,-242.9671,0.0,0.6945723684196625,-496.6810255859374,1285.4000244140625,1285.5
2026-05-25,AXISBANK / JSWSTEEL,AXISBANK.NS,JSWSTEEL.NS,1.5753,-242.9671,0.0,1.397129586726271,-477.0248072875976,1311.199951171875,1289.4000244140625
2026-05-26,AXISBANK / JSWSTEEL,AXISBANK.NS,JSWSTEEL.NS,1.5753,-242.9671,0.0,0.9769096039345201,-495.5408927124023,1299.300048828125,1293.5999755859375
2026-05-27,AXISBANK / JSWSTEEL,AXISBANK.NS,JSWSTEEL.NS,1.5753,-242.9671,0.0,0.20844676461175002,-515.473291333008,1304.0999755859375,1309.300048828125
2026-05-28,AXISBANK / JSWSTEEL,AXISBANK.NS,JSWSTEEL.NS,1.5753,-242.9671,0.0,0.09411661218830018,-515.473291333008,1304.0999755859375,1309.300048828125
2026-05-29,AXISBANK / JSWSTEEL,AXISBANK.NS,JSWSTEEL.NS,1.5753,-242.9671,0.0,1.1693574825645814,-483.6663244140624,1286.5999755859375,1278.0
2026-06-01,AXISBANK / JSWSTEEL,AXISBANK.NS,JSWSTEEL.NS,1.5753,-242.9671,0.0,-0.8130293286323182,-528.07773404541,1275.9000244140625,1299.4000244140625
2026-06-02,AXISBANK / JSWSTEEL,AXISBANK.NS,JSWSTEEL.NS,1.5753,-242.9671,1.0,-2.116337046260094,-570.8362413330077,1251.0999755859375,1310.800048828125
2026-06-03,AXISBANK / JSWSTEEL,AXISBANK.NS,JSWSTEEL.NS,1.5753,-242.9671,1.0,-1.6219402836576982,-570.0443572875978,1255.199951171875,1312.9000244140625
2026-06-04,AXISBANK / JSWSTEEL,AXISBANK.NS,JSWSTEEL.NS,1.5753,-242.9671,1.0,-0.9533711803799528,-553.3556427124021,1253.300048828125,1301.0999755859375
2026-06-05,AXISBANK / JSWSTEEL,AXISBANK.NS,JSWSTEEL.NS,1.5753,-242.9671,0.0,0.42391861915432527,-507.41805117187494,1272.300048828125,1284.0
2026-06-08,AXISBANK / JSWSTEEL,AXISBANK.NS,JSWSTEEL.NS,1.5753,-242.9671,0.0,1.3701812386059773,-474.91355749511706,1268.0999755859375,1260.699951171875
2026-06-09,AXISBANK / JSWSTEEL,AXISBANK.NS,JSWSTEEL.NS,1.5753,-242.9671,0.0,1.6275384820225194,-452.18880866699203,1292.4000244140625,1261.699951171875
2026-06-10,AXISBANK / JSWSTEEL,AXISBANK.NS,JSWSTEEL.NS,1.5753,-242.9671,0.0,1.4466026537279466,-442.8489169189453,1314.5,1269.800048828125
2026-06-11,AXISBANK / JSWSTEEL,AXISBANK.NS,JSWSTEEL.NS,1.5753,-242.9671,0.0,0.9119209470998659,-459.74011809082015,1317.300048828125,1282.300048828125
2026-06-12,AXISBANK / JSWSTEEL,AXISBANK.NS,JSWSTEEL.NS,1.5753,-242.9671,0.0,1.0662818635024205,-444.8420927124022,1356.300048828125,1297.5999755859375
2026-06-15,AXISBANK / JSWSTEEL,AXISBANK.NS,JSWSTEEL.NS,1.5753,-242.9671,0.0,1.077455324117532,-431.109301171875,1368.300048828125,1296.5
2026-06-16,AXISBANK / JSWSTEEL,AXISBANK.NS,JSWSTEEL.NS,1.5753,-242.9671,0.0,1.3745011393976263,-398.73781574707016,1365.699951171875,1274.300048828125
2026-06-17,AXISBANK / JSWSTEEL,AXISBANK.NS,JSWSTEEL.NS,1.5753,-242.9671,0.0,0.598466060253588,-433.8589586669922,1350.9000244140625,1287.199951171875
2026-06-18,AXISBANK / JSWSTEEL,AXISBANK.NS,JSWSTEEL.NS,1.5753,-242.9671,0.0,0.4452932108902955,-435.2136328735352,1360.0999755859375,1293.9000244140625
2026-06-19,AXISBANK / JSWSTEEL,AXISBANK.NS,JSWSTEEL.NS,1.5753,-242.9671,0.0,0.6078707633251806,-427.64660866699217,1357.9000244140625,1287.699951171875
2026-06-22,AXISBANK / JSWSTEEL,AXISBANK.NS,JSWSTEEL.NS,1.5753,-242.9671,0.0,0.913862532458719,-418.59768287353506,1358.5999755859375,1282.4000244140625
2026-06-23,AXISBANK / JSWSTEEL,AXISBANK.NS,JSWSTEEL.NS,1.5753,-242.9671,-1.0,2.413827941536623,-350.37055999999995,1363.5,1242.2
2024-06-28,DRREDDY / ULTRACEMCO,DRREDDY.NS,ULTRACEMCO.NS,0.0964,233.1734,0.0,,-79.37528183593744,1264.9097900390625,11526.0546875
2024-07-01,DRREDDY / ULTRACEMCO,DRREDDY.NS,ULTRACEMCO.NS,0.0964,233.1734,0.0,,-111.53236582031249,1255.2979736328125,11759.9267578125
2024-07-02,DRREDDY / ULTRACEMCO,DRREDDY.NS,ULTRACEMCO.NS,0.0964,233.1734,0.0,,-103.4344943359375,1258.5677490234375,11709.8427734375
2024-07-03,DRREDDY / ULTRACEMCO,DRREDDY.NS,ULTRACEMCO.NS,0.0964,233.1734,0.0,,-94.16807109374994,1269.5625,11727.771484375
2024-07-04,DRREDDY / ULTRACEMCO,DRREDDY.NS,ULTRACEMCO.NS,0.0964,233.1734,0.0,,-72.93752128906257,1280.1226806640625,11617.0830078125
2024-07-05,DRREDDY / ULTRACEMCO,DRREDDY.NS,ULTRACEMCO.NS,0.0964,233.1734,0.0,,-58.24999218749994,1288.15380859375,11548.033203125
2024-07-08,DRREDDY / ULTRACEMCO,DRREDDY.NS,ULTRACEMCO.NS,0.0964,233.1734,0.0,,-45.24120976562503,1290.949462890625,11442.087890625
2024-07-09,DRREDDY / ULTRACEMCO,DRREDDY.NS,ULTRACEMCO.NS,0.0964,233.1734,0.0,,-44.84710351562498,1300.571044921875,11537.80859375
2024-07-10,DRREDDY / ULTRACEMCO,DRREDDY.NS,ULTRACEMCO.NS,0.0964,233.1734,0.0,,-38.59307031250009,1302.487548828125,11492.8134765625
2024-07-11,DRREDDY / ULTRACEMCO,DRREDDY.NS,ULTRACEMCO.NS,0.0964,233.1734,0.0,,-30.60682148437499,1302.922119140625,11414.4765625
2024-07-12,DRREDDY / ULTRACEMCO,DRREDDY.NS,ULTRACEMCO.NS,0.0964,233.1734,0.0,,-10.478912109375045,1327.55908203125,11461.2509765625
2024-07-15,DRREDDY / ULTRACEMCO,DRREDDY.NS,ULTRACEMCO.NS,0.0964,233.1734,0.0,,-17.633124609374903,1342.43603515625,11689.7900390625
2024-07-16,DRREDDY / ULTRACEMCO,DRREDDY.NS,ULTRACEMCO.NS,0.0964,233.1734,0.0,,-22.575897265625002,1320.8330078125,11516.9658203125
2024-07-18,DRREDDY / ULTRACEMCO,DRREDDY.NS,ULTRACEMCO.NS,0.0964,233.1734,0.0,,-17.222499023437507,1325.0960693359375,11505.6552734375
2024-07-19,DRREDDY / ULTRACEMCO,DRREDDY.NS,ULTRACEMCO.NS,0.0964,233.1734,0.0,,13.556094921874916,1318.835693359375,11121.43359375
2024-07-22,DRREDDY / ULTRACEMCO,DRREDDY.NS,ULTRACEMCO.NS,0.0964,233.1734,0.0,,15.854476562500082,1345.645751953125,11375.7041015625
2024-07-23,DRREDDY / ULTRACEMCO,DRREDDY.NS,ULTRACEMCO.NS,0.0964,233.1734,0.0,,31.689592968749963,1364.34716796875,11405.4375
2024-07-24,DRREDDY / ULTRACEMCO,DRREDDY.NS,ULTRACEMCO.NS,0.0964,233.1734,0.0,,31.575088476562456,1355.4337158203125,11314.162109375
2024-07-25,DRREDDY / ULTRACEMCO,DRREDDY.NS,ULTRACEMCO.NS,0.0964,233.1734,0.0,,39.27659062500007,1362.001953125,11302.40625
2024-07-26,DRREDDY / ULTRACEMCO,DRREDDY.NS,ULTRACEMCO.NS,0.0964,233.1734,0.0,,22.284580273437456,1367.0599365234375,11531.140625
2024-07-29,DRREDDY / ULTRACEMCO,DRREDDY.NS,ULTRACEMCO.NS,0.0964,233.1734,0.0,,-4.503943164062406,1359.3885498046875,11729.451171875
2024-07-30,DRREDDY / ULTRACEMCO,DRREDDY.NS,ULTRACEMCO.NS,0.0964,233.1734,0.0,,-11.89251191406251,1352.2537841796875,11732.083984375
2024-07-31,DRREDDY / ULTRACEMCO,DRREDDY.NS,ULTRACEMCO.NS,0.0964,233.1734,0.0,-0.05669913071719175,-30.29011816406259,1341.5914306640625,11812.3251953125
2024-08-01,DRREDDY / ULTRACEMCO,DRREDDY.NS,ULTRACEMCO.NS,0.0964,233.1734,0.0,0.2955726256419875,-12.294020703125028,1368.908203125,11909.0126953125
2024-08-02,DRREDDY / ULTRACEMCO,DRREDDY.NS,ULTRACEMCO.NS,0.0964,233.1734,0.0,1.092101005459621,23.924314648437445,1384.0521240234375,11690.3984375
2024-08-05,DRREDDY / ULTRACEMCO,DRREDDY.NS,ULTRACEMCO.NS,0.0964,233.1734,0.0,1.1248354074495854,26.960162304687543,1353.8238525390625,11345.3349609375
2024-08-06,DRREDDY / ULTRACEMCO,DRREDDY.NS,ULTRACEMCO.NS,0.0964,233.1734,0.0,1.3083941329423614,34.84414140625009,1352.899658203125,11253.9638671875
2024-08-07,DRREDDY / ULTRACEMCO,DRREDDY.NS,ULTRACEMCO.NS,0.0964,233.1734,0.0,1.325910014773605,37.61094804687505,1376.539794921875,11470.4921875
2024-08-08,DRREDDY / ULTRACEMCO,DRREDDY.NS,ULTRACEMCO.NS,0.0964,233.1734,-1.0,2.060595416292517,67.30612226562508,1378.914794921875,11187.087890625
2024-08-09,DRREDDY / ULTRACEMCO,DRREDDY.NS,ULTRACEMCO.NS,0.0964,233.1734,-1.0,2.1058478651770436,78.19438867187492,1393.85986328125,11229.1708984375
2024-08-12,DRREDDY / ULTRACEMCO,DRREDDY.NS,ULTRACEMCO.NS,0.0964,233.1734,-1.0,1.2461755453227654,52.72503652343758,1368.6300048828125,11231.6552734375
2024-08-13,DRREDDY / ULTRACEMCO,DRREDDY.NS,ULTRACEMCO.NS,0.0964,233.1734,-1.0,1.5727161965822114,68.0488275390625,1380.9219970703125,11200.205078125
2024-08-14,DRREDDY / ULTRACEMCO,DRREDDY.NS,ULTRACEMCO.NS,0.0964,233.1734,-1.0,1.347341223944488,64.49447656249995,1351.6376953125,10933.296875
2024-08-16,DRREDDY / ULTRACEMCO,DRREDDY.NS,ULTRACEMCO.NS,0.0964,233.1734,-1.0,0.3794022155852811,34.93700917968741,1350.1571044921875,11224.55078125
2024-08-19,DRREDDY / ULTRACEMCO,DRREDDY.NS,ULTRACEMCO.NS,0.0964,233.1734,-1.0,0.9732961948920793,56.45627871093748,1373.5587158203125,11244.0771484375
2024-08-20,DRREDDY / ULTRACEMCO,DRREDDY.NS,ULTRACEMCO.NS,0.0964,233.1734,-1.0,1.1254388862519622,63.89759296875005,1384.29052734375,11278.2109375
2024-08-21,DRREDDY / ULTRACEMCO,DRREDDY.NS,ULTRACEMCO.NS,0.0964,233.1734,-1.0,1.9849921170858982,97.44924863281258,1403.5882568359375,11130.3486328125
2024-08-22,DRREDDY / ULTRACEMCO,DRREDDY.NS,ULTRACEMCO.NS,0.0964,233.1734,-1.0,0.9785825362293882,68.4934912109376,1385.0260009765625,11238.1650390625
2024-08-23,DRREDDY / ULTRACEMCO,DRREDDY.NS,ULTRACEMCO.NS,0.0964,233.1734,-1.0,0.7258222376240238,62.49813945312499,1382.13427734375,11270.3603515625
2024-08-26,DRREDDY / ULTRACEMCO,DRREDDY.NS,ULTRACEMCO.NS,0.0964,233.1734,-1.0,0.6257563298666893,60.72258398437512,1379.908447265625,11265.689453125
2024-08-27,DRREDDY / ULTRACEMCO,DRREDDY.NS,ULTRACEMCO.NS,0.0964,233.1734,-1.0,0.7960269746075125,68.14812402343742,1383.8135986328125,11229.1708984375
2024-08-28,DRREDDY / ULTRACEMCO,DRREDDY.NS,ULTRACEMCO.NS,0.0964,233.1734,-1.0,1.118391153823546,81.65154687500004,1391.037841796875,11164.0341796875
2024-08-29,DRREDDY / ULTRACEMCO,DRREDDY.NS,ULTRACEMCO.NS,0.0964,233.1734,-1.0,0.6908577149261212,69.33344492187499,1377.49365234375,11151.3154296875
2024-08-30,DRREDDY / ULTRACEMCO,DRREDDY.NS,ULTRACEMCO.NS,0.0964,233.1734,-1.0,0.9752720016636929,81.59344218750007,1397.407470703125,11230.7119140625
2024-09-02,DRREDDY / ULTRACEMCO,DRREDDY.NS,ULTRACEMCO.NS,0.0964,233.1734,0.0,-0.46117963679223795,38.17161347656261,1365.7681884765625,11352.9375
2024-09-03,DRREDDY / ULTRACEMCO,DRREDDY.NS,ULTRACEMCO.NS,0.0964,233.1734,0.0,-0.9622745546828273,31.095787695312453,1362.1312255859375,11388.6103515625
2024-09-04,DRREDDY / ULTRACEMCO,DRREDDY.NS,ULTRACEMCO.NS,0.0964,233.1734,1.0,-2.1951642115356162,6.387978710937574,1348.8851318359375,11507.5078125
2024-09-05,DRREDDY / ULTRACEMCO,DRREDDY.NS,ULTRACEMCO.NS,0.0964,233.1734,1.0,-2.466782520119339,-8.165678906250008,1330.71044921875,11469.9453125
2024-09-06,DRREDDY / ULTRACEMCO,DRREDDY.NS,ULTRACEMCO.NS,0.0964,233.1734,1.0,-2.0462887915256687,-3.3315892578123965,1325.0264892578125,11360.8369140625
2024-09-09,DRREDDY / ULTRACEMCO,DRREDDY.NS,ULTRACEMCO.NS,0.0964,233.1734,1.0,-2.0509002877893368,-11.458533203125029,1322.790771484375,11421.94921875
2024-09-10,DRREDDY / ULTRACEMCO,DRREDDY.NS,ULTRACEMCO.NS,0.0964,233.1734,1.0,-1.9585026034420396,-17.025357421874872,1321.697509765625,11468.35546875
2024-09-11,DRREDDY / ULTRACEMCO,DRREDDY.NS,ULTRACEMCO.NS,0.0964,233.1734,1.0,-1.7807299105990575,-19.423032226562412,1314.1654052734375,11415.09375
2024-09-12,DRREDDY / ULTRACEMCO,DRREDDY.NS,ULTRACEMCO.NS,0.0964,233.1734,1.0,-1.7499525655214045,-26.58550546875003,1328.345458984375,11636.4892578125
2024-09-13,DRREDDY / ULTRACEMCO,DRREDDY.NS,ULTRACEMCO.NS,0.0964,233.1734,1.0,-1.6742556407973326,-31.924021484374947,1323.74462890625,11644.1416015625
2024-09-16,DRREDDY / ULTRACEMCO,DRREDDY.NS,ULTRACEMCO.NS,0.0964,233.1734,1.0,-1.4113445536970852,-27.413659375000037,1321.041748046875,11569.3154296875
2024-09-17,DRREDDY / ULTRACEMCO,DRREDDY.NS,ULTRACEMCO.NS,0.0964,233.1734,1.0,-1.350025176712817,-30.771627343750055,1317.97119140625,11572.296875
2024-09-18,DRREDDY / ULTRACEMCO,DRREDDY.NS,ULTRACEMCO.NS,0.0964,233.1734,1.0,-1.4539466441710922,-42.04812382812506,1305.28173828125,11557.6396484375
2024-09-19,DRREDDY / ULTRACEMCO,DRREDDY.NS,ULTRACEMCO.NS,0.0964,233.1734,1.0,-1.5467079563681612,-54.69017070312506,1292.31396484375,11554.2607421875
2024-09-20,DRREDDY / ULTRACEMCO,DRREDDY.NS,ULTRACEMCO.NS,0.0964,233.1734,1.0,-1.5148900649139594,-61.39293164062505,1301.97265625,11723.9853515625
2024-09-23,DRREDDY / ULTRACEMCO,DRREDDY.NS,ULTRACEMCO.NS,0.0964,233.1734,1.0,-1.3193808839840244,-56.549017773437384,1322.5025634765625,11886.703125
2024-09-24,DRREDDY / ULTRACEMCO,DRREDDY.NS,ULTRACEMCO.NS,0.0964,233.1734,1.0,-0.8641769585549864,-38.1671794921875,1321.6876220703125,11687.56640625
2024-09-25,DRREDDY / ULTRACEMCO,DRREDDY.NS,ULTRACEMCO.NS,0.0964,233.1734,1.0,-0.7320074195398104,-35.23381640624993,1329.85595703125,11741.87109375
2024-09-26,DRREDDY / ULTRACEMCO,DRREDDY.NS,ULTRACEMCO.NS,0.0964,233.1734,1.0,-0.9367511073700199,-48.53432031249994,1340.379150390625,11989.0048828125
2024-09-27,DRREDDY / ULTRACEMCO,DRREDDY.NS,ULTRACEMCO.NS,0.0964,233.1734,1.0,-0.6098102847584367,-36.64544414062502,1341.47216796875,11877.0146484375
2024-09-30,DRREDDY / ULTRACEMCO,DRREDDY.NS,ULTRACEMCO.NS,0.0964,233.1734,1.0,-0.18249214059516947,-21.910090820312547,1341.8099365234375,11727.662109375
2024-10-01,DRREDDY / ULTRACEMCO,DRREDDY.NS,ULTRACEMCO.NS,0.0964,233.1734,1.0,-0.20024914237484634,-25.774044726562437,1341.3131103515625,11762.5908203125
2024-10-03,DRREDDY / ULTRACEMCO,DRREDDY.NS,ULTRACEMCO.NS,0.0964,233.1734,0.0,0.23046559519135207,-17.684673828125,1338.64013671875,11650.9482421875
2024-10-04,DRREDDY / ULTRACEMCO,DRREDDY.NS,ULTRACEMCO.NS,0.0964,233.1734,0.0,0.6525217158347042,-11.735653710937498,1318.2891845703125,11378.126953125
2024-10-07,DRREDDY / ULTRACEMCO,DRREDDY.NS,ULTRACEMCO.NS,0.0964,233.1734,0.0,1.690097606930314,4.6886554687499995,1313.648681640625,11159.6123046875
2024-10-08,DRREDDY / ULTRACEMCO,DRREDDY.NS,ULTRACEMCO.NS,0.0964,233.1734,0.0,1.4239090199052664,-1.4137197265625616,1322.8204345703125,11318.0576171875
2024-10-09,DRREDDY / ULTRACEMCO,DRREDDY.NS,ULTRACEMCO.NS,0.0964,233.1734,0.0,1.6335817823433887,4.133285156250082,1324.5693359375,11278.658203125
2024-10-10,DRREDDY / ULTRACEMCO,DRREDDY.NS,ULTRACEMCO.NS,0.0964,233.1734,0.0,0.41323332085200865,-19.767484179687557,1308.3223876953125,11358.0546875
2024-10-11,DRREDDY / ULTRACEMCO,DRREDDY.NS,ULTRACEMCO.NS,0.0964,233.1734,0.0,0.6510066227983262,-15.729549023437443,1311.5220947265625,11349.359375
2024-10-14,DRREDDY / ULTRACEMCO,DRREDDY.NS,ULTRACEMCO.NS,0.0964,233.1734,0.0,1.7701999367472294,7.924803710937482,1323.5855712890625,11229.1220703125
2024-10-15,DRREDDY / ULTRACEMCO,DRREDDY.NS,ULTRACEMCO.NS,0.0964,233.1734,0.0,0.6786467258516253,-12.833932421874891,1313.996337890625,11344.98828125
2024-10-16,DRREDDY / ULTRACEMCO,DRREDDY.NS,ULTRACEMCO.NS,0.0964,233.1734,0.0,1.8775525896860372,15.953235937499954,1333.721435546875,11250.9833984375
2024-10-17,DRREDDY / ULTRACEMCO,DRREDDY.NS,ULTRACEMCO.NS,0.0964,233.1734,-1.0,2.530736116617468,43.808611132812445,1332.3599853515625,10947.904296875
2024-10-18,DRREDDY / ULTRACEMCO,DRREDDY.NS,ULTRACEMCO.NS,0.0964,233.1734,-1.0,2.196909454766811,46.19062949218747,1339.7232666015625,10999.5771484375
2024-10-21,DRREDDY / ULTRACEMCO,DRREDDY.NS,ULTRACEMCO.NS,0.0964,233.1734,-1.0,2.1527001417002203,56.66425156250003,1331.038330078125,10800.8369140625
2024-10-22,DRREDDY / ULTRACEMCO,DRREDDY.NS,ULTRACEMCO.NS,0.0964,233.1734,-1.0,1.8156688731011572,53.937586523437545,1324.0823974609375,10756.96484375
2024-10-23,DRREDDY / ULTRACEMCO,DRREDDY.NS,ULTRACEMCO.NS,0.0964,233.1734,-1.0,1.5436130539816901,50.01300878906241,1313.2510986328125,10685.318359375
2024-10-24,DRREDDY / ULTRACEMCO,DRREDDY.NS,ULTRACEMCO.NS,0.0964,233.1734,-1.0,0.5601923657827117,17.172248437499917,1308.242919921875,10974.0380859375
2024-10-25,DRREDDY / ULTRACEMCO,DRREDDY.NS,ULTRACEMCO.NS,0.0964,233.1734,-1.0,0.22931581963417877,8.294297851562447,1294.7286376953125,10925.943359375
2024-10-28,DRREDDY / ULTRACEMCO,DRREDDY.NS,ULTRACEMCO.NS,0.0964,233.1734,-1.0,0.1461635647647935,7.470218164062459,1303.2347412109375,11022.7294921875
2024-10-29,DRREDDY / ULTRACEMCO,DRREDDY.NS,ULTRACEMCO.NS,0.0964,233.1734,0.0,-1.1249860161771348,-30.965929492187428,1266.6666259765625,11042.107421875
2024-10-30,DRREDDY / ULTRACEMCO,DRREDDY.NS,ULTRACEMCO.NS,0.0964,233.1734,1.0,-2.111962447998858,-64.56812656249994,1241.97314453125,11134.521484375
2024-10-31,DRREDDY / ULTRACEMCO,DRREDDY.NS,ULTRACEMCO.NS,0.0964,233.1734,1.0,-0.9568023385991086,-27.013321093750022,1266.169677734375,10995.9501953125
2024-11-01,DRREDDY / ULTRACEMCO,DRREDDY.NS,ULTRACEMCO.NS,0.0964,233.1734,1.0,-1.5553312548336327,-49.19898847656245,1251.6617431640625,11075.5947265625
2024-11-04,DRREDDY / ULTRACEMCO,DRREDDY.NS,ULTRACEMCO.NS,0.0964,233.1734,1.0,-0.8677307623849689,-26.76438261718758,1260.3070068359375,10932.5517578125
2024-11-05,DRREDDY / ULTRACEMCO,DRREDDY.NS,ULTRACEMCO.NS,0.0964,233.1734,1.0,-1.1977004807858969,-39.60481406249991,1264.182373046875,11105.9521484375
2024-11-06,DRREDDY / ULTRACEMCO,DRREDDY.NS,ULTRACEMCO.NS,0.0964,233.1734,1.0,-0.5816906637672037,-19.285864648437467,1293.8939208984375,11203.3857421875
2024-11-07,DRREDDY / ULTRACEMCO,DRREDDY.NS,ULTRACEMCO.NS,0.0964,233.1734,1.0,-0.3587513827384384,-12.52362343750005,1279.23681640625,10981.193359375
2024-11-08,DRREDDY / ULTRACEMCO,DRREDDY.NS,ULTRACEMCO.NS,0.0964,233.1734,1.0,-0.42620965277230766,-15.486579101562569,1275.5601806640625,10973.7900390625
2024-11-11,DRREDDY / ULTRACEMCO,DRREDDY.NS,ULTRACEMCO.NS,0.0964,233.1734,1.0,-0.08660644730272099,-4.280055078124946,1279.783447265625,10901.349609375
2024-11-12,DRREDDY / ULTRACEMCO,DRREDDY.NS,ULTRACEMCO.NS,0.0964,233.1734,1.0,-0.5647203186328926,-20.61384628906248,1255.9346923828125,10823.3935546875
2024-11-13,DRREDDY / ULTRACEMCO,DRREDDY.NS,ULTRACEMCO.NS,0.0964,233.1734,1.0,-0.7821219258785438,-28.876680468750095,1237.15380859375,10714.28515625
2024-11-14,DRREDDY / ULTRACEMCO,DRREDDY.NS,ULTRACEMCO.NS,0.0964,233.1734,1.0,-1.0696510599271873,-41.91734082031243,1218.9691162109375,10660.923828125
2024-11-18,DRREDDY / ULTRACEMCO,DRREDDY.NS,ULTRACEMCO.NS,0.0964,233.1734,1.0,-1.5731226552587376,-65.50899296875,1186.028076171875,10563.9384765625
2024-11-19,DRREDDY / ULTRACEMCO,DRREDDY.NS,ULTRACEMCO.NS,0.0964,233.1734,1.0,-1.2727607975002384,-59.01609863281246,1205.8026123046875,10701.71484375
2024-11-21,DRREDDY / ULTRACEMCO,DRREDDY.NS,ULTRACEMCO.NS,0.0964,233.1734,1.0,-1.9376347946917576,-94.752463671875,1187.816650390625,10885.84765625
2024-11-22,DRREDDY / ULTRACEMCO,DRREDDY.NS,ULTRACEMCO.NS,0.0964,233.1734,1.0,-2.142347282297101,-116.0489388671875,1206.7962646484375,11303.6494140625
2024-11-25,DRREDDY / ULTRACEMCO,DRREDDY.NS,ULTRACEMCO.NS,0.0964,233.1734,1.0,-2.1662247771958136,-129.03577363281246,1201.6788330078125,11385.2822265625
2024-11-26,DRREDDY / ULTRACEMCO,DRREDDY.NS,ULTRACEMCO.NS,0.0964,233.1734,1.0,-1.3830012608224402,-97.45705722656257,1201.0328369140625,11051.0009765625
2024-11-27,DRREDDY / ULTRACEMCO,DRREDDY.NS,ULTRACEMCO.NS,0.0964,233.1734,1.0,-1.5376396378406405,-107.95759277343754,1192.3380126953125,11069.732421875
2024-11-28,DRREDDY / ULTRACEMCO,DRREDDY.NS,ULTRACEMCO.NS,0.0964,233.1734,1.0,-1.2921887197301085,-102.2453255859376,1184.4381103515625,10928.52734375
2024-11-29,DRREDDY / ULTRACEMCO,DRREDDY.NS,ULTRACEMCO.NS,0.0964,233.1734,1.0,-1.3940398835934529,-111.53585468750006,1194.722900390625,11131.5908203125
2024-12-02,DRREDDY / ULTRACEMCO,DRREDDY.NS,ULTRACEMCO.NS,0.0964,233.1734,1.0,-1.7757084853787446,-134.97024062499995,1214.05029296875,11575.177734375
2024-12-03,DRREDDY / ULTRACEMCO,DRREDDY.NS,ULTRACEMCO.NS,0.0964,233.1734,1.0,-1.8925522648727606,-151.76017499999998,1216.782958984375,11777.6943359375
2024-12-04,DRREDDY / ULTRACEMCO,DRREDDY.NS,ULTRACEMCO.NS,0.0964,233.1734,1.0,-1.6946118888607784,-152.45869414062494,1207.889404296875,11692.68359375
2024-12-05,DRREDDY / ULTRACEMCO,DRREDDY.NS,ULTRACEMCO.NS,0.0964,233.1734,1.0,-1.3805309878616672,-144.21341894531255,1232.0362548828125,11857.6376953125
2024-12-06,DRREDDY / ULTRACEMCO,DRREDDY.NS,ULTRACEMCO.NS,0.0964,233.1734,1.0,-0.8708146457921548,-122.37543496093744,1245.7989501953125,11773.869140625
2024-12-09,DRREDDY / ULTRACEMCO,DRREDDY.NS,ULTRACEMCO.NS,0.0964,233.1734,1.0,-0.7099351313613024,-117.7062466796875,1247.2398681640625,11740.380859375
2024-12-10,DRREDDY / ULTRACEMCO,DRREDDY.NS,ULTRACEMCO.NS,0.0964,233.1734,1.0,-0.7984535239623222,-125.8033263671874,1232.5330810546875,11671.8154296875
2024-12-11,DRREDDY / ULTRACEMCO,DRREDDY.NS,ULTRACEMCO.NS,0.0964,233.1734,1.0,-1.0383632258810962,-142.21947089843738,1230.7445068359375,11823.5537109375
2024-12-12,DRREDDY / ULTRACEMCO,DRREDDY.NS,ULTRACEMCO.NS,0.0964,233.1734,1.0,-0.7510576131960894,-131.4325367187499,1237.55126953125,11782.265625
2024-12-13,DRREDDY / ULTRACEMCO,DRREDDY.NS,ULTRACEMCO.NS,0.0964,233.1734,1.0,-1.1205810574762012,-152.2287439453124,1238.4952392578125,12007.7861328125
2024-12-16,DRREDDY / ULTRACEMCO,DRREDDY.NS,ULTRACEMCO.NS,0.0964,233.1734,1.0,-0.20588540789972878,-115.23230859374993,1261.946533203125,11867.2763671875
2024-12-17,DRREDDY / ULTRACEMCO,DRREDDY.NS,ULTRACEMCO.NS,0.0964,233.1734,1.0,-0.2851801401215189,-121.3416972656249,1239.787109375,11700.7822265625
2024-12-18,DRREDDY / ULTRACEMCO,DRREDDY.NS,ULTRACEMCO.NS,0.0964,233.1734,0.0,0.7327419252238913,-92.71290800781239,1267.3621826171875,11689.8515625
2024-12-19,DRREDDY / ULTRACEMCO,DRREDDY.NS,ULTRACEMCO.NS,0.0964,233.1734,-1.0,2.630401151624043,-33.90612187499991,1317.245849609375,11597.2880859375
2024-12-20,DRREDDY / ULTRACEMCO,DRREDDY.NS,ULTRACEMCO.NS,0.0964,233.1734,-1.0,3.078881901453637,7.786826562500124,1335.18212890625,11350.849609375
2024-12-23,DRREDDY / ULTRACEMCO,DRREDDY.NS,ULTRACEMCO.NS,0.0964,233.1734,-1.0,2.4860981748969797,0.7308220703124846,1332.8966064453125,11400.3359375
2024-12-24,DRREDDY / ULTRACEMCO,DRREDDY.NS,ULTRACEMCO.NS,0.0964,233.1734,-1.0,2.3754389846744655,18.0994794921875,1342.3863525390625,11318.6044921875
2024-12-26,DRREDDY / ULTRACEMCO,DRREDDY.NS,ULTRACEMCO.NS,0.0964,233.1734,-1.0,1.9965475126577379,15.588490624999991,1346.609619140625,11388.4619140625
2024-12-27,DRREDDY / ULTRACEMCO,DRREDDY.NS,ULTRACEMCO.NS,0.0964,233.1734,-1.0,2.2401697839772323,54.854672265625055,1380.693359375,11334.7021484375
2024-12-30,DRREDDY / ULTRACEMCO,DRREDDY.NS,ULTRACEMCO.NS,0.0964,233.1734,-1.0,1.9253147335789618,53.70651660156241,1368.2225341796875,11217.2470703125
2024-12-31,DRREDDY / ULTRACEMCO,DRREDDY.NS,ULTRACEMCO.NS,0.0964,233.1734,-1.0,1.682749770634295,52.01395722656244,1379.7493896484375,11354.3779296875
2025-01-01,DRREDDY / ULTRACEMCO,DRREDDY.NS,ULTRACEMCO.NS,0.0964,233.1734,-1.0,1.2773843272675842,30.658799218750033,1360.372314453125,11374.8974609375
2025-01-02,DRREDDY / ULTRACEMCO,DRREDDY.NS,ULTRACEMCO.NS,0.0964,233.1734,-1.0,0.8556414891936875,3.0762093750001043,1366.38427734375,11723.388671875
2025-01-03,DRREDDY / ULTRACEMCO,DRREDDY.NS,ULTRACEMCO.NS,0.0964,233.1734,-1.0,0.5336521302332756,-18.061957617187403,1344.1253662109375,11711.7626953125
2025-01-06,DRREDDY / ULTRACEMCO,DRREDDY.NS,ULTRACEMCO.NS,0.0964,233.1734,-1.0,0.7741847711918647,6.704487500000056,1341.83984375,11431.140625
2025-01-07,DRREDDY / ULTRACEMCO,DRREDDY.NS,ULTRACEMCO.NS,0.0964,233.1734,-1.0,0.5823229132458242,-3.1144482421874216,1343.0323486328125,11545.3671875
2025-01-08,DRREDDY / ULTRACEMCO,DRREDDY.NS,ULTRACEMCO.NS,0.0964,233.1734,-1.0,1.022519775942654,36.55995820312492,1362.111328125,11331.7216796875
2025-01-09,DRREDDY / ULTRACEMCO,DRREDDY.NS,ULTRACEMCO.NS,0.0964,233.1734,-1.0,1.1188684780483713,51.17479433593749,1362.9559326171875,11188.876953125
2025-01-10,DRREDDY / ULTRACEMCO,DRREDDY.NS,ULTRACEMCO.NS,0.0964,233.1734,-1.0,1.2788630016146965,71.8830560546875,1345.8643798828125,10796.7626953125
2025-01-13,DRREDDY / ULTRACEMCO,DRREDDY.NS,ULTRACEMCO.NS,0.0964,233.1734,-1.0,1.2366594198659688,76.65754160156249,1326.6859130859375,10548.2880859375
2025-01-14,DRREDDY / ULTRACEMCO,DRREDDY.NS,ULTRACEMCO.NS,0.0964,233.1734,-1.0,1.3454200997664119,91.67949453125007,1329.12060546875,10417.71484375
2025-01-15,DRREDDY / ULTRACEMCO,DRREDDY.NS,ULTRACEMCO.NS,0.0964,233.1734,-1.0,1.2103499537317048,87.70096679687506,1328.772705078125,10455.376953125
2025-01-16,DRREDDY / ULTRACEMCO,DRREDDY.NS,ULTRACEMCO.NS,0.0964,233.1734,-1.0,0.4858294648974801,42.49502539062499,1294.539794921875,10569.205078125
2025-01-17,DRREDDY / ULTRACEMCO,DRREDDY.NS,ULTRACEMCO.NS,0.0964,233.1734,-1.0,0.634954703792326,54.48670546874999,1301.14794921875,10513.359375
2025-01-20,DRREDDY / ULTRACEMCO,DRREDDY.NS,ULTRACEMCO.NS,0.0964,233.1734,-1.0,0.3513351313809139,43.22310976562497,1294.142333984375,10557.529296875
2025-01-21,DRREDDY / ULTRACEMCO,DRREDDY.NS,ULTRACEMCO.NS,0.0964,233.1734,0.0,-0.25460840256902945,24.960093164062556,1280.0318603515625,10600.60546875
2025-01-22,DRREDDY / ULTRACEMCO,DRREDDY.NS,ULTRACEMCO.NS,0.0964,233.1734,0.0,-0.19106100732778544,30.52316601562498,1288.080810546875,10626.392578125
2025-01-23,DRREDDY / ULTRACEMCO,DRREDDY.NS,ULTRACEMCO.NS,0.0964,233.1734,1.0,-2.3461998134688407,-45.93937480468739,1281.2740478515625,11348.962890625
2025-01-24,DRREDDY / ULTRACEMCO,DRREDDY.NS,ULTRACEMCO.NS,0.0964,233.1734,1.0,-2.9381407445630114,-97.59293007812502,1216.68359375,11214.7626953125
2025-01-27,DRREDDY / ULTRACEMCO,DRREDDY.NS,ULTRACEMCO.NS,0.0964,233.1734,1.0,-2.6877635050470445,-119.73439667968759,1190.1021728515625,11168.705078125
2025-01-28,DRREDDY / ULTRACEMCO,DRREDDY.NS,ULTRACEMCO.NS,0.0964,233.1734,1.0,-2.4924780307464816,-141.47678027343758,1173.8055419921875,11225.1962890625
2025-01-29,DRREDDY / ULTRACEMCO,DRREDDY.NS,ULTRACEMCO.NS,0.0964,233.1734,1.0,-2.3528672440782903,-165.33095546874992,1173.755859375,11472.130859375
2025-01-30,DRREDDY / ULTRACEMCO,DRREDDY.NS,ULTRACEMCO.NS,0.0964,233.1734,1.0,-1.824028762589291,-145.8451916015625,1186.9720458984375,11407.09375
2025-01-31,DRREDDY / ULTRACEMCO,DRREDDY.NS,ULTRACEMCO.NS,0.0964,233.1734,1.0,-1.3966886663803333,-123.91045898437491,1209.677978515625,11415.09375
2025-02-01,DRREDDY / ULTRACEMCO,DRREDDY.NS,ULTRACEMCO.NS,0.0964,233.1734,1.0,-1.170513039443882,-114.36271015625002,1197.356201171875,11188.2314453125
2025-02-03,DRREDDY / ULTRACEMCO,DRREDDY.NS,ULTRACEMCO.NS,0.0964,233.1734,1.0,-1.0069093057249332,-107.36135644531245,1196.2630615234375,11104.263671875
2025-02-04,DRREDDY / ULTRACEMCO,DRREDDY.NS,ULTRACEMCO.NS,0.0964,233.1734,1.0,-1.115438348722678,-124.36344082031255,1212.2615966796875,11446.59375
2025-02-05,DRREDDY / ULTRACEMCO,DRREDDY.NS,ULTRACEMCO.NS,0.0964,233.1734,1.0,-1.0161676338221528,-123.18620957031257,1219.8138427734375,11512.724609375
2025-02-06,DRREDDY / ULTRACEMCO,DRREDDY.NS,ULTRACEMCO.NS,0.0964,233.1734,1.0,-0.746854847577905,-103.7644148437499,1228.8564453125,11405.056640625
2025-02-07,DRREDDY / ULTRACEMCO,DRREDDY.NS,ULTRACEMCO.NS,0.0964,233.1734,1.0,-0.8033018385384889,-115.67626640624994,1232.582763671875,11567.2783203125
2025-02-10,DRREDDY / ULTRACEMCO,DRREDDY.NS,ULTRACEMCO.NS,0.0964,233.1734,1.0,-0.8241109199621798,-124.62939003906249,1213.2552490234375,11459.66015625
2025-02-11,DRREDDY / ULTRACEMCO,DRREDDY.NS,ULTRACEMCO.NS,0.0964,233.1734,1.0,-0.6354114781057106,-113.47550605468754,1202.1756591796875,11229.0224609375
2025-02-12,DRREDDY / ULTRACEMCO,DRREDDY.NS,ULTRACEMCO.NS,0.0964,233.1734,1.0,-0.6926234222503964,-124.54350468750008,1208.1875,11406.19921875
2025-02-13,DRREDDY / ULTRACEMCO,DRREDDY.NS,ULTRACEMCO.NS,0.0964,233.1734,1.0,-0.6159605809152965,-123.35149804687498,1215.888671875,11473.7216796875
2025-02-14,DRREDDY / ULTRACEMCO,DRREDDY.NS,ULTRACEMCO.NS,0.0964,233.1734,1.0,-0.546344919565431,-122.6631103515625,1189.5059814453125,11192.9013671875
2025-02-17,DRREDDY / ULTRACEMCO,DRREDDY.NS,ULTRACEMCO.NS,0.0964,233.1734,1.0,-0.76643807415747,-142.4482255859376,1191.3939208984375,11417.7255859375
2025-02-18,DRREDDY / ULTRACEMCO,DRREDDY.NS,ULTRACEMCO.NS,0.0964,233.1734,1.0,-0.460538804113815,-126.63083242187494,1189.853759765625,11237.66796875
2025-02-19,DRREDDY / ULTRACEMCO,DRREDDY.NS,ULTRACEMCO.NS,0.0964,233.1734,1.0,-0.9681011554843804,-156.3199759765624,1158.5025634765625,11220.4267578125
2025-02-20,DRREDDY / ULTRACEMCO,DRREDDY.NS,ULTRACEMCO.NS,0.0964,233.1734,1.0,-0.8578816506356127,-150.8737537109374,1163.5704345703125,11216.501953125
2025-02-21,DRREDDY / ULTRACEMCO,DRREDDY.NS,ULTRACEMCO.NS,0.0964,233.1734,1.0,-1.3168786359439215,-157.41630429687493,1144.541259765625,11086.97265625
2025-02-24,DRREDDY / ULTRACEMCO,DRREDDY.NS,ULTRACEMCO.NS,0.0964,233.1734,1.0,-0.2875128732290434,-133.7689162109376,1157.2108154296875,10973.0947265625
2025-02-25,DRREDDY / ULTRACEMCO,DRREDDY.NS,ULTRACEMCO.NS,0.0964,233.1734,1.0,-1.7363703056150344,-162.41977773437506,1121.040283203125,10895.08984375
2025-02-27,DRREDDY / ULTRACEMCO,DRREDDY.NS,ULTRACEMCO.NS,0.0964,233.1734,0.0,0.8760618105629886,-115.52637832031243,1118.4566650390625,10381.8427734375
2025-02-28,DRREDDY / ULTRACEMCO,DRREDDY.NS,ULTRACEMCO.NS,0.0964,233.1734,0.0,1.8154829937311607,-93.94235703125,1109.463623046875,10064.6533203125
2025-03-03,DRREDDY / ULTRACEMCO,DRREDDY.NS,ULTRACEMCO.NS,0.0964,233.1734,0.0,0.8655883478775594,-111.20344238281243,1112.5440673828125,10275.6650390625
2025-03-04,DRREDDY / ULTRACEMCO,DRREDDY.NS,ULTRACEMCO.NS,0.0964,233.1734,0.0,0.6734486326905357,-113.46352011718747,1113.0906982421875,10304.7802734375
2025-03-05,DRREDDY / ULTRACEMCO,DRREDDY.NS,ULTRACEMCO.NS,0.0964,233.1734,0.0,0.49442117996799356,-116.26710195312498,1119.30126953125,10398.2880859375
2025-03-06,DRREDDY / ULTRACEMCO,DRREDDY.NS,ULTRACEMCO.NS,0.0964,233.1734,0.0,1.0567918730716281,-105.46016308593752,1132.9149169921875,10427.4033203125
2025-03-07,DRREDDY / ULTRACEMCO,DRREDDY.NS,ULTRACEMCO.NS,0.0964,233.1734,0.0,0.25354118377633805,-120.78310292968749,1126.1080322265625,10515.744140625
2025-03-10,DRREDDY / ULTRACEMCO,DRREDDY.NS,ULTRACEMCO.NS,0.0964,233.1734,0.0,-0.12995875903121523,-127.78292558593748,1113.1402587890625,10453.8359375
2025-03-11,DRREDDY / ULTRACEMCO,DRREDDY.NS,ULTRACEMCO.NS,0.0964,233.1734,0.0,0.10699017655689873,-123.56565839843753,1109.6126708984375,10373.4951171875
2025-03-12,DRREDDY / ULTRACEMCO,DRREDDY.NS,ULTRACEMCO.NS,0.0964,233.1734,0.0,-0.8880048298102986,-142.76681074218752,1098.1851806640625,10454.134765625
2025-03-13,DRREDDY / ULTRACEMCO,DRREDDY.NS,ULTRACEMCO.NS,0.0964,233.1734,0.0,-0.31548681200932654,-133.44181074218747,1100.9674072265625,10386.263671875
2025-03-17,DRREDDY / ULTRACEMCO,DRREDDY.NS,ULTRACEMCO.NS,0.0964,233.1734,0.0,1.460360580492472,-100.06160585937502,1143.447998046875,10480.666015625
2025-03-18,DRREDDY / ULTRACEMCO,DRREDDY.NS,ULTRACEMCO.NS,0.0964,233.1734,0.0,1.3800015420845817,-100.06160585937502,1143.447998046875,10480.666015625
2025-03-19,DRREDDY / ULTRACEMCO,DRREDDY.NS,ULTRACEMCO.NS,0.0964,233.1734,0.0,0.5292675580452852,-115.78686249999996,1164.713134765625,10864.3837890625
2025-03-20,DRREDDY / ULTRACEMCO,DRREDDY.NS,ULTRACEMCO.NS,0.0964,233.1734,0.0,1.1531191316586715,-102.20933984374992,1179.718017578125,10879.1904296875
2025-03-21,DRREDDY / ULTRACEMCO,DRREDDY.NS,ULTRACEMCO.NS,0.0964,233.1734,0.0,1.5098733706240974,-92.08051796875006,1192.58642578125,10907.609375
2025-03-24,DRREDDY / ULTRACEMCO,DRREDDY.NS,ULTRACEMCO.NS,0.0964,233.1734,0.0,1.4859705022110927,-89.12626972656253,1202.6724853515625,10981.5908203125
2025-03-25,DRREDDY / ULTRACEMCO,DRREDDY.NS,ULTRACEMCO.NS,0.0964,233.1734,0.0,-1.4899291484616402,-156.7654509765624,1170.4766845703125,11349.2607421875
2025-03-26,DRREDDY / ULTRACEMCO,DRREDDY.NS,ULTRACEMCO.NS,0.0964,233.1734,0.0,-1.890045154124209,-168.15192031249998,1157.260498046875,11330.2802734375
2025-03-27,DRREDDY / ULTRACEMCO,DRREDDY.NS,ULTRACEMCO.NS,0.0964,233.1734,1.0,-2.3940569674917245,-189.45587285156248,1154.8756103515625,11526.5361328125
2025-03-28,DRREDDY / ULTRACEMCO,DRREDDY.NS,ULTRACEMCO.NS,0.0964,233.1734,1.0,-2.370087344335271,-198.7163640625,1136.989013671875,11437.0537109375
2025-04-01,DRREDDY / ULTRACEMCO,DRREDDY.NS,ULTRACEMCO.NS,0.0964,233.1734,1.0,-1.540005951854357,-178.2275302734375,1144.9385986328125,11306.978515625
2025-04-02,DRREDDY / ULTRACEMCO,DRREDDY.NS,ULTRACEMCO.NS,0.0964,233.1734,1.0,-1.209523211869724,-168.18096054687507,1142.75244140625,11180.0830078125
2025-04-03,DRREDDY / ULTRACEMCO,DRREDDY.NS,ULTRACEMCO.NS,0.0964,233.1734,1.0,-1.9145005351262254,-200.8086875,1144.193359375,11533.4921875
2025-04-04,DRREDDY / ULTRACEMCO,DRREDDY.NS,ULTRACEMCO.NS,0.0964,233.1734,1.0,-2.319728776873725,-231.70643007812495,1102.954833984375,11426.22265625
2025-04-07,DRREDDY / ULTRACEMCO,DRREDDY.NS,ULTRACEMCO.NS,0.0964,233.1734,1.0,-1.8587453165365635,-224.2041160156251,1081.0439453125,11121.1064453125
2025-04-08,DRREDDY / ULTRACEMCO,DRREDDY.NS,ULTRACEMCO.NS,0.0964,233.1734,1.0,-1.4193582648524177,-211.83393300781253,1100.9674072265625,11199.4599609375
2025-04-09,DRREDDY / ULTRACEMCO,DRREDDY.NS,ULTRACEMCO.NS,0.0964,233.1734,1.0,-1.7542938348958381,-237.77357246093752,1087.1551513671875,11325.2626953125
2025-04-11,DRREDDY / ULTRACEMCO,DRREDDY.NS,ULTRACEMCO.NS,0.0964,233.1734,1.0,-1.4837795900349549,-232.53672597656245,1102.5076904296875,11430.197265625
2025-04-15,DRREDDY / ULTRACEMCO,DRREDDY.NS,ULTRACEMCO.NS,0.0964,233.1734,1.0,-0.9128221985405406,-208.14761054687492,1147.62158203125,11645.1845703125
2025-04-16,DRREDDY / ULTRACEMCO,DRREDDY.NS,ULTRACEMCO.NS,0.0964,233.1734,1.0,-0.790454091137783,-205.53172304687504,1151.099609375,11654.1279296875
2025-04-17,DRREDDY / ULTRACEMCO,DRREDDY.NS,ULTRACEMCO.NS,0.0964,233.1734,1.0,-0.9323108308111326,-216.93674785156244,1156.2667236328125,11826.0380859375
2025-04-21,DRREDDY / ULTRACEMCO,DRREDDY.NS,ULTRACEMCO.NS,0.0964,233.1734,1.0,-0.6665337322376169,-206.38476113281249,1169.9798583984375,11858.830078125
2025-04-22,DRREDDY / ULTRACEMCO,DRREDDY.NS,ULTRACEMCO.NS,0.0964,233.1734,1.0,-0.6959304592283714,-211.16449218750003,1167.594970703125,11883.6728515625
2025-04-23,DRREDDY / ULTRACEMCO,DRREDDY.NS,ULTRACEMCO.NS,0.0964,233.1734,1.0,-0.39642298024335804,-199.27594726562492,1178.525634765625,11873.736328125
2025-04-24,DRREDDY / ULTRACEMCO,DRREDDY.NS,ULTRACEMCO.NS,0.0964,233.1734,1.0,-0.44896186564161783,-204.9838173828126,1192.9342041015625,12082.4130859375
2025-04-25,DRREDDY / ULTRACEMCO,DRREDDY.NS,ULTRACEMCO.NS,0.0964,233.1734,1.0,-1.0967011326257086,-237.9936285156251,1167.396240234375,12159.921875
2025-04-28,DRREDDY / ULTRACEMCO,DRREDDY.NS,ULTRACEMCO.NS,0.0964,233.1734,1.0,-0.20382013615398567,-202.4618144531249,1191.1455078125,12037.6962890625
2025-04-29,DRREDDY / ULTRACEMCO,DRREDDY.NS,ULTRACEMCO.NS,0.0964,233.1734,1.0,-0.07222954733640419,-201.54953554687503,1168.588623046875,11794.240234375
2025-04-30,DRREDDY / ULTRACEMCO,DRREDDY.NS,ULTRACEMCO.NS,0.0964,233.1734,0.0,1.363505367654805,-171.8585025390624,1176.4388427734375,11567.67578125
2025-05-02,DRREDDY / ULTRACEMCO,DRREDDY.NS,ULTRACEMCO.NS,0.0964,233.1734,0.0,1.3375684057027812,-175.1385001953125,1170.4766845703125,11539.8525390625
2025-05-05,DRREDDY / ULTRACEMCO,DRREDDY.NS,ULTRACEMCO.NS,0.0964,233.1734,0.0,0.8559341724850439,-187.15700605468746,1163.9183349609375,11596.4931640625
2025-05-06,DRREDDY / ULTRACEMCO,DRREDDY.NS,ULTRACEMCO.NS,0.0964,233.1734,0.0,0.23617585216747963,-200.1915720703124,1153.0870361328125,11619.3486328125
2025-05-07,DRREDDY / ULTRACEMCO,DRREDDY.NS,ULTRACEMCO.NS,0.0964,233.1734,0.0,0.41370806369026186,-196.54078007812504,1153.385009765625,11584.568359375
2025-05-08,DRREDDY / ULTRACEMCO,DRREDDY.NS,ULTRACEMCO.NS,0.0964,233.1734,0.0,-0.027903379176193753,-206.57432773437503,1140.76513671875,11557.7392578125
2025-05-09,DRREDDY / ULTRACEMCO,DRREDDY.NS,ULTRACEMCO.NS,0.0964,233.1734,0.0,1.7703537713159099,-173.1474181640625,1148.6153564453125,11292.4208984375
2025-05-12,DRREDDY / ULTRACEMCO,DRREDDY.NS,ULTRACEMCO.NS,0.0964,233.1734,0.0,1.7593321372135706,-169.33257363281254,1188.0650634765625,11662.0771484375
2025-05-13,DRREDDY / ULTRACEMCO,DRREDDY.NS,ULTRACEMCO.NS,0.0964,233.1734,-1.0,2.2737579504276035,-150.72052539062506,1199.49267578125,11587.5498046875
2025-05-14,DRREDDY / ULTRACEMCO,DRREDDY.NS,ULTRACEMCO.NS,0.0964,233.1734,-1.0,2.329395555085804,-138.95551582031257,1212.3114013671875,11598.48046875
2025-05-15,DRREDDY / ULTRACEMCO,DRREDDY.NS,ULTRACEMCO.NS,0.0964,233.1734,-1.0,1.853735507303922,-144.02424082031243,1228.5086669921875,11819.08203125
2025-05-16,DRREDDY / ULTRACEMCO,DRREDDY.NS,ULTRACEMCO.NS,0.0964,233.1734,-1.0,1.4841107744211428,-150.64277617187494,1222.94384765625,11830.0126953125
2025-05-19,DRREDDY / ULTRACEMCO,DRREDDY.NS,ULTRACEMCO.NS,0.0964,233.1734,-1.0,0.8971105219173905,-164.56809921875,1211.317626953125,11853.8623046875
2025-05-20,DRREDDY / ULTRACEMCO,DRREDDY.NS,ULTRACEMCO.NS,0.0964,233.1734,-1.0,1.720102681521382,-137.1768972656249,1216.48486328125,11623.3232421875
2025-05-21,DRREDDY / ULTRACEMCO,DRREDDY.NS,ULTRACEMCO.NS,0.0964,233.1734,-1.0,1.639769862904771,-133.71049921874996,1216.981689453125,11592.5185546875
2025-05-22,DRREDDY / ULTRACEMCO,DRREDDY.NS,ULTRACEMCO.NS,0.0964,233.1734,-1.0,1.375331235786764,-137.5358794921875,1214.4974365234375,11606.4306640625
2025-05-23,DRREDDY / ULTRACEMCO,DRREDDY.NS,ULTRACEMCO.NS,0.0964,233.1734,-1.0,1.2975551388043822,-136.00795585937507,1222.34765625,11672.0146484375
2025-05-26,DRREDDY / ULTRACEMCO,DRREDDY.NS,ULTRACEMCO.NS,0.0964,233.1734,-1.0,1.6446045118525965,-119.81574394531239,1233.0797119140625,11615.3740234375
2025-05-27,DRREDDY / ULTRACEMCO,DRREDDY.NS,ULTRACEMCO.NS,0.0964,233.1734,-1.0,2.1512060344102335,-91.85781855468744,1235.3651123046875,11349.0615234375
2025-05-28,DRREDDY / ULTRACEMCO,DRREDDY.NS,ULTRACEMCO.NS,0.0964,233.1734,-1.0,2.2293610277322933,-74.92389589843751,1234.7689208984375,11167.2138671875
2025-05-29,DRREDDY / ULTRACEMCO,DRREDDY.NS,ULTRACEMCO.NS,0.0964,233.1734,-1.0,2.086978022435142,-72.32886464843759,1240.3336181640625,11198.01953125
2025-05-30,DRREDDY / ULTRACEMCO,DRREDDY.NS,ULTRACEMCO.NS,0.0964,233.1734,-1.0,2.0114790017924187,-63.69595898437487,1243.314697265625,11139.390625
2025-06-02,DRREDDY / ULTRACEMCO,DRREDDY.NS,ULTRACEMCO.NS,0.0964,233.1734,-1.0,1.7535597557171065,-65.73711796875008,1239.836669921875,11124.4853515625
2025-06-03,DRREDDY / ULTRACEMCO,DRREDDY.NS,ULTRACEMCO.NS,0.0964,233.1734,-1.0,1.8498228967834205,-49.81395761718758,1240.4329833984375,10965.4931640625
2025-06-04,DRREDDY / ULTRACEMCO,DRREDDY.NS,ULTRACEMCO.NS,0.0964,233.1734,-1.0,1.7080990415945076,-46.04498886718747,1244.0103759765625,10963.505859375
2025-06-05,DRREDDY / ULTRACEMCO,DRREDDY.NS,ULTRACEMCO.NS,0.0964,233.1734,-1.0,1.9538736422088692,-19.658797851562525,1282.4664306640625,11088.7119140625
2025-06-06,DRREDDY / ULTRACEMCO,DRREDDY.NS,ULTRACEMCO.NS,0.0964,233.1734,-1.0,2.057506657424932,1.4456601562500566,1312.575439453125,11182.1201171875
2025-06-09,DRREDDY / ULTRACEMCO,DRREDDY.NS,ULTRACEMCO.NS,0.0964,233.1734,-1.0,1.8051877510664212,-1.013599804687459,1310.7867431640625,11189.076171875
2025-06-10,DRREDDY / ULTRACEMCO,DRREDDY.NS,ULTRACEMCO.NS,0.0964,233.1734,-1.0,1.8955591725252703,15.950488476562583,1340.2996826171875,11319.2509765625
2025-06-11,DRREDDY / ULTRACEMCO,DRREDDY.NS,ULTRACEMCO.NS,0.0964,233.1734,-1.0,1.6365097779525102,11.243029101562485,1342.5850830078125,11391.791015625
2025-06-12,DRREDDY / ULTRACEMCO,DRREDDY.NS,ULTRACEMCO.NS,0.0964,233.1734,-1.0,1.8212487958647767,36.276710742187475,1354.1119384765625,11251.6787109375
2025-06-13,DRREDDY / ULTRACEMCO,DRREDDY.NS,ULTRACEMCO.NS,0.0964,233.1734,-1.0,1.7472667187788256,45.5615464843751,1353.913330078125,11153.302734375
2025-06-16,DRREDDY / ULTRACEMCO,DRREDDY.NS,ULTRACEMCO.NS,0.0964,233.1734,-1.0,1.0312852887181425,4.000630078125056,1338.312255859375,11422.595703125
2025-06-17,DRREDDY / ULTRACEMCO,DRREDDY.NS,ULTRACEMCO.NS,0.0964,233.1734,-1.0,0.7061377072281521,-13.094025781249996,1310.48876953125,11311.30078125
2025-06-18,DRREDDY / ULTRACEMCO,DRREDDY.NS,ULTRACEMCO.NS,0.0964,233.1734,-1.0,0.5241201616789478,-20.76262499999993,1305.0234375,11334.15625
2025-06-19,DRREDDY / ULTRACEMCO,DRREDDY.NS,ULTRACEMCO.NS,0.0964,233.1734,-1.0,0.6417924686797595,-9.38451406249996,1317.74267578125,11348.068359375
2025-06-20,DRREDDY / ULTRACEMCO,DRREDDY.NS,ULTRACEMCO.NS,0.0964,233.1734,-1.0,0.5004972140697286,-13.81947734374998,1316.94775390625,11385.828125
2025-06-23,DRREDDY / ULTRACEMCO,DRREDDY.NS,ULTRACEMCO.NS,0.0964,233.1734,-1.0,0.3148707247398586,-20.310825195312503,1309.5943603515625,11376.8857421875
2025-06-24,DRREDDY / ULTRACEMCO,DRREDDY.NS,ULTRACEMCO.NS,0.0964,233.1734,-1.0,0.3773565028735649,-13.486009179687557,1328.8721923828125,11506.06640625
2025-06-25,DRREDDY / ULTRACEMCO,DRREDDY.NS,ULTRACEMCO.NS,0.0964,233.1734,-1.0,0.05734700666431274,-23.965300390624947,1333.14501953125,11659.0966796875
2025-06-26,DRREDDY / ULTRACEMCO,DRREDDY.NS,ULTRACEMCO.NS,0.0964,233.1734,0.0,-1.1163067640712812,-64.82152734375003,1313.171630859375,11875.7236328125
2025-06-27,DRREDDY / ULTRACEMCO,DRREDDY.NS,ULTRACEMCO.NS,0.0964,233.1734,1.0,-2.23105198703338,-110.28995722656245,1292.8009033203125,12136.0732421875
2025-06-30,DRREDDY / ULTRACEMCO,DRREDDY.NS,ULTRACEMCO.NS,0.0964,233.1734,1.0,-2.157350598680806,-116.3832009765625,1275.2125244140625,12016.8291015625
2025-07-01,DRREDDY / ULTRACEMCO,DRREDDY.NS,ULTRACEMCO.NS,0.0964,233.1734,1.0,-2.2571223421698168,-134.05003124999993,1268.75341796875,12133.091796875
2025-07-02,DRREDDY / ULTRACEMCO,DRREDDY.NS,ULTRACEMCO.NS,0.0964,233.1734,1.0,-2.387944689792079,-161.66133242187502,1262.791259765625,12357.66796875
2025-07-03,DRREDDY / ULTRACEMCO,DRREDDY.NS,ULTRACEMCO.NS,0.0964,233.1734,1.0,-1.7544402699652877,-137.6505634765625,1283.1619873046875,12319.908203125
2025-07-04,DRREDDY / ULTRACEMCO,DRREDDY.NS,ULTRACEMCO.NS,0.0964,233.1734,1.0,-1.507592875960927,-131.99761230468752,1299.1605224609375,12427.2275390625
2025-07-07,DRREDDY / ULTRACEMCO,DRREDDY.NS,ULTRACEMCO.NS,0.0964,233.1734,1.0,-1.120885689346227,-113.49448593749989,1302.240966796875,12267.2412109375
2025-07-08,DRREDDY / ULTRACEMCO,DRREDDY.NS,ULTRACEMCO.NS,0.0964,233.1734,1.0,-1.5202268889274744,-149.60538144531242,1275.7093505859375,12366.611328125
2025-07-09,DRREDDY / ULTRACEMCO,DRREDDY.NS,ULTRACEMCO.NS,0.0964,233.1734,1.0,-1.6868929120493459,-175.1225255859375,1261.4000244140625,12482.875
2025-07-10,DRREDDY / ULTRACEMCO,DRREDDY.NS,ULTRACEMCO.NS,0.0964,233.1734,1.0,-1.447767239294415,-169.5160400390624,1262.5999755859375,12437.1640625
2025-07-11,DRREDDY / ULTRACEMCO,DRREDDY.NS,ULTRACEMCO.NS,0.0964,233.1734,1.0,-1.3880149126233696,-175.404467578125,1254.699951171875,12416.296875
2025-07-14,DRREDDY / ULTRACEMCO,DRREDDY.NS,ULTRACEMCO.NS,0.0964,233.1734,1.0,-1.338884756243959,-181.5160400390624,1250.5999755859375,12437.1640625
2025-07-15,DRREDDY / ULTRACEMCO,DRREDDY.NS,ULTRACEMCO.NS,0.0964,233.1734,1.0,-1.0992084145089869,-169.87495800781252,1260.9000244140625,12423.2529296875
2025-07-16,DRREDDY / ULTRACEMCO,DRREDDY.NS,ULTRACEMCO.NS,0.0964,233.1734,1.0,-0.9911618388501243,-166.68110644531257,1259.4000244140625,12374.5615234375
2025-07-17,DRREDDY / ULTRACEMCO,DRREDDY.NS,ULTRACEMCO.NS,0.0964,233.1734,1.0,-0.9197768795790562,-167.0044431640625,1263.0999755859375,12416.296875
2025-07-18,DRREDDY / ULTRACEMCO,DRREDDY.NS,ULTRACEMCO.NS,0.0964,233.1734,1.0,-0.9296206328530117,-172.89183007812503,1257.5,12419.2783203125
2025-07-21,DRREDDY / ULTRACEMCO,DRREDDY.NS,ULTRACEMCO.NS,0.0964,233.1734,1.0,-0.9402460955020326,-178.65936953125,1259.300048828125,12497.7802734375
2025-07-22,DRREDDY / ULTRACEMCO,DRREDDY.NS,ULTRACEMCO.NS,0.0964,233.1734,1.0,-0.9890545454320546,-185.98529570312493,1240.0,12373.5673828125
2025-07-23,DRREDDY / ULTRACEMCO,DRREDDY.NS,ULTRACEMCO.NS,0.0964,233.1734,1.0,-0.6739107083063917,-170.92184785156255,1247.4000244140625,12294.0712890625
2025-07-24,DRREDDY / ULTRACEMCO,DRREDDY.NS,ULTRACEMCO.NS,0.0964,233.1734,1.0,-0.1334165870257681,-146.30800000000008,1265.5,12226.5
2025-07-25,DRREDDY / ULTRACEMCO,DRREDDY.NS,ULTRACEMCO.NS,0.0964,233.1734,0.0,0.2286359340319278,-136.17337558593758,1277.9000244140625,12250.0
2025-07-28,DRREDDY / ULTRACEMCO,DRREDDY.NS,ULTRACEMCO.NS,0.0964,233.1734,0.0,0.8008291286280463,-125.70937558593741,1287.4000244140625,12240.0
2025-07-29,DRREDDY / ULTRACEMCO,DRREDDY.NS,ULTRACEMCO.NS,0.0964,233.1734,0.0,1.6039842187033297,-111.47775117187493,1299.800048828125,12221.0
2025-07-30,DRREDDY / ULTRACEMCO,DRREDDY.NS,ULTRACEMCO.NS,0.0964,233.1734,0.0,1.1799237775868532,-123.70862441406243,1292.0999755859375,12268.0
2025-07-31,DRREDDY / ULTRACEMCO,DRREDDY.NS,ULTRACEMCO.NS,0.0964,233.1734,0.0,0.4245907877433428,-143.67695117187495,1270.300048828125,12249.0
2025-08-01,DRREDDY / ULTRACEMCO,DRREDDY.NS,ULTRACEMCO.NS,0.0964,233.1734,0.0,-1.0680192073656827,-180.26662441406242,1220.5999755859375,12113.0
2025-08-04,DRREDDY / ULTRACEMCO,DRREDDY.NS,ULTRACEMCO.NS,0.0964,233.1734,0.0,-1.3616504302288308,-189.74820000000008,1225.0,12257.0
2025-08-05,DRREDDY / ULTRACEMCO,DRREDDY.NS,ULTRACEMCO.NS,0.0964,233.1734,0.0,-1.717985282334097,-203.90055117187498,1214.800048828125,12298.0
2025-08-06,DRREDDY / ULTRACEMCO,DRREDDY.NS,ULTRACEMCO.NS,0.0964,233.1734,0.0,-1.8845903962547303,-215.0598488281249,1196.699951171875,12226.0
2025-08-07,DRREDDY / ULTRACEMCO,DRREDDY.NS,ULTRACEMCO.NS,0.0964,233.1734,0.0,-1.748694065308543,-215.4905511718749,1200.800048828125,12273.0
2025-08-08,DRREDDY / ULTRACEMCO,DRREDDY.NS,ULTRACEMCO.NS,0.0964,233.1734,0.0,-0.8761496050897594,-193.70817558593748,1211.4000244140625,12157.0
2025-08-11,DRREDDY / ULTRACEMCO,DRREDDY.NS,ULTRACEMCO.NS,0.0964,233.1734,0.0,-1.3353383741769385,-209.51540000000008,1219.5,12405.0
2025-08-12,DRREDDY / ULTRACEMCO,DRREDDY.NS,ULTRACEMCO.NS,0.0964,233.1734,0.0,-1.3296364749032994,-212.95695117187492,1220.300048828125,12449.0
2025-08-13,DRREDDY / ULTRACEMCO,DRREDDY.NS,ULTRACEMCO.NS,0.0964,233.1734,0.0,-0.07766941044639808,-175.22977558593752,1253.4000244140625,12401.0
2025-08-14,DRREDDY / ULTRACEMCO,DRREDDY.NS,ULTRACEMCO.NS,0.0964,233.1734,0.0,0.39192175384799743,-160.13217558593746,1260.4000244140625,12317.0
2025-08-18,DRREDDY / ULTRACEMCO,DRREDDY.NS,ULTRACEMCO.NS,0.0964,233.1734,0.0,-0.9002761381108411,-201.01944882812504,1262.699951171875,12765.0
2025-08-19,DRREDDY / ULTRACEMCO,DRREDDY.NS,ULTRACEMCO.NS,0.0964,233.1734,0.0,-1.612416284618524,-228.96664882812487,1244.199951171875,12863.0
2025-08-20,DRREDDY / ULTRACEMCO,DRREDDY.NS,ULTRACEMCO.NS,0.0964,233.1734,0.0,-1.4505847412969828,-228.82697558593745,1245.4000244140625,12874.0
2025-08-21,DRREDDY / ULTRACEMCO,DRREDDY.NS,ULTRACEMCO.NS,0.0964,233.1734,0.0,-0.5030172034940713,-197.24142441406238,1276.5999755859375,12870.0
2025-08-22,DRREDDY / ULTRACEMCO,DRREDDY.NS,ULTRACEMCO.NS,0.0964,233.1734,0.0,0.2931259555990585,-169.15302441406251,1277.5999755859375,12589.0
2025-08-25,DRREDDY / ULTRACEMCO,DRREDDY.NS,ULTRACEMCO.NS,0.0964,233.1734,0.0,0.39902567495883,-164.49177558593746,1283.9000244140625,12606.0
2025-08-26,DRREDDY / ULTRACEMCO,DRREDDY.NS,ULTRACEMCO.NS,0.0964,233.1734,0.0,-0.1868038364492614,-185.57744882812503,1263.199951171875,12610.0
2025-08-28,DRREDDY / ULTRACEMCO,DRREDDY.NS,ULTRACEMCO.NS,0.0964,233.1734,0.0,0.00417533840656818,-180.397751171875,1259.800048828125,12521.0
2025-08-29,DRREDDY / ULTRACEMCO,DRREDDY.NS,ULTRACEMCO.NS,0.0964,233.1734,0.0,-0.2626854854302657,-191.56942441406258,1260.0999755859375,12640.0
2025-09-01,DRREDDY / ULTRACEMCO,DRREDDY.NS,ULTRACEMCO.NS,0.0964,233.1734,0.0,-0.13070134797651017,-189.69977558593754,1279.9000244140625,12826.0
2025-09-02,DRREDDY / ULTRACEMCO,DRREDDY.NS,ULTRACEMCO.NS,0.0964,233.1734,0.0,-0.6465147397626013,-206.645448828125,1253.699951171875,12730.0
2025-09-03,DRREDDY / ULTRACEMCO,DRREDDY.NS,ULTRACEMCO.NS,0.0964,233.1734,0.0,-0.24611298972785645,-198.43464882812495,1262.199951171875,12733.0
2025-09-04,DRREDDY / ULTRACEMCO,DRREDDY.NS,ULTRACEMCO.NS,0.0964,233.1734,0.0,-0.22272304998865683,-199.72979999999993,1253.0,12651.0
2025-09-05,DRREDDY / ULTRACEMCO,DRREDDY.NS,ULTRACEMCO.NS,0.0964,233.1734,0.0,0.8381335120131881,-179.8098244140625,1268.0999755859375,12601.0
2025-09-08,DRREDDY / ULTRACEMCO,DRREDDY.NS,ULTRACEMCO.NS,0.0964,233.1734,0.0,-0.38619495946832283,-203.38302441406253,1250.5999755859375,12664.0
2025-09-09,DRREDDY / ULTRACEMCO,DRREDDY.NS,ULTRACEMCO.NS,0.0964,233.1734,0.0,1.9432095217908874,-153.81415117187507,1291.300048828125,12572.0
2025-09-10,DRREDDY / ULTRACEMCO,DRREDDY.NS,ULTRACEMCO.NS,0.0964,233.1734,-1.0,2.45387213946993,-131.85264882812507,1304.199951171875,12478.0
2025-09-11,DRREDDY / ULTRACEMCO,DRREDDY.NS,ULTRACEMCO.NS,0.0964,233.1734,-1.0,2.3019713218948965,-124.66222441406248,1303.0999755859375,12392.0
2025-09-12,DRREDDY / ULTRACEMCO,DRREDDY.NS,ULTRACEMCO.NS,0.0964,233.1734,-1.0,2.3622619436793815,-108.94144882812506,1316.699951171875,12370.0
2025-09-15,DRREDDY / ULTRACEMCO,DRREDDY.NS,ULTRACEMCO.NS,0.0964,233.1734,-1.0,1.486202170561908,-131.1073511718749,1300.800048828125,12435.0
2025-09-16,DRREDDY / ULTRACEMCO,DRREDDY.NS,ULTRACEMCO.NS,0.0964,233.1734,-1.0,1.2385710053332244,-135.29257558593744,1310.4000244140625,12578.0
2025-09-17,DRREDDY / ULTRACEMCO,DRREDDY.NS,ULTRACEMCO.NS,0.0964,233.1734,-1.0,0.8002736582935408,-148.07777558593747,1311.4000244140625,12721.0
2025-09-18,DRREDDY / ULTRACEMCO,DRREDDY.NS,ULTRACEMCO.NS,0.0964,233.1734,-1.0,1.3200773840719744,-127.61984882812507,1322.699951171875,12626.0
2025-09-19,DRREDDY / ULTRACEMCO,DRREDDY.NS,ULTRACEMCO.NS,0.0964,233.1734,-1.0,1.4583527078183725,-117.2446488281249,1321.699951171875,12508.0
2025-09-22,DRREDDY / ULTRACEMCO,DRREDDY.NS,ULTRACEMCO.NS,0.0964,233.1734,-1.0,0.4468426552482885,-151.23337558593752,1301.4000244140625,12650.0
2025-09-23,DRREDDY / ULTRACEMCO,DRREDDY.NS,ULTRACEMCO.NS,0.0964,233.1734,-1.0,1.2871829966743424,-120.22977558593752,1308.4000244140625,12401.0
2025-09-24,DRREDDY / ULTRACEMCO,DRREDDY.NS,ULTRACEMCO.NS,0.0964,233.1734,-1.0,1.3880767776130623,-112.50302441406242,1298.0999755859375,12214.0
2025-09-25,DRREDDY / ULTRACEMCO,DRREDDY.NS,ULTRACEMCO.NS,0.0964,233.1734,-1.0,0.8368286610949236,-128.36584882812494,1275.199951171875,12141.0
2025-09-26,DRREDDY / ULTRACEMCO,DRREDDY.NS,ULTRACEMCO.NS,0.0964,233.1734,-1.0,0.3489493402072507,-143.6214244140625,1253.0999755859375,12070.0
2025-09-29,DRREDDY / ULTRACEMCO,DRREDDY.NS,ULTRACEMCO.NS,0.0964,233.1734,0.0,-0.161477012574056,-159.32582441406257,1234.5999755859375,12041.0
2025-09-30,DRREDDY / ULTRACEMCO,DRREDDY.NS,ULTRACEMCO.NS,0.0964,233.1734,0.0,-1.012997010462309,-187.67424882812506,1223.699951171875,12222.0
2025-10-01,DRREDDY / ULTRACEMCO,DRREDDY.NS,ULTRACEMCO.NS,0.0964,233.1734,0.0,-0.05217904616017623,-154.43144882812507,1244.699951171875,12095.0
2025-10-03,DRREDDY / ULTRACEMCO,DRREDDY.NS,ULTRACEMCO.NS,0.0964,233.1734,0.0,0.22897652140317756,-143.70502441406242,1248.0999755859375,12019.0
2025-10-06,DRREDDY / ULTRACEMCO,DRREDDY.NS,ULTRACEMCO.NS,0.0964,233.1734,0.0,0.052451889994852514,-146.67542441406258,1248.5999755859375,12055.0
2025-10-07,DRREDDY / ULTRACEMCO,DRREDDY.NS,ULTRACEMCO.NS,0.0964,233.1734,0.0,-0.48507005757782995,-159.21099999999987,1248.5,12184.0
2025-10-08,DRREDDY / ULTRACEMCO,DRREDDY.NS,ULTRACEMCO.NS,0.0964,233.1734,0.0,-0.4267520087911893,-154.6057999999999,1234.5,11991.0
2025-10-09,DRREDDY / ULTRACEMCO,DRREDDY.NS,ULTRACEMCO.NS,0.0964,233.1734,0.0,-0.8187530767310488,-162.3822244140625,1246.0999755859375,12192.0
2025-10-10,DRREDDY / ULTRACEMCO,DRREDDY.NS,ULTRACEMCO.NS,0.0964,233.1734,0.0,-0.590367223006716,-152.66177558593753,1264.4000244140625,12281.0
2025-10-13,DRREDDY / ULTRACEMCO,DRREDDY.NS,ULTRACEMCO.NS,0.0964,233.1734,0.0,-0.16291364958712815,-144.1541755859374,1262.4000244140625,12172.0
2025-10-14,DRREDDY / ULTRACEMCO,DRREDDY.NS,ULTRACEMCO.NS,0.0964,233.1734,0.0,-0.9036782410572094,-159.421351171875,1237.300048828125,12070.0
2025-10-15,DRREDDY / ULTRACEMCO,DRREDDY.NS,ULTRACEMCO.NS,0.0964,233.1734,1.0,-2.0509524687184637,-187.5537755859376,1232.4000244140625,12311.0
2025-10-16,DRREDDY / ULTRACEMCO,DRREDDY.NS,ULTRACEMCO.NS,0.0964,233.1734,1.0,-1.7361431228675015,-184.28464882812509,1240.199951171875,12358.0
2025-10-17,DRREDDY / ULTRACEMCO,DRREDDY.NS,ULTRACEMCO.NS,0.0964,233.1734,1.0,-0.9480887246854354,-169.74137558593756,1255.9000244140625,12370.0
2025-10-20,DRREDDY / ULTRACEMCO,DRREDDY.NS,ULTRACEMCO.NS,0.0964,233.1734,0.0,0.432384701753461,-141.32779999999988,1282.0,12346.0
2025-10-21,DRREDDY / ULTRACEMCO,DRREDDY.NS,ULTRACEMCO.NS,0.0964,233.1734,0.0,0.7366613703526783,-134.24224882812504,1288.699951171875,12342.0
2025-10-23,DRREDDY / ULTRACEMCO,DRREDDY.NS,ULTRACEMCO.NS,0.0964,233.1734,0.0,1.1844395315094995,-124.5513755859375,1279.4000244140625,12145.0
2025-10-24,DRREDDY / ULTRACEMCO,DRREDDY.NS,ULTRACEMCO.NS,0.0964,233.1734,-1.0,2.21373757370852,-98.46862441406242,1283.5999755859375,11918.0
2025-10-27,DRREDDY / ULTRACEMCO,DRREDDY.NS,ULTRACEMCO.NS,0.0964,233.1734,-1.0,1.6339105509293386,-107.11935117187508,1284.300048828125,12015.0
2025-10-28,DRREDDY / ULTRACEMCO,DRREDDY.NS,ULTRACEMCO.NS,0.0964,233.1734,-1.0,1.9789857245896778,-93.92177558593752,1289.4000244140625,11931.0
2025-10-29,DRREDDY / ULTRACEMCO,DRREDDY.NS,ULTRACEMCO.NS,0.0964,233.1734,-1.0,0.3107494844639373,-138.97697558593754,1250.9000244140625,11999.0
2025-10-30,DRREDDY / ULTRACEMCO,DRREDDY.NS,ULTRACEMCO.NS,0.0964,233.1734,0.0,-1.6278348153545397,-192.88264882812504,1202.199951171875,12053.0
2025-10-31,DRREDDY / ULTRACEMCO,DRREDDY.NS,ULTRACEMCO.NS,0.0964,233.1734,0.0,-1.2922108238398573,-187.26422441406257,1197.5999755859375,11947.0
2025-11-03,DRREDDY / ULTRACEMCO,DRREDDY.NS,ULTRACEMCO.NS,0.0964,233.1734,0.0,-1.265078331088738,-189.1534,1196.0,11950.0
2025-11-04,DRREDDY / ULTRACEMCO,DRREDDY.NS,ULTRACEMCO.NS,0.0964,233.1734,0.0,-0.7262635651881115,-172.52499999999995,1200.0,11819.0
2025-11-06,DRREDDY / ULTRACEMCO,DRREDDY.NS,ULTRACEMCO.NS,0.0964,233.1734,0.0,-0.8073171980809833,-176.097448828125,1205.199951171875,11910.0
2025-11-07,DRREDDY / ULTRACEMCO,DRREDDY.NS,ULTRACEMCO.NS,0.0964,233.1734,0.0,-0.5512886860214206,-170.0169755859375,1205.4000244140625,11849.0
2025-11-10,DRREDDY / ULTRACEMCO,DRREDDY.NS,ULTRACEMCO.NS,0.0964,233.1734,0.0,-0.349618239258762,-165.0526488281249,1198.699951171875,11728.0
2025-11-11,DRREDDY / ULTRACEMCO,DRREDDY.NS,ULTRACEMCO.NS,0.0964,233.1734,0.0,-0.22555086835580157,-161.60340000000005,1211.5,11825.0
2025-11-12,DRREDDY / ULTRACEMCO,DRREDDY.NS,ULTRACEMCO.NS,0.0964,233.1734,0.0,0.07988110161221845,-152.75782441406258,1229.5999755859375,11921.0
2025-11-13,DRREDDY / ULTRACEMCO,DRREDDY.NS,ULTRACEMCO.NS,0.0964,233.1734,0.0,0.20029173052040317,-148.71097558593746,1234.9000244140625,11934.0
2025-11-14,DRREDDY / ULTRACEMCO,DRREDDY.NS,ULTRACEMCO.NS,0.0964,233.1734,0.0,0.7472903486619846,-131.82700000000008,1246.0,11874.0
2025-11-17,DRREDDY / ULTRACEMCO,DRREDDY.NS,ULTRACEMCO.NS,0.0964,233.1734,0.0,0.9613332305232639,-124.17257558593755,1244.4000244140625,11778.0
2025-11-18,DRREDDY / ULTRACEMCO,DRREDDY.NS,ULTRACEMCO.NS,0.0964,233.1734,0.0,1.0810969414069576,-117.92815117187487,1243.800048828125,11707.0
2025-11-19,DRREDDY / ULTRACEMCO,DRREDDY.NS,ULTRACEMCO.NS,0.0964,233.1734,0.0,1.2986970678051772,-107.57584882812498,1250.199951171875,11666.0
2025-11-20,DRREDDY / ULTRACEMCO,DRREDDY.NS,ULTRACEMCO.NS,0.0964,233.1734,0.0,0.8928594941659552,-117.56262441406247,1248.5999755859375,11753.0
2025-11-21,DRREDDY / ULTRACEMCO,DRREDDY.NS,ULTRACEMCO.NS,0.0964,233.1734,0.0,0.7446503520658961,-119.94897558593752,1243.9000244140625,11729.0
2025-11-24,DRREDDY / ULTRACEMCO,DRREDDY.NS,ULTRACEMCO.NS,0.0964,233.1734,0.0,0.5903631307633386,-123.67104882812495,1226.199951171875,11584.0
2025-11-25,DRREDDY / ULTRACEMCO,DRREDDY.NS,ULTRACEMCO.NS,0.0964,233.1734,0.0,0.8841226407631083,-113.38542441406238,1236.0999755859375,11580.0
2025-11-26,DRREDDY / ULTRACEMCO,DRREDDY.NS,ULTRACEMCO.NS,0.0964,233.1734,0.0,0.6986749589007982,-118.74100000000007,1248.0,11759.0
2025-11-27,DRREDDY / ULTRACEMCO,DRREDDY.NS,ULTRACEMCO.NS,0.0964,233.1734,0.0,1.2013162044685202,-103.75215117187494,1249.300048828125,11617.0
2025-11-28,DRREDDY / ULTRACEMCO,DRREDDY.NS,ULTRACEMCO.NS,0.0964,233.1734,0.0,1.501654250451847,-92.613351171875,1258.800048828125,11600.0
2025-12-01,DRREDDY / ULTRACEMCO,DRREDDY.NS,ULTRACEMCO.NS,0.0964,233.1734,0.0,1.367487403983583,-97.29022441406241,1260.0999755859375,11662.0
2025-12-02,DRREDDY / ULTRACEMCO,DRREDDY.NS,ULTRACEMCO.NS,0.0964,233.1734,0.0,1.6422005146960026,-82.57584882812498,1275.199951171875,11666.0
2025-12-03,DRREDDY / ULTRACEMCO,DRREDDY.NS,ULTRACEMCO.NS,0.0964,233.1734,0.0,1.8291293372795576,-69.84584882812496,1280.699951171875,11591.0
2025-12-04,DRREDDY / ULTRACEMCO,DRREDDY.NS,ULTRACEMCO.NS,0.0964,233.1734,0.0,1.554078303532478,-74.5846244140624,1277.5999755859375,11608.0
2025-12-05,DRREDDY / ULTRACEMCO,DRREDDY.NS,ULTRACEMCO.NS,0.0964,233.1734,0.0,1.4184285931430909,-75.92424882812506,1275.199951171875,11597.0
2025-12-08,DRREDDY / ULTRACEMCO,DRREDDY.NS,ULTRACEMCO.NS,0.0964,233.1734,0.0,1.22319640338282,-79.12939999999989,1266.5,11540.0
2025-12-09,DRREDDY / ULTRACEMCO,DRREDDY.NS,ULTRACEMCO.NS,0.0964,233.1734,0.0,0.9047945594361244,-87.28304882812503,1246.199951171875,11414.0
2025-12-10,DRREDDY / ULTRACEMCO,DRREDDY.NS,ULTRACEMCO.NS,0.0964,233.1734,0.0,1.2856915795346537,-73.33215117187487,1250.800048828125,11317.0
2025-12-11,DRREDDY / ULTRACEMCO,DRREDDY.NS,ULTRACEMCO.NS,0.0964,233.1734,0.0,1.4621213885199016,-65.57419999999988,1273.5,11472.0
2025-12-12,DRREDDY / ULTRACEMCO,DRREDDY.NS,ULTRACEMCO.NS,0.0964,233.1734,0.0,0.7418588057791351,-83.97055117187492,1279.300048828125,11723.0
2025-12-15,DRREDDY / ULTRACEMCO,DRREDDY.NS,ULTRACEMCO.NS,0.0964,233.1734,0.0,0.7167423487636154,-83.15262441406239,1280.5999755859375,11728.0
2025-12-16,DRREDDY / ULTRACEMCO,DRREDDY.NS,ULTRACEMCO.NS,0.0964,233.1734,0.0,1.3381612259041022,-67.57257558593741,1276.9000244140625,11528.0
2025-12-17,DRREDDY / ULTRACEMCO,DRREDDY.NS,ULTRACEMCO.NS,0.0964,233.1734,0.0,0.9817834848486758,-73.62939999999989,1272.0,11540.0
2025-12-18,DRREDDY / ULTRACEMCO,DRREDDY.NS,ULTRACEMCO.NS,0.0964,233.1734,0.0,1.5949661860824313,-58.01380000000003,1280.0,11461.0
2025-12-19,DRREDDY / ULTRACEMCO,DRREDDY.NS,ULTRACEMCO.NS,0.0964,233.1734,0.0,1.2341865289773284,-63.187848828125055,1278.199951171875,11496.0
2025-12-22,DRREDDY / ULTRACEMCO,DRREDDY.NS,ULTRACEMCO.NS,0.0964,233.1734,0.0,1.2035691704974598,-61.45817558593748,1283.4000244140625,11532.0
2025-12-23,DRREDDY / ULTRACEMCO,DRREDDY.NS,ULTRACEMCO.NS,0.0964,233.1734,0.0,0.46301422825546185,-75.43259999999995,1283.5,11678.0
2025-12-24,DRREDDY / ULTRACEMCO,DRREDDY.NS,ULTRACEMCO.NS,0.0964,233.1734,0.0,-0.9588945529251116,-101.42295117187504,1265.800048828125,11764.0
2025-12-26,DRREDDY / ULTRACEMCO,DRREDDY.NS,ULTRACEMCO.NS,0.0964,233.1734,0.0,-1.0799557796020358,-100.8149511718751,1269.300048828125,11794.0
2025-12-29,DRREDDY / ULTRACEMCO,DRREDDY.NS,ULTRACEMCO.NS,0.0964,233.1734,0.0,-1.2391380740920266,-101.99702441406257,1268.5999755859375,11799.0
2025-12-30,DRREDDY / ULTRACEMCO,DRREDDY.NS,ULTRACEMCO.NS,0.0964,233.1734,0.0,-1.022823436181071,-95.73535117187507,1265.800048828125,11705.0
2025-12-31,DRREDDY / ULTRACEMCO,DRREDDY.NS,ULTRACEMCO.NS,0.0964,233.1734,0.0,-1.2162135977318087,-97.75097558593743,1271.4000244140625,11784.0
2026-01-01,DRREDDY / ULTRACEMCO,DRREDDY.NS,ULTRACEMCO.NS,0.0964,233.1734,1.0,-2.671215271918683,-127.02977558593747,1253.4000244140625,11901.0
2026-01-02,DRREDDY / ULTRACEMCO,DRREDDY.NS,ULTRACEMCO.NS,0.0964,233.1734,1.0,-2.178007884116593,-124.13702441406244,1256.0999755859375,11899.0
2026-01-05,DRREDDY / ULTRACEMCO,DRREDDY.NS,ULTRACEMCO.NS,0.0964,233.1734,1.0,-2.69324167589895,-148.36019999999994,1250.0,12087.0
2026-01-06,DRREDDY / ULTRACEMCO,DRREDDY.NS,ULTRACEMCO.NS,0.0964,233.1734,1.0,-2.3844685182349945,-153.43904882812498,1256.199951171875,12204.0
2026-01-07,DRREDDY / ULTRACEMCO,DRREDDY.NS,ULTRACEMCO.NS,0.0964,233.1734,1.0,-2.3208582394226314,-164.91095117187487,1242.800048828125,12184.0
2026-01-08,DRREDDY / ULTRACEMCO,DRREDDY.NS,ULTRACEMCO.NS,0.0964,233.1734,1.0,-2.4999140896924508,-189.2429755859374,1206.9000244140625,12064.0
2026-01-09,DRREDDY / ULTRACEMCO,DRREDDY.NS,ULTRACEMCO.NS,0.0964,233.1734,1.0,-1.812022134547871,-173.8002244140624,1210.0999755859375,11937.0
2026-01-12,DRREDDY / ULTRACEMCO,DRREDDY.NS,ULTRACEMCO.NS,0.0964,233.1734,1.0,-1.8112463264416236,-183.9206,1215.5,12098.0
2026-01-13,DRREDDY / ULTRACEMCO,DRREDDY.NS,ULTRACEMCO.NS,0.0964,233.1734,1.0,-1.9545146356908178,-202.914951171875,1191.300048828125,12044.0
2026-01-14,DRREDDY / ULTRACEMCO,DRREDDY.NS,ULTRACEMCO.NS,0.0964,233.1734,1.0,-2.1324433393074114,-228.05540000000005,1186.5,12255.0
2026-01-15,DRREDDY / ULTRACEMCO,DRREDDY.NS,ULTRACEMCO.NS,0.0964,233.1734,1.0,-1.8589467624968035,-228.05540000000005,1186.5,12255.0
2026-01-16,DRREDDY / ULTRACEMCO,DRREDDY.NS,ULTRACEMCO.NS,0.0964,233.1734,1.0,-1.965612875146264,-250.91259999999997,1175.5,12378.0
2026-01-19,DRREDDY / ULTRACEMCO,DRREDDY.NS,ULTRACEMCO.NS,0.0964,233.1734,1.0,-1.7520888728423454,-251.40424882812508,1167.199951171875,12297.0
2026-01-20,DRREDDY / ULTRACEMCO,DRREDDY.NS,ULTRACEMCO.NS,0.0964,233.1734,1.0,-1.271959576964357,-228.96104882812492,1166.699951171875,12059.0
2026-01-21,DRREDDY / ULTRACEMCO,DRREDDY.NS,ULTRACEMCO.NS,0.0964,233.1734,1.0,-1.5347397597099286,-255.04184882812487,1157.199951171875,12231.0
2026-01-22,DRREDDY / ULTRACEMCO,DRREDDY.NS,ULTRACEMCO.NS,0.0964,233.1734,1.0,-0.723542093923998,-207.56299999999996,1217.5,12364.0
2026-01-23,DRREDDY / ULTRACEMCO,DRREDDY.NS,ULTRACEMCO.NS,0.0964,233.1734,1.0,-0.36934644218790763,-189.94502441406243,1235.5999755859375,12369.0
2026-01-27,DRREDDY / ULTRACEMCO,DRREDDY.NS,ULTRACEMCO.NS,0.0964,233.1734,1.0,-0.5999368911306101,-206.95295117187501,1239.800048828125,12589.0
2026-01-28,DRREDDY / ULTRACEMCO,DRREDDY.NS,ULTRACEMCO.NS,0.0964,233.1734,1.0,-1.1387538590884916,-241.41220000000007,1222.5,12767.0
2026-01-29,DRREDDY / ULTRACEMCO,DRREDDY.NS,ULTRACEMCO.NS,0.0964,233.1734,1.0,-1.2054603410123166,-250.1921755859374,1208.9000244140625,12717.0
2026-01-30,DRREDDY / ULTRACEMCO,DRREDDY.NS,ULTRACEMCO.NS,0.0964,233.1734,1.0,-0.9156872910070686,-238.77502441406259,1218.0999755859375,12694.0
2026-02-02,DRREDDY / ULTRACEMCO,DRREDDY.NS,ULTRACEMCO.NS,0.0964,233.1734,1.0,-1.2523274680694165,-259.04740000000004,1182.5,12535.0
2026-02-03,DRREDDY / ULTRACEMCO,DRREDDY.NS,ULTRACEMCO.NS,0.0964,233.1734,1.0,-0.15489049545651373,-211.44937558593742,1235.4000244140625,12590.0
2026-02-04,DRREDDY / ULTRACEMCO,DRREDDY.NS,ULTRACEMCO.NS,0.0964,233.1734,1.0,-0.4751844970635384,-227.47184882812493,1240.199951171875,12806.0
2026-02-05,DRREDDY / ULTRACEMCO,DRREDDY.NS,ULTRACEMCO.NS,0.0964,233.1734,1.0,-0.18207210383598235,-219.59057558593744,1244.9000244140625,12773.0
2026-02-06,DRREDDY / ULTRACEMCO,DRREDDY.NS,ULTRACEMCO.NS,0.0964,233.1734,1.0,-0.05958634489759792,-218.37424882812488,1241.199951171875,12722.0
2026-02-09,DRREDDY / ULTRACEMCO,DRREDDY.NS,ULTRACEMCO.NS,0.0964,233.1734,0.0,0.14154623737459116,-215.50059999999993,1275.5,13048.0
2026-02-10,DRREDDY / ULTRACEMCO,DRREDDY.NS,ULTRACEMCO.NS,0.0964,233.1734,0.0,-0.43098429369016195,-232.59060000000008,1256.0,13023.0
2026-02-11,DRREDDY / ULTRACEMCO,DRREDDY.NS,ULTRACEMCO.NS,0.0964,233.1734,0.0,0.4413449100007611,-213.08495117187508,1270.300048828125,12969.0
2026-02-12,DRREDDY / ULTRACEMCO,DRREDDY.NS,ULTRACEMCO.NS,0.0964,233.1734,0.0,0.5240761115828505,-214.26897558593745,1274.9000244140625,13029.0
2026-02-13,DRREDDY / ULTRACEMCO,DRREDDY.NS,ULTRACEMCO.NS,0.0964,233.1734,0.0,0.6254767780729162,-214.70662441406247,1268.0999755859375,12963.0
2026-02-16,DRREDDY / ULTRACEMCO,DRREDDY.NS,ULTRACEMCO.NS,0.0964,233.1734,0.0,0.6492111184836297,-215.14177558593755,1269.4000244140625,12981.0
2026-02-17,DRREDDY / ULTRACEMCO,DRREDDY.NS,ULTRACEMCO.NS,0.0964,233.1734,0.0,1.3538528833168382,-200.030951171875,1284.800048828125,12984.0
2026-02-18,DRREDDY / ULTRACEMCO,DRREDDY.NS,ULTRACEMCO.NS,0.0964,233.1734,0.0,0.7223482120950979,-211.086151171875,1280.300048828125,13052.0
2026-02-19,DRREDDY / ULTRACEMCO,DRREDDY.NS,ULTRACEMCO.NS,0.0964,233.1734,-1.0,2.2609163953459404,-173.99655117187498,1282.300048828125,12688.0
2026-02-20,DRREDDY / ULTRACEMCO,DRREDDY.NS,ULTRACEMCO.NS,0.0964,233.1734,-1.0,1.6423726152850622,-183.41577558593744,1280.4000244140625,12766.0
2026-02-23,DRREDDY / ULTRACEMCO,DRREDDY.NS,ULTRACEMCO.NS,0.0964,233.1734,-1.0,1.7250273343854343,-176.65977558593758,1307.4000244140625,12976.0
2026-02-24,DRREDDY / ULTRACEMCO,DRREDDY.NS,ULTRACEMCO.NS,0.0964,233.1734,-1.0,1.3757117355512922,-182.31744882812504,1300.199951171875,12960.0
2026-02-25,DRREDDY / ULTRACEMCO,DRREDDY.NS,ULTRACEMCO.NS,0.0964,233.1734,-1.0,1.2189776519016815,-183.82579999999993,1306.5,13041.0
2026-02-26,DRREDDY / ULTRACEMCO,DRREDDY.NS,ULTRACEMCO.NS,0.0964,233.1734,-1.0,1.979838503041007,-161.000151171875,1319.300048828125,12937.0
2026-02-27,DRREDDY / ULTRACEMCO,DRREDDY.NS,ULTRACEMCO.NS,0.0964,233.1734,-1.0,1.5110692137020934,-168.9361511718749,1286.300048828125,12677.0
2026-03-02,DRREDDY / ULTRACEMCO,DRREDDY.NS,ULTRACEMCO.NS,0.0964,233.1734,-1.0,2.0584351619710994,-145.7977755859375,1294.4000244140625,12521.0
2026-03-04,DRREDDY / ULTRACEMCO,DRREDDY.NS,ULTRACEMCO.NS,0.0964,233.1734,-1.0,2.6889547969654464,-109.08824882812505,1291.199951171875,12107.0
2026-03-05,DRREDDY / ULTRACEMCO,DRREDDY.NS,ULTRACEMCO.NS,0.0964,233.1734,-1.0,2.3608816195727793,-104.23660000000004,1313.5,12288.0
2026-03-06,DRREDDY / ULTRACEMCO,DRREDDY.NS,ULTRACEMCO.NS,0.0964,233.1734,-1.0,2.446395667558989,-84.92015117187506,1303.800048828125,11987.0
2026-03-09,DRREDDY / ULTRACEMCO,DRREDDY.NS,ULTRACEMCO.NS,0.0964,233.1734,-1.0,2.6888076712719924,-43.01259999999988,1287.0,11378.0
2026-03-10,DRREDDY / ULTRACEMCO,DRREDDY.NS,ULTRACEMCO.NS,0.0964,233.1734,-1.0,2.2674501667117783,-42.0190244140625,1314.5999755859375,11654.0
2026-03-11,DRREDDY / ULTRACEMCO,DRREDDY.NS,ULTRACEMCO.NS,0.0964,233.1734,-1.0,2.3125818619543326,-12.610199999999935,1325.5,11462.0
2026-03-12,DRREDDY / ULTRACEMCO,DRREDDY.NS,ULTRACEMCO.NS,0.0964,233.1734,-1.0,2.3028293216634377,16.847000000000122,1319.0,11089.0
2026-03-13,DRREDDY / ULTRACEMCO,DRREDDY.NS,ULTRACEMCO.NS,0.0964,233.1734,-1.0,2.1669821205282687,35.74424882812505,1292.300048828125,10616.0
2026-03-16,DRREDDY / ULTRACEMCO,DRREDDY.NS,ULTRACEMCO.NS,0.0964,233.1734,-1.0,1.2812494218422392,-26.216975585937547,1276.9000244140625,11099.0
2026-03-17,DRREDDY / ULTRACEMCO,DRREDDY.NS,ULTRACEMCO.NS,0.0964,233.1734,-1.0,1.2277909553332842,-20.955751171874994,1283.800048828125,11116.0
2026-03-18,DRREDDY / ULTRACEMCO,DRREDDY.NS,ULTRACEMCO.NS,0.0964,233.1734,-1.0,1.1074238107105934,-22.58415117187505,1294.800048828125,11247.0
2026-03-19,DRREDDY / ULTRACEMCO,DRREDDY.NS,ULTRACEMCO.NS,0.0964,233.1734,-1.0,1.2509821890194517,-1.142999999999887,1274.5,10814.0
2026-03-20,DRREDDY / ULTRACEMCO,DRREDDY.NS,ULTRACEMCO.NS,0.0964,233.1734,-1.0,1.2898136641057525,11.68902441406263,1298.9000244140625,10934.0
2026-03-23,DRREDDY / ULTRACEMCO,DRREDDY.NS,ULTRACEMCO.NS,0.0964,233.1734,-1.0,1.2869965532591239,21.22984882812503,1253.300048828125,10362.0
2026-03-24,DRREDDY / ULTRACEMCO,DRREDDY.NS,ULTRACEMCO.NS,0.0964,233.1734,-1.0,0.8244534494772225,-11.22302441406245,1259.5999755859375,10764.0
2026-03-25,DRREDDY / ULTRACEMCO,DRREDDY.NS,ULTRACEMCO.NS,0.0964,233.1734,-1.0,0.7369499147894574,-12.53904882812489,1300.699951171875,11204.0
2026-03-27,DRREDDY / ULTRACEMCO,DRREDDY.NS,ULTRACEMCO.NS,0.0964,233.1734,-1.0,0.61828693627178,-16.597048828124883,1281.699951171875,11049.0
2026-03-30,DRREDDY / ULTRACEMCO,DRREDDY.NS,ULTRACEMCO.NS,0.0964,233.1734,-1.0,0.5860826418672198,-14.09137558593747,1254.9000244140625,10745.0
2026-04-01,DRREDDY / ULTRACEMCO,DRREDDY.NS,ULTRACEMCO.NS,0.0964,233.1734,0.0,-0.09718594037395557,-56.403024414062514,1209.5999755859375,10714.0
2026-04-02,DRREDDY / ULTRACEMCO,DRREDDY.NS,ULTRACEMCO.NS,0.0964,233.1734,0.0,0.07147908537608841,-39.641351171875016,1217.300048828125,10620.0
2026-04-06,DRREDDY / ULTRACEMCO,DRREDDY.NS,ULTRACEMCO.NS,0.0964,233.1734,0.0,-0.5971608747171273,-71.43535117187488,1217.800048828125,10955.0
2026-04-07,DRREDDY / ULTRACEMCO,DRREDDY.NS,ULTRACEMCO.NS,0.0964,233.1734,0.0,-1.184383226709827,-91.3038244140624,1196.0999755859375,10936.0
2026-04-08,DRREDDY / ULTRACEMCO,DRREDDY.NS,ULTRACEMCO.NS,0.0964,233.1734,1.0,-2.5722927471872774,-160.30257558593743,1191.4000244140625,11603.0
2026-04-09,DRREDDY / ULTRACEMCO,DRREDDY.NS,ULTRACEMCO.NS,0.0964,233.1734,1.0,-1.7740251658108006,-124.86057558593743,1211.9000244140625,11448.0
2026-04-10,DRREDDY / ULTRACEMCO,DRREDDY.NS,ULTRACEMCO.NS,0.0964,233.1734,1.0,-1.594590098110524,-118.15304882812492,1232.199951171875,11589.0
2026-04-13,DRREDDY / ULTRACEMCO,DRREDDY.NS,ULTRACEMCO.NS,0.0964,233.1734,1.0,-1.3062229330504815,-106.06617558593743,1235.9000244140625,11502.0
2026-04-15,DRREDDY / ULTRACEMCO,DRREDDY.NS,ULTRACEMCO.NS,0.0964,233.1734,1.0,-1.9116806024710205,-151.44735117187506,1217.800048828125,11785.0
2026-04-16,DRREDDY / ULTRACEMCO,DRREDDY.NS,ULTRACEMCO.NS,0.0964,233.1734,1.0,-1.7021619953525453,-151.79977558593745,1221.4000244140625,11826.0
2026-04-17,DRREDDY / ULTRACEMCO,DRREDDY.NS,ULTRACEMCO.NS,0.0964,233.1734,1.0,-1.4085829077972676,-143.28384882812506,1235.699951171875,11886.0
2026-04-20,DRREDDY / ULTRACEMCO,DRREDDY.NS,ULTRACEMCO.NS,0.0964,233.1734,1.0,-1.3695420568578487,-149.37222441406252,1232.5999755859375,11917.0
2026-04-21,DRREDDY / ULTRACEMCO,DRREDDY.NS,ULTRACEMCO.NS,0.0964,233.1734,1.0,-1.5902715196760409,-173.13302441406253,1220.5999755859375,12039.0
2026-04-22,DRREDDY / ULTRACEMCO,DRREDDY.NS,ULTRACEMCO.NS,0.0964,233.1734,1.0,-1.6641794675779182,-191.5785999999999,1217.0,12193.0
2026-04-23,DRREDDY / ULTRACEMCO,DRREDDY.NS,ULTRACEMCO.NS,0.0964,233.1734,0.0,0.07935738851392568,-75.07219999999992,1331.0,12167.0
2026-04-24,DRREDDY / ULTRACEMCO,DRREDDY.NS,ULTRACEMCO.NS,0.0964,233.1734,0.0,0.15006428429182508,-72.68062441406241,1317.0999755859375,11998.0
2026-04-27,DRREDDY / ULTRACEMCO,DRREDDY.NS,ULTRACEMCO.NS,0.0964,233.1734,0.0,0.44735943422421287,-56.43739999999988,1334.5,12010.0
2026-04-28,DRREDDY / ULTRACEMCO,DRREDDY.NS,ULTRACEMCO.NS,0.0964,233.1734,0.0,1.1044770277846545,-17.732224414062415,1354.5999755859375,11817.0
2026-04-29,DRREDDY / ULTRACEMCO,DRREDDY.NS,ULTRACEMCO.NS,0.0964,233.1734,0.0,0.7725064922292353,-44.07455117187496,1329.800048828125,11833.0
2026-04-30,DRREDDY / ULTRACEMCO,DRREDDY.NS,ULTRACEMCO.NS,0.0964,233.1734,0.0,1.0910330266319723,-27.163775585937486,1322.9000244140625,11586.0
2026-05-01,DRREDDY / ULTRACEMCO,DRREDDY.NS,ULTRACEMCO.NS,0.0964,233.1734,0.0,1.1180728764033414,-27.163775585937486,1322.9000244140625,11586.0
2026-05-04,DRREDDY / ULTRACEMCO,DRREDDY.NS,ULTRACEMCO.NS,0.0964,233.1734,0.0,0.2524308400930221,-79.44464882812494,1287.199951171875,11758.0
2026-05-05,DRREDDY / ULTRACEMCO,DRREDDY.NS,ULTRACEMCO.NS,0.0964,233.1734,0.0,-0.3416745502488485,-115.20664882812488,1271.199951171875,11963.0
2026-05-06,DRREDDY / ULTRACEMCO,DRREDDY.NS,ULTRACEMCO.NS,0.0964,233.1734,0.0,0.21571006608667853,-87.93860000000004,1311.0,12093.0
2026-05-07,DRREDDY / ULTRACEMCO,DRREDDY.NS,ULTRACEMCO.NS,0.0964,233.1734,0.0,0.10040157675326865,-96.44782441406241,1307.5999755859375,12146.0
2026-05-08,DRREDDY / ULTRACEMCO,DRREDDY.NS,ULTRACEMCO.NS,0.0964,233.1734,0.0,0.2250098391581847,-91.2533755859375,1293.9000244140625,11950.0
2026-05-11,DRREDDY / ULTRACEMCO,DRREDDY.NS,ULTRACEMCO.NS,0.0964,233.1734,0.0,0.10961829202985292,-97.15577558593745,1279.9000244140625,11866.0
2026-05-12,DRREDDY / ULTRACEMCO,DRREDDY.NS,ULTRACEMCO.NS,0.0964,233.1734,0.0,0.5346739879991863,-73.31579999999994,1270.0,11516.0
2026-05-13,DRREDDY / ULTRACEMCO,DRREDDY.NS,ULTRACEMCO.NS,0.0964,233.1734,0.0,0.28387062613500663,-83.51055117187488,1265.300048828125,11573.0
2026-05-14,DRREDDY / ULTRACEMCO,DRREDDY.NS,ULTRACEMCO.NS,0.0964,233.1734,0.0,0.7867809270487013,-56.68222441406246,1303.5999755859375,11692.0
2026-05-15,DRREDDY / ULTRACEMCO,DRREDDY.NS,ULTRACEMCO.NS,0.0964,233.1734,0.0,1.6781525202180547,-3.820248828125017,1336.699951171875,11487.0
2026-05-18,DRREDDY / ULTRACEMCO,DRREDDY.NS,ULTRACEMCO.NS,0.0964,233.1734,0.0,1.3081492960520682,-16.453848828124904,1331.199951171875,11561.0
2026-05-19,DRREDDY / ULTRACEMCO,DRREDDY.NS,ULTRACEMCO.NS,0.0964,233.1734,0.0,1.580749188955072,6.1513511718750635,1335.199951171875,11368.0
2026-05-20,DRREDDY / ULTRACEMCO,DRREDDY.NS,ULTRACEMCO.NS,0.0964,233.1734,0.0,1.1514066407259158,-11.100975585937562,1321.9000244140625,11409.0
2026-05-21,DRREDDY / ULTRACEMCO,DRREDDY.NS,ULTRACEMCO.NS,0.0964,233.1734,0.0,0.8918067277664661,-20.76699999999991,1318.5,11474.0
2026-05-22,DRREDDY / ULTRACEMCO,DRREDDY.NS,ULTRACEMCO.NS,0.0964,233.1734,0.0,0.41868268015690524,-41.22504882812504,1307.199951171875,11569.0
2026-05-25,DRREDDY / ULTRACEMCO,DRREDDY.NS,ULTRACEMCO.NS,0.0964,233.1734,0.0,0.6012631281934984,-32.15977558593758,1331.4000244140625,11726.0
2026-05-26,DRREDDY / ULTRACEMCO,DRREDDY.NS,ULTRACEMCO.NS,0.0964,233.1734,0.0,0.7222964627490058,-25.730575585937544,1327.9000244140625,11623.0
2026-05-27,DRREDDY / ULTRACEMCO,DRREDDY.NS,ULTRACEMCO.NS,0.0964,233.1734,0.0,0.24721234922145008,-40.99300000000002,1319.0,11689.0
2026-05-28,DRREDDY / ULTRACEMCO,DRREDDY.NS,ULTRACEMCO.NS,0.0964,233.1734,0.0,0.22774399131279832,-40.99300000000002,1319.0,11689.0
2026-05-29,DRREDDY / ULTRACEMCO,DRREDDY.NS,ULTRACEMCO.NS,0.0964,233.1734,0.0,0.3861895866679064,-36.538200000000046,1303.5,11482.0
2026-06-01,DRREDDY / ULTRACEMCO,DRREDDY.NS,ULTRACEMCO.NS,0.0964,233.1734,0.0,0.6783166577640054,-25.53817558593741,1290.4000244140625,11232.0
2026-06-02,DRREDDY / ULTRACEMCO,DRREDDY.NS,ULTRACEMCO.NS,0.0964,233.1734,0.0,0.4023235747941817,-35.47940000000003,1274.0,11165.0
2026-06-03,DRREDDY / ULTRACEMCO,DRREDDY.NS,ULTRACEMCO.NS,0.0964,233.1734,0.0,0.28859051870745195,-40.00975117187508,1263.300048828125,11101.0
2026-06-04,DRREDDY / ULTRACEMCO,DRREDDY.NS,ULTRACEMCO.NS,0.0964,233.1734,0.0,0.6442537193658125,-25.784199999999913,1267.5,10997.0
2026-06-05,DRREDDY / ULTRACEMCO,DRREDDY.NS,ULTRACEMCO.NS,0.0964,233.1734,0.0,1.1478893273208395,-6.890248828124953,1278.199951171875,10912.0
2026-06-08,DRREDDY / ULTRACEMCO,DRREDDY.NS,ULTRACEMCO.NS,0.0964,233.1734,0.0,1.3131963489577911,1.7885755859375934,1275.5999755859375,10795.0
2026-06-09,DRREDDY / ULTRACEMCO,DRREDDY.NS,ULTRACEMCO.NS,0.0964,233.1734,0.0,0.6607434021255013,-16.49380000000005,1268.5,10911.0
2026-06-10,DRREDDY / ULTRACEMCO,DRREDDY.NS,ULTRACEMCO.NS,0.0964,233.1734,0.0,0.8673690039363594,-8.955848828125085,1271.699951171875,10866.0
2026-06-11,DRREDDY / ULTRACEMCO,DRREDDY.NS,ULTRACEMCO.NS,0.0964,233.1734,0.0,1.1548658060674122,-1.1853999999999303,1276.0,10830.0
2026-06-12,DRREDDY / ULTRACEMCO,DRREDDY.NS,ULTRACEMCO.NS,0.0964,233.1734,0.0,-0.1802296517331708,-29.452175585937397,1275.4000244140625,11117.0
2026-06-15,DRREDDY / ULTRACEMCO,DRREDDY.NS,ULTRACEMCO.NS,0.0964,233.1734,0.0,-1.9085598023006627,-58.9958,1279.5,11466.0
2026-06-16,DRREDDY / ULTRACEMCO,DRREDDY.NS,ULTRACEMCO.NS,0.0964,233.1734,0.0,-1.673677005381805,-54.365775585937484,1276.9000244140625,11391.0
2026-06-17,DRREDDY / ULTRACEMCO,DRREDDY.NS,ULTRACEMCO.NS,0.0964,233.1734,0.0,-1.7908549680710482,-60.53059999999991,1269.0,11373.0
2026-06-18,DRREDDY / ULTRACEMCO,DRREDDY.NS,ULTRACEMCO.NS,0.0964,233.1734,0.0,-1.8805835157559307,-67.52540000000008,1267.5,11430.0
2026-06-19,DRREDDY / ULTRACEMCO,DRREDDY.NS,ULTRACEMCO.NS,0.0964,233.1734,0.0,-1.2686726515524251,-56.85222441406253,1272.0999755859375,11367.0
2026-06-22,DRREDDY / ULTRACEMCO,DRREDDY.NS,ULTRACEMCO.NS,0.0964,233.1734,0.0,-0.43396167978620714,-41.62624882812506,1290.699951171875,11402.0
2026-06-23,DRREDDY / ULTRACEMCO,DRREDDY.NS,ULTRACEMCO.NS,0.0964,233.1734,0.0,0.6014831432104326,-21.868199999999973,1301.3,11307.0
2024-06-28,APOLLOHOSP / COLPAL,APOLLOHOSP.NS,COLPAL.NS,1.4307,2379.0856,0.0,,-131.40742287597686,6151.43359375,2728.563232421875
2024-07-01,APOLLOHOSP / COLPAL,APOLLOHOSP.NS,COLPAL.NS,1.4307,2379.0856,0.0,,-201.48428693847654,6106.4833984375,2746.125732421875
2024-07-02,APOLLOHOSP / COLPAL,APOLLOHOSP.NS,COLPAL.NS,1.4307,2379.0856,0.0,,-257.1904954589845,6063.82080078125,2755.24267578125
2024-07-03,APOLLOHOSP / COLPAL,APOLLOHOSP.NS,COLPAL.NS,1.4307,2379.0856,0.0,,-173.052351538086,6158.39404296875,2762.536376953125
2024-07-04,APOLLOHOSP / COLPAL,APOLLOHOSP.NS,COLPAL.NS,1.4307,2379.0856,0.0,,-149.94397282714863,6190.564453125,2768.870361328125
2024-07-05,APOLLOHOSP / COLPAL,APOLLOHOSP.NS,COLPAL.NS,1.4307,2379.0856,0.0,,-81.82416203613275,6293.4912109375,2793.198974609375
2024-07-08,APOLLOHOSP / COLPAL,APOLLOHOSP.NS,COLPAL.NS,1.4307,2379.0856,0.0,,-142.15398461914083,6282.453125,2827.65185546875
2024-07-09,APOLLOHOSP / COLPAL,APOLLOHOSP.NS,COLPAL.NS,1.4307,2379.0856,0.0,,-206.80495959472637,6285.287109375,2874.821044921875
2024-07-10,APOLLOHOSP / COLPAL,APOLLOHOSP.NS,COLPAL.NS,1.4307,2379.0856,0.0,,-213.43019572753883,6340.38037109375,2917.959716796875
2024-07-11,APOLLOHOSP / COLPAL,APOLLOHOSP.NS,COLPAL.NS,1.4307,2379.0856,0.0,,-153.9513692626956,6353.65625,2885.665771484375
2024-07-12,APOLLOHOSP / COLPAL,APOLLOHOSP.NS,COLPAL.NS,1.4307,2379.0856,0.0,,-227.28364685058614,6318.70068359375,2912.489501953125
2024-07-15,APOLLOHOSP / COLPAL,APOLLOHOSP.NS,COLPAL.NS,1.4307,2379.0856,0.0,,-230.20973020019528,6401.58935546875,2972.470458984375
2024-07-16,APOLLOHOSP / COLPAL,APOLLOHOSP.NS,COLPAL.NS,1.4307,2379.0856,0.0,,-255.79648124999994,6417.94873046875,3001.7890625
2024-07-18,APOLLOHOSP / COLPAL,APOLLOHOSP.NS,COLPAL.NS,1.4307,2379.0856,0.0,,-180.16270004882836,6484.7265625,2995.59912109375
2024-07-19,APOLLOHOSP / COLPAL,APOLLOHOSP.NS,COLPAL.NS,1.4307,2379.0856,0.0,,-317.6761501708984,6346.59521484375,2995.167236328125
2024-07-22,APOLLOHOSP / COLPAL,APOLLOHOSP.NS,COLPAL.NS,1.4307,2379.0856,0.0,,-321.06682968750056,6366.68359375,3011.578125
2024-07-23,APOLLOHOSP / COLPAL,APOLLOHOSP.NS,COLPAL.NS,1.4307,2379.0856,0.0,,-361.914276245117,6368.1259765625,3041.136962890625
2024-07-24,APOLLOHOSP / COLPAL,APOLLOHOSP.NS,COLPAL.NS,1.4307,2379.0856,0.0,,-305.535963134766,6387.02001953125,3014.93701171875
2024-07-25,APOLLOHOSP / COLPAL,APOLLOHOSP.NS,COLPAL.NS,1.4307,2379.0856,0.0,,-357.0982685302738,6350.423828125,3025.397705078125
2024-07-26,APOLLOHOSP / COLPAL,APOLLOHOSP.NS,COLPAL.NS,1.4307,2379.0856,0.0,,-97.39886748046911,6627.62939453125,3037.6337890625
2024-07-29,APOLLOHOSP / COLPAL,APOLLOHOSP.NS,COLPAL.NS,1.4307,2379.0856,0.0,0.8820306334703648,-141.90507438964823,6644.63525390625,3080.628173828125
2024-07-30,APOLLOHOSP / COLPAL,APOLLOHOSP.NS,COLPAL.NS,1.4307,2379.0856,0.0,-1.9062042851005718,-397.279280981445,6604.21044921875,3230.868896484375
2024-07-31,APOLLOHOSP / COLPAL,APOLLOHOSP.NS,COLPAL.NS,1.4307,2379.0856,1.0,-2.3257932248086717,-485.37902653808624,6578.65283203125,3274.583251953125
2024-08-01,APOLLOHOSP / COLPAL,APOLLOHOSP.NS,COLPAL.NS,1.4307,2379.0856,1.0,-0.9107169994586644,-342.7452428222655,6669.248046875,3238.21044921875
2024-08-02,APOLLOHOSP / COLPAL,APOLLOHOSP.NS,COLPAL.NS,1.4307,2379.0856,1.0,-0.6952897926907965,-327.0013642822264,6672.97802734375,3229.813232421875
2024-08-05,APOLLOHOSP / COLPAL,APOLLOHOSP.NS,COLPAL.NS,1.4307,2379.0856,1.0,-0.8524354333741064,-353.13418144531306,6650.55224609375,3232.404296875
2024-08-06,APOLLOHOSP / COLPAL,APOLLOHOSP.NS,COLPAL.NS,1.4307,2379.0856,1.0,-1.3137507960105141,-413.7620359863281,6620.81787109375,3253.99755859375
2024-08-07,APOLLOHOSP / COLPAL,APOLLOHOSP.NS,COLPAL.NS,1.4307,2379.0856,1.0,-1.345701933745799,-431.23270253906276,6683.12060546875,3309.755859375
2024-08-08,APOLLOHOSP / COLPAL,APOLLOHOSP.NS,COLPAL.NS,1.4307,2379.0856,1.0,-2.5587631379992977,-634.0949912841802,6505.6591796875,3327.510009765625
2024-08-09,APOLLOHOSP / COLPAL,APOLLOHOSP.NS,COLPAL.NS,1.4307,2379.0856,1.0,-1.7660339438970085,-568.0099690429693,6551.35498046875,3313.2587890625
2024-08-12,APOLLOHOSP / COLPAL,APOLLOHOSP.NS,COLPAL.NS,1.4307,2379.0856,1.0,-2.1010927868442058,-663.2843580566409,6466.37841796875,3320.45654296875
2024-08-13,APOLLOHOSP / COLPAL,APOLLOHOSP.NS,COLPAL.NS,1.4307,2379.0856,1.0,-1.339197365414633,-573.2654770019531,6552.89599609375,3318.00927734375
2024-08-14,APOLLOHOSP / COLPAL,APOLLOHOSP.NS,COLPAL.NS,1.4307,2379.0856,1.0,-1.684399676431616,-661.7175231445312,6479.75341796875,3328.7099609375
2024-08-16,APOLLOHOSP / COLPAL,APOLLOHOSP.NS,COLPAL.NS,1.4307,2379.0856,1.0,-1.0260112396089567,-572.2198401123046,6660.0771484375,3392.193603515625
2024-08-19,APOLLOHOSP / COLPAL,APOLLOHOSP.NS,COLPAL.NS,1.4307,2379.0856,1.0,-0.817710988012756,-551.398771313477,6697.9248046875,3404.094482421875
2024-08-20,APOLLOHOSP / COLPAL,APOLLOHOSP.NS,COLPAL.NS,1.4307,2379.0856,1.0,-1.119630350160974,-617.1254895507814,6646.1337890625,3413.8349609375
2024-08-21,APOLLOHOSP / COLPAL,APOLLOHOSP.NS,COLPAL.NS,1.4307,2379.0856,1.0,-0.7040732750888973,-561.6484837402345,6725.36474609375,3430.43798828125
2024-08-22,APOLLOHOSP / COLPAL,APOLLOHOSP.NS,COLPAL.NS,1.4307,2379.0856,1.0,-0.4346190202042349,-525.9453994384771,6803.15087890625,3459.852294921875
2024-08-23,APOLLOHOSP / COLPAL,APOLLOHOSP.NS,COLPAL.NS,1.4307,2379.0856,0.0,0.4180478298917129,-394.72292980957036,6833.1806640625,3389.122802734375
2024-08-26,APOLLOHOSP / COLPAL,APOLLOHOSP.NS,COLPAL.NS,1.4307,2379.0856,0.0,-0.5895665168113084,-562.8371412841802,6752.8037109375,3450.447509765625
2024-08-27,APOLLOHOSP / COLPAL,APOLLOHOSP.NS,COLPAL.NS,1.4307,2379.0856,0.0,0.021632558157746774,-485.9443378662113,6754.248046875,3397.712158203125
2024-08-28,APOLLOHOSP / COLPAL,APOLLOHOSP.NS,COLPAL.NS,1.4307,2379.0856,0.0,-0.5330165463869685,-565.3420964599613,6749.26904296875,3449.727783203125
2024-08-29,APOLLOHOSP / COLPAL,APOLLOHOSP.NS,COLPAL.NS,1.4307,2379.0856,0.0,0.11494044336637371,-502.14842534179706,6829.6943359375,3461.77197265625
2024-08-30,APOLLOHOSP / COLPAL,APOLLOHOSP.NS,COLPAL.NS,1.4307,2379.0856,0.0,0.3489350897258415,-477.71505966796894,6899.71240234375,3493.6337890625
2024-09-02,APOLLOHOSP / COLPAL,APOLLOHOSP.NS,COLPAL.NS,1.4307,2379.0856,0.0,0.11998859195725067,-510.14716992187505,6852.4521484375,3483.26953125
2024-09-03,APOLLOHOSP / COLPAL,APOLLOHOSP.NS,COLPAL.NS,1.4307,2379.0856,0.0,-0.24849750428432762,-553.236546166992,6817.39404296875,3488.883056640625
2024-09-04,APOLLOHOSP / COLPAL,APOLLOHOSP.NS,COLPAL.NS,1.4307,2379.0856,0.0,0.3146957520302082,-516.9625008789067,6903.09814453125,3523.4326171875
2024-09-05,APOLLOHOSP / COLPAL,APOLLOHOSP.NS,COLPAL.NS,1.4307,2379.0856,0.0,0.69129905500413,-496.6875143066404,6906.48486328125,3511.62841796875
2024-09-06,APOLLOHOSP / COLPAL,APOLLOHOSP.NS,COLPAL.NS,1.4307,2379.0856,0.0,0.4745294670306044,-517.8981874023443,6879.09521484375,3507.3095703125
2024-09-09,APOLLOHOSP / COLPAL,APOLLOHOSP.NS,COLPAL.NS,1.4307,2379.0856,0.0,-0.8788614590751465,-601.1593872802737,6833.1806640625,3533.413330078125
2024-09-10,APOLLOHOSP / COLPAL,APOLLOHOSP.NS,COLPAL.NS,1.4307,2379.0856,0.0,0.3101188752634172,-525.3820715576171,6893.7861328125,3522.808837890625
2024-09-11,APOLLOHOSP / COLPAL,APOLLOHOSP.NS,COLPAL.NS,1.4307,2379.0856,0.0,0.2642816919220179,-523.1854805419921,6872.57177734375,3506.445556640625
2024-09-12,APOLLOHOSP / COLPAL,APOLLOHOSP.NS,COLPAL.NS,1.4307,2379.0856,-1.0,2.608220265749907,-347.52394265136763,7033.4736328125,3496.129150390625
2024-09-13,APOLLOHOSP / COLPAL,APOLLOHOSP.NS,COLPAL.NS,1.4307,2379.0856,-1.0,2.105192757406706,-365.01320026855456,6990.99462890625,3478.662353515625
2024-09-16,APOLLOHOSP / COLPAL,APOLLOHOSP.NS,COLPAL.NS,1.4307,2379.0856,-1.0,1.3533413280260234,-406.9598275390631,7003.14599609375,3516.474609375
2024-09-17,APOLLOHOSP / COLPAL,APOLLOHOSP.NS,COLPAL.NS,1.4307,2379.0856,-1.0,1.184121067560424,-410.12050307617164,6979.939453125,3502.46337890625
2024-09-18,APOLLOHOSP / COLPAL,APOLLOHOSP.NS,COLPAL.NS,1.4307,2379.0856,-1.0,1.6541837257685363,-362.1300618164064,7007.67724609375,3488.3076171875
2024-09-19,APOLLOHOSP / COLPAL,APOLLOHOSP.NS,COLPAL.NS,1.4307,2379.0856,-1.0,1.9043565959281163,-320.18134985351617,7002.05029296875,3455.05419921875
2024-09-20,APOLLOHOSP / COLPAL,APOLLOHOSP.NS,COLPAL.NS,1.4307,2379.0856,-1.0,1.3701107017998868,-350.5114312988285,7054.23974609375,3512.73193359375
2024-09-23,APOLLOHOSP / COLPAL,APOLLOHOSP.NS,COLPAL.NS,1.4307,2379.0856,-1.0,1.6958791388517036,-309.614104663086,7124.1083984375,3532.981689453125
2024-09-24,APOLLOHOSP / COLPAL,APOLLOHOSP.NS,COLPAL.NS,1.4307,2379.0856,-1.0,1.2211809950562396,-341.045682470703,7093.431640625,3533.50927734375
2024-09-25,APOLLOHOSP / COLPAL,APOLLOHOSP.NS,COLPAL.NS,1.4307,2379.0856,-1.0,1.282621165355821,-322.7760514892584,7104.8359375,3528.710693359375
2024-09-26,APOLLOHOSP / COLPAL,APOLLOHOSP.NS,COLPAL.NS,1.4307,2379.0856,-1.0,1.2141223889835093,-318.03376889648416,7139.0986328125,3549.34423828125
2024-09-27,APOLLOHOSP / COLPAL,APOLLOHOSP.NS,COLPAL.NS,1.4307,2379.0856,-1.0,0.8706101873568873,-342.2895295166013,7204.98291015625,3612.348388671875
2024-09-30,APOLLOHOSP / COLPAL,APOLLOHOSP.NS,COLPAL.NS,1.4307,2379.0856,0.0,-0.10646075545744098,-432.53901296386766,7170.27294921875,3651.168212890625
2024-10-01,APOLLOHOSP / COLPAL,APOLLOHOSP.NS,COLPAL.NS,1.4307,2379.0856,0.0,-0.8305490785062691,-499.6434569580083,7124.65625,3666.187255859375
2024-10-03,APOLLOHOSP / COLPAL,APOLLOHOSP.NS,COLPAL.NS,1.4307,2379.0856,1.0,-2.8761964552776798,-770.6979133544924,6878.24853515625,3683.414306640625
2024-10-04,APOLLOHOSP / COLPAL,APOLLOHOSP.NS,COLPAL.NS,1.4307,2379.0856,1.0,-2.350021634179726,-767.8901963378908,6746.4296875,3589.31591796875
2024-10-07,APOLLOHOSP / COLPAL,APOLLOHOSP.NS,COLPAL.NS,1.4307,2379.0856,1.0,-1.6961079173769693,-706.8260229492194,6745.9814453125,3546.3212890625
2024-10-08,APOLLOHOSP / COLPAL,APOLLOHOSP.NS,COLPAL.NS,1.4307,2379.0856,1.0,-1.071347771555445,-623.0813054931646,6896.5244140625,3593.010498046875
2024-10-09,APOLLOHOSP / COLPAL,APOLLOHOSP.NS,COLPAL.NS,1.4307,2379.0856,1.0,-0.27907858061614504,-496.1182914062506,6980.7861328125,3563.1640625
2024-10-10,APOLLOHOSP / COLPAL,APOLLOHOSP.NS,COLPAL.NS,1.4307,2379.0856,1.0,-0.005816604975666071,-451.71748388671904,6927.15185546875,3494.6416015625
2024-10-11,APOLLOHOSP / COLPAL,APOLLOHOSP.NS,COLPAL.NS,1.4307,2379.0856,1.0,-0.2732608201458504,-489.73066933593736,6955.38818359375,3540.947265625
2024-10-14,APOLLOHOSP / COLPAL,APOLLOHOSP.NS,COLPAL.NS,1.4307,2379.0856,0.0,1.7975846253862926,-151.3960901367186,7064.14990234375,3380.4853515625
2024-10-15,APOLLOHOSP / COLPAL,APOLLOHOSP.NS,COLPAL.NS,1.4307,2379.0856,-1.0,2.018024676203468,-62.296671362305005,7111.50927734375,3351.310791015625
2024-10-16,APOLLOHOSP / COLPAL,APOLLOHOSP.NS,COLPAL.NS,1.4307,2379.0856,-1.0,1.4468070742327404,-136.70602314453163,7042.935546875,3355.3896484375
2024-10-17,APOLLOHOSP / COLPAL,APOLLOHOSP.NS,COLPAL.NS,1.4307,2379.0856,-1.0,1.6915478347778798,-45.30483520507869,6961.2646484375,3234.41943359375
2024-10-18,APOLLOHOSP / COLPAL,APOLLOHOSP.NS,COLPAL.NS,1.4307,2379.0856,-1.0,1.3570264990897232,-86.96657043457026,6954.89013671875,3259.083740234375
2024-10-21,APOLLOHOSP / COLPAL,APOLLOHOSP.NS,COLPAL.NS,1.4307,2379.0856,-1.0,1.5627810241190485,-3.7761401855473196,6958.3759765625,3203.37353515625
2024-10-22,APOLLOHOSP / COLPAL,APOLLOHOSP.NS,COLPAL.NS,1.4307,2379.0856,-1.0,1.06131631299417,-100.86761811523456,6864.30517578125,3205.48486328125
2024-10-23,APOLLOHOSP / COLPAL,APOLLOHOSP.NS,COLPAL.NS,1.4307,2379.0856,-1.0,1.0926566473110866,-73.7701316406251,6879.04541015625,3196.84765625
2024-10-24,APOLLOHOSP / COLPAL,APOLLOHOSP.NS,COLPAL.NS,1.4307,2379.0856,-1.0,1.7025934692101903,136.0080068847651,6926.25537109375,3083.21923828125
2024-10-25,APOLLOHOSP / COLPAL,APOLLOHOSP.NS,COLPAL.NS,1.4307,2379.0856,-1.0,1.9814127308063219,305.9268641845706,6916.99267578125,2957.978759765625
2024-10-28,APOLLOHOSP / COLPAL,APOLLOHOSP.NS,COLPAL.NS,1.4307,2379.0856,-1.0,1.6054900077397203,256.3513671386713,6898.51708984375,2979.71630859375
2024-10-29,APOLLOHOSP / COLPAL,APOLLOHOSP.NS,COLPAL.NS,1.4307,2379.0856,-1.0,1.6202731626371434,332.8406520996091,6959.42236328125,2968.82373046875
2024-10-30,APOLLOHOSP / COLPAL,APOLLOHOSP.NS,COLPAL.NS,1.4307,2379.0856,-1.0,1.4391113397457755,331.13709675292966,6954.49169921875,2966.568115234375
2024-10-31,APOLLOHOSP / COLPAL,APOLLOHOSP.NS,COLPAL.NS,1.4307,2379.0856,-1.0,1.474209825979686,410.5137727050783,6994.53076171875,2939.07275390625
2024-11-01,APOLLOHOSP / COLPAL,APOLLOHOSP.NS,COLPAL.NS,1.4307,2379.0856,-1.0,1.3682366812324653,414.9211041015619,7003.74365234375,2942.431640625
2024-11-04,APOLLOHOSP / COLPAL,APOLLOHOSP.NS,COLPAL.NS,1.4307,2379.0856,-1.0,1.2929974164742233,421.09962211914035,6930.48828125,2886.91064453125
2024-11-05,APOLLOHOSP / COLPAL,APOLLOHOSP.NS,COLPAL.NS,1.4307,2379.0856,-1.0,1.2462458471286442,433.05066027832027,6938.3564453125,2884.056884765625
2024-11-06,APOLLOHOSP / COLPAL,APOLLOHOSP.NS,COLPAL.NS,1.4307,2379.0856,-1.0,1.208417444392807,445.4994798339844,6940.1494140625,2876.60888671875
2024-11-07,APOLLOHOSP / COLPAL,APOLLOHOSP.NS,COLPAL.NS,1.4307,2379.0856,-1.0,2.453845737104726,986.2180218261719,7395.06787109375,2816.63818359375
2024-11-08,APOLLOHOSP / COLPAL,APOLLOHOSP.NS,COLPAL.NS,1.4307,2379.0856,-1.0,2.239286877276595,1039.5888118408202,7391.630859375,2776.931884765625
2024-11-11,APOLLOHOSP / COLPAL,APOLLOHOSP.NS,COLPAL.NS,1.4307,2379.0856,-1.0,1.4221585932858434,772.2848462402344,7126.74853515625,2778.62451171875
2024-11-12,APOLLOHOSP / COLPAL,APOLLOHOSP.NS,COLPAL.NS,1.4307,2379.0856,-1.0,1.2395019985276399,752.2746749023436,6991.39306640625,2698.0029296875
2024-11-13,APOLLOHOSP / COLPAL,APOLLOHOSP.NS,COLPAL.NS,1.4307,2379.0856,-1.0,0.8100378728817155,628.7536950439453,6831.337890625,2672.467041015625
2024-11-14,APOLLOHOSP / COLPAL,APOLLOHOSP.NS,COLPAL.NS,1.4307,2379.0856,-1.0,0.9391543946982531,705.2059416748048,6833.13037109375,2620.282958984375
2024-11-18,APOLLOHOSP / COLPAL,APOLLOHOSP.NS,COLPAL.NS,1.4307,2379.0856,-1.0,0.3624412867982691,530.4708508056638,6714.85693359375,2659.747314453125
2024-11-19,APOLLOHOSP / COLPAL,APOLLOHOSP.NS,COLPAL.NS,1.4307,2379.0856,-1.0,0.19124502755748168,498.17918269042957,6660.0771484375,2644.029052734375
2024-11-21,APOLLOHOSP / COLPAL,APOLLOHOSP.NS,COLPAL.NS,1.4307,2379.0856,-1.0,0.4935039219934341,613.3396950195311,6715.45458984375,2602.2431640625
2024-11-22,APOLLOHOSP / COLPAL,APOLLOHOSP.NS,COLPAL.NS,1.4307,2379.0856,-1.0,0.9183343633324403,756.2467534912107,6907.28173828125,2636.436279296875
2024-11-25,APOLLOHOSP / COLPAL,APOLLOHOSP.NS,COLPAL.NS,1.4307,2379.0856,-1.0,0.8271842932676672,744.882193481445,7046.62060546875,2741.771728515625
2024-11-26,APOLLOHOSP / COLPAL,APOLLOHOSP.NS,COLPAL.NS,1.4307,2379.0856,-1.0,0.06167233473765376,583.0598290039061,7048.16455078125,2855.9580078125
2024-11-27,APOLLOHOSP / COLPAL,APOLLOHOSP.NS,COLPAL.NS,1.4307,2379.0856,0.0,-0.817514112639098,399.7044239990232,6954.69140625,2918.781982421875
2024-11-28,APOLLOHOSP / COLPAL,APOLLOHOSP.NS,COLPAL.NS,1.4307,2379.0856,0.0,-1.3896313473585835,281.36779392089875,6813.6591796875,2902.918701171875
2024-11-29,APOLLOHOSP / COLPAL,APOLLOHOSP.NS,COLPAL.NS,1.4307,2379.0856,0.0,-0.7539158689006937,423.3795911132811,6801.5078125,2795.1650390625
2024-12-02,APOLLOHOSP / COLPAL,APOLLOHOSP.NS,COLPAL.NS,1.4307,2379.0856,0.0,0.33608970913058167,662.5120467773436,7037.45751953125,2792.9404296875
2024-12-03,APOLLOHOSP / COLPAL,APOLLOHOSP.NS,COLPAL.NS,1.4307,2379.0856,0.0,0.5145515557552464,710.8401901367188,7097.96337890625,2801.4521484375
2024-12-04,APOLLOHOSP / COLPAL,APOLLOHOSP.NS,COLPAL.NS,1.4307,2379.0856,0.0,0.8292135437320685,789.2310542480468,7203.33984375,2820.31396484375
2024-12-05,APOLLOHOSP / COLPAL,APOLLOHOSP.NS,COLPAL.NS,1.4307,2379.0856,0.0,0.9624991036101616,833.8830253906249,7245.56982421875,2818.62109375
2024-12-06,APOLLOHOSP / COLPAL,APOLLOHOSP.NS,COLPAL.NS,1.4307,2379.0856,0.0,0.8576007694805162,830.2395986572265,7204.28564453125,2792.311767578125
2024-12-09,APOLLOHOSP / COLPAL,APOLLOHOSP.NS,COLPAL.NS,1.4307,2379.0856,0.0,1.1359218252068057,905.1868351318358,7164.994140625,2712.463623046875
2024-12-10,APOLLOHOSP / COLPAL,APOLLOHOSP.NS,COLPAL.NS,1.4307,2379.0856,0.0,1.2002811447351383,907.1726915039062,7229.18505859375,2755.9423828125
2024-12-11,APOLLOHOSP / COLPAL,APOLLOHOSP.NS,COLPAL.NS,1.4307,2379.0856,0.0,1.4115845121902033,927.9671915771482,7311.35400390625,2798.840576171875
2024-12-12,APOLLOHOSP / COLPAL,APOLLOHOSP.NS,COLPAL.NS,1.4307,2379.0856,0.0,1.108000257321598,884.8863099853515,7198.11083984375,2749.800048828125
2024-12-13,APOLLOHOSP / COLPAL,APOLLOHOSP.NS,COLPAL.NS,1.4307,2379.0856,0.0,0.9996615715913052,875.3824094970701,7230.33056640625,2778.963134765625
2024-12-16,APOLLOHOSP / COLPAL,APOLLOHOSP.NS,COLPAL.NS,1.4307,2379.0856,0.0,1.1846032168542908,932.0108358886719,7230.08203125,2739.20849609375
2024-12-17,APOLLOHOSP / COLPAL,APOLLOHOSP.NS,COLPAL.NS,1.4307,2379.0856,0.0,1.2665767710991527,971.3646067871091,7189.79443359375,2683.54248046875
2024-12-18,APOLLOHOSP / COLPAL,APOLLOHOSP.NS,COLPAL.NS,1.4307,2379.0856,0.0,1.215362621805478,987.0339030273435,7208.369140625,2685.5732421875
2024-12-19,APOLLOHOSP / COLPAL,APOLLOHOSP.NS,COLPAL.NS,1.4307,2379.0856,0.0,1.3380105346655695,1041.0608665771483,7268.27783203125,2689.684326171875
2024-12-20,APOLLOHOSP / COLPAL,APOLLOHOSP.NS,COLPAL.NS,1.4307,2379.0856,0.0,1.1899974280692962,1036.7036581054685,7222.6123046875,2660.8115234375
2024-12-23,APOLLOHOSP / COLPAL,APOLLOHOSP.NS,COLPAL.NS,1.4307,2379.0856,0.0,1.2792809227495059,1083.4704566162109,7235.95849609375,2637.451904296875
2024-12-24,APOLLOHOSP / COLPAL,APOLLOHOSP.NS,COLPAL.NS,1.4307,2379.0856,0.0,1.0376858804139857,1050.9978427246092,7210.958984375,2642.67529296875
2024-12-26,APOLLOHOSP / COLPAL,APOLLOHOSP.NS,COLPAL.NS,1.4307,2379.0856,0.0,1.0977146854414626,1089.9150978515622,7232.02392578125,2630.197265625
2024-12-27,APOLLOHOSP / COLPAL,APOLLOHOSP.NS,COLPAL.NS,1.4307,2379.0856,0.0,0.9258079179337746,1065.0911580322263,7217.2333984375,2637.210205078125
2024-12-30,APOLLOHOSP / COLPAL,APOLLOHOSP.NS,COLPAL.NS,1.4307,2379.0856,0.0,1.0690499730084295,1086.1319852050779,7284.91064453125,2669.80712890625
2024-12-31,APOLLOHOSP / COLPAL,APOLLOHOSP.NS,COLPAL.NS,1.4307,2379.0856,0.0,1.7456987439345715,1178.3222444335938,7267.0830078125,2592.9091796875
2025-01-01,APOLLOHOSP / COLPAL,APOLLOHOSP.NS,COLPAL.NS,1.4307,2379.0856,0.0,1.924178152664145,1222.1975009521484,7340.0888671875,2613.270263671875
2025-01-02,APOLLOHOSP / COLPAL,APOLLOHOSP.NS,COLPAL.NS,1.4307,2379.0856,0.0,1.4039973613501486,1164.8013759765622,7391.88037109375,2689.587890625
2025-01-03,APOLLOHOSP / COLPAL,APOLLOHOSP.NS,COLPAL.NS,1.4307,2379.0856,0.0,-0.15159560311900763,985.7420262695309,7269.0751953125,2728.9072265625
2025-01-06,APOLLOHOSP / COLPAL,APOLLOHOSP.NS,COLPAL.NS,1.4307,2379.0856,0.0,1.6525830706033882,1209.8432552734375,7399.349609375,2663.326171875
2025-01-07,APOLLOHOSP / COLPAL,APOLLOHOSP.NS,COLPAL.NS,1.4307,2379.0856,0.0,1.6519233159102629,1228.4847267578125,7406.919921875,2655.587890625
2025-01-08,APOLLOHOSP / COLPAL,APOLLOHOSP.NS,COLPAL.NS,1.4307,2379.0856,0.0,-1.4101269109430798,874.2581936035153,7113.9990234375,2698.43798828125
2025-01-09,APOLLOHOSP / COLPAL,APOLLOHOSP.NS,COLPAL.NS,1.4307,2379.0856,1.0,-2.5057156333203636,683.7993670898436,7063.10400390625,2795.9873046875
2025-01-10,APOLLOHOSP / COLPAL,APOLLOHOSP.NS,COLPAL.NS,1.4307,2379.0856,1.0,-2.003997800927288,712.113752832031,7008.5244140625,2738.0478515625
2025-01-13,APOLLOHOSP / COLPAL,APOLLOHOSP.NS,COLPAL.NS,1.4307,2379.0856,1.0,-2.2006738743715024,624.5958583496094,6812.1650390625,2661.97216796875
2025-01-14,APOLLOHOSP / COLPAL,APOLLOHOSP.NS,COLPAL.NS,1.4307,2379.0856,1.0,-2.2358013712011253,546.0036262939452,6679.94775390625,2624.490478515625
2025-01-15,APOLLOHOSP / COLPAL,APOLLOHOSP.NS,COLPAL.NS,1.4307,2379.0856,1.0,-1.7391706321103302,598.2502098876953,6665.00732421875,2577.529541015625
2025-01-16,APOLLOHOSP / COLPAL,APOLLOHOSP.NS,COLPAL.NS,1.4307,2379.0856,1.0,-1.113941177863937,712.5409531738278,6762.4150390625,2565.72900390625
2025-01-17,APOLLOHOSP / COLPAL,APOLLOHOSP.NS,COLPAL.NS,1.4307,2379.0856,1.0,-1.0446948460504126,707.7984895019531,6800.7109375,2595.81103515625
2025-01-20,APOLLOHOSP / COLPAL,APOLLOHOSP.NS,COLPAL.NS,1.4307,2379.0856,1.0,-1.263185560119111,626.2109174804687,6753.65087890625,2619.9443359375
2025-01-21,APOLLOHOSP / COLPAL,APOLLOHOSP.NS,COLPAL.NS,1.4307,2379.0856,1.0,-0.7531714890370044,731.7805145263669,6891.3955078125,2642.433349609375
2025-01-22,APOLLOHOSP / COLPAL,APOLLOHOSP.NS,COLPAL.NS,1.4307,2379.0856,1.0,-0.9907045623411617,650.6957068359375,6865.25048828125,2680.833984375
2025-01-23,APOLLOHOSP / COLPAL,APOLLOHOSP.NS,COLPAL.NS,1.4307,2379.0856,1.0,-0.6288361472348245,723.6491277343748,6893.08935546875,2649.30078125
2025-01-24,APOLLOHOSP / COLPAL,APOLLOHOSP.NS,COLPAL.NS,1.4307,2379.0856,1.0,-1.2782597316140718,530.6319510742187,6717.99365234375,2661.8271484375
2025-01-27,APOLLOHOSP / COLPAL,APOLLOHOSP.NS,COLPAL.NS,1.4307,2379.0856,1.0,-1.1202784260034786,541.1537885742187,6668.59375,2619.9443359375
2025-01-28,APOLLOHOSP / COLPAL,APOLLOHOSP.NS,COLPAL.NS,1.4307,2379.0856,1.0,-0.8245283449701927,595.0088306396483,6682.03955078125,2591.699951171875
2025-01-29,APOLLOHOSP / COLPAL,APOLLOHOSP.NS,COLPAL.NS,1.4307,2379.0856,1.0,-0.7395677261460044,597.4022726806638,6757.08642578125,2642.481689453125
2025-01-30,APOLLOHOSP / COLPAL,APOLLOHOSP.NS,COLPAL.NS,1.4307,2379.0856,1.0,-0.7333834887749862,583.0662692626952,6797.27490234375,2680.592041015625
2025-01-31,APOLLOHOSP / COLPAL,APOLLOHOSP.NS,COLPAL.NS,1.4307,2379.0856,1.0,-1.04768674891633,499.4331634033201,6783.181640625,2729.197509765625
2025-02-01,APOLLOHOSP / COLPAL,APOLLOHOSP.NS,COLPAL.NS,1.4307,2379.0856,1.0,-1.295198884651585,423.2837331787109,6813.6591796875,2803.725341796875
2025-02-03,APOLLOHOSP / COLPAL,APOLLOHOSP.NS,COLPAL.NS,1.4307,2379.0856,1.0,-0.5302846366346134,567.9644436035155,6771.37890625,2673.04736328125
2025-02-04,APOLLOHOSP / COLPAL,APOLLOHOSP.NS,COLPAL.NS,1.4307,2379.0856,1.0,-0.030361399982909057,623.3303688964843,6764.955078125,2629.85888671875
2025-02-05,APOLLOHOSP / COLPAL,APOLLOHOSP.NS,COLPAL.NS,1.4307,2379.0856,0.0,1.9271112931694099,796.4112895996091,6916.79345703125,2615.01123046875
2025-02-06,APOLLOHOSP / COLPAL,APOLLOHOSP.NS,COLPAL.NS,1.4307,2379.0856,0.0,1.5794831536679153,778.0506533447265,6846.67578125,2578.835205078125
2025-02-07,APOLLOHOSP / COLPAL,APOLLOHOSP.NS,COLPAL.NS,1.4307,2379.0856,0.0,1.410486053931907,769.2770018798828,6763.3115234375,2526.699462890625
2025-02-10,APOLLOHOSP / COLPAL,APOLLOHOSP.NS,COLPAL.NS,1.4307,2379.0856,0.0,1.420570007461721,786.0388561767577,6734.12890625,2494.586181640625
2025-02-11,APOLLOHOSP / COLPAL,APOLLOHOSP.NS,COLPAL.NS,1.4307,2379.0856,1.0,-2.1069676084477935,383.3603701416014,6292.009765625,2467.018798828125
2025-02-12,APOLLOHOSP / COLPAL,APOLLOHOSP.NS,COLPAL.NS,1.4307,2379.0856,1.0,-1.2637304182863627,469.5304866455076,6348.98046875,2446.609619140625
2025-02-13,APOLLOHOSP / COLPAL,APOLLOHOSP.NS,COLPAL.NS,1.4307,2379.0856,1.0,-0.6056752911132126,541.9877521240232,6346.6396484375,2394.328857421875
2025-02-14,APOLLOHOSP / COLPAL,APOLLOHOSP.NS,COLPAL.NS,1.4307,2379.0856,1.0,-1.3017120561715563,439.70367229003887,6254.18115234375,2401.196533203125
2025-02-17,APOLLOHOSP / COLPAL,APOLLOHOSP.NS,COLPAL.NS,1.4307,2379.0856,1.0,-0.7824694463013191,497.0737764404298,6283.80419921875,2381.802490234375
2025-02-18,APOLLOHOSP / COLPAL,APOLLOHOSP.NS,COLPAL.NS,1.4307,2379.0856,0.0,0.0064141986479113264,590.6836394531251,6360.25439453125,2369.80859375
2025-02-19,APOLLOHOSP / COLPAL,APOLLOHOSP.NS,COLPAL.NS,1.4307,2379.0856,0.0,0.27177007595012814,621.902916455078,6405.93505859375,2379.91650390625
2025-02-20,APOLLOHOSP / COLPAL,APOLLOHOSP.NS,COLPAL.NS,1.4307,2379.0856,0.0,-0.16888995572233984,560.6701698242186,6374.3173828125,2400.6162109375
2025-02-21,APOLLOHOSP / COLPAL,APOLLOHOSP.NS,COLPAL.NS,1.4307,2379.0856,0.0,-0.5099881144677935,519.4287378662107,6301.1083984375,2378.272216796875
2025-02-24,APOLLOHOSP / COLPAL,APOLLOHOSP.NS,COLPAL.NS,1.4307,2379.0856,0.0,-1.178226736927544,429.4407282714842,6235.13037109375,2395.05419921875
2025-02-25,APOLLOHOSP / COLPAL,APOLLOHOSP.NS,COLPAL.NS,1.4307,2379.0856,0.0,-1.4893739039099458,368.6390556640622,6235.0810546875,2437.517578125
2025-02-27,APOLLOHOSP / COLPAL,APOLLOHOSP.NS,COLPAL.NS,1.4307,2379.0856,0.0,-1.5494867178753995,334.42075200195313,6169.10302734375,2415.31884765625
2025-02-28,APOLLOHOSP / COLPAL,APOLLOHOSP.NS,COLPAL.NS,1.4307,2379.0856,0.0,-1.863829781701319,247.07259416503894,6036.84814453125,2383.930908203125
2025-03-03,APOLLOHOSP / COLPAL,APOLLOHOSP.NS,COLPAL.NS,1.4307,2379.0856,0.0,-0.7895281789807763,407.11271750488277,6154.54150390625,2354.332275390625
2025-03-04,APOLLOHOSP / COLPAL,APOLLOHOSP.NS,COLPAL.NS,1.4307,2379.0856,0.0,-0.3139810178278071,485.2991215576171,6172.04541015625,2311.917724609375
2025-03-05,APOLLOHOSP / COLPAL,APOLLOHOSP.NS,COLPAL.NS,1.4307,2379.0856,0.0,-0.2933039356821439,484.49551074218743,6198.22705078125,2330.779296875
2025-03-06,APOLLOHOSP / COLPAL,APOLLOHOSP.NS,COLPAL.NS,1.4307,2379.0856,0.0,-0.24791951444916344,485.2947589111327,6257.77197265625,2371.840087890625
2025-03-07,APOLLOHOSP / COLPAL,APOLLOHOSP.NS,COLPAL.NS,1.4307,2379.0856,0.0,-0.7502555335834404,396.9318386718751,6199.9228515625,2393.16796875
2025-03-10,APOLLOHOSP / COLPAL,APOLLOHOSP.NS,COLPAL.NS,1.4307,2379.0856,0.0,-0.8235732225023937,377.24110915527353,6133.595703125,2360.571044921875
2025-03-11,APOLLOHOSP / COLPAL,APOLLOHOSP.NS,COLPAL.NS,1.4307,2379.0856,0.0,-1.0796887709716643,337.638791796875,6118.833984375,2377.93359375
2025-03-12,APOLLOHOSP / COLPAL,APOLLOHOSP.NS,COLPAL.NS,1.4307,2379.0856,0.0,-0.6788073477621769,382.40828637695313,6127.76123046875,2352.88134765625
2025-03-13,APOLLOHOSP / COLPAL,APOLLOHOSP.NS,COLPAL.NS,1.4307,2379.0856,0.0,-0.769402787840302,373.19162531738266,6089.759765625,2332.761962890625
2025-03-17,APOLLOHOSP / COLPAL,APOLLOHOSP.NS,COLPAL.NS,1.4307,2379.0856,0.0,0.19390657476200118,463.08429821777327,6140.62744140625,2305.485107421875
2025-03-18,APOLLOHOSP / COLPAL,APOLLOHOSP.NS,COLPAL.NS,1.4307,2379.0856,0.0,0.24059439251913084,463.08429821777327,6140.62744140625,2305.485107421875
2025-03-19,APOLLOHOSP / COLPAL,APOLLOHOSP.NS,COLPAL.NS,1.4307,2379.0856,-1.0,2.2435941619610147,691.2781575439453,6410.822265625,2334.842041015625
2025-03-20,APOLLOHOSP / COLPAL,APOLLOHOSP.NS,COLPAL.NS,1.4307,2379.0856,-1.0,2.1897702985991794,731.7983623779296,6457.50048828125,2339.146240234375
2025-03-21,APOLLOHOSP / COLPAL,APOLLOHOSP.NS,COLPAL.NS,1.4307,2379.0856,-1.0,2.7241239128374684,892.4436386230468,6594.34326171875,2322.50927734375
2025-03-24,APOLLOHOSP / COLPAL,APOLLOHOSP.NS,COLPAL.NS,1.4307,2379.0856,-1.0,2.173473205062777,861.8095839355469,6598.58251953125,2346.88427734375
2025-03-25,APOLLOHOSP / COLPAL,APOLLOHOSP.NS,COLPAL.NS,1.4307,2379.0856,-1.0,2.2533017925143985,956.9218773681641,6627.4072265625,2300.552001953125
2025-03-26,APOLLOHOSP / COLPAL,APOLLOHOSP.NS,COLPAL.NS,1.4307,2379.0856,-1.0,1.3811305075043512,812.3502037841795,6502.83251953125,2314.529052734375
2025-03-27,APOLLOHOSP / COLPAL,APOLLOHOSP.NS,COLPAL.NS,1.4307,2379.0856,-1.0,1.1258553976135801,782.6649493408204,6475.154296875,2315.931884765625
2025-03-28,APOLLOHOSP / COLPAL,APOLLOHOSP.NS,COLPAL.NS,1.4307,2379.0856,-1.0,1.5317720648983075,912.719624707031,6598.9814453125,2311.5791015625
2025-04-01,APOLLOHOSP / COLPAL,APOLLOHOSP.NS,COLPAL.NS,1.4307,2379.0856,-1.0,1.6282974886100023,983.1634022460935,6615.0390625,2273.5654296875
2025-04-02,APOLLOHOSP / COLPAL,APOLLOHOSP.NS,COLPAL.NS,1.4307,2379.0856,-1.0,1.7528820938922776,1063.2412357177732,6714.62939453125,2287.203857421875
2025-04-03,APOLLOHOSP / COLPAL,APOLLOHOSP.NS,COLPAL.NS,1.4307,2379.0856,-1.0,1.1310717021272474,939.9796136718751,6653.98779296875,2330.97265625
2025-04-04,APOLLOHOSP / COLPAL,APOLLOHOSP.NS,COLPAL.NS,1.4307,2379.0856,-1.0,1.114686965682664,964.3844352294923,6697.0751953125,2344.031005859375
2025-04-07,APOLLOHOSP / COLPAL,APOLLOHOSP.NS,COLPAL.NS,1.4307,2379.0856,-1.0,1.074028947862516,981.7902690917967,6665.90673828125,2310.07958984375
2025-04-08,APOLLOHOSP / COLPAL,APOLLOHOSP.NS,COLPAL.NS,1.4307,2379.0856,-1.0,0.9784171643710793,982.424718676758,6738.0185546875,2360.039306640625
2025-04-09,APOLLOHOSP / COLPAL,APOLLOHOSP.NS,COLPAL.NS,1.4307,2379.0856,-1.0,0.8332308603667636,966.3405236572266,6816.314453125,2426.007080078125
2025-04-11,APOLLOHOSP / COLPAL,APOLLOHOSP.NS,COLPAL.NS,1.4307,2379.0856,-1.0,0.6394373210798213,936.0939104980466,6763.302734375,2410.09521484375
2025-04-15,APOLLOHOSP / COLPAL,APOLLOHOSP.NS,COLPAL.NS,1.4307,2379.0856,-1.0,0.9670101491995071,1029.3064635498044,6887.02978515625,2431.423583984375
2025-04-16,APOLLOHOSP / COLPAL,APOLLOHOSP.NS,COLPAL.NS,1.4307,2379.0856,-1.0,1.1226972581470909,1077.096246118164,6987.2685546875,2468.083251953125
2025-04-17,APOLLOHOSP / COLPAL,APOLLOHOSP.NS,COLPAL.NS,1.4307,2379.0856,-1.0,1.309722108473935,1118.7643649414063,7055.09130859375,2486.3642578125
2025-04-21,APOLLOHOSP / COLPAL,APOLLOHOSP.NS,COLPAL.NS,1.4307,2379.0856,-1.0,1.839856987961951,1224.2571929931642,7123.91162109375,2460.731689453125
2025-04-22,APOLLOHOSP / COLPAL,APOLLOHOSP.NS,COLPAL.NS,1.4307,2379.0856,-1.0,0.49707318248470345,1011.5289918945314,7070.05224609375,2571.7744140625
2025-04-23,APOLLOHOSP / COLPAL,APOLLOHOSP.NS,COLPAL.NS,1.4307,2379.0856,-1.0,0.5247693705939463,1023.6506726806638,7123.4130859375,2600.598876953125
2025-04-24,APOLLOHOSP / COLPAL,APOLLOHOSP.NS,COLPAL.NS,1.4307,2379.0856,-1.0,0.047841200064535835,981.0452030517577,7140.86767578125,2642.578369140625
2025-04-25,APOLLOHOSP / COLPAL,APOLLOHOSP.NS,COLPAL.NS,1.4307,2379.0856,0.0,-1.1440182753382906,858.944874707031,6934.90478515625,2583.9619140625
2025-04-28,APOLLOHOSP / COLPAL,APOLLOHOSP.NS,COLPAL.NS,1.4307,2379.0856,0.0,-0.5941663278434073,918.737576196289,7026.6650390625,2606.305908203125
2025-04-29,APOLLOHOSP / COLPAL,APOLLOHOSP.NS,COLPAL.NS,1.4307,2379.0856,0.0,-0.40805691548327766,935.9837871826171,6974.30224609375,2557.652099609375
2025-04-30,APOLLOHOSP / COLPAL,APOLLOHOSP.NS,COLPAL.NS,1.4307,2379.0856,0.0,0.15082021520343328,999.1274482910158,6958.84228515625,2502.71142578125
2025-05-02,APOLLOHOSP / COLPAL,APOLLOHOSP.NS,COLPAL.NS,1.4307,2379.0856,0.0,0.27871813556600283,1018.6183184082029,6909.9697265625,2454.92822265625
2025-05-05,APOLLOHOSP / COLPAL,APOLLOHOSP.NS,COLPAL.NS,1.4307,2379.0856,0.0,-0.6263430398133089,949.6371614990235,6955.85009765625,2535.211669921875
2025-05-06,APOLLOHOSP / COLPAL,APOLLOHOSP.NS,COLPAL.NS,1.4307,2379.0856,0.0,-0.18459520195506623,983.9929236816406,6990.7587890625,2535.59814453125
2025-05-07,APOLLOHOSP / COLPAL,APOLLOHOSP.NS,COLPAL.NS,1.4307,2379.0856,0.0,-0.6855886543593526,939.516533618164,6964.82666015625,2548.559814453125
2025-05-08,APOLLOHOSP / COLPAL,APOLLOHOSP.NS,COLPAL.NS,1.4307,2379.0856,0.0,-0.8594067148931942,924.8805316162106,6833.6689453125,2467.115966796875
2025-05-09,APOLLOHOSP / COLPAL,APOLLOHOSP.NS,COLPAL.NS,1.4307,2379.0856,1.0,-2.118451870821715,795.8569521728514,6704.50634765625,2467.018798828125
2025-05-12,APOLLOHOSP / COLPAL,APOLLOHOSP.NS,COLPAL.NS,1.4307,2379.0856,1.0,-0.730882164456697,914.7704938720703,6907.97509765625,2526.119384765625
2025-05-13,APOLLOHOSP / COLPAL,APOLLOHOSP.NS,COLPAL.NS,1.4307,2379.0856,1.0,-0.5931718064691436,923.8682799804687,6899.49755859375,2513.8349609375
2025-05-14,APOLLOHOSP / COLPAL,APOLLOHOSP.NS,COLPAL.NS,1.4307,2379.0856,1.0,-0.7016252233395569,910.553848168945,6898.49951171875,2522.443603515625
2025-05-15,APOLLOHOSP / COLPAL,APOLLOHOSP.NS,COLPAL.NS,1.4307,2379.0856,0.0,0.24182225737434315,1000.2761575195314,7054.09375,2568.4853515625
2025-05-16,APOLLOHOSP / COLPAL,APOLLOHOSP.NS,COLPAL.NS,1.4307,2379.0856,0.0,-0.8241904129784222,895.4590245849608,6996.74365234375,2601.662841796875
2025-05-19,APOLLOHOSP / COLPAL,APOLLOHOSP.NS,COLPAL.NS,1.4307,2379.0856,0.0,-1.426211276884865,824.8961439697264,6956.34912109375,2622.749267578125
2025-05-20,APOLLOHOSP / COLPAL,APOLLOHOSP.NS,COLPAL.NS,1.4307,2379.0856,0.0,-0.8110240322490587,876.1746943847656,6894.01171875,2543.33642578125
2025-05-21,APOLLOHOSP / COLPAL,APOLLOHOSP.NS,COLPAL.NS,1.4307,2379.0856,0.0,-0.42249928702035755,906.6090171142578,6965.82421875,2572.258056640625
2025-05-22,APOLLOHOSP / COLPAL,APOLLOHOSP.NS,COLPAL.NS,1.4307,2379.0856,-1.0,2.449952233975158,1115.4883924804685,6936.40087890625,2405.6943359375
2025-05-23,APOLLOHOSP / COLPAL,APOLLOHOSP.NS,COLPAL.NS,1.4307,2379.0856,-1.0,2.998363374954746,1235.858459765625,7046.11474609375,2398.24609375
2025-05-26,APOLLOHOSP / COLPAL,APOLLOHOSP.NS,COLPAL.NS,1.4307,2379.0856,-1.0,2.340456501895884,1225.0137291015626,7078.03173828125,2428.134765625
2025-05-27,APOLLOHOSP / COLPAL,APOLLOHOSP.NS,COLPAL.NS,1.4307,2379.0856,-1.0,1.8207134866933714,1198.1982540527342,7055.09130859375,2430.84326171875
2025-05-28,APOLLOHOSP / COLPAL,APOLLOHOSP.NS,COLPAL.NS,1.4307,2379.0856,-1.0,0.5739821646233509,1052.5455875244138,6938.39599609375,2451.083251953125
2025-05-29,APOLLOHOSP / COLPAL,APOLLOHOSP.NS,COLPAL.NS,1.4307,2379.0856,-1.0,0.4841283783668744,1046.9710733642578,6904.98291015625,2431.625244140625
2025-05-30,APOLLOHOSP / COLPAL,APOLLOHOSP.NS,COLPAL.NS,1.4307,2379.0856,-1.0,0.47049437657474963,1047.9470736328126,6862.59326171875,2401.314453125
2025-06-02,APOLLOHOSP / COLPAL,APOLLOHOSP.NS,COLPAL.NS,1.4307,2379.0856,-1.0,0.5267964514740732,1057.1165771240235,6897.50244140625,2419.305419921875
2025-06-03,APOLLOHOSP / COLPAL,APOLLOHOSP.NS,COLPAL.NS,1.4307,2379.0856,0.0,-0.3120770721161964,953.1254458984372,6794.7705078125,2420.185546875
2025-06-04,APOLLOHOSP / COLPAL,APOLLOHOSP.NS,COLPAL.NS,1.4307,2379.0856,0.0,-0.04906098892729212,985.8622711425783,6837.15966796875,2426.93212890625
2025-06-05,APOLLOHOSP / COLPAL,APOLLOHOSP.NS,COLPAL.NS,1.4307,2379.0856,0.0,0.40423594419795533,1047.2360359863283,6858.10498046875,2398.67431640625
2025-06-06,APOLLOHOSP / COLPAL,APOLLOHOSP.NS,COLPAL.NS,1.4307,2379.0856,0.0,1.0652598827272415,1142.520189160156,6924.43212890625,2378.4345703125
2025-06-09,APOLLOHOSP / COLPAL,APOLLOHOSP.NS,COLPAL.NS,1.4307,2379.0856,0.0,0.7070096775963857,1106.168139916992,6913.95947265625,2396.523193359375
2025-06-10,APOLLOHOSP / COLPAL,APOLLOHOSP.NS,COLPAL.NS,1.4307,2379.0856,0.0,0.5422329957825932,1094.2422766845702,6900.49462890625,2395.447509765625
2025-06-11,APOLLOHOSP / COLPAL,APOLLOHOSP.NS,COLPAL.NS,1.4307,2379.0856,0.0,0.753975295042182,1128.1189564208985,6909.4716796875,2378.043701171875
2025-06-12,APOLLOHOSP / COLPAL,APOLLOHOSP.NS,COLPAL.NS,1.4307,2379.0856,0.0,1.482330028740985,1232.8910561035154,6978.29150390625,2352.91455078125
2025-06-13,APOLLOHOSP / COLPAL,APOLLOHOSP.NS,COLPAL.NS,1.4307,2379.0856,0.0,1.6453666680355332,1280.1375165039062,6976.296875,2318.4970703125
2025-06-16,APOLLOHOSP / COLPAL,APOLLOHOSP.NS,COLPAL.NS,1.4307,2379.0856,-1.0,2.0736775243902454,1379.4625950439454,7095.48583984375,2332.381103515625
2025-06-17,APOLLOHOSP / COLPAL,APOLLOHOSP.NS,COLPAL.NS,1.4307,2379.0856,-1.0,1.258199610902646,1276.9983399658204,6988.265625,2329.056884765625
2025-06-18,APOLLOHOSP / COLPAL,APOLLOHOSP.NS,COLPAL.NS,1.4307,2379.0856,-1.0,0.44738712527966723,1181.2460847412108,6915.45556640625,2345.092529296875
2025-06-19,APOLLOHOSP / COLPAL,APOLLOHOSP.NS,COLPAL.NS,1.4307,2379.0856,-1.0,1.0040971889345935,1255.2299167236329,6991.2578125,2346.363525390625
2025-06-20,APOLLOHOSP / COLPAL,APOLLOHOSP.NS,COLPAL.NS,1.4307,2379.0856,-1.0,1.3169549294641543,1305.451764916992,7045.1171875,2348.906005859375
2025-06-23,APOLLOHOSP / COLPAL,APOLLOHOSP.NS,COLPAL.NS,1.4307,2379.0856,-1.0,0.7382433319507097,1239.1059384521482,6989.2626953125,2356.239013671875
2025-06-24,APOLLOHOSP / COLPAL,APOLLOHOSP.NS,COLPAL.NS,1.4307,2379.0856,-1.0,0.5476988909128198,1216.6261282714845,6987.7666015625,2370.90576171875
2025-06-25,APOLLOHOSP / COLPAL,APOLLOHOSP.NS,COLPAL.NS,1.4307,2379.0856,-1.0,0.880610621184357,1259.5274386962888,7023.67333984375,2366.016845703125
2025-06-26,APOLLOHOSP / COLPAL,APOLLOHOSP.NS,COLPAL.NS,1.4307,2379.0856,-1.0,1.6803990312487391,1380.5646052001953,7083.0185546875,2322.896728515625
2025-06-27,APOLLOHOSP / COLPAL,APOLLOHOSP.NS,COLPAL.NS,1.4307,2379.0856,-1.0,2.5732799999404805,1581.9891014648438,7289.4794921875,2326.4169921875
2025-06-30,APOLLOHOSP / COLPAL,APOLLOHOSP.NS,COLPAL.NS,1.4307,2379.0856,-1.0,1.6478818235297927,1476.772969482422,7223.15283203125,2353.59912109375
2025-07-01,APOLLOHOSP / COLPAL,APOLLOHOSP.NS,COLPAL.NS,1.4307,2379.0856,-1.0,2.5398045400054925,1726.4750084472657,7476.49169921875,2356.14111328125
2025-07-02,APOLLOHOSP / COLPAL,APOLLOHOSP.NS,COLPAL.NS,1.4307,2379.0856,-1.0,1.8376940580705805,1636.784930932617,7421.634765625,2380.488037109375
2025-07-03,APOLLOHOSP / COLPAL,APOLLOHOSP.NS,COLPAL.NS,1.4307,2379.0856,-1.0,2.080007466208239,1745.4948048583979,7545.3125,2390.949951171875
2025-07-04,APOLLOHOSP / COLPAL,APOLLOHOSP.NS,COLPAL.NS,1.4307,2379.0856,-1.0,1.778289427418794,1732.0661098144524,7533.84228515625,2392.31884765625
2025-07-07,APOLLOHOSP / COLPAL,APOLLOHOSP.NS,COLPAL.NS,1.4307,2379.0856,-1.0,1.7071944350296404,1768.243847998047,7596.17919921875,2410.60302734375
2025-07-08,APOLLOHOSP / COLPAL,APOLLOHOSP.NS,COLPAL.NS,1.4307,2379.0856,-1.0,1.416950872686847,1737.5211672607425,7545.3125,2396.523193359375
2025-07-09,APOLLOHOSP / COLPAL,APOLLOHOSP.NS,COLPAL.NS,1.4307,2379.0856,-1.0,0.9852083630862181,1659.1165193115235,7449.56201171875,2384.399169921875
2025-07-10,APOLLOHOSP / COLPAL,APOLLOHOSP.NS,COLPAL.NS,1.4307,2379.0856,-1.0,0.5941375726348644,1587.592841381836,7339.84814453125,2357.705810546875
2025-07-11,APOLLOHOSP / COLPAL,APOLLOHOSP.NS,COLPAL.NS,1.4307,2379.0856,0.0,-0.016198023723366116,1467.7756862304686,7170.78955078125,2323.2880859375
2025-07-14,APOLLOHOSP / COLPAL,APOLLOHOSP.NS,COLPAL.NS,1.4307,2379.0856,0.0,0.06867861263903322,1495.3982675292968,7201.2099609375,2325.24365234375
2025-07-15,APOLLOHOSP / COLPAL,APOLLOHOSP.NS,COLPAL.NS,1.4307,2379.0856,0.0,0.5338547681787819,1600.8401656249998,7341.34423828125,2349.4921875
2025-07-16,APOLLOHOSP / COLPAL,APOLLOHOSP.NS,COLPAL.NS,1.4307,2379.0856,0.0,0.5800795617747188,1624.3362124267578,7333.365234375,2327.492431640625
2025-07-17,APOLLOHOSP / COLPAL,APOLLOHOSP.NS,COLPAL.NS,1.4307,2379.0856,0.0,0.37356369448429916,1597.7206895751951,7331.37060546875,2344.701416015625
2025-07-18,APOLLOHOSP / COLPAL,APOLLOHOSP.NS,COLPAL.NS,1.4307,2379.0856,0.0,0.07723149009906291,1556.1586347167968,7284.49267578125,2340.98583984375
2025-07-21,APOLLOHOSP / COLPAL,APOLLOHOSP.NS,COLPAL.NS,1.4307,2379.0856,0.0,-0.25235478541580897,1510.364176147461,7235.62060546875,2338.834716796875
2025-07-22,APOLLOHOSP / COLPAL,APOLLOHOSP.NS,COLPAL.NS,1.4307,2379.0856,0.0,-0.304603309070966,1519.8709396728514,7227.64111328125,2326.612548828125
2025-07-23,APOLLOHOSP / COLPAL,APOLLOHOSP.NS,COLPAL.NS,1.4307,2379.0856,0.0,1.3801898470901313,1778.3165762939448,7354.31005859375,2234.506103515625
2025-07-24,APOLLOHOSP / COLPAL,APOLLOHOSP.NS,COLPAL.NS,1.4307,2379.0856,0.0,1.5652467062136126,1804.4350747314452,7344.3369140625,2209.279541015625
2025-07-25,APOLLOHOSP / COLPAL,APOLLOHOSP.NS,COLPAL.NS,1.4307,2379.0856,-1.0,2.5085015314435473,1970.153607739258,7449.0634765625,2166.648681640625
2025-07-28,APOLLOHOSP / COLPAL,APOLLOHOSP.NS,COLPAL.NS,1.4307,2379.0856,-1.0,1.5480903525223557,1872.5736234375004,7337.35498046875,2156.7734375
2025-07-29,APOLLOHOSP / COLPAL,APOLLOHOSP.NS,COLPAL.NS,1.4307,2379.0856,-1.0,1.901604650534311,1958.9450319335942,7436.595703125,2165.7685546875
2025-07-30,APOLLOHOSP / COLPAL,APOLLOHOSP.NS,COLPAL.NS,1.4307,2379.0856,-1.0,1.490986895732251,1922.0444734130856,7430.611328125,2187.377685546875
2025-07-31,APOLLOHOSP / COLPAL,APOLLOHOSP.NS,COLPAL.NS,1.4307,2379.0856,-1.0,1.5300295603963296,1958.4487243896479,7478.486328125,2195.395263671875
2025-08-01,APOLLOHOSP / COLPAL,APOLLOHOSP.NS,COLPAL.NS,1.4307,2379.0856,-1.0,0.5118254953601832,1794.564033447265,7332.36767578125,2207.81298828125
2025-08-04,APOLLOHOSP / COLPAL,APOLLOHOSP.NS,COLPAL.NS,1.4307,2379.0856,-1.0,0.27307952150085024,1756.4931895263676,7288.98095703125,2204.097412109375
2025-08-05,APOLLOHOSP / COLPAL,APOLLOHOSP.NS,COLPAL.NS,1.4307,2379.0856,-1.0,0.2724170357758317,1755.7358047363282,7255.06982421875,2180.92431640625
2025-08-06,APOLLOHOSP / COLPAL,APOLLOHOSP.NS,COLPAL.NS,1.4307,2379.0856,0.0,-0.30470191683998565,1656.7671044433591,7170.78955078125,2191.19091796875
2025-08-07,APOLLOHOSP / COLPAL,APOLLOHOSP.NS,COLPAL.NS,1.4307,2379.0856,0.0,-0.40975334074392583,1638.2969511474607,7151.34033203125,2190.506591796875
2025-08-08,APOLLOHOSP / COLPAL,APOLLOHOSP.NS,COLPAL.NS,1.4307,2379.0856,0.0,-0.6520275366407784,1599.0435784667966,7066.0625,2158.33740234375
2025-08-11,APOLLOHOSP / COLPAL,APOLLOHOSP.NS,COLPAL.NS,1.4307,2379.0856,0.0,0.2905270356093341,1766.0949047607423,7240.1083984375,2163.226318359375
2025-08-12,APOLLOHOSP / COLPAL,APOLLOHOSP.NS,COLPAL.NS,1.4307,2379.0856,0.0,0.17269120276337357,1758.761075756836,7217.6669921875,2152.666748046875
2025-08-13,APOLLOHOSP / COLPAL,APOLLOHOSP.NS,COLPAL.NS,1.4307,2379.0856,-1.0,3.0156113570323457,2371.0996729980475,7788.17822265625,2123.43115234375
2025-08-14,APOLLOHOSP / COLPAL,APOLLOHOSP.NS,COLPAL.NS,1.4307,2379.0856,-1.0,2.5058910393404847,2408.8265923339845,7801.14453125,2106.12451171875
2025-08-18,APOLLOHOSP / COLPAL,APOLLOHOSP.NS,COLPAL.NS,1.4307,2379.0856,-1.0,1.814565101477496,2310.502274365234,7802.14208984375,2175.54638671875
2025-08-19,APOLLOHOSP / COLPAL,APOLLOHOSP.NS,COLPAL.NS,1.4307,2379.0856,-1.0,1.4315444388753809,2253.640800073242,7813.12744140625,2222.968505859375
2025-08-20,APOLLOHOSP / COLPAL,APOLLOHOSP.NS,COLPAL.NS,1.4307,2379.0856,-1.0,1.1145250906679116,2196.952848803711,7872.54833984375,2304.123779296875
2025-08-21,APOLLOHOSP / COLPAL,APOLLOHOSP.NS,COLPAL.NS,1.4307,2379.0856,-1.0,1.2068849716309946,2248.7887181884767,7915.99072265625,2298.257080078125
2025-08-22,APOLLOHOSP / COLPAL,APOLLOHOSP.NS,COLPAL.NS,1.4307,2379.0856,-1.0,1.3220722532256513,2316.4178094482418,7911.99609375,2248.195068359375
2025-08-25,APOLLOHOSP / COLPAL,APOLLOHOSP.NS,COLPAL.NS,1.4307,2379.0856,-1.0,1.0355760907796463,2268.094449438477,7840.5908203125,2232.061767578125
2025-08-26,APOLLOHOSP / COLPAL,APOLLOHOSP.NS,COLPAL.NS,1.4307,2379.0856,-1.0,0.7612438852787193,2208.851857910156,7783.1669921875,2233.3330078125
2025-08-28,APOLLOHOSP / COLPAL,APOLLOHOSP.NS,COLPAL.NS,1.4307,2379.0856,-1.0,0.5771338506848098,2173.3755407470703,7717.75390625,2212.408447265625
2025-08-29,APOLLOHOSP / COLPAL,APOLLOHOSP.NS,COLPAL.NS,1.4307,2379.0856,0.0,-0.20612548259305716,1958.8676769531253,7599.91015625,2279.97265625
2025-09-01,APOLLOHOSP / COLPAL,APOLLOHOSP.NS,COLPAL.NS,1.4307,2379.0856,0.0,-0.13745158860897932,1980.5573135009768,7661.32861328125,2307.741455078125
2025-09-02,APOLLOHOSP / COLPAL,APOLLOHOSP.NS,COLPAL.NS,1.4307,2379.0856,0.0,-0.3648558594307326,1916.2025929199212,7671.81494140625,2360.05224609375
2025-09-03,APOLLOHOSP / COLPAL,APOLLOHOSP.NS,COLPAL.NS,1.4307,2379.0856,0.0,-0.04443552974548788,2014.6155958251952,7725.7431640625,2328.959228515625
2025-09-04,APOLLOHOSP / COLPAL,APOLLOHOSP.NS,COLPAL.NS,1.4307,2379.0856,0.0,0.08231600570237871,2062.7093099365234,7889.52587890625,2409.821044921875
2025-09-05,APOLLOHOSP / COLPAL,APOLLOHOSP.NS,COLPAL.NS,1.4307,2379.0856,0.0,-0.11380800378018788,2025.1104167480466,7794.15234375,2369.43896484375
2025-09-08,APOLLOHOSP / COLPAL,APOLLOHOSP.NS,COLPAL.NS,1.4307,2379.0856,0.0,-0.07417606812008637,2055.3963663818363,7776.17626953125,2335.705810546875
2025-09-09,APOLLOHOSP / COLPAL,APOLLOHOSP.NS,COLPAL.NS,1.4307,2379.0856,0.0,-0.06417784600196288,2080.2157474853516,7815.12451171875,2345.581298828125
2025-09-10,APOLLOHOSP / COLPAL,APOLLOHOSP.NS,COLPAL.NS,1.4307,2379.0856,0.0,0.2756721383155262,2171.6879424560543,7918.4873046875,2353.892333984375
2025-09-11,APOLLOHOSP / COLPAL,APOLLOHOSP.NS,COLPAL.NS,1.4307,2379.0856,0.0,0.16912456083731528,2168.137555102539,7869.05322265625,2321.821533203125
2025-09-12,APOLLOHOSP / COLPAL,APOLLOHOSP.NS,COLPAL.NS,1.4307,2379.0856,0.0,0.2256035906656213,2192.381039672852,7864.0595703125,2301.385986328125
2025-09-15,APOLLOHOSP / COLPAL,APOLLOHOSP.NS,COLPAL.NS,1.4307,2379.0856,0.0,-0.2392630131544967,2117.811281054687,7806.13671875,2313.021484375
2025-09-16,APOLLOHOSP / COLPAL,APOLLOHOSP.NS,COLPAL.NS,1.4307,2379.0856,0.0,0.2578193866039494,2167.472441601562,7842.0888671875,2303.439453125
2025-09-17,APOLLOHOSP / COLPAL,APOLLOHOSP.NS,COLPAL.NS,1.4307,2379.0856,0.0,0.7327577101454954,2214.11639375,7877.54150390625,2295.6171875
2025-09-18,APOLLOHOSP / COLPAL,APOLLOHOSP.NS,COLPAL.NS,1.4307,2379.0856,0.0,0.22053749220688393,2151.765870898437,7840.09130859375,2313.021484375
2025-09-19,APOLLOHOSP / COLPAL,APOLLOHOSP.NS,COLPAL.NS,1.4307,2379.0856,0.0,0.196477449768301,2146.574219677734,7796.14990234375,2285.93701171875
2025-09-22,APOLLOHOSP / COLPAL,APOLLOHOSP.NS,COLPAL.NS,1.4307,2379.0856,0.0,-0.4617329142062423,2069.510890942383,7728.7392578125,2292.683837890625
2025-09-23,APOLLOHOSP / COLPAL,APOLLOHOSP.NS,COLPAL.NS,1.4307,2379.0856,0.0,-0.659109577963806,2042.4218673339842,7673.81201171875,2273.22607421875
2025-09-24,APOLLOHOSP / COLPAL,APOLLOHOSP.NS,COLPAL.NS,1.4307,2379.0856,0.0,-0.9302366694007818,2010.2293480468747,7633.36572265625,2267.45703125
2025-09-25,APOLLOHOSP / COLPAL,APOLLOHOSP.NS,COLPAL.NS,1.4307,2379.0856,0.0,-0.3697282705734885,2053.42589477539,7613.8916015625,2223.65283203125
2025-09-26,APOLLOHOSP / COLPAL,APOLLOHOSP.NS,COLPAL.NS,1.4307,2379.0856,0.0,-0.8125082027553954,2009.382218725586,7500.04296875,2174.862060546875
2025-09-29,APOLLOHOSP / COLPAL,APOLLOHOSP.NS,COLPAL.NS,1.4307,2379.0856,0.0,-1.4959340294759063,1951.7233908447265,7434.13037109375,2169.093017578125
2025-09-30,APOLLOHOSP / COLPAL,APOLLOHOSP.NS,COLPAL.NS,1.4307,2379.0856,0.0,-1.8290292762437401,1911.174119848633,7399.1767578125,2173.004150390625
2025-10-01,APOLLOHOSP / COLPAL,APOLLOHOSP.NS,COLPAL.NS,1.4307,2379.0856,0.0,-1.5541485667635144,1939.6341786621092,7431.13427734375,2175.44873046875
2025-10-03,APOLLOHOSP / COLPAL,APOLLOHOSP.NS,COLPAL.NS,1.4307,2379.0856,0.0,-1.2156880866746484,1963.5110069091793,7439.623046875,2164.693115234375
2025-10-06,APOLLOHOSP / COLPAL,APOLLOHOSP.NS,COLPAL.NS,1.4307,2379.0856,0.0,0.8690907330414865,2154.88526899414,7651.84130859375,2179.26220703125
2025-10-07,APOLLOHOSP / COLPAL,APOLLOHOSP.NS,COLPAL.NS,1.4307,2379.0856,0.0,1.130866033229108,2189.198147802734,7689.791015625,2181.80419921875
2025-10-08,APOLLOHOSP / COLPAL,APOLLOHOSP.NS,COLPAL.NS,1.4307,2379.0856,0.0,0.8570029663125551,2170.553110595703,7651.84130859375,2168.31103515625
2025-10-09,APOLLOHOSP / COLPAL,APOLLOHOSP.NS,COLPAL.NS,1.4307,2379.0856,0.0,1.2190479632860467,2216.0995341308594,7684.7978515625,2159.51123046875
2025-10-10,APOLLOHOSP / COLPAL,APOLLOHOSP.NS,COLPAL.NS,1.4307,2379.0856,0.0,0.8023521667338603,2175.259630371094,7670.81640625,2178.2841796875
2025-10-13,APOLLOHOSP / COLPAL,APOLLOHOSP.NS,COLPAL.NS,1.4307,2379.0856,0.0,0.789717459987469,2174.5052999023433,7660.82958984375,2171.8310546875
2025-10-14,APOLLOHOSP / COLPAL,APOLLOHOSP.NS,COLPAL.NS,1.4307,2379.0856,0.0,1.7762840540895708,2288.6881919433595,7748.712890625,2153.44873046875
2025-10-15,APOLLOHOSP / COLPAL,APOLLOHOSP.NS,COLPAL.NS,1.4307,2379.0856,0.0,1.8122472132932765,2321.046313012696,7815.6240234375,2177.599853515625
2025-10-16,APOLLOHOSP / COLPAL,APOLLOHOSP.NS,COLPAL.NS,1.4307,2379.0856,0.0,1.1072464112261937,2246.420655371094,7823.11376953125,2234.9951171875
2025-10-17,APOLLOHOSP / COLPAL,APOLLOHOSP.NS,COLPAL.NS,1.4307,2379.0856,0.0,1.4683039646853757,2301.0412991943363,7891.02392578125,2244.283935546875
2025-10-20,APOLLOHOSP / COLPAL,APOLLOHOSP.NS,COLPAL.NS,1.4307,2379.0856,-1.0,2.352862098414227,2480.8809103027347,7999.3798828125,2194.31982421875
2025-10-21,APOLLOHOSP / COLPAL,APOLLOHOSP.NS,COLPAL.NS,1.4307,2379.0856,-1.0,1.899573859954784,2459.936621557617,8001.37744140625,2210.355224609375
2025-10-23,APOLLOHOSP / COLPAL,APOLLOHOSP.NS,COLPAL.NS,1.4307,2379.0856,-1.0,1.2699387960244972,2379.7033132080073,7957.93505859375,2236.070556640625
2025-10-24,APOLLOHOSP / COLPAL,APOLLOHOSP.NS,COLPAL.NS,1.4307,2379.0856,-1.0,0.8115562663370559,2315.3250527587884,7827.10888671875,2189.626220703125
2025-10-27,APOLLOHOSP / COLPAL,APOLLOHOSP.NS,COLPAL.NS,1.4307,2379.0856,-1.0,0.9509978329932908,2355.348577758789,7835.09814453125,2167.235595703125
2025-10-28,APOLLOHOSP / COLPAL,APOLLOHOSP.NS,COLPAL.NS,1.4307,2379.0856,-1.0,0.9304007745193076,2367.640126586914,7870.0517578125,2183.075439453125
2025-10-29,APOLLOHOSP / COLPAL,APOLLOHOSP.NS,COLPAL.NS,1.4307,2379.0856,-1.0,0.45055053819272123,2296.708117041015,7848.0810546875,2217.29736328125
2025-10-30,APOLLOHOSP / COLPAL,APOLLOHOSP.NS,COLPAL.NS,1.4307,2379.0856,-1.0,0.06343146620203427,2245.6451269775393,7779.671875,2205.173095703125
2025-10-31,APOLLOHOSP / COLPAL,APOLLOHOSP.NS,COLPAL.NS,1.4307,2379.0856,0.0,-0.6834888894136053,2153.9964803466796,7670.81640625,2193.146240234375
2025-11-03,APOLLOHOSP / COLPAL,APOLLOHOSP.NS,COLPAL.NS,1.4307,2379.0856,0.0,0.49122962111370144,2323.607039086914,7814.1259765625,2174.762939453125
2025-11-04,APOLLOHOSP / COLPAL,APOLLOHOSP.NS,COLPAL.NS,1.4307,2379.0856,0.0,0.42121441558043166,2323.200128466797,7800.14453125,2165.27490234375
2025-11-06,APOLLOHOSP / COLPAL,APOLLOHOSP.NS,COLPAL.NS,1.4307,2379.0856,0.0,0.31054325991109244,2319.0589275390626,7771.68212890625,2148.275390625
2025-11-07,APOLLOHOSP / COLPAL,APOLLOHOSP.NS,COLPAL.NS,1.4307,2379.0856,0.0,-1.1182892893469283,2188.2946299316404,7631.86767578125,2141.94970703125
2025-11-10,APOLLOHOSP / COLPAL,APOLLOHOSP.NS,COLPAL.NS,1.4307,2379.0856,1.0,-2.149684882210502,2070.2876094726566,7519.51708984375,2145.9033203125
2025-11-11,APOLLOHOSP / COLPAL,APOLLOHOSP.NS,COLPAL.NS,1.4307,2379.0856,1.0,-2.188487866127691,2026.412348681641,7491.0546875,2156.67626953125
2025-11-12,APOLLOHOSP / COLPAL,APOLLOHOSP.NS,COLPAL.NS,1.4307,2379.0856,1.0,-1.922092486969397,2030.0622336669917,7488.05859375,2152.031005859375
2025-11-13,APOLLOHOSP / COLPAL,APOLLOHOSP.NS,COLPAL.NS,1.4307,2379.0856,1.0,-2.037640681837691,1977.4465488037108,7430.63525390625,2148.670654296875
2025-11-14,APOLLOHOSP / COLPAL,APOLLOHOSP.NS,COLPAL.NS,1.4307,2379.0856,1.0,-1.8610624215433826,1959.311239746094,7410.66162109375,2147.3857421875
2025-11-17,APOLLOHOSP / COLPAL,APOLLOHOSP.NS,COLPAL.NS,1.4307,2379.0856,1.0,-1.3887989344385798,2006.567013574219,7477.57275390625,2161.1240234375
2025-11-18,APOLLOHOSP / COLPAL,APOLLOHOSP.NS,COLPAL.NS,1.4307,2379.0856,1.0,-1.7206266404005497,1913.0454560058593,7375.7080078125,2155.29248046875
2025-11-19,APOLLOHOSP / COLPAL,APOLLOHOSP.NS,COLPAL.NS,1.4307,2379.0856,1.0,-1.1965200593595138,1982.63003828125,7449.1103515625,2157.9609375
2025-11-20,APOLLOHOSP / COLPAL,APOLLOHOSP.NS,COLPAL.NS,1.4307,2379.0856,1.0,-1.258282384081668,1951.9095853027343,7413.158203125,2154.30419921875
2025-11-21,APOLLOHOSP / COLPAL,APOLLOHOSP.NS,COLPAL.NS,1.4307,2379.0856,1.0,-1.3342477912050483,1918.6792457519537,7381.20068359375,2155.19384765625
2025-11-24,APOLLOHOSP / COLPAL,APOLLOHOSP.NS,COLPAL.NS,1.4307,2379.0856,1.0,-1.23190805657319,1916.022983007812,7344.7490234375,2131.572265625
2025-11-25,APOLLOHOSP / COLPAL,APOLLOHOSP.NS,COLPAL.NS,1.4307,2379.0856,1.0,-1.322023103746889,1876.5003995849606,7320.78076171875,2142.444091796875
2025-11-26,APOLLOHOSP / COLPAL,APOLLOHOSP.NS,COLPAL.NS,1.4307,2379.0856,1.0,-1.011521574495578,1914.4552153808595,7383.1982421875,2159.54248046875
2025-11-27,APOLLOHOSP / COLPAL,APOLLOHOSP.NS,COLPAL.NS,1.4307,2379.0856,1.0,-1.2217748897950385,1863.4205602783209,7312.79150390625,2146.002197265625
2025-11-28,APOLLOHOSP / COLPAL,APOLLOHOSP.NS,COLPAL.NS,1.4307,2379.0856,1.0,-1.0262862602821057,1880.22123190918,7325.7744140625,2143.333740234375
2025-12-01,APOLLOHOSP / COLPAL,APOLLOHOSP.NS,COLPAL.NS,1.4307,2379.0856,1.0,-1.0890631819717578,1854.485358203125,7277.837890625,2127.81640625
2025-12-02,APOLLOHOSP / COLPAL,APOLLOHOSP.NS,COLPAL.NS,1.4307,2379.0856,1.0,-1.2912237200343504,1801.5514960937494,7232.3984375,2133.0546875
2025-12-03,APOLLOHOSP / COLPAL,APOLLOHOSP.NS,COLPAL.NS,1.4307,2379.0856,1.0,-1.0952208221363025,1823.2380885253901,7174.47509765625,2077.41064453125
2025-12-04,APOLLOHOSP / COLPAL,APOLLOHOSP.NS,COLPAL.NS,1.4307,2379.0856,1.0,-1.315238434611154,1789.0275847167964,7191.45263671875,2113.18896484375
2025-12-05,APOLLOHOSP / COLPAL,APOLLOHOSP.NS,COLPAL.NS,1.4307,2379.0856,1.0,-1.795915860567456,1740.3539523193363,7179.9677734375,2139.182373046875
2025-12-08,APOLLOHOSP / COLPAL,APOLLOHOSP.NS,COLPAL.NS,1.4307,2379.0856,1.0,-2.293357861211312,1672.430533935547,7086.591796875,2121.39208984375
2025-12-09,APOLLOHOSP / COLPAL,APOLLOHOSP.NS,COLPAL.NS,1.4307,2379.0856,1.0,-2.174578775959715,1649.7617979003908,7081.5986328125,2133.74658203125
2025-12-10,APOLLOHOSP / COLPAL,APOLLOHOSP.NS,COLPAL.NS,1.4307,2379.0856,1.0,-2.2168086748693154,1599.8407279785156,7009.1943359375,2118.03173828125
2025-12-11,APOLLOHOSP / COLPAL,APOLLOHOSP.NS,COLPAL.NS,1.4307,2379.0856,1.0,-2.082091352503668,1575.1568007568358,7000.20654296875,2129.002685546875
2025-12-12,APOLLOHOSP / COLPAL,APOLLOHOSP.NS,COLPAL.NS,1.4307,2379.0856,1.0,-1.3058229281712275,1656.3544050292967,7091.5849609375,2136.11865234375
2025-12-15,APOLLOHOSP / COLPAL,APOLLOHOSP.NS,COLPAL.NS,1.4307,2379.0856,1.0,-1.3084790101640693,1637.4906710693358,7077.1044921875,2139.182373046875
2025-12-16,APOLLOHOSP / COLPAL,APOLLOHOSP.NS,COLPAL.NS,1.4307,2379.0856,1.0,-1.396476667230402,1608.1931430175782,7042.15087890625,2135.22900390625
2025-12-17,APOLLOHOSP / COLPAL,APOLLOHOSP.NS,COLPAL.NS,1.4307,2379.0856,1.0,-1.4296488194955759,1581.5896729980468,6912.3232421875,2063.07958984375
2025-12-18,APOLLOHOSP / COLPAL,APOLLOHOSP.NS,COLPAL.NS,1.4307,2379.0856,1.0,-1.3548750756507864,1574.9169317382812,6909.3271484375,2065.6494140625
2025-12-19,APOLLOHOSP / COLPAL,APOLLOHOSP.NS,COLPAL.NS,1.4307,2379.0856,1.0,-0.7987158020231762,1638.9562473388673,7003.20263671875,2086.503662109375
2025-12-22,APOLLOHOSP / COLPAL,APOLLOHOSP.NS,COLPAL.NS,1.4307,2379.0856,1.0,-0.3752324774872574,1684.5021088378908,7044.6474609375,2083.63720703125
2025-12-23,APOLLOHOSP / COLPAL,APOLLOHOSP.NS,COLPAL.NS,1.4307,2379.0856,1.0,-0.11884802612482767,1706.8040979003904,7064.12158203125,2081.66064453125
2025-12-24,APOLLOHOSP / COLPAL,APOLLOHOSP.NS,COLPAL.NS,1.4307,2379.0856,0.0,0.9447505233201818,1823.4148025146483,7162.4912109375,2068.910888671875
2025-12-26,APOLLOHOSP / COLPAL,APOLLOHOSP.NS,COLPAL.NS,1.4307,2379.0856,0.0,0.9781451698143642,1815.7786378417973,7146.51220703125,2063.07958984375
2025-12-29,APOLLOHOSP / COLPAL,APOLLOHOSP.NS,COLPAL.NS,1.4307,2379.0856,0.0,0.6012561465337583,1768.8358544311527,7075.10693359375,2045.9813232421875
2025-12-30,APOLLOHOSP / COLPAL,APOLLOHOSP.NS,COLPAL.NS,1.4307,2379.0856,0.0,-0.02131666369221143,1698.0759264282228,6980.732421875,2029.4757080078125
2025-12-31,APOLLOHOSP / COLPAL,APOLLOHOSP.NS,COLPAL.NS,1.4307,2379.0856,0.0,0.2984485240565639,1718.9732436767576,7033.16259765625,2051.515869140625
2026-01-01,APOLLOHOSP / COLPAL,APOLLOHOSP.NS,COLPAL.NS,1.4307,2379.0856,0.0,0.8504182754565255,1762.2879136474608,7102.0712890625,2069.405029296875
2026-01-02,APOLLOHOSP / COLPAL,APOLLOHOSP.NS,COLPAL.NS,1.4307,2379.0856,0.0,1.1893274230054804,1785.495683325195,7120.04736328125,2065.748291015625
2026-01-05,APOLLOHOSP / COLPAL,APOLLOHOSP.NS,COLPAL.NS,1.4307,2379.0856,0.0,0.6403558738983619,1737.3603462646483,7073.60888671875,2066.934326171875
2026-01-06,APOLLOHOSP / COLPAL,APOLLOHOSP.NS,COLPAL.NS,1.4307,2379.0856,-1.0,2.9337533139704686,2005.12006652832,7338.2578125,2064.760009765625
2026-01-07,APOLLOHOSP / COLPAL,APOLLOHOSP.NS,COLPAL.NS,1.4307,2379.0856,-1.0,2.8916257169293593,2122.163802563477,7437.6259765625,2052.405517578125
2026-01-08,APOLLOHOSP / COLPAL,APOLLOHOSP.NS,COLPAL.NS,1.4307,2379.0856,-1.0,2.148664808758044,2081.69465435791,7354.73583984375,2022.7550048828125
2026-01-09,APOLLOHOSP / COLPAL,APOLLOHOSP.NS,COLPAL.NS,1.4307,2379.0856,-1.0,1.2472647187949353,1960.5459379394529,7246.87890625,2032.04541015625
2026-01-12,APOLLOHOSP / COLPAL,APOLLOHOSP.NS,COLPAL.NS,1.4307,2379.0856,-1.0,0.8791588272252063,1915.2621443603516,7258.86328125,2072.073486328125
2026-01-13,APOLLOHOSP / COLPAL,APOLLOHOSP.NS,COLPAL.NS,1.4307,2379.0856,-1.0,0.9627203688390038,1943.7817012207029,7301.80615234375,2082.15478515625
2026-01-14,APOLLOHOSP / COLPAL,APOLLOHOSP.NS,COLPAL.NS,1.4307,2379.0856,-1.0,0.7680449546528937,1925.1954357177733,7262.85791015625,2067.922607421875
2026-01-15,APOLLOHOSP / COLPAL,APOLLOHOSP.NS,COLPAL.NS,1.4307,2379.0856,-1.0,0.6924502256202187,1925.1954357177733,7262.85791015625,2067.922607421875
2026-01-16,APOLLOHOSP / COLPAL,APOLLOHOSP.NS,COLPAL.NS,1.4307,2379.0856,-1.0,0.26748184003914255,1870.5690411621094,7225.90673828125,2080.27685546875
2026-01-19,APOLLOHOSP / COLPAL,APOLLOHOSP.NS,COLPAL.NS,1.4307,2379.0856,0.0,-1.2346980114625739,1664.6981784179688,7123.54296875,2152.6240234375
2026-01-20,APOLLOHOSP / COLPAL,APOLLOHOSP.NS,COLPAL.NS,1.4307,2379.0856,1.0,-2.0041486774297894,1535.1296961181638,6903.3349609375,2089.270751953125
2026-01-21,APOLLOHOSP / COLPAL,APOLLOHOSP.NS,COLPAL.NS,1.4307,2379.0856,1.0,-2.2736983195805336,1436.2345736816405,6817.44921875,2098.36376953125
2026-01-22,APOLLOHOSP / COLPAL,APOLLOHOSP.NS,COLPAL.NS,1.4307,2379.0856,1.0,-2.3857155254283833,1326.8807773925782,6787.98828125,2154.20556640625
2026-01-23,APOLLOHOSP / COLPAL,APOLLOHOSP.NS,COLPAL.NS,1.4307,2379.0856,1.0,-1.9276965052694597,1351.6798936279297,6793.98046875,2141.060302734375
2026-01-27,APOLLOHOSP / COLPAL,APOLLOHOSP.NS,COLPAL.NS,1.4307,2379.0856,1.0,-1.6597901182647612,1359.726209375,6784.49267578125,2128.8046875
2026-01-28,APOLLOHOSP / COLPAL,APOLLOHOSP.NS,COLPAL.NS,1.4307,2379.0856,1.0,-1.1993691512270273,1442.9079142578125,6868.38134765625,2129.298828125
2026-01-29,APOLLOHOSP / COLPAL,APOLLOHOSP.NS,COLPAL.NS,1.4307,2379.0856,1.0,-1.173375105080328,1425.4745058349608,6791.98291015625,2088.084716796875
2026-01-30,APOLLOHOSP / COLPAL,APOLLOHOSP.NS,COLPAL.NS,1.4307,2379.0856,1.0,-0.5353866561559386,1582.641829785156,6951.271484375,2089.5673828125
2026-02-02,APOLLOHOSP / COLPAL,APOLLOHOSP.NS,COLPAL.NS,1.4307,2379.0856,1.0,-0.6622293653630636,1537.0123581298826,6924.30712890625,2102.613525390625
2026-02-03,APOLLOHOSP / COLPAL,APOLLOHOSP.NS,COLPAL.NS,1.4307,2379.0856,1.0,-0.11476025373548839,1675.8280802490235,7079.1015625,2113.781982421875
2026-02-04,APOLLOHOSP / COLPAL,APOLLOHOSP.NS,COLPAL.NS,1.4307,2379.0856,0.0,0.11144710367873241,1735.1079071289064,7106.5654296875,2091.5439453125
2026-02-05,APOLLOHOSP / COLPAL,APOLLOHOSP.NS,COLPAL.NS,1.4307,2379.0856,0.0,0.19860129495090245,1743.7860110595707,7112.55712890625,2089.666259765625
2026-02-06,APOLLOHOSP / COLPAL,APOLLOHOSP.NS,COLPAL.NS,1.4307,2379.0856,0.0,0.3068967154713195,1747.5209430908203,7143.01708984375,2108.345947265625
2026-02-09,APOLLOHOSP / COLPAL,APOLLOHOSP.NS,COLPAL.NS,1.4307,2379.0856,0.0,0.5228813422177422,1774.2688099365228,7201.439453125,2130.485107421875
2026-02-10,APOLLOHOSP / COLPAL,APOLLOHOSP.NS,COLPAL.NS,1.4307,2379.0856,0.0,0.4495388791495025,1743.5139013916018,7209.4287109375,2157.565673828125
2026-02-11,APOLLOHOSP / COLPAL,APOLLOHOSP.NS,COLPAL.NS,1.4307,2379.0856,0.0,1.7904088540297634,2044.706600146484,7497.046875,2148.07763671875
2026-02-12,APOLLOHOSP / COLPAL,APOLLOHOSP.NS,COLPAL.NS,1.4307,2379.0856,0.0,1.9845372966160326,2125.448335058594,7529.00439453125,2113.9794921875
2026-02-13,APOLLOHOSP / COLPAL,APOLLOHOSP.NS,COLPAL.NS,1.4307,2379.0856,0.0,1.9113400927364146,2152.5581749511716,7532.5,2097.47412109375
2026-02-16,APOLLOHOSP / COLPAL,APOLLOHOSP.NS,COLPAL.NS,1.4307,2379.0856,-1.0,2.017009917555622,2243.14840715332,7618.0,2093.916259765625
2026-02-17,APOLLOHOSP / COLPAL,APOLLOHOSP.NS,COLPAL.NS,1.4307,2379.0856,-1.0,1.628356920775094,2180.8338722900394,7601.5,2125.938720703125
2026-02-18,APOLLOHOSP / COLPAL,APOLLOHOSP.NS,COLPAL.NS,1.4307,2379.0856,-1.0,1.376656737742298,2152.031944287109,7647.5,2178.22216796875
2026-02-19,APOLLOHOSP / COLPAL,APOLLOHOSP.NS,COLPAL.NS,1.4307,2379.0856,-1.0,1.2326060570649124,2148.9269541503904,7592.5,2141.94970703125
2026-02-20,APOLLOHOSP / COLPAL,APOLLOHOSP.NS,COLPAL.NS,1.4307,2379.0856,-1.0,1.0613824184506893,2128.516246777344,7615.5,2172.2919921875
2026-02-23,APOLLOHOSP / COLPAL,APOLLOHOSP.NS,COLPAL.NS,1.4307,2379.0856,-1.0,1.2055245170028128,2208.7026514892573,7693.0,2170.414306640625
2026-02-24,APOLLOHOSP / COLPAL,APOLLOHOSP.NS,COLPAL.NS,1.4307,2379.0856,-1.0,1.023281608952822,2179.217060131836,7720.5,2210.244873046875
2026-02-25,APOLLOHOSP / COLPAL,APOLLOHOSP.NS,COLPAL.NS,1.4307,2379.0856,-1.0,0.9936060174024735,2193.499047070313,7783.0,2243.947265625
2026-02-26,APOLLOHOSP / COLPAL,APOLLOHOSP.NS,COLPAL.NS,1.4307,2379.0856,-1.0,0.7681701524988946,2150.2893663818363,7775.0,2268.557373046875
2026-02-27,APOLLOHOSP / COLPAL,APOLLOHOSP.NS,COLPAL.NS,1.4307,2379.0856,-1.0,1.0964722806277976,2254.481924731445,7821.5,2228.232666015625
2026-03-02,APOLLOHOSP / COLPAL,APOLLOHOSP.NS,COLPAL.NS,1.4307,2379.0856,-1.0,1.1138029375022003,2280.477622583008,7791.5,2189.093994140625
2026-03-04,APOLLOHOSP / COLPAL,APOLLOHOSP.NS,COLPAL.NS,1.4307,2379.0856,-1.0,0.7076281550537022,2199.095296948243,7666.0,2158.257568359375
2026-03-05,APOLLOHOSP / COLPAL,APOLLOHOSP.NS,COLPAL.NS,1.4307,2379.0856,-1.0,1.0379100368293552,2284.1977867187493,7775.0,2174.9609375
2026-03-06,APOLLOHOSP / COLPAL,APOLLOHOSP.NS,COLPAL.NS,1.4307,2379.0856,-1.0,0.6833764544957894,2228.041701489258,7724.5,2178.914306640625
2026-03-09,APOLLOHOSP / COLPAL,APOLLOHOSP.NS,COLPAL.NS,1.4307,2379.0856,-1.0,1.280802628195582,2350.8394633056637,7779.0,2131.177001953125
2026-03-10,APOLLOHOSP / COLPAL,APOLLOHOSP.NS,COLPAL.NS,1.4307,2379.0856,-1.0,1.037653119255387,2315.45039375,7803.0,2172.6875
2026-03-11,APOLLOHOSP / COLPAL,APOLLOHOSP.NS,COLPAL.NS,1.4307,2379.0856,-1.0,1.594190729054094,2398.232360778808,7684.0,2031.6502685546875
2026-03-12,APOLLOHOSP / COLPAL,APOLLOHOSP.NS,COLPAL.NS,1.4307,2379.0856,-1.0,1.9571594967148056,2401.572186730957,7574.5,1952.7799072265625
2026-03-13,APOLLOHOSP / COLPAL,APOLLOHOSP.NS,COLPAL.NS,1.4307,2379.0856,-1.0,1.8095616641393744,2403.373349804688,7550.0,1934.396484375
2026-03-16,APOLLOHOSP / COLPAL,APOLLOHOSP.NS,COLPAL.NS,1.4307,2379.0856,-1.0,1.2742452244339137,2366.1391539794918,7490.0,1918.484130859375
2026-03-17,APOLLOHOSP / COLPAL,APOLLOHOSP.NS,COLPAL.NS,1.4307,2379.0856,-1.0,1.3572539539050805,2387.7340763061525,7500.0,1910.3797607421875
2026-03-18,APOLLOHOSP / COLPAL,APOLLOHOSP.NS,COLPAL.NS,1.4307,2379.0856,-1.0,0.851130635210726,2346.4321869873042,7471.0,1918.978271484375
2026-03-19,APOLLOHOSP / COLPAL,APOLLOHOSP.NS,COLPAL.NS,1.4307,2379.0856,0.0,-0.6800802045216491,2200.820355651855,7252.0,1867.6829833984373
2026-03-20,APOLLOHOSP / COLPAL,APOLLOHOSP.NS,COLPAL.NS,1.4307,2379.0856,0.0,0.3414961660967364,2304.2705494262696,7364.5,1874.0084228515625
2026-03-23,APOLLOHOSP / COLPAL,APOLLOHOSP.NS,COLPAL.NS,1.4307,2379.0856,0.0,-1.3277404565122717,2151.0885242309564,7145.0,1827.6549072265625
2026-03-24,APOLLOHOSP / COLPAL,APOLLOHOSP.NS,COLPAL.NS,1.4307,2379.0856,0.0,1.0692748573267874,2379.3541150756832,7413.0,1855.4276123046875
2026-03-25,APOLLOHOSP / COLPAL,APOLLOHOSP.NS,COLPAL.NS,1.4307,2379.0856,0.0,1.942464606888842,2485.909473632812,7580.5,1898.025390625
2026-03-27,APOLLOHOSP / COLPAL,APOLLOHOSP.NS,COLPAL.NS,1.4307,2379.0856,0.0,1.9436768398004072,2515.4957529785156,7549.0,1855.32861328125
2026-03-30,APOLLOHOSP / COLPAL,APOLLOHOSP.NS,COLPAL.NS,1.4307,2379.0856,0.0,1.6773309028985688,2510.637468249512,7419.0,1767.8597412109375
2026-04-01,APOLLOHOSP / COLPAL,APOLLOHOSP.NS,COLPAL.NS,1.4307,2379.0856,0.0,0.1438160023709522,2353.302545751953,7305.5,1798.49853515625
2026-04-02,APOLLOHOSP / COLPAL,APOLLOHOSP.NS,COLPAL.NS,1.4307,2379.0856,0.0,0.0806568403761123,2351.4449098999016,7317.5,1808.1844482421875
2026-04-06,APOLLOHOSP / COLPAL,APOLLOHOSP.NS,COLPAL.NS,1.4307,2379.0856,0.0,0.582575947173315,2406.6621580322267,7373.0,1808.382080078125
2026-04-07,APOLLOHOSP / COLPAL,APOLLOHOSP.NS,COLPAL.NS,1.4307,2379.0856,0.0,-0.2708142459988336,2330.89166373291,7326.5,1828.8409423828125
2026-04-08,APOLLOHOSP / COLPAL,APOLLOHOSP.NS,COLPAL.NS,1.4307,2379.0856,0.0,-0.3516125839642264,2325.8575163330083,7401.5,1884.781494140625
2026-04-09,APOLLOHOSP / COLPAL,APOLLOHOSP.NS,COLPAL.NS,1.4307,2379.0856,0.0,0.4635919958778523,2406.2819061035157,7481.5,1884.48486328125
2026-04-10,APOLLOHOSP / COLPAL,APOLLOHOSP.NS,COLPAL.NS,1.4307,2379.0856,0.0,0.25822821314065825,2390.4671965942384,7511.5,1916.5074462890625
2026-04-13,APOLLOHOSP / COLPAL,APOLLOHOSP.NS,COLPAL.NS,1.4307,2379.0856,0.0,0.6332346690954026,2428.2727005004876,7516.5,1893.5777587890625
2026-04-15,APOLLOHOSP / COLPAL,APOLLOHOSP.NS,COLPAL.NS,1.4307,2379.0856,0.0,1.4378164485133258,2510.2205298706053,7642.0,1924.0189208984373
2026-04-16,APOLLOHOSP / COLPAL,APOLLOHOSP.NS,COLPAL.NS,1.4307,2379.0856,0.0,0.0008041944777076728,2377.809822497559,7553.0,1954.3612060546875
2026-04-17,APOLLOHOSP / COLPAL,APOLLOHOSP.NS,COLPAL.NS,1.4307,2379.0856,0.0,-0.35965566330581605,2341.965442382813,7699.0,2081.462890625
2026-04-20,APOLLOHOSP / COLPAL,APOLLOHOSP.NS,COLPAL.NS,1.4307,2379.0856,0.0,-1.088884986136879,2267.4428649902343,7657.0,2104.19482421875
2026-04-21,APOLLOHOSP / COLPAL,APOLLOHOSP.NS,COLPAL.NS,1.4307,2379.0856,0.0,0.17058255979110784,2386.1170121337896,7744.0,2082.055908203125
2026-04-22,APOLLOHOSP / COLPAL,APOLLOHOSP.NS,COLPAL.NS,1.4307,2379.0856,0.0,-0.8308932008325379,2287.5727969238283,7662.0,2093.61962890625
2026-04-23,APOLLOHOSP / COLPAL,APOLLOHOSP.NS,COLPAL.NS,1.4307,2379.0856,0.0,-0.15243713610321608,2361.4652290527342,7781.0,2125.14794921875
2026-04-24,APOLLOHOSP / COLPAL,APOLLOHOSP.NS,COLPAL.NS,1.4307,2379.0856,0.0,-1.0198386206388372,2283.129056372071,7732.5,2146.002197265625
2026-04-27,APOLLOHOSP / COLPAL,APOLLOHOSP.NS,COLPAL.NS,1.4307,2379.0856,0.0,0.43504491384262417,2418.4742600097657,7825.0,2116.05517578125
2026-04-28,APOLLOHOSP / COLPAL,APOLLOHOSP.NS,COLPAL.NS,1.4307,2379.0856,0.0,-0.23577139963317648,2368.816023706055,7753.0,2100.439208984375
2026-04-29,APOLLOHOSP / COLPAL,APOLLOHOSP.NS,COLPAL.NS,1.4307,2379.0856,0.0,-0.8914065015031302,2314.4937467529294,7709.0,2107.654052734375
2026-04-30,APOLLOHOSP / COLPAL,APOLLOHOSP.NS,COLPAL.NS,1.4307,2379.0856,0.0,-1.1211891000584182,2293.3229035888676,7636.5,2071.777099609375
2026-05-01,APOLLOHOSP / COLPAL,APOLLOHOSP.NS,COLPAL.NS,1.4307,2379.0856,0.0,-1.0771706816680786,2293.3229035888676,7636.5,2071.777099609375
2026-05-04,APOLLOHOSP / COLPAL,APOLLOHOSP.NS,COLPAL.NS,1.4307,2379.0856,0.0,-1.111205918387414,2285.867041430664,7737.5,2147.583251953125
2026-05-05,APOLLOHOSP / COLPAL,APOLLOHOSP.NS,COLPAL.NS,1.4307,2379.0856,0.0,-0.6476470793882116,2311.882738940429,7772.0,2153.513427734375
2026-05-06,APOLLOHOSP / COLPAL,APOLLOHOSP.NS,COLPAL.NS,1.4307,2379.0856,0.0,-0.2822077192490495,2331.20845583496,7760.5,2131.967529296875
2026-05-07,APOLLOHOSP / COLPAL,APOLLOHOSP.NS,COLPAL.NS,1.4307,2379.0856,0.0,0.6914744462996578,2393.7095313720697,7837.0,2141.752197265625
2026-05-08,APOLLOHOSP / COLPAL,APOLLOHOSP.NS,COLPAL.NS,1.4307,2379.0856,-1.0,2.9601682910957217,2610.7232137695305,8097.0,2171.7978515625
2026-05-11,APOLLOHOSP / COLPAL,APOLLOHOSP.NS,COLPAL.NS,1.4307,2379.0856,-1.0,2.7961635104613625,2678.302477270507,8082.0,2114.078369140625
2026-05-12,APOLLOHOSP / COLPAL,APOLLOHOSP.NS,COLPAL.NS,1.4307,2379.0856,-1.0,2.0451395240679346,2638.316023706055,8022.5,2100.439208984375
2026-05-13,APOLLOHOSP / COLPAL,APOLLOHOSP.NS,COLPAL.NS,1.4307,2379.0856,-1.0,1.603006269785256,2607.165529492188,8004.5,2109.630859375
2026-05-14,APOLLOHOSP / COLPAL,APOLLOHOSP.NS,COLPAL.NS,1.4307,2379.0856,-1.0,2.0516420336384353,2704.5554612548826,8119.0,2121.590087890625
2026-05-15,APOLLOHOSP / COLPAL,APOLLOHOSP.NS,COLPAL.NS,1.4307,2379.0856,-1.0,1.4867516633120252,2649.1077678466795,8082.5,2134.833740234375
2026-05-18,APOLLOHOSP / COLPAL,APOLLOHOSP.NS,COLPAL.NS,1.4307,2379.0856,-1.0,1.0597529468033895,2599.551295068359,8020.5,2126.13623046875
2026-05-19,APOLLOHOSP / COLPAL,APOLLOHOSP.NS,COLPAL.NS,1.4307,2379.0856,-1.0,0.6871679927861306,2552.590432177735,8026.0,2162.80419921875
2026-05-20,APOLLOHOSP / COLPAL,APOLLOHOSP.NS,COLPAL.NS,1.4307,2379.0856,-1.0,0.9635990622805688,2609.1914694580078,8078.5,2159.937744140625
2026-05-21,APOLLOHOSP / COLPAL,APOLLOHOSP.NS,COLPAL.NS,1.4307,2379.0856,-1.0,2.171117868452874,2868.1792118896487,8308.5,2139.676513671875
2026-05-22,APOLLOHOSP / COLPAL,APOLLOHOSP.NS,COLPAL.NS,1.4307,2379.0856,-1.0,2.114710281692812,2933.4913823486327,8362.5,2131.769775390625
2026-05-25,APOLLOHOSP / COLPAL,APOLLOHOSP.NS,COLPAL.NS,1.4307,2379.0856,-1.0,2.268361158754255,3059.691546826172,8404.0,2072.56787109375
2026-05-26,APOLLOHOSP / COLPAL,APOLLOHOSP.NS,COLPAL.NS,1.4307,2379.0856,-1.0,1.5443878527771993,2942.3308590087895,8258.5,2052.899658203125
2026-05-27,APOLLOHOSP / COLPAL,APOLLOHOSP.NS,COLPAL.NS,1.4307,2379.0856,-1.0,1.3812948042416942,2941.7664308105473,8272.5,2063.07958984375
2026-05-28,APOLLOHOSP / COLPAL,APOLLOHOSP.NS,COLPAL.NS,1.4307,2379.0856,-1.0,1.2523452025606618,2941.7664308105473,8272.5,2063.07958984375
2026-05-29,APOLLOHOSP / COLPAL,APOLLOHOSP.NS,COLPAL.NS,1.4307,2379.0856,-1.0,0.9343338575058082,2884.652409716797,8176.5,2035.89990234375
2026-06-01,APOLLOHOSP / COLPAL,APOLLOHOSP.NS,COLPAL.NS,1.4307,2379.0856,-1.0,0.8451639170797225,2882.1783649291997,8108.5,1990.0999755859373
2026-06-02,APOLLOHOSP / COLPAL,APOLLOHOSP.NS,COLPAL.NS,1.4307,2379.0856,-1.0,0.6389314297790708,2850.7311701416015,8089.5,1998.800048828125
2026-06-03,APOLLOHOSP / COLPAL,APOLLOHOSP.NS,COLPAL.NS,1.4307,2379.0856,-1.0,1.3548802460715212,3023.4034149291997,8290.5,2018.5999755859373
2026-06-04,APOLLOHOSP / COLPAL,APOLLOHOSP.NS,COLPAL.NS,1.4307,2379.0856,-1.0,1.1913843277209395,3002.2192850708,8249.0,2004.4000244140625
2026-06-05,APOLLOHOSP / COLPAL,APOLLOHOSP.NS,COLPAL.NS,1.4307,2379.0856,-1.0,1.4508836042177062,3064.72975,8304.5,1999.5
2026-06-08,APOLLOHOSP / COLPAL,APOLLOHOSP.NS,COLPAL.NS,1.4307,2379.0856,-1.0,1.5292836662521563,3110.1455499999997,8358.5,2005.5
2026-06-09,APOLLOHOSP / COLPAL,APOLLOHOSP.NS,COLPAL.NS,1.4307,2379.0856,-1.0,1.965326248025079,3250.0359850708005,8524.0,2023.4000244140625
2026-06-10,APOLLOHOSP / COLPAL,APOLLOHOSP.NS,COLPAL.NS,1.4307,2379.0856,-1.0,1.3926120842927523,3167.465920141602,8488.5,2056.300048828125
2026-06-11,APOLLOHOSP / COLPAL,APOLLOHOSP.NS,COLPAL.NS,1.4307,2379.0856,-1.0,1.4612583273567654,3211.5964149292,8493.0,2028.5999755859373
2026-06-12,APOLLOHOSP / COLPAL,APOLLOHOSP.NS,COLPAL.NS,1.4307,2379.0856,-1.0,1.0264531977944025,3144.4890999999993,8498.0,2079.0
2026-06-15,APOLLOHOSP / COLPAL,APOLLOHOSP.NS,COLPAL.NS,1.4307,2379.0856,-1.0,0.9445916726624648,3145.463079858399,8468.5,2057.699951171875
2026-06-16,APOLLOHOSP / COLPAL,APOLLOHOSP.NS,COLPAL.NS,1.4307,2379.0856,-1.0,0.1728650154881622,3011.3797097167967,8390.5,2096.89990234375
2026-06-17,APOLLOHOSP / COLPAL,APOLLOHOSP.NS,COLPAL.NS,1.4307,2379.0856,-1.0,0.8629310992346352,3138.0845298583986,8427.5,2034.199951171875
2026-06-18,APOLLOHOSP / COLPAL,APOLLOHOSP.NS,COLPAL.NS,1.4307,2379.0856,-1.0,0.8138326504109193,3131.9562201416015,8411.5,2027.300048828125
2026-06-19,APOLLOHOSP / COLPAL,APOLLOHOSP.NS,COLPAL.NS,1.4307,2379.0856,-1.0,1.6205253991143058,3252.1618701416014,8489.5,1997.800048828125
2026-06-22,APOLLOHOSP / COLPAL,APOLLOHOSP.NS,COLPAL.NS,1.4307,2379.0856,-1.0,1.4621343761438943,3254.2670000000003,8469.0,1982.0
2026-06-23,APOLLOHOSP / COLPAL,APOLLOHOSP.NS,COLPAL.NS,1.4307,2379.0856,-1.0,1.4551983842239806,3274.9130499999997,8487.5,1980.5
2024-06-28,APOLLOHOSP / DLF,APOLLOHOSP.NS,DLF.NS,3.7231,3035.5239,0.0,,84.90180656738266,6151.43359375,814.108642578125
2024-07-01,APOLLOHOSP / DLF,APOLLOHOSP.NS,DLF.NS,3.7231,3035.5239,0.0,,37.56263723754864,6106.4833984375,814.7503051757812
2024-07-02,APOLLOHOSP / DLF,APOLLOHOSP.NS,DLF.NS,3.7231,3035.5239,0.0,,-23.475267749023715,6063.82080078125,819.685791015625
2024-07-03,APOLLOHOSP / DLF,APOLLOHOSP.NS,DLF.NS,3.7231,3035.5239,0.0,,31.59093869628896,6158.39404296875,830.297119140625
2024-07-04,APOLLOHOSP / DLF,APOLLOHOSP.NS,DLF.NS,3.7231,3035.5239,0.0,,73.13295328979484,6190.564453125,827.7799682617188
2024-07-05,APOLLOHOSP / DLF,APOLLOHOSP.NS,DLF.NS,3.7231,3035.5239,0.0,,197.37504942626947,6293.4912109375,822.0548095703125
2024-07-08,APOLLOHOSP / DLF,APOLLOHOSP.NS,DLF.NS,3.7231,3035.5239,0.0,,175.67918070678706,6282.453125,824.9174194335938
2024-07-09,APOLLOHOSP / DLF,APOLLOHOSP.NS,DLF.NS,3.7231,3035.5239,0.0,,168.03921945190405,6285.287109375,827.7306518554688
2024-07-10,APOLLOHOSP / DLF,APOLLOHOSP.NS,DLF.NS,3.7231,3035.5239,0.0,,229.9315016784667,6340.38037109375,825.9044799804688
2024-07-11,APOLLOHOSP / DLF,APOLLOHOSP.NS,DLF.NS,3.7231,3035.5239,0.0,,260.6639566345211,6353.65625,821.2157592773438
2024-07-12,APOLLOHOSP / DLF,APOLLOHOSP.NS,DLF.NS,3.7231,3035.5239,0.0,,263.3777361694333,6318.70068359375,811.0980224609375
2024-07-15,APOLLOHOSP / DLF,APOLLOHOSP.NS,DLF.NS,3.7231,3035.5239,0.0,,303.63573139648406,6401.58935546875,822.54833984375
2024-07-16,APOLLOHOSP / DLF,APOLLOHOSP.NS,DLF.NS,3.7231,3035.5239,0.0,,281.5904118469234,6417.94873046875,832.8635864257812
2024-07-18,APOLLOHOSP / DLF,APOLLOHOSP.NS,DLF.NS,3.7231,3035.5239,0.0,,344.1422617797848,6484.7265625,833.9986572265625
2024-07-19,APOLLOHOSP / DLF,APOLLOHOSP.NS,DLF.NS,3.7231,3035.5239,0.0,1.0996883791925132,310.7499159423828,6346.59521484375,805.866455078125
2024-07-22,APOLLOHOSP / DLF,APOLLOHOSP.NS,DLF.NS,3.7231,3035.5239,0.0,0.6816373710487298,273.8749102966308,6366.68359375,821.1664428710938
2024-07-23,APOLLOHOSP / DLF,APOLLOHOSP.NS,DLF.NS,3.7231,3035.5239,0.0,1.2441203349501726,358.19012686767564,6368.1259765625,798.9073486328125
2024-07-24,APOLLOHOSP / DLF,APOLLOHOSP.NS,DLF.NS,3.7231,3035.5239,0.0,1.0299104776842094,340.14949078369136,6387.02001953125,808.8277587890625
2024-07-25,APOLLOHOSP / DLF,APOLLOHOSP.NS,DLF.NS,3.7231,3035.5239,0.0,0.8920159456747232,331.85149536132803,6350.423828125,801.22705078125
2024-07-26,APOLLOHOSP / DLF,APOLLOHOSP.NS,DLF.NS,3.7231,3035.5239,-1.0,2.7269157028576183,542.9056826904293,6627.62939453125,818.994873046875
2024-07-29,APOLLOHOSP / DLF,APOLLOHOSP.NS,DLF.NS,3.7231,3035.5239,-1.0,1.1349789206320755,411.80674223022424,6644.63525390625,858.7748413085938
2024-07-30,APOLLOHOSP / DLF,APOLLOHOSP.NS,DLF.NS,3.7231,3035.5239,-1.0,0.20945378461047606,334.99876994628903,6604.21044921875,868.547119140625
2024-07-31,APOLLOHOSP / DLF,APOLLOHOSP.NS,DLF.NS,3.7231,3035.5239,0.0,-0.856790298830098,256.7721495422361,6578.65283203125,882.6936645507812
2024-08-01,APOLLOHOSP / DLF,APOLLOHOSP.NS,DLF.NS,3.7231,3035.5239,0.0,0.9182538467896945,403.7324260437008,6669.248046875,867.5543823242188
2024-08-02,APOLLOHOSP / DLF,APOLLOHOSP.NS,DLF.NS,3.7231,3035.5239,0.0,1.9234699713637253,516.3114980346677,6672.97802734375,838.3182373046875
2024-08-05,APOLLOHOSP / DLF,APOLLOHOSP.NS,DLF.NS,3.7231,3035.5239,-1.0,2.302988785075864,620.6608621765135,6650.55224609375,804.2672729492188
2024-08-06,APOLLOHOSP / DLF,APOLLOHOSP.NS,DLF.NS,3.7231,3035.5239,-1.0,1.4081653963384313,551.9330138122555,6620.81787109375,814.7406616210938
2024-08-07,APOLLOHOSP / DLF,APOLLOHOSP.NS,DLF.NS,3.7231,3035.5239,-1.0,1.0012954715617974,522.018806030273,6683.12060546875,839.509521484375
2024-08-08,APOLLOHOSP / DLF,APOLLOHOSP.NS,DLF.NS,3.7231,3035.5239,0.0,-0.1639291941037479,392.7911133361813,6505.6591796875,826.5542602539062
2024-08-09,APOLLOHOSP / DLF,APOLLOHOSP.NS,DLF.NS,3.7231,3035.5239,0.0,0.22488144931610493,444.770099847412,6551.35498046875,824.8666381835938
2024-08-12,APOLLOHOSP / DLF,APOLLOHOSP.NS,DLF.NS,3.7231,3035.5239,0.0,-0.786302482912813,342.9764146301268,6466.37841796875,829.3836059570312
2024-08-13,APOLLOHOSP / DLF,APOLLOHOSP.NS,DLF.NS,3.7231,3035.5239,0.0,0.7128489012294589,509.32930956420887,6552.89599609375,807.9403686523438
2024-08-14,APOLLOHOSP / DLF,APOLLOHOSP.NS,DLF.NS,3.7231,3035.5239,0.0,-0.31516527728808813,407.35724835815427,6479.75341796875,815.6837768554688
2024-08-16,APOLLOHOSP / DLF,APOLLOHOSP.NS,DLF.NS,3.7231,3035.5239,0.0,-0.2550997627607805,420.4339366943359,6660.0771484375,860.605224609375
2024-08-19,APOLLOHOSP / DLF,APOLLOHOSP.NS,DLF.NS,3.7231,3035.5239,0.0,0.5512344088638841,494.1334734436032,6697.9248046875,850.9756469726562
2024-08-20,APOLLOHOSP / DLF,APOLLOHOSP.NS,DLF.NS,3.7231,3035.5239,0.0,-0.38743259777854766,404.8276350708006,6646.1337890625,861.0518798828125
2024-08-21,APOLLOHOSP / DLF,APOLLOHOSP.NS,DLF.NS,3.7231,3035.5239,0.0,0.6133354542590621,509.1917895019528,6725.36474609375,854.30126953125
2024-08-22,APOLLOHOSP / DLF,APOLLOHOSP.NS,DLF.NS,3.7231,3035.5239,0.0,1.450023076710107,591.7826846679686,6803.15087890625,853.0107421875
2024-08-23,APOLLOHOSP / DLF,APOLLOHOSP.NS,DLF.NS,3.7231,3035.5239,0.0,1.834301009000983,657.8490964355465,6833.1806640625,843.33154296875
2024-08-26,APOLLOHOSP / DLF,APOLLOHOSP.NS,DLF.NS,3.7231,3035.5239,0.0,0.8980376288816574,580.0594978393551,6752.8037109375,842.6365966796875
2024-08-27,APOLLOHOSP / DLF,APOLLOHOSP.NS,DLF.NS,3.7231,3035.5239,0.0,1.0622636795739933,590.559120147705,6754.248046875,840.2044067382812
2024-08-28,APOLLOHOSP / DLF,APOLLOHOSP.NS,DLF.NS,3.7231,3035.5239,0.0,1.2702668690574161,619.7688272521968,6749.26904296875,831.0215454101562
2024-08-29,APOLLOHOSP / DLF,APOLLOHOSP.NS,DLF.NS,3.7231,3035.5239,0.0,1.8706871469192634,719.4133968749998,6829.6943359375,825.859375
2024-08-30,APOLLOHOSP / DLF,APOLLOHOSP.NS,DLF.NS,3.7231,3035.5239,0.0,1.7105357378140549,740.6434918579098,6899.71240234375,838.9635009765625
2024-09-02,APOLLOHOSP / DLF,APOLLOHOSP.NS,DLF.NS,3.7231,3035.5239,0.0,1.0630233119809214,681.7405970520017,6852.4521484375,842.0906372070312
2024-09-03,APOLLOHOSP / DLF,APOLLOHOSP.NS,DLF.NS,3.7231,3035.5239,0.0,0.7006762870222532,649.0850999999998,6817.39404296875,841.4453125
2024-09-04,APOLLOHOSP / DLF,APOLLOHOSP.NS,DLF.NS,3.7231,3035.5239,0.0,1.1987485447536552,724.6249840393066,6903.09814453125,844.1753540039062
2024-09-05,APOLLOHOSP / DLF,APOLLOHOSP.NS,DLF.NS,3.7231,3035.5239,0.0,1.338880849482401,760.1672976074215,6906.48486328125,835.53857421875
2024-09-06,APOLLOHOSP / DLF,APOLLOHOSP.NS,DLF.NS,3.7231,3035.5239,0.0,1.7352310517199485,834.0498776977538,6879.09521484375,808.3375244140625
2024-09-09,APOLLOHOSP / DLF,APOLLOHOSP.NS,DLF.NS,3.7231,3035.5239,0.0,0.8087375755175754,741.9344827819823,6833.1806640625,820.7467651367188
2024-09-10,APOLLOHOSP / DLF,APOLLOHOSP.NS,DLF.NS,3.7231,3035.5239,0.0,1.2409463396916756,791.2670300964355,6893.7861328125,823.7745971679688
2024-09-11,APOLLOHOSP / DLF,APOLLOHOSP.NS,DLF.NS,3.7231,3035.5239,0.0,1.1505503263182786,791.4898135864255,6872.57177734375,818.0167236328125
2024-09-12,APOLLOHOSP / DLF,APOLLOHOSP.NS,DLF.NS,3.7231,3035.5239,-1.0,2.0589528913646564,908.4084599853513,7033.4736328125,829.830322265625
2024-09-13,APOLLOHOSP / DLF,APOLLOHOSP.NS,DLF.NS,3.7231,3035.5239,-1.0,0.4086337043720806,763.5485236389159,6990.99462890625,857.3291625976562
2024-09-16,APOLLOHOSP / DLF,APOLLOHOSP.NS,DLF.NS,3.7231,3035.5239,-1.0,0.5043140363470295,781.2440921081543,7003.14599609375,855.8400268554688
2024-09-17,APOLLOHOSP / DLF,APOLLOHOSP.NS,DLF.NS,3.7231,3035.5239,-1.0,0.15952327592997756,762.6575653808591,6979.939453125,854.59912109375
2024-09-18,APOLLOHOSP / DLF,APOLLOHOSP.NS,DLF.NS,3.7231,3035.5239,-1.0,0.4591299962847773,790.9495966857908,7007.67724609375,854.4502563476562
2024-09-19,APOLLOHOSP / DLF,APOLLOHOSP.NS,DLF.NS,3.7231,3035.5239,-1.0,0.9229524775236089,827.4579370300289,7002.05029296875,843.1329956054688
2024-09-20,APOLLOHOSP / DLF,APOLLOHOSP.NS,DLF.NS,3.7231,3035.5239,-1.0,0.04538310010860582,775.0488226501461,7054.23974609375,871.2274780273438
2024-09-23,APOLLOHOSP / DLF,APOLLOHOSP.NS,DLF.NS,3.7231,3035.5239,0.0,-0.8397983442359167,726.4584042846673,7124.1083984375,903.0447998046876
2024-09-24,APOLLOHOSP / DLF,APOLLOHOSP.NS,DLF.NS,3.7231,3035.5239,0.0,-1.95536825062178,668.6155601196292,7093.431640625,910.3414306640624
2024-09-25,APOLLOHOSP / DLF,APOLLOHOSP.NS,DLF.NS,3.7231,3035.5239,0.0,-1.7334461800126593,667.4532582946777,7104.8359375,913.7167358398438
2024-09-26,APOLLOHOSP / DLF,APOLLOHOSP.NS,DLF.NS,3.7231,3035.5239,0.0,-1.2330313368832535,688.4101432189941,7139.0986328125,917.2905883789062
2024-09-27,APOLLOHOSP / DLF,APOLLOHOSP.NS,DLF.NS,3.7231,3035.5239,0.0,0.417628807157666,791.0702588623044,7204.98291015625,907.412841796875
2024-09-30,APOLLOHOSP / DLF,APOLLOHOSP.NS,DLF.NS,3.7231,3035.5239,0.0,0.8702384758758624,826.2159160827637,7170.27294921875,888.6500854492188
2024-10-01,APOLLOHOSP / DLF,APOLLOHOSP.NS,DLF.NS,3.7231,3035.5239,0.0,-0.8204271734901804,711.8525298583982,7124.65625,907.114990234375
2024-10-03,APOLLOHOSP / DLF,APOLLOHOSP.NS,DLF.NS,3.7231,3035.5239,0.0,-1.5299518305281263,646.1824136474606,6878.24853515625,858.570068359375
2024-10-04,APOLLOHOSP / DLF,APOLLOHOSP.NS,DLF.NS,3.7231,3035.5239,1.0,-2.0714599071157513,588.284962054443,6746.4296875,838.7152709960938
2024-10-07,APOLLOHOSP / DLF,APOLLOHOSP.NS,DLF.NS,3.7231,3035.5239,1.0,-0.9448861118539986,658.8010419372558,6745.9814453125,819.6547241210938
2024-10-08,APOLLOHOSP / DLF,APOLLOHOSP.NS,DLF.NS,3.7231,3035.5239,0.0,0.4275914751577672,756.3055152465818,6896.5244140625,833.9005126953125
2024-10-09,APOLLOHOSP / DLF,APOLLOHOSP.NS,DLF.NS,3.7231,3035.5239,0.0,0.933729204190094,796.3990515747068,6980.7861328125,845.7637939453125
2024-10-10,APOLLOHOSP / DLF,APOLLOHOSP.NS,DLF.NS,3.7231,3035.5239,0.0,-0.17565581701458421,710.0547138366696,6927.15185546875,854.5494995117188
2024-10-11,APOLLOHOSP / DLF,APOLLOHOSP.NS,DLF.NS,3.7231,3035.5239,0.0,1.0393999714663893,790.775299066162,6955.38818359375,840.4525756835938
2024-10-14,APOLLOHOSP / DLF,APOLLOHOSP.NS,DLF.NS,3.7231,3035.5239,0.0,1.563469187417054,839.2909243652343,7064.14990234375,856.63427734375
2024-10-15,APOLLOHOSP / DLF,APOLLOHOSP.NS,DLF.NS,3.7231,3035.5239,0.0,1.3644968421096708,840.2647091186523,7111.50927734375,869.0931396484375
2024-10-16,APOLLOHOSP / DLF,APOLLOHOSP.NS,DLF.NS,3.7231,3035.5239,0.0,0.009552168798413587,737.3177487670896,7042.935546875,878.3255615234375
2024-10-17,APOLLOHOSP / DLF,APOLLOHOSP.NS,DLF.NS,3.7231,3035.5239,0.0,0.023800996838297044,743.4282951171872,6961.2646484375,854.748046875
2024-10-18,APOLLOHOSP / DLF,APOLLOHOSP.NS,DLF.NS,3.7231,3035.5239,0.0,-0.7534986727835083,684.754499645996,6954.89013671875,868.7952880859375
2024-10-21,APOLLOHOSP / DLF,APOLLOHOSP.NS,DLF.NS,3.7231,3035.5239,0.0,0.04560365812534862,741.4635810424802,6958.3759765625,854.4998779296875
2024-10-22,APOLLOHOSP / DLF,APOLLOHOSP.NS,DLF.NS,3.7231,3035.5239,0.0,1.0744742218179384,815.9332724182127,6864.30517578125,809.2310180664062
2024-10-23,APOLLOHOSP / DLF,APOLLOHOSP.NS,DLF.NS,3.7231,3035.5239,0.0,1.4919985331606576,866.8951067565918,6879.04541015625,799.5021362304688
2024-10-24,APOLLOHOSP / DLF,APOLLOHOSP.NS,DLF.NS,3.7231,3035.5239,0.0,1.859727413346448,928.7045553466796,6926.25537109375,795.580810546875
2024-10-25,APOLLOHOSP / DLF,APOLLOHOSP.NS,DLF.NS,3.7231,3035.5239,-1.0,2.304147981425726,1009.6259132385253,6916.99267578125,771.3579711914062
2024-10-28,APOLLOHOSP / DLF,APOLLOHOSP.NS,DLF.NS,3.7231,3035.5239,-1.0,0.18697631048521668,821.5006767517089,6898.51708984375,816.9247436523438
2024-10-29,APOLLOHOSP / DLF,APOLLOHOSP.NS,DLF.NS,3.7231,3035.5239,-1.0,0.41822872420865215,847.1087625061032,6959.42236328125,826.4053344726562
2024-10-30,APOLLOHOSP / DLF,APOLLOHOSP.NS,DLF.NS,3.7231,3035.5239,-1.0,0.5636036147351102,864.5391952026366,6954.49169921875,820.3992919921875
2024-10-31,APOLLOHOSP / DLF,APOLLOHOSP.NS,DLF.NS,3.7231,3035.5239,-1.0,1.1513490110512485,928.787724542236,6994.53076171875,813.8967895507812
2024-11-01,APOLLOHOSP / DLF,APOLLOHOSP.NS,DLF.NS,3.7231,3035.5239,-1.0,0.9591101434287762,923.5858736267087,7003.74365234375,817.7684936523438
2024-11-04,APOLLOHOSP / DLF,APOLLOHOSP.NS,DLF.NS,3.7231,3035.5239,-1.0,1.343636509073446,975.4420239562987,6930.48828125,784.1643676757812
2024-11-05,APOLLOHOSP / DLF,APOLLOHOSP.NS,DLF.NS,3.7231,3035.5239,-1.0,0.9564867704039721,949.4914237121579,6938.3564453125,793.2478637695312
2024-11-06,APOLLOHOSP / DLF,APOLLOHOSP.NS,DLF.NS,3.7231,3035.5239,0.0,-0.210566213692597,843.5440048522946,6940.1494140625,822.1862182617188
2024-11-07,APOLLOHOSP / DLF,APOLLOHOSP.NS,DLF.NS,3.7231,3035.5239,-1.0,3.039333223135135,1390.1247112243655,7395.06787109375,797.5663452148438
2024-11-08,APOLLOHOSP / DLF,APOLLOHOSP.NS,DLF.NS,3.7231,3035.5239,-1.0,2.4606526897941143,1450.9993436218265,7391.630859375,780.2926635742188
2024-11-11,APOLLOHOSP / DLF,APOLLOHOSP.NS,DLF.NS,3.7231,3035.5239,-1.0,1.1330104153979774,1217.533629772949,7126.74853515625,771.8543701171875
2024-11-12,APOLLOHOSP / DLF,APOLLOHOSP.NS,DLF.NS,3.7231,3035.5239,-1.0,0.599417546196309,1128.933470733642,6991.39306640625,759.2962036132812
2024-11-13,APOLLOHOSP / DLF,APOLLOHOSP.NS,DLF.NS,3.7231,3035.5239,-1.0,0.04374004904886976,1029.12416116333,6831.337890625,743.1145629882812
2024-11-14,APOLLOHOSP / DLF,APOLLOHOSP.NS,DLF.NS,3.7231,3035.5239,0.0,-0.2341132072388661,978.6171306396482,6833.13037109375,757.161865234375
2024-11-18,APOLLOHOSP / DLF,APOLLOHOSP.NS,DLF.NS,3.7231,3035.5239,0.0,-0.7237057121429472,871.8018151672363,6714.85693359375,754.0842895507812
2024-11-19,APOLLOHOSP / DLF,APOLLOHOSP.NS,DLF.NS,3.7231,3035.5239,0.0,-1.054722354466978,803.9007384948727,6660.0771484375,757.6085815429688
2024-11-21,APOLLOHOSP / DLF,APOLLOHOSP.NS,DLF.NS,3.7231,3035.5239,0.0,-0.959054759715739,819.3607487365721,6715.45458984375,768.3301391601562
2024-11-22,APOLLOHOSP / DLF,APOLLOHOSP.NS,DLF.NS,3.7231,3035.5239,0.0,-0.562824870359438,902.338578411865,6907.28173828125,797.5663452148438
2024-11-25,APOLLOHOSP / DLF,APOLLOHOSP.NS,DLF.NS,3.7231,3035.5239,0.0,-0.24630249061104953,968.1259962402341,7046.62060546875,817.32177734375
2024-11-26,APOLLOHOSP / DLF,APOLLOHOSP.NS,DLF.NS,3.7231,3035.5239,0.0,-0.32609517987784153,954.7009616760251,7048.16455078125,821.3423461914062
2024-11-27,APOLLOHOSP / DLF,APOLLOHOSP.NS,DLF.NS,3.7231,3035.5239,0.0,-0.6866195492859273,874.7183736450193,6954.69140625,817.7188720703125
2024-11-28,APOLLOHOSP / DLF,APOLLOHOSP.NS,DLF.NS,3.7231,3035.5239,0.0,-1.0990675614766823,770.0924931579589,6813.6591796875,807.9403686523438
2024-11-29,APOLLOHOSP / DLF,APOLLOHOSP.NS,DLF.NS,3.7231,3035.5239,0.0,-1.2300190309331995,724.3066532958983,6801.5078125,816.974365234375
2024-12-02,APOLLOHOSP / DLF,APOLLOHOSP.NS,DLF.NS,3.7231,3035.5239,0.0,-0.49311512465219315,863.6043752807614,7037.45751953125,842.9344482421875
2024-12-03,APOLLOHOSP / DLF,APOLLOHOSP.NS,DLF.NS,3.7231,3035.5239,0.0,0.07162281401819738,932.0568171142577,7097.96337890625,840.800048828125
2024-12-04,APOLLOHOSP / DLF,APOLLOHOSP.NS,DLF.NS,3.7231,3035.5239,0.0,1.1315055934691751,1033.7372235168455,7203.33984375,841.7927856445312
2024-12-05,APOLLOHOSP / DLF,APOLLOHOSP.NS,DLF.NS,3.7231,3035.5239,0.0,1.594453306201875,1067.4661559509277,7245.56982421875,844.0761108398438
2024-12-06,APOLLOHOSP / DLF,APOLLOHOSP.NS,DLF.NS,3.7231,3035.5239,0.0,0.9837704266796784,1001.7879905517575,7204.28564453125,850.628173828125
2024-12-09,APOLLOHOSP / DLF,APOLLOHOSP.NS,DLF.NS,3.7231,3035.5239,0.0,0.3998934071597987,940.8743743347168,7164.994140625,856.4357299804688
2024-12-10,APOLLOHOSP / DLF,APOLLOHOSP.NS,DLF.NS,3.7231,3035.5239,0.0,0.7518527910896835,983.9976455688475,7229.18505859375,862.0943603515625
2024-12-11,APOLLOHOSP / DLF,APOLLOHOSP.NS,DLF.NS,3.7231,3035.5239,0.0,1.1401143337781927,1039.0007317687987,7311.35400390625,869.3909301757812
2024-12-12,APOLLOHOSP / DLF,APOLLOHOSP.NS,DLF.NS,3.7231,3035.5239,0.0,0.24461875638553962,957.7286436523436,7198.11083984375,860.8037109375
2024-12-13,APOLLOHOSP / DLF,APOLLOHOSP.NS,DLF.NS,3.7231,3035.5239,0.0,0.38444894861859175,976.0880942504882,7230.33056640625,864.5264892578125
2024-12-16,APOLLOHOSP / DLF,APOLLOHOSP.NS,DLF.NS,3.7231,3035.5239,0.0,-0.429498646855206,892.862876660156,7230.08203125,886.8134765625
2024-12-17,APOLLOHOSP / DLF,APOLLOHOSP.NS,DLF.NS,3.7231,3035.5239,0.0,-0.03010526314562284,929.6380406921385,7189.79443359375,866.1149291992188
2024-12-18,APOLLOHOSP / DLF,APOLLOHOSP.NS,DLF.NS,3.7231,3035.5239,0.0,0.15008593362815828,951.9088061645507,7208.369140625,865.1221923828125
2024-12-19,APOLLOHOSP / DLF,APOLLOHOSP.NS,DLF.NS,3.7231,3035.5239,0.0,0.9597442405100837,1037.874880010986,7268.27783203125,858.1233520507812
2024-12-20,APOLLOHOSP / DLF,APOLLOHOSP.NS,DLF.NS,3.7231,3035.5239,0.0,1.9773523482563347,1116.7666357543949,7222.6123046875,824.6680908203125
2024-12-23,APOLLOHOSP / DLF,APOLLOHOSP.NS,DLF.NS,3.7231,3035.5239,0.0,1.3044297163726988,1080.0311784729001,7235.95849609375,838.1196899414062
2024-12-24,APOLLOHOSP / DLF,APOLLOHOSP.NS,DLF.NS,3.7231,3035.5239,0.0,0.9299528435790196,1064.456672589111,7210.958984375,835.5881958007812
2024-12-26,APOLLOHOSP / DLF,APOLLOHOSP.NS,DLF.NS,3.7231,3035.5239,0.0,1.2873072082391372,1096.609789318847,7232.02392578125,832.6099853515625
2024-12-27,APOLLOHOSP / DLF,APOLLOHOSP.NS,DLF.NS,3.7231,3035.5239,0.0,1.213158389884827,1096.0492574035643,7217.2333984375,828.7879028320312
2024-12-30,APOLLOHOSP / DLF,APOLLOHOSP.NS,DLF.NS,3.7231,3035.5239,-1.0,2.1751668344830564,1216.025787249755,7284.91064453125,814.7406616210938
2024-12-31,APOLLOHOSP / DLF,APOLLOHOSP.NS,DLF.NS,3.7231,3035.5239,-1.0,1.517017319060293,1182.6744778381344,7267.0830078125,818.9102172851562
2025-01-01,APOLLOHOSP / DLF,APOLLOHOSP.NS,DLF.NS,3.7231,3035.5239,-1.0,1.8498195901180547,1257.158987829589,7340.0888671875,818.5130615234375
2025-01-02,APOLLOHOSP / DLF,APOLLOHOSP.NS,DLF.NS,3.7231,3035.5239,-1.0,1.6232803787332901,1268.6631138671873,7391.88037109375,829.333984375
2025-01-03,APOLLOHOSP / DLF,APOLLOHOSP.NS,DLF.NS,3.7231,3035.5239,-1.0,0.714538630609304,1173.0242516784665,7269.0751953125,822.0372924804688
2025-01-06,APOLLOHOSP / DLF,APOLLOHOSP.NS,DLF.NS,3.7231,3035.5239,-1.0,1.98834982506222,1385.3513903747553,7399.349609375,799.9984741210938
2025-01-07,APOLLOHOSP / DLF,APOLLOHOSP.NS,DLF.NS,3.7231,3035.5239,-1.0,1.6679832987324237,1374.6261567810052,7406.919921875,804.9125366210938
2025-01-08,APOLLOHOSP / DLF,APOLLOHOSP.NS,DLF.NS,3.7231,3035.5239,0.0,-0.401001596920966,1112.012937561035,7113.9990234375,796.7720947265625
2025-01-09,APOLLOHOSP / DLF,APOLLOHOSP.NS,DLF.NS,3.7231,3035.5239,0.0,-0.29103520799847354,1142.2464576232906,7063.10400390625,774.9815063476562
2025-01-10,APOLLOHOSP / DLF,APOLLOHOSP.NS,DLF.NS,3.7231,3035.5239,0.0,0.09009581114779219,1193.0046469726567,7008.5244140625,746.6884765625
2025-01-13,APOLLOHOSP / DLF,APOLLOHOSP.NS,DLF.NS,3.7231,3035.5239,0.0,-0.367275644767708,1149.4777998046875,6812.1650390625,705.638671875
2025-01-14,APOLLOHOSP / DLF,APOLLOHOSP.NS,DLF.NS,3.7231,3035.5239,0.0,-1.8660220099142142,971.2444166259766,6679.94775390625,717.998291015625
2025-01-15,APOLLOHOSP / DLF,APOLLOHOSP.NS,DLF.NS,3.7231,3035.5239,0.0,-1.995071070368505,913.6144551330563,6665.00732421875,729.4644165039062
2025-01-16,APOLLOHOSP / DLF,APOLLOHOSP.NS,DLF.NS,3.7231,3035.5239,0.0,-1.280122262603345,988.6610732177733,6762.4150390625,735.470458984375
2025-01-17,APOLLOHOSP / DLF,APOLLOHOSP.NS,DLF.NS,3.7231,3035.5239,0.0,-1.122901600775009,996.8340385498045,6800.7109375,743.561279296875
2025-01-20,APOLLOHOSP / DLF,APOLLOHOSP.NS,DLF.NS,3.7231,3035.5239,0.0,-1.4835689352338464,906.8997020385741,6753.65087890625,755.0770263671875
2025-01-21,APOLLOHOSP / DLF,APOLLOHOSP.NS,DLF.NS,3.7231,3035.5239,0.0,-0.014487656048813946,1128.5447439392083,6891.3955078125,732.5419311523438
2025-01-22,APOLLOHOSP / DLF,APOLLOHOSP.NS,DLF.NS,3.7231,3035.5239,0.0,0.43463766746533283,1191.4750736999504,6865.25048828125,708.6168823242188
2025-01-23,APOLLOHOSP / DLF,APOLLOHOSP.NS,DLF.NS,3.7231,3035.5239,0.0,0.626424455671402,1214.693924645996,6893.08935546875,709.8577880859375
2025-01-24,APOLLOHOSP / DLF,APOLLOHOSP.NS,DLF.NS,3.7231,3035.5239,0.0,-0.04096687988425445,1112.7801786560058,6717.99365234375,690.2015991210938
2025-01-27,APOLLOHOSP / DLF,APOLLOHOSP.NS,DLF.NS,3.7231,3035.5239,0.0,-0.5007773261212323,1031.4092003662108,6668.59375,698.788818359375
2025-01-28,APOLLOHOSP / DLF,APOLLOHOSP.NS,DLF.NS,3.7231,3035.5239,0.0,-1.0164857586138645,960.4001225769043,6682.03955078125,721.4728393554688
2025-01-29,APOLLOHOSP / DLF,APOLLOHOSP.NS,DLF.NS,3.7231,3035.5239,0.0,-0.8480701914087553,966.5151099792479,6757.08642578125,739.9874877929688
2025-01-30,APOLLOHOSP / DLF,APOLLOHOSP.NS,DLF.NS,3.7231,3035.5239,0.0,-0.5467467270708524,989.5171988403317,6797.27490234375,744.6036376953125
2025-01-31,APOLLOHOSP / DLF,APOLLOHOSP.NS,DLF.NS,3.7231,3035.5239,0.0,-0.4085838043497162,993.9042293273924,6783.181640625,739.6399536132812
2025-02-01,APOLLOHOSP / DLF,APOLLOHOSP.NS,DLF.NS,3.7231,3035.5239,0.0,-0.5834899562746916,966.7230294677734,6813.6591796875,755.126708984375
2025-02-03,APOLLOHOSP / DLF,APOLLOHOSP.NS,DLF.NS,3.7231,3035.5239,0.0,-0.559418194606722,968.7954573242187,6771.37890625,743.2138671875
2025-02-04,APOLLOHOSP / DLF,APOLLOHOSP.NS,DLF.NS,3.7231,3035.5239,0.0,-1.1507363613862587,912.2899805114744,6764.955078125,756.6654663085938
2025-02-05,APOLLOHOSP / DLF,APOLLOHOSP.NS,DLF.NS,3.7231,3035.5239,0.0,0.34622517520848856,1059.6930892883297,6916.79345703125,757.8567504882812
2025-02-06,APOLLOHOSP / DLF,APOLLOHOSP.NS,DLF.NS,3.7231,3035.5239,0.0,-0.4069326736169418,987.1730323303223,6846.67578125,758.5020141601562
2025-02-07,APOLLOHOSP / DLF,APOLLOHOSP.NS,DLF.NS,3.7231,3035.5239,0.0,-1.058427583365983,928.202760229492,6763.3115234375,751.949951171875
2025-02-10,APOLLOHOSP / DLF,APOLLOHOSP.NS,DLF.NS,3.7231,3035.5239,0.0,-0.24224919473036127,996.9658053527828,6734.12890625,725.6423950195312
2025-02-11,APOLLOHOSP / DLF,APOLLOHOSP.NS,DLF.NS,3.7231,3035.5239,1.0,-2.831934960944217,635.6059393371579,6292.009765625,703.9509887695312
2025-02-12,APOLLOHOSP / DLF,APOLLOHOSP.NS,DLF.NS,3.7231,3035.5239,1.0,-1.372888684654728,799.9473106079099,6348.98046875,675.1119384765625
2025-02-13,APOLLOHOSP / DLF,APOLLOHOSP.NS,DLF.NS,3.7231,3035.5239,1.0,-1.2491746545912115,795.3886279907224,6346.6396484375,675.7076416015625
2025-02-14,APOLLOHOSP / DLF,APOLLOHOSP.NS,DLF.NS,3.7231,3035.5239,1.0,-1.5483293413261854,730.0964454895015,6254.18115234375,668.4109497070312
2025-02-17,APOLLOHOSP / DLF,APOLLOHOSP.NS,DLF.NS,3.7231,3035.5239,1.0,-1.1677735163920606,754.3600371948241,6283.80419921875,669.8504638671875
2025-02-18,APOLLOHOSP / DLF,APOLLOHOSP.NS,DLF.NS,3.7231,3035.5239,1.0,-0.4058395599108106,840.6049578063962,6360.25439453125,667.2196655273438
2025-02-19,APOLLOHOSP / DLF,APOLLOHOSP.NS,DLF.NS,3.7231,3035.5239,1.0,-0.49235508409432943,819.5713693359371,6405.93505859375,685.138671875
2025-02-20,APOLLOHOSP / DLF,APOLLOHOSP.NS,DLF.NS,3.7231,3035.5239,1.0,-0.7837564064718647,770.3973591491699,6374.3173828125,689.8541870117188
2025-02-21,APOLLOHOSP / DLF,APOLLOHOSP.NS,DLF.NS,3.7231,3035.5239,1.0,-0.9856935193784339,729.1594507202149,6301.1083984375,681.2669677734375
2025-02-24,APOLLOHOSP / DLF,APOLLOHOSP.NS,DLF.NS,3.7231,3035.5239,1.0,-1.0038475933062734,709.5670136230465,6235.13037109375,668.80810546875
2025-02-25,APOLLOHOSP / DLF,APOLLOHOSP.NS,DLF.NS,3.7231,3035.5239,1.0,-0.416305620347393,771.9814257324215,6235.0810546875,652.03076171875
2025-02-27,APOLLOHOSP / DLF,APOLLOHOSP.NS,DLF.NS,3.7231,3035.5239,1.0,-0.42239206814774943,759.2266399414061,6169.10302734375,637.7353515625
2025-02-28,APOLLOHOSP / DLF,APOLLOHOSP.NS,DLF.NS,3.7231,3035.5239,1.0,-1.3558550369903701,652.2899278808591,6036.84814453125,630.93505859375
2025-03-03,APOLLOHOSP / DLF,APOLLOHOSP.NS,DLF.NS,3.7231,3035.5239,1.0,-0.4649471054450681,726.5543165222166,6154.54150390625,642.5997924804688
2025-03-04,APOLLOHOSP / DLF,APOLLOHOSP.NS,DLF.NS,3.7231,3035.5239,0.0,0.15288150738533365,758.8426837768552,6172.04541015625,638.6287841796875
2025-03-05,APOLLOHOSP / DLF,APOLLOHOSP.NS,DLF.NS,3.7231,3035.5239,0.0,-0.7861788186276915,718.3102991088867,6198.22705078125,656.5477294921875
2025-03-06,APOLLOHOSP / DLF,APOLLOHOSP.NS,DLF.NS,3.7231,3035.5239,0.0,0.21574651494068364,763.2557333312984,6257.77197265625,660.4690551757812
2025-03-07,APOLLOHOSP / DLF,APOLLOHOSP.NS,DLF.NS,3.7231,3035.5239,0.0,-1.0298718905239705,698.9384531555174,6199.9228515625,662.2063598632812
2025-03-10,APOLLOHOSP / DLF,APOLLOHOSP.NS,DLF.NS,3.7231,3035.5239,0.0,-0.8190047213643938,706.3479546691892,6133.595703125,642.4011840820312
2025-03-11,APOLLOHOSP / DLF,APOLLOHOSP.NS,DLF.NS,3.7231,3035.5239,1.0,-2.3104848769046296,591.7924307678222,6118.833984375,669.2051391601562
2025-03-12,APOLLOHOSP / DLF,APOLLOHOSP.NS,DLF.NS,3.7231,3035.5239,1.0,-1.6289938391573624,620.6781652038571,6127.76123046875,663.8444213867188
2025-03-13,APOLLOHOSP / DLF,APOLLOHOSP.NS,DLF.NS,3.7231,3035.5239,1.0,-1.4347228331789161,621.855147076416,6089.759765625,653.3213500976562
2025-03-17,APOLLOHOSP / DLF,APOLLOHOSP.NS,DLF.NS,3.7231,3035.5239,1.0,-0.3282268659370791,682.1478286926267,6140.62744140625,650.7898559570312
2025-03-18,APOLLOHOSP / DLF,APOLLOHOSP.NS,DLF.NS,3.7231,3035.5239,1.0,-0.2747417153669942,682.1478286926267,6140.62744140625,650.7898559570312
2025-03-19,APOLLOHOSP / DLF,APOLLOHOSP.NS,DLF.NS,3.7231,3035.5239,0.0,1.5152329778997362,797.1079711425778,6410.822265625,692.48486328125
2025-03-20,APOLLOHOSP / DLF,APOLLOHOSP.NS,DLF.NS,3.7231,3035.5239,-1.0,2.0530539779678714,855.7983269226074,6457.50048828125,689.2584838867188
2025-03-21,APOLLOHOSP / DLF,APOLLOHOSP.NS,DLF.NS,3.7231,3035.5239,-1.0,2.6003838559404153,986.7271796142577,6594.34326171875,690.846923828125
2025-03-24,APOLLOHOSP / DLF,APOLLOHOSP.NS,DLF.NS,3.7231,3035.5239,-1.0,1.825550784301392,953.6363607910152,6598.58251953125,700.87353515625
2025-03-25,APOLLOHOSP / DLF,APOLLOHOSP.NS,DLF.NS,3.7231,3035.5239,-1.0,1.9132774931238303,1022.3784989868163,6627.4072265625,690.1519775390625
2025-03-26,APOLLOHOSP / DLF,APOLLOHOSP.NS,DLF.NS,3.7231,3035.5239,-1.0,1.2225202214783906,952.3207107727048,6502.83251953125,675.5090942382812
2025-03-27,APOLLOHOSP / DLF,APOLLOHOSP.NS,DLF.NS,3.7231,3035.5239,-1.0,0.7296780676090834,894.8892744750974,6475.154296875,683.5006103515625
2025-03-28,APOLLOHOSP / DLF,APOLLOHOSP.NS,DLF.NS,3.7231,3035.5239,-1.0,1.5046438591426212,1048.2848904418943,6598.9814453125,675.5587158203125
2025-04-01,APOLLOHOSP / DLF,APOLLOHOSP.NS,DLF.NS,3.7231,3035.5239,-1.0,1.654808595807392,1128.6541517456053,6615.0390625,658.2850341796875
2025-04-02,APOLLOHOSP / DLF,APOLLOHOSP.NS,DLF.NS,3.7231,3035.5239,-1.0,1.5122336564340573,1154.1383416015624,6714.62939453125,678.189453125
2025-04-03,APOLLOHOSP / DLF,APOLLOHOSP.NS,DLF.NS,3.7231,3035.5239,-1.0,1.1143287433099036,1104.9546348266595,6653.98779296875,675.1119384765625
2025-04-04,APOLLOHOSP / DLF,APOLLOHOSP.NS,DLF.NS,3.7231,3035.5239,-1.0,1.6236295459187207,1244.5092761047363,6697.0751953125,649.2014770507812
2025-04-07,APOLLOHOSP / DLF,APOLLOHOSP.NS,DLF.NS,3.7231,3035.5239,-1.0,1.9881283900326125,1382.9902423828125,6665.90673828125,603.634765625
2025-04-08,APOLLOHOSP / DLF,APOLLOHOSP.NS,DLF.NS,3.7231,3035.5239,-1.0,1.7923312695781706,1405.2051562133784,6738.0185546875,617.0367431640625
2025-04-09,APOLLOHOSP / DLF,APOLLOHOSP.NS,DLF.NS,3.7231,3035.5239,-1.0,1.9780623760764442,1515.6568767089848,6816.314453125,608.39990234375
2025-04-11,APOLLOHOSP / DLF,APOLLOHOSP.NS,DLF.NS,3.7231,3035.5239,-1.0,1.3534450164199774,1422.9124729064933,6763.302734375,619.0718383789062
2025-04-15,APOLLOHOSP / DLF,APOLLOHOSP.NS,DLF.NS,3.7231,3035.5239,-1.0,1.1071271135812788,1401.7535783142084,6887.02978515625,657.9872436523438
2025-04-16,APOLLOHOSP / DLF,APOLLOHOSP.NS,DLF.NS,3.7231,3035.5239,-1.0,1.4556221050172764,1526.201587445068,6987.2685546875,651.4848022460938
2025-04-17,APOLLOHOSP / DLF,APOLLOHOSP.NS,DLF.NS,3.7231,3035.5239,-1.0,1.3393485525782278,1545.4211160400391,7055.09130859375,664.539306640625
2025-04-21,APOLLOHOSP / DLF,APOLLOHOSP.NS,DLF.NS,3.7231,3035.5239,-1.0,1.3300184573338374,1590.21693505249,7123.91162109375,670.9921264648438
2025-04-22,APOLLOHOSP / DLF,APOLLOHOSP.NS,DLF.NS,3.7231,3035.5239,-1.0,0.8353234394198029,1502.7235418579094,7070.05224609375,680.0260009765625
2025-04-23,APOLLOHOSP / DLF,APOLLOHOSP.NS,DLF.NS,3.7231,3035.5239,-1.0,0.9690582148764849,1546.1049102905272,7123.4130859375,682.7064208984375
2025-04-24,APOLLOHOSP / DLF,APOLLOHOSP.NS,DLF.NS,3.7231,3035.5239,-1.0,1.0999502234663012,1590.1711209106443,7140.86767578125,675.5587158203125
2025-04-25,APOLLOHOSP / DLF,APOLLOHOSP.NS,DLF.NS,3.7231,3035.5239,-1.0,0.3690849025706523,1483.8172893249512,6934.90478515625,648.8043823242188
2025-04-28,APOLLOHOSP / DLF,APOLLOHOSP.NS,DLF.NS,3.7231,3035.5239,-1.0,0.6285519630894331,1537.3230543151858,7026.6650390625,659.0792846679688
2025-04-29,APOLLOHOSP / DLF,APOLLOHOSP.NS,DLF.NS,3.7231,3035.5239,-1.0,0.2555774797935108,1503.6257541442865,6974.30224609375,654.0658569335938
2025-04-30,APOLLOHOSP / DLF,APOLLOHOSP.NS,DLF.NS,3.7231,3035.5239,0.0,-0.8979447454454454,1431.0615198608393,6958.84228515625,669.4036865234375
2025-05-02,APOLLOHOSP / DLF,APOLLOHOSP.NS,DLF.NS,3.7231,3035.5239,1.0,-2.010938360225778,1341.5320911743165,6909.9697265625,680.3238525390625
2025-05-05,APOLLOHOSP / DLF,APOLLOHOSP.NS,DLF.NS,3.7231,3035.5239,1.0,-1.6565139958034365,1356.1808252502433,6955.85009765625,688.7124633789062
2025-05-06,APOLLOHOSP / DLF,APOLLOHOSP.NS,DLF.NS,3.7231,3035.5239,1.0,-0.3774510150341081,1452.4440867797848,6990.7587890625,672.2330322265625
2025-05-07,APOLLOHOSP / DLF,APOLLOHOSP.NS,DLF.NS,3.7231,3035.5239,1.0,-0.8004191748134302,1418.7503487670892,6964.82666015625,674.3177490234375
2025-05-08,APOLLOHOSP / DLF,APOLLOHOSP.NS,DLF.NS,3.7231,3035.5239,1.0,-1.2760612546416839,1377.0372481994627,6833.6689453125,650.2935180664062
2025-05-09,APOLLOHOSP / DLF,APOLLOHOSP.NS,DLF.NS,3.7231,3035.5239,1.0,-1.5151254333986655,1334.1778991943356,6704.50634765625,627.113037109375
2025-05-12,APOLLOHOSP / DLF,APOLLOHOSP.NS,DLF.NS,3.7231,3035.5239,1.0,-1.0913200084746806,1357.2785427856443,6907.97509765625,675.5587158203125
2025-05-13,APOLLOHOSP / DLF,APOLLOHOSP.NS,DLF.NS,3.7231,3035.5239,1.0,-0.9597089449892836,1358.5957290222168,6899.49755859375,672.9279174804688
2025-05-14,APOLLOHOSP / DLF,APOLLOHOSP.NS,DLF.NS,3.7231,3035.5239,1.0,-1.2485052355839381,1317.4952776306145,6898.49951171875,683.6991577148438
2025-05-15,APOLLOHOSP / DLF,APOLLOHOSP.NS,DLF.NS,3.7231,3035.5239,1.0,-0.23660763729428708,1397.8746698242185,7054.09375,703.9013671875
2025-05-16,APOLLOHOSP / DLF,APOLLOHOSP.NS,DLF.NS,3.7231,3035.5239,1.0,-1.1962618708304562,1315.206401416015,6996.74365234375,710.70166015625
2025-05-19,APOLLOHOSP / DLF,APOLLOHOSP.NS,DLF.NS,3.7231,3035.5239,1.0,-2.219522452904586,1194.4223150207517,6956.34912109375,732.2937622070312
2025-05-20,APOLLOHOSP / DLF,APOLLOHOSP.NS,DLF.NS,3.7231,3035.5239,1.0,-2.642036041154517,1073.5024431945803,6894.01171875,748.0286254882812
2025-05-21,APOLLOHOSP / DLF,APOLLOHOSP.NS,DLF.NS,3.7231,3035.5239,1.0,-2.1517407913801136,1065.2951075134279,6965.82421875,769.5214233398438
2025-05-22,APOLLOHOSP / DLF,APOLLOHOSP.NS,DLF.NS,3.7231,3035.5239,1.0,-1.9260528661534773,1033.4693864929195,6936.40087890625,770.1666870117188
2025-05-23,APOLLOHOSP / DLF,APOLLOHOSP.NS,DLF.NS,3.7231,3035.5239,1.0,-0.9962687635352646,1140.5958991516109,7046.11474609375,770.8616333007812
2025-05-26,APOLLOHOSP / DLF,APOLLOHOSP.NS,DLF.NS,3.7231,3035.5239,1.0,-0.706180048282877,1167.708128985596,7078.03173828125,772.1521606445312
2025-05-27,APOLLOHOSP / DLF,APOLLOHOSP.NS,DLF.NS,3.7231,3035.5239,1.0,-0.6666312446568621,1158.6279752624505,7055.09130859375,768.4293823242188
2025-05-28,APOLLOHOSP / DLF,APOLLOHOSP.NS,DLF.NS,3.7231,3035.5239,1.0,-1.2999216270488951,1049.509525756836,6938.39599609375,766.394287109375
2025-05-29,APOLLOHOSP / DLF,APOLLOHOSP.NS,DLF.NS,3.7231,3035.5239,1.0,-1.7771131452928126,935.7068846740722,6904.98291015625,787.9863891601562
2025-05-30,APOLLOHOSP / DLF,APOLLOHOSP.NS,DLF.NS,3.7231,3035.5239,1.0,-1.7762598828302525,878.1635102478026,6862.59326171875,792.0565795898438
2025-06-02,APOLLOHOSP / DLF,APOLLOHOSP.NS,DLF.NS,3.7231,3035.5239,1.0,-1.5764259956959281,865.5781685363768,6897.50244140625,804.8132934570312
2025-06-03,APOLLOHOSP / DLF,APOLLOHOSP.NS,DLF.NS,3.7231,3035.5239,1.0,-1.7302379608155738,785.5770511657711,6794.7705078125,798.7079467773438
2025-06-04,APOLLOHOSP / DLF,APOLLOHOSP.NS,DLF.NS,3.7231,3035.5239,1.0,-1.2828318953395554,832.216508099365,6837.15966796875,797.5663452148438
2025-06-05,APOLLOHOSP / DLF,APOLLOHOSP.NS,DLF.NS,3.7231,3035.5239,1.0,-1.494502235864823,770.7396037414551,6858.10498046875,819.7044067382812
2025-06-06,APOLLOHOSP / DLF,APOLLOHOSP.NS,DLF.NS,3.7231,3035.5239,1.0,-1.972221606573758,635.0769879394529,6924.43212890625,873.95751953125
2025-06-09,APOLLOHOSP / DLF,APOLLOHOSP.NS,DLF.NS,3.7231,3035.5239,1.0,-1.6838862462917057,631.0724907714844,6913.95947265625,872.22021484375
2025-06-10,APOLLOHOSP / DLF,APOLLOHOSP.NS,DLF.NS,3.7231,3035.5239,1.0,-1.321536663650811,656.7858664978025,6900.49462890625,861.6972045898438
2025-06-11,APOLLOHOSP / DLF,APOLLOHOSP.NS,DLF.NS,3.7231,3035.5239,1.0,-1.1177380881969496,663.7300283264158,6909.4716796875,862.2432250976562
2025-06-12,APOLLOHOSP / DLF,APOLLOHOSP.NS,DLF.NS,3.7231,3035.5239,1.0,-0.29668551757422207,809.0586031372068,6978.29150390625,841.6934814453125
2025-06-13,APOLLOHOSP / DLF,APOLLOHOSP.NS,DLF.NS,3.7231,3035.5239,1.0,-0.27414568847899107,794.4971482910155,6976.296875,845.06884765625
2025-06-16,APOLLOHOSP / DLF,APOLLOHOSP.NS,DLF.NS,3.7231,3035.5239,0.0,0.4103013632108937,885.0416034057616,7095.48583984375,852.7625732421875
2025-06-17,APOLLOHOSP / DLF,APOLLOHOSP.NS,DLF.NS,3.7231,3035.5239,0.0,0.04933392126624141,805.726686602783,6988.265625,845.2673950195312
2025-06-18,APOLLOHOSP / DLF,APOLLOHOSP.NS,DLF.NS,3.7231,3035.5239,0.0,-0.2387636653911393,757.4955870727536,6915.45556640625,838.6656494140625
2025-06-19,APOLLOHOSP / DLF,APOLLOHOSP.NS,DLF.NS,3.7231,3035.5239,0.0,0.8655599892450908,851.4084059082029,6991.2578125,833.80126953125
2025-06-20,APOLLOHOSP / DLF,APOLLOHOSP.NS,DLF.NS,3.7231,3035.5239,0.0,0.9143265772040328,852.2292854675293,7045.1171875,848.0470581054688
2025-06-23,APOLLOHOSP / DLF,APOLLOHOSP.NS,DLF.NS,3.7231,3035.5239,0.0,0.4098859452870758,803.0276984741208,6989.2626953125,846.2601318359375
2025-06-24,APOLLOHOSP / DLF,APOLLOHOSP.NS,DLF.NS,3.7231,3035.5239,0.0,0.4973935485420942,812.4350339355465,6987.7666015625,843.33154296875
2025-06-25,APOLLOHOSP / DLF,APOLLOHOSP.NS,DLF.NS,3.7231,3035.5239,0.0,0.7139248104855903,830.4159455871581,7023.67333984375,848.1463012695312
2025-06-26,APOLLOHOSP / DLF,APOLLOHOSP.NS,DLF.NS,3.7231,3035.5239,0.0,1.482707534332416,916.5575273193358,7083.0185546875,840.948974609375
2025-06-27,APOLLOHOSP / DLF,APOLLOHOSP.NS,DLF.NS,3.7231,3035.5239,-1.0,2.6214785988894467,1127.8234544128418,7289.4794921875,839.6583862304688
2025-06-30,APOLLOHOSP / DLF,APOLLOHOSP.NS,DLF.NS,3.7231,3035.5239,-1.0,1.9219202749885242,1091.0652617858887,7223.15283203125,831.7164916992188
2025-07-01,APOLLOHOSP / DLF,APOLLOHOSP.NS,DLF.NS,3.7231,3035.5239,-1.0,2.584082207511984,1323.52122835083,7476.49169921875,837.3255004882812
2025-07-02,APOLLOHOSP / DLF,APOLLOHOSP.NS,DLF.NS,3.7231,3035.5239,-1.0,2.0147090443350777,1311.3538265624993,7421.634765625,825.859375
2025-07-03,APOLLOHOSP / DLF,APOLLOHOSP.NS,DLF.NS,3.7231,3035.5239,-1.0,2.0731087484822535,1443.1628895080567,7545.3125,823.6753540039062
2025-07-04,APOLLOHOSP / DLF,APOLLOHOSP.NS,DLF.NS,3.7231,3035.5239,-1.0,1.5984280240045454,1408.4076201049802,7533.84228515625,829.9295654296875
2025-07-07,APOLLOHOSP / DLF,APOLLOHOSP.NS,DLF.NS,3.7231,3035.5239,-1.0,1.5829340226044664,1483.6806250915524,7596.17919921875,826.4550170898438
2025-07-08,APOLLOHOSP / DLF,APOLLOHOSP.NS,DLF.NS,3.7231,3035.5239,-1.0,1.0926934237775128,1394.3749180847171,7545.3125,836.7794799804688
2025-07-09,APOLLOHOSP / DLF,APOLLOHOSP.NS,DLF.NS,3.7231,3035.5239,-1.0,0.8075125397584239,1347.5971473388672,7449.56201171875,823.625732421875
2025-07-10,APOLLOHOSP / DLF,APOLLOHOSP.NS,DLF.NS,3.7231,3035.5239,-1.0,0.2843866390907706,1230.8608827331536,7339.84814453125,825.5119018554688
2025-07-11,APOLLOHOSP / DLF,APOLLOHOSP.NS,DLF.NS,3.7231,3035.5239,0.0,-0.22380719530267632,1122.6026207702635,7170.78955078125,809.1813354492188
2025-07-14,APOLLOHOSP / DLF,APOLLOHOSP.NS,DLF.NS,3.7231,3035.5239,0.0,-0.40001905406020033,1109.4093140808109,7201.2099609375,820.8956909179688
2025-07-15,APOLLOHOSP / DLF,APOLLOHOSP.NS,DLF.NS,3.7231,3035.5239,0.0,0.0039291291709372235,1225.1496057128898,7341.34423828125,827.44775390625
2025-07-16,APOLLOHOSP / DLF,APOLLOHOSP.NS,DLF.NS,3.7231,3035.5239,0.0,-0.44435058291731805,1177.2531706420896,7333.365234375,838.1693115234375
2025-07-17,APOLLOHOSP / DLF,APOLLOHOSP.NS,DLF.NS,3.7231,3035.5239,0.0,-0.7510421644667545,1165.0943242126468,7331.37060546875,840.8993530273438
2025-07-18,APOLLOHOSP / DLF,APOLLOHOSP.NS,DLF.NS,3.7231,3035.5239,0.0,-1.0517643135510397,1125.054045831299,7284.49267578125,839.0628051757812
2025-07-21,APOLLOHOSP / DLF,APOLLOHOSP.NS,DLF.NS,3.7231,3035.5239,0.0,-1.5567561716334133,1048.8313702941891,7235.62060546875,846.4089965820312
2025-07-22,APOLLOHOSP / DLF,APOLLOHOSP.NS,DLF.NS,3.7231,3035.5239,0.0,-1.2299310607291492,1067.093779418945,7227.64111328125,839.360595703125
2025-07-23,APOLLOHOSP / DLF,APOLLOHOSP.NS,DLF.NS,3.7231,3035.5239,0.0,-0.21101962324966422,1206.8837890075683,7354.31005859375,835.8363647460938
2025-07-24,APOLLOHOSP / DLF,APOLLOHOSP.NS,DLF.NS,3.7231,3035.5239,0.0,0.1612487969628924,1244.9594042114259,7344.3369140625,822.9307861328125
2025-07-25,APOLLOHOSP / DLF,APOLLOHOSP.NS,DLF.NS,3.7231,3035.5239,0.0,1.0962085278050646,1359.4806920104984,7449.0634765625,820.2999877929688
2025-07-28,APOLLOHOSP / DLF,APOLLOHOSP.NS,DLF.NS,3.7231,3035.5239,0.0,1.4032318403702178,1371.0067150207524,7337.35498046875,787.2000122070312
2025-07-29,APOLLOHOSP / DLF,APOLLOHOSP.NS,DLF.NS,3.7231,3035.5239,0.0,1.782287826662326,1421.2888090209963,7436.595703125,800.3499755859375
2025-07-30,APOLLOHOSP / DLF,APOLLOHOSP.NS,DLF.NS,3.7231,3035.5239,0.0,1.8472299016005789,1458.3061935729984,7430.611328125,788.7999877929688
2025-07-31,APOLLOHOSP / DLF,APOLLOHOSP.NS,DLF.NS,3.7231,3035.5239,0.0,1.8807402094774472,1523.1212531250003,7478.486328125,784.25
2025-08-01,APOLLOHOSP / DLF,APOLLOHOSP.NS,DLF.NS,3.7231,3035.5239,0.0,0.9403266654831842,1402.505744885253,7332.36767578125,777.4000244140625
2025-08-04,APOLLOHOSP / DLF,APOLLOHOSP.NS,DLF.NS,3.7231,3035.5239,0.0,0.19535045733035578,1301.597312927246,7288.98095703125,792.8499755859375
2025-08-05,APOLLOHOSP / DLF,APOLLOHOSP.NS,DLF.NS,3.7231,3035.5239,0.0,0.22749633023599117,1311.9909337707522,7255.06982421875,780.9500122070312
2025-08-06,APOLLOHOSP / DLF,APOLLOHOSP.NS,DLF.NS,3.7231,3035.5239,0.0,0.0178649213095922,1288.95570078125,7170.78955078125,764.5
2025-08-07,APOLLOHOSP / DLF,APOLLOHOSP.NS,DLF.NS,3.7231,3035.5239,0.0,-0.05065930076079143,1287.5634261352534,7151.34033203125,759.6500244140625
2025-08-08,APOLLOHOSP / DLF,APOLLOHOSP.NS,DLF.NS,3.7231,3035.5239,0.0,-0.41325148128162137,1248.6382345520014,7066.0625,747.2000122070312
2025-08-11,APOLLOHOSP / DLF,APOLLOHOSP.NS,DLF.NS,3.7231,3035.5239,0.0,0.299530464974708,1356.5991079895011,7240.1083984375,764.9500122070312
2025-08-12,APOLLOHOSP / DLF,APOLLOHOSP.NS,DLF.NS,3.7231,3035.5239,0.0,0.22478818492803573,1362.2670612915035,7217.6669921875,757.4000244140625
2025-08-13,APOLLOHOSP / DLF,APOLLOHOSP.NS,DLF.NS,3.7231,3035.5239,-1.0,3.2142116090875357,1931.8475167602537,7788.17822265625,757.6500244140625
2025-08-14,APOLLOHOSP / DLF,APOLLOHOSP.NS,DLF.NS,3.7231,3035.5239,-1.0,2.4106673154481855,1967.5248716979977,7801.14453125,751.5499877929688
2025-08-18,APOLLOHOSP / DLF,APOLLOHOSP.NS,DLF.NS,3.7231,3035.5239,-1.0,1.726174542134188,1903.926508947754,7802.14208984375,768.9000244140625
2025-08-19,APOLLOHOSP / DLF,APOLLOHOSP.NS,DLF.NS,3.7231,3035.5239,-1.0,1.4120344267441927,1888.1057223022453,7813.12744140625,776.0999755859375
2025-08-20,APOLLOHOSP / DLF,APOLLOHOSP.NS,DLF.NS,3.7231,3035.5239,-1.0,1.449614399585186,1968.37588984375,7872.54833984375,770.5
2025-08-21,APOLLOHOSP / DLF,APOLLOHOSP.NS,DLF.NS,3.7231,3035.5239,-1.0,1.341741786574258,2001.7658572082519,7915.99072265625,773.2000122070312
2025-08-22,APOLLOHOSP / DLF,APOLLOHOSP.NS,DLF.NS,3.7231,3035.5239,-1.0,1.2630603308295945,2037.4223341979978,7911.99609375,762.5499877929688
2025-08-25,APOLLOHOSP / DLF,APOLLOHOSP.NS,DLF.NS,3.7231,3035.5239,-1.0,0.8278217402878614,1930.8337203124993,7840.5908203125,772.0
2025-08-26,APOLLOHOSP / DLF,APOLLOHOSP.NS,DLF.NS,3.7231,3035.5239,-1.0,0.7396733730282986,1938.1919230834956,7783.1669921875,754.5999755859375
2025-08-28,APOLLOHOSP / DLF,APOLLOHOSP.NS,DLF.NS,3.7231,3035.5239,-1.0,0.503657718353748,1891.9526658020022,7717.75390625,749.4500122070312
2025-08-29,APOLLOHOSP / DLF,APOLLOHOSP.NS,DLF.NS,3.7231,3035.5239,-1.0,0.15298719150744233,1812.8292466979983,7599.91015625,739.0499877929688
2025-09-01,APOLLOHOSP / DLF,APOLLOHOSP.NS,DLF.NS,3.7231,3035.5239,-1.0,0.13390920108528243,1839.809028729248,7661.32861328125,748.2999877929688
2025-09-02,APOLLOHOSP / DLF,APOLLOHOSP.NS,DLF.NS,3.7231,3035.5239,0.0,-0.08599039323954913,1826.0952068542483,7671.81494140625,754.7999877929688
2025-09-03,APOLLOHOSP / DLF,APOLLOHOSP.NS,DLF.NS,3.7231,3035.5239,0.0,-0.2049660321920067,1844.2815331665042,7725.7431640625,764.4000244140625
2025-09-04,APOLLOHOSP / DLF,APOLLOHOSP.NS,DLF.NS,3.7231,3035.5239,0.0,1.535080300852619,2031.5199598022464,7889.52587890625,758.0999755859375
2025-09-05,APOLLOHOSP / DLF,APOLLOHOSP.NS,DLF.NS,3.7231,3035.5239,0.0,0.32876928601807703,1945.640284197998,7794.15234375,755.5499877929688
2025-09-08,APOLLOHOSP / DLF,APOLLOHOSP.NS,DLF.NS,3.7231,3035.5239,0.0,0.02333992041947817,1920.4041195312493,7776.17626953125,757.5
2025-09-09,APOLLOHOSP / DLF,APOLLOHOSP.NS,DLF.NS,3.7231,3035.5239,0.0,0.8115661647937583,1983.1802926147466,7815.12451171875,751.0999755859375
2025-09-10,APOLLOHOSP / DLF,APOLLOHOSP.NS,DLF.NS,3.7231,3035.5239,0.0,1.6911586904949423,2074.629120135498,7918.4873046875,754.2999877929688
2025-09-11,APOLLOHOSP / DLF,APOLLOHOSP.NS,DLF.NS,3.7231,3035.5239,0.0,0.9261601336017959,2017.562728552246,7869.05322265625,756.3499755859375
2025-09-12,APOLLOHOSP / DLF,APOLLOHOSP.NS,DLF.NS,3.7231,3035.5239,0.0,0.7718086142803938,2004.9365394165034,7864.0595703125,758.4000244140625
2025-09-15,APOLLOHOSP / DLF,APOLLOHOSP.NS,DLF.NS,3.7231,3035.5239,0.0,-0.5819012766735552,1882.604103302002,7806.13671875,775.7000122070312
2025-09-16,APOLLOHOSP / DLF,APOLLOHOSP.NS,DLF.NS,3.7231,3035.5239,0.0,-0.5938569495742755,1877.4160421875004,7842.0888671875,786.75
2025-09-17,APOLLOHOSP / DLF,APOLLOHOSP.NS,DLF.NS,3.7231,3035.5239,0.0,-0.12783122412031533,1913.9855634582518,7877.54150390625,786.4500122070312
2025-09-18,APOLLOHOSP / DLF,APOLLOHOSP.NS,DLF.NS,3.7231,3035.5239,0.0,-0.4299125190337349,1889.007889489746,7840.09130859375,783.0999755859375
2025-09-19,APOLLOHOSP / DLF,APOLLOHOSP.NS,DLF.NS,3.7231,3035.5239,0.0,-0.803001254564861,1865.1710868957516,7796.14990234375,777.7000122070312
2025-09-22,APOLLOHOSP / DLF,APOLLOHOSP.NS,DLF.NS,3.7231,3035.5239,0.0,-1.4109345605866346,1812.4667328124997,7728.7392578125,773.75
2025-09-23,APOLLOHOSP / DLF,APOLLOHOSP.NS,DLF.NS,3.7231,3035.5239,0.0,-1.3924009472636294,1810.9658808227541,7673.81201171875,759.4000244140625
2025-09-24,APOLLOHOSP / DLF,APOLLOHOSP.NS,DLF.NS,3.7231,3035.5239,0.0,-0.7456479822368978,1866.3894167602539,7633.36572265625,733.6500244140625
2025-09-25,APOLLOHOSP / DLF,APOLLOHOSP.NS,DLF.NS,3.7231,3035.5239,0.0,-0.31053074498237926,1893.8264920104975,7613.8916015625,721.0499877929688
2025-09-26,APOLLOHOSP / DLF,APOLLOHOSP.NS,DLF.NS,3.7231,3035.5239,0.0,-1.3480507728980882,1798.5933591979974,7500.04296875,716.0499877929688
2025-09-29,APOLLOHOSP / DLF,APOLLOHOSP.NS,DLF.NS,3.7231,3035.5239,0.0,-1.9250580879768049,1709.9697151977543,7434.13037109375,722.1500244140625
2025-09-30,APOLLOHOSP / DLF,APOLLOHOSP.NS,DLF.NS,3.7231,3035.5239,0.0,-1.6148790791562933,1709.0825578125005,7399.1767578125,713.0
2025-10-01,APOLLOHOSP / DLF,APOLLOHOSP.NS,DLF.NS,3.7231,3035.5239,0.0,-1.5099424454158896,1706.4152927917476,7431.13427734375,722.2999877929688
2025-10-03,APOLLOHOSP / DLF,APOLLOHOSP.NS,DLF.NS,3.7231,3035.5239,0.0,-1.5155327885127166,1689.2145814270016,7439.623046875,729.2000122070312
2025-10-06,APOLLOHOSP / DLF,APOLLOHOSP.NS,DLF.NS,3.7231,3035.5239,0.0,0.7357381648402969,1878.9081335937499,7651.84130859375,735.25
2025-10-07,APOLLOHOSP / DLF,APOLLOHOSP.NS,DLF.NS,3.7231,3035.5239,0.0,1.0759969212549114,1909.7838597290038,7689.791015625,737.1500244140625
2025-10-08,APOLLOHOSP / DLF,APOLLOHOSP.NS,DLF.NS,3.7231,3035.5239,0.0,1.102637480716349,1917.4421276977537,7651.84130859375,724.9000244140625
2025-10-09,APOLLOHOSP / DLF,APOLLOHOSP.NS,DLF.NS,3.7231,3035.5239,0.0,1.2697008400870569,1935.1340515624997,7684.7978515625,729.0
2025-10-10,APOLLOHOSP / DLF,APOLLOHOSP.NS,DLF.NS,3.7231,3035.5239,0.0,0.6318076424911787,1879.4538408020017,7670.81640625,740.2000122070312
2025-10-13,APOLLOHOSP / DLF,APOLLOHOSP.NS,DLF.NS,3.7231,3035.5239,0.0,0.4706466538492794,1865.7439243957524,7660.82958984375,741.2000122070312
2025-10-14,APOLLOHOSP / DLF,APOLLOHOSP.NS,DLF.NS,3.7231,3035.5239,0.0,1.308099602861462,1954.7441097290039,7748.712890625,740.9000244140625
2025-10-15,APOLLOHOSP / DLF,APOLLOHOSP.NS,DLF.NS,3.7231,3035.5239,0.0,1.227025478912327,1964.3196388854976,7815.6240234375,756.2999877929688
2025-10-16,APOLLOHOSP / DLF,APOLLOHOSP.NS,DLF.NS,3.7231,3035.5239,0.0,0.7373963409491638,1921.919754083252,7823.11376953125,769.7000122070312
2025-10-17,APOLLOHOSP / DLF,APOLLOHOSP.NS,DLF.NS,3.7231,3035.5239,0.0,1.3312864612684447,1996.3453353332516,7891.02392578125,767.9500122070312
2025-10-20,APOLLOHOSP / DLF,APOLLOHOSP.NS,DLF.NS,3.7231,3035.5239,0.0,1.7428704368703065,2082.3626923645024,7999.3798828125,773.9500122070312
2025-10-21,APOLLOHOSP / DLF,APOLLOHOSP.NS,DLF.NS,3.7231,3035.5239,0.0,1.5730927763279114,2092.55111640625,8001.37744140625,771.75
2025-10-23,APOLLOHOSP / DLF,APOLLOHOSP.NS,DLF.NS,3.7231,3035.5239,0.0,1.0212280741163566,2039.6148740417484,7957.93505859375,774.2999877929688
2025-10-24,APOLLOHOSP / DLF,APOLLOHOSP.NS,DLF.NS,3.7231,3035.5239,0.0,-0.20883889809891693,1915.6763462707513,7827.10888671875,772.4500122070312
2025-10-27,APOLLOHOSP / DLF,APOLLOHOSP.NS,DLF.NS,3.7231,3035.5239,0.0,-0.7294602496312599,1897.4177945312495,7835.09814453125,779.5
2025-10-28,APOLLOHOSP / DLF,APOLLOHOSP.NS,DLF.NS,3.7231,3035.5239,0.0,-0.033810201680996646,1952.6623482604973,7870.0517578125,774.0499877929688
2025-10-29,APOLLOHOSP / DLF,APOLLOHOSP.NS,DLF.NS,3.7231,3035.5239,0.0,-0.6040562025219423,1913.3791392395015,7848.0810546875,778.7000122070312
2025-10-30,APOLLOHOSP / DLF,APOLLOHOSP.NS,DLF.NS,3.7231,3035.5239,0.0,-1.3295985293355062,1852.9747154479974,7779.671875,776.5499877929688
2025-10-31,APOLLOHOSP / DLF,APOLLOHOSP.NS,DLF.NS,3.7231,3035.5239,0.0,-1.5232785886851372,1819.6981312499993,7670.81640625,756.25
2025-11-03,APOLLOHOSP / DLF,APOLLOHOSP.NS,DLF.NS,3.7231,3035.5239,0.0,-0.7253578436544157,1885.0087111145021,7814.1259765625,777.2000122070312
2025-11-04,APOLLOHOSP / DLF,APOLLOHOSP.NS,DLF.NS,3.7231,3035.5239,0.0,-0.8002660478293184,1880.707462145996,7800.14453125,774.5999755859375
2025-11-06,APOLLOHOSP / DLF,APOLLOHOSP.NS,DLF.NS,3.7231,3035.5239,0.0,-0.3624764743756483,1912.7454348022457,7771.68212890625,758.3499755859375
2025-11-07,APOLLOHOSP / DLF,APOLLOHOSP.NS,DLF.NS,3.7231,3035.5239,0.0,-1.749905655599504,1768.8354353332516,7631.86767578125,759.4500122070312
2025-11-10,APOLLOHOSP / DLF,APOLLOHOSP.NS,DLF.NS,3.7231,3035.5239,1.0,-2.217011697826624,1654.4371898437494,7519.51708984375,760.0
2025-11-11,APOLLOHOSP / DLF,APOLLOHOSP.NS,DLF.NS,3.7231,3035.5239,1.0,-2.033195863161397,1606.4285124999997,7491.0546875,765.25
2025-11-12,APOLLOHOSP / DLF,APOLLOHOSP.NS,DLF.NS,3.7231,3035.5239,1.0,-1.6641657231425453,1618.510928302002,7488.05859375,761.2000122070312
2025-11-13,APOLLOHOSP / DLF,APOLLOHOSP.NS,DLF.NS,3.7231,3035.5239,1.0,-1.8520619197693464,1547.6845193542476,7430.63525390625,764.7999877929688
2025-11-14,APOLLOHOSP / DLF,APOLLOHOSP.NS,DLF.NS,3.7231,3035.5239,1.0,-1.7067406296944279,1527.524776989746,7410.66162109375,764.8499755859375
2025-11-17,APOLLOHOSP / DLF,APOLLOHOSP.NS,DLF.NS,3.7231,3035.5239,1.0,-1.1728069567641988,1580.8465039062503,7477.57275390625,768.5
2025-11-18,APOLLOHOSP / DLF,APOLLOHOSP.NS,DLF.NS,3.7231,3035.5239,1.0,-1.208859301869495,1546.556113708496,7375.7080078125,750.3499755859375
2025-11-19,APOLLOHOSP / DLF,APOLLOHOSP.NS,DLF.NS,3.7231,3035.5239,1.0,-0.489367454741359,1644.903045666504,7449.1103515625,743.6500244140625
2025-11-20,APOLLOHOSP / DLF,APOLLOHOSP.NS,DLF.NS,3.7231,3035.5239,1.0,-0.5681097668033396,1618.4449840209963,7413.158203125,741.0999755859375
2025-11-21,APOLLOHOSP / DLF,APOLLOHOSP.NS,DLF.NS,3.7231,3035.5239,1.0,-0.2907145244666121,1645.1262894897463,7381.20068359375,725.3499755859375
2025-11-24,APOLLOHOSP / DLF,APOLLOHOSP.NS,DLF.NS,3.7231,3035.5239,1.0,-0.2694109637530254,1637.1562079895011,7344.7490234375,717.7000122070312
2025-11-25,APOLLOHOSP / DLF,APOLLOHOSP.NS,DLF.NS,3.7231,3035.5239,1.0,-0.4612590592281801,1599.7848771667477,7320.78076171875,721.2999877929688
2025-11-26,APOLLOHOSP / DLF,APOLLOHOSP.NS,DLF.NS,3.7231,3035.5239,1.0,-0.09105904520276326,1627.0190171875001,7383.1982421875,730.75
2025-11-27,APOLLOHOSP / DLF,APOLLOHOSP.NS,DLF.NS,3.7231,3035.5239,1.0,-0.6318557716872231,1576.530773010254,7312.79150390625,725.4000244140625
2025-11-28,APOLLOHOSP / DLF,APOLLOHOSP.NS,DLF.NS,3.7231,3035.5239,1.0,-0.14253055413090748,1596.215444958496,7325.7744140625,723.5999755859375
2025-12-01,APOLLOHOSP / DLF,APOLLOHOSP.NS,DLF.NS,3.7231,3035.5239,1.0,-0.21583954975257932,1589.605240625,7277.837890625,712.5
2025-12-02,APOLLOHOSP / DLF,APOLLOHOSP.NS,DLF.NS,3.7231,3035.5239,1.0,-1.2404957194782205,1545.2826720520015,7232.3984375,712.2000122070312
2025-12-03,APOLLOHOSP / DLF,APOLLOHOSP.NS,DLF.NS,3.7231,3035.5239,1.0,-1.8585287884787138,1502.9963976562503,7174.47509765625,708.0
2025-12-04,APOLLOHOSP / DLF,APOLLOHOSP.NS,DLF.NS,3.7231,3035.5239,1.0,-1.4522754838827834,1514.9478426147452,7191.45263671875,709.3499755859375
2025-12-05,APOLLOHOSP / DLF,APOLLOHOSP.NS,DLF.NS,3.7231,3035.5239,1.0,-2.094023460080379,1464.7426484374992,7179.9677734375,719.75
2025-12-08,APOLLOHOSP / DLF,APOLLOHOSP.NS,DLF.NS,3.7231,3035.5239,1.0,-1.380892530537521,1491.6227564270011,7086.591796875,687.4500122070312
2025-12-09,APOLLOHOSP / DLF,APOLLOHOSP.NS,DLF.NS,3.7231,3035.5239,1.0,-1.4343584949369954,1476.949623260498,7081.5986328125,690.0499877929688
2025-12-10,APOLLOHOSP / DLF,APOLLOHOSP.NS,DLF.NS,3.7231,3035.5239,1.0,-1.8478494757086243,1424.0916013854985,7009.1943359375,684.7999877929688
2025-12-11,APOLLOHOSP / DLF,APOLLOHOSP.NS,DLF.NS,3.7231,3035.5239,1.0,-1.9375593500281079,1382.1542370727539,7000.20654296875,693.6500244140625
2025-12-12,APOLLOHOSP / DLF,APOLLOHOSP.NS,DLF.NS,3.7231,3035.5239,1.0,-0.9437777504163061,1452.1248300415036,7091.5849609375,699.4000244140625
2025-12-15,APOLLOHOSP / DLF,APOLLOHOSP.NS,DLF.NS,3.7231,3035.5239,1.0,-0.9388315730544681,1443.2290112915034,7077.1044921875,697.9000244140625
2025-12-16,APOLLOHOSP / DLF,APOLLOHOSP.NS,DLF.NS,3.7231,3035.5239,1.0,-0.9774355491333908,1430.4278884582518,7042.15087890625,691.9500122070312
2025-12-17,APOLLOHOSP / DLF,APOLLOHOSP.NS,DLF.NS,3.7231,3035.5239,1.0,-1.9599087460836782,1333.5498230834964,6912.3232421875,683.0999755859375
2025-12-18,APOLLOHOSP / DLF,APOLLOHOSP.NS,DLF.NS,3.7231,3035.5239,1.0,-1.540093122981202,1345.6322388854978,6909.3271484375,679.0499877929688
2025-12-19,APOLLOHOSP / DLF,APOLLOHOSP.NS,DLF.NS,3.7231,3035.5239,1.0,-0.8190812577838508,1394.2719712707512,7003.20263671875,691.2000122070312
2025-12-22,APOLLOHOSP / DLF,APOLLOHOSP.NS,DLF.NS,3.7231,3035.5239,1.0,-0.16085674555833362,1432.5522513854976,7044.6474609375,692.0499877929688
2025-12-23,APOLLOHOSP / DLF,APOLLOHOSP.NS,DLF.NS,3.7231,3035.5239,0.0,0.15481800489505493,1443.83550703125,7064.12158203125,694.25
2025-12-24,APOLLOHOSP / DLF,APOLLOHOSP.NS,DLF.NS,3.7231,3035.5239,0.0,1.7680715090841777,1539.785030041504,7162.4912109375,694.9000244140625
2025-12-26,APOLLOHOSP / DLF,APOLLOHOSP.NS,DLF.NS,3.7231,3035.5239,0.0,1.452887173810805,1523.4338070312497,7146.51220703125,695.0
2025-12-29,APOLLOHOSP / DLF,APOLLOHOSP.NS,DLF.NS,3.7231,3035.5239,0.0,0.6126428914995339,1475.2979085937495,7075.10693359375,688.75
2025-12-30,APOLLOHOSP / DLF,APOLLOHOSP.NS,DLF.NS,3.7231,3035.5239,0.0,-0.3977737293426399,1411.080415979004,6980.732421875,680.6500244140625
2025-12-31,APOLLOHOSP / DLF,APOLLOHOSP.NS,DLF.NS,3.7231,3035.5239,0.0,0.12570130252321982,1438.3796667602537,7033.16259765625,687.4000244140625
2026-01-01,APOLLOHOSP / DLF,APOLLOHOSP.NS,DLF.NS,3.7231,3035.5239,0.0,0.9704516716942998,1492.395958166504,7102.0712890625,691.4000244140625
2026-01-02,APOLLOHOSP / DLF,APOLLOHOSP.NS,DLF.NS,3.7231,3035.5239,0.0,0.735764319670931,1485.054997833252,7120.04736328125,698.2000122070312
2026-01-05,APOLLOHOSP / DLF,APOLLOHOSP.NS,DLF.NS,3.7231,3035.5239,0.0,-0.8286461939917232,1389.6578926147458,7073.60888671875,711.3499755859375
2026-01-06,APOLLOHOSP / DLF,APOLLOHOSP.NS,DLF.NS,3.7231,3035.5239,-1.0,2.5905668346705566,1673.1084279479983,7338.2578125,706.2999877929688
2026-01-07,APOLLOHOSP / DLF,APOLLOHOSP.NS,DLF.NS,3.7231,3035.5239,-1.0,2.561872257113733,1783.8320015624995,7437.6259765625,703.25
2026-01-08,APOLLOHOSP / DLF,APOLLOHOSP.NS,DLF.NS,3.7231,3035.5239,-1.0,1.8151238119715862,1741.3374089477538,7354.73583984375,692.4000244140625
2026-01-09,APOLLOHOSP / DLF,APOLLOHOSP.NS,DLF.NS,3.7231,3035.5239,-1.0,1.3868720592152466,1713.5271253540031,7246.87890625,670.9000244140625
2026-01-12,APOLLOHOSP / DLF,APOLLOHOSP.NS,DLF.NS,3.7231,3035.5239,-1.0,1.517704672481448,1767.3963753540038,7258.86328125,659.6500244140625
2026-01-13,APOLLOHOSP / DLF,APOLLOHOSP.NS,DLF.NS,3.7231,3035.5239,-1.0,1.6662972503615616,1837.3317214477538,7301.80615234375,652.4000244140625
2026-01-14,APOLLOHOSP / DLF,APOLLOHOSP.NS,DLF.NS,3.7231,3035.5239,-1.0,1.2490785070434827,1803.4098006042477,7262.85791015625,651.0499877929688
2026-01-15,APOLLOHOSP / DLF,APOLLOHOSP.NS,DLF.NS,3.7231,3035.5239,-1.0,1.0922857472406604,1803.4098006042477,7262.85791015625,651.0499877929688
2026-01-16,APOLLOHOSP / DLF,APOLLOHOSP.NS,DLF.NS,3.7231,3035.5239,-1.0,0.7881442801110272,1770.926394177246,7225.90673828125,649.8499755859375
2026-01-19,APOLLOHOSP / DLF,APOLLOHOSP.NS,DLF.NS,3.7231,3035.5239,-1.0,0.2749169040452524,1698.3474246459955,7123.54296875,641.8499755859375
2026-01-20,APOLLOHOSP / DLF,APOLLOHOSP.NS,DLF.NS,3.7231,3035.5239,0.0,-0.5365122869453363,1585.9229800415033,6903.3349609375,612.9000244140625
2026-01-21,APOLLOHOSP / DLF,APOLLOHOSP.NS,DLF.NS,3.7231,3035.5239,0.0,-1.2922445352066059,1482.352512854004,6817.44921875,617.6500244140625
2026-01-22,APOLLOHOSP / DLF,APOLLOHOSP.NS,DLF.NS,3.7231,3035.5239,0.0,-1.3533803382408316,1469.0871966979976,6787.98828125,613.2999877929688
2026-01-23,APOLLOHOSP / DLF,APOLLOHOSP.NS,DLF.NS,3.7231,3035.5239,0.0,-0.7474692573401437,1567.5983283020014,6793.98046875,588.4500122070312
2026-01-27,APOLLOHOSP / DLF,APOLLOHOSP.NS,DLF.NS,3.7231,3035.5239,0.0,-1.5441135136171749,1479.5532162292475,6784.49267578125,609.5499877929688
2026-01-28,APOLLOHOSP / DLF,APOLLOHOSP.NS,DLF.NS,3.7231,3035.5239,0.0,-1.1963908494178939,1503.8722881042477,6868.38134765625,625.5499877929688
2026-01-29,APOLLOHOSP / DLF,APOLLOHOSP.NS,DLF.NS,3.7231,3035.5239,0.0,-1.7289213010132638,1379.0735506042474,6791.98291015625,638.5499877929688
2026-01-30,APOLLOHOSP / DLF,APOLLOHOSP.NS,DLF.NS,3.7231,3035.5239,0.0,-0.5238730750484635,1548.7867593749997,6951.271484375,635.75
2026-02-02,APOLLOHOSP / DLF,APOLLOHOSP.NS,DLF.NS,3.7231,3035.5239,0.0,-0.4021513002677194,1557.0057443542482,6924.30712890625,626.2999877929688
2026-02-03,APOLLOHOSP / DLF,APOLLOHOSP.NS,DLF.NS,3.7231,3035.5239,0.0,0.10354473493650307,1622.0733316040041,7079.1015625,650.4000244140625
2026-02-04,APOLLOHOSP / DLF,APOLLOHOSP.NS,DLF.NS,3.7231,3035.5239,0.0,0.17113461590086684,1614.3540855834963,7106.5654296875,659.8499755859375
2026-02-05,APOLLOHOSP / DLF,APOLLOHOSP.NS,DLF.NS,3.7231,3035.5239,0.0,0.3061290363891395,1614.9472443542472,7112.55712890625,661.2999877929688
2026-02-06,APOLLOHOSP / DLF,APOLLOHOSP.NS,DLF.NS,3.7231,3035.5239,0.0,0.6867903960756433,1636.2855648437499,7143.01708984375,663.75
2026-02-09,APOLLOHOSP / DLF,APOLLOHOSP.NS,DLF.NS,3.7231,3035.5239,0.0,1.2243895194974959,1667.1568972290042,7201.439453125,671.1500244140625
2026-02-10,APOLLOHOSP / DLF,APOLLOHOSP.NS,DLF.NS,3.7231,3035.5239,0.0,1.351183843761175,1672.7262763854978,7209.4287109375,671.7999877929688
2026-02-11,APOLLOHOSP / DLF,APOLLOHOSP.NS,DLF.NS,3.7231,3035.5239,-1.0,2.8199139616600317,1959.413665447998,7497.046875,672.0499877929688
2026-02-12,APOLLOHOSP / DLF,APOLLOHOSP.NS,DLF.NS,3.7231,3035.5239,-1.0,2.4819417815581284,2066.7639599792474,7529.00439453125,651.7999877929688
2026-02-13,APOLLOHOSP / DLF,APOLLOHOSP.NS,DLF.NS,3.7231,3035.5239,-1.0,2.2404988967622415,2164.8261691040043,7532.5,626.4000244140625
2026-02-16,APOLLOHOSP / DLF,APOLLOHOSP.NS,DLF.NS,3.7231,3035.5239,-1.0,1.857814051691315,2185.5443654479977,7618.0,643.7999877929688
2026-02-17,APOLLOHOSP / DLF,APOLLOHOSP.NS,DLF.NS,3.7231,3035.5239,-1.0,1.5629807668565967,2186.729090447998,7601.5,639.0499877929688
2026-02-18,APOLLOHOSP / DLF,APOLLOHOSP.NS,DLF.NS,3.7231,3035.5239,-1.0,1.4346475024939154,2220.070459552002,7647.5,642.4500122070312
2026-02-19,APOLLOHOSP / DLF,APOLLOHOSP.NS,DLF.NS,3.7231,3035.5239,-1.0,1.3494012470215626,2246.79255,7592.5,620.5
2026-02-20,APOLLOHOSP / DLF,APOLLOHOSP.NS,DLF.NS,3.7231,3035.5239,-1.0,1.149098044244878,2237.0293154479978,7615.5,629.2999877929688
2026-02-23,APOLLOHOSP / DLF,APOLLOHOSP.NS,DLF.NS,3.7231,3035.5239,-1.0,1.2757895096680227,2325.6986154479982,7693.0,626.2999877929688
2026-02-24,APOLLOHOSP / DLF,APOLLOHOSP.NS,DLF.NS,3.7231,3035.5239,-1.0,1.3544061419005258,2407.741894104003,7720.5,611.6500244140625
2026-02-25,APOLLOHOSP / DLF,APOLLOHOSP.NS,DLF.NS,3.7231,3035.5239,-1.0,1.3776755806735876,2471.917334552001,7783.0,611.2000122070312
2026-02-26,APOLLOHOSP / DLF,APOLLOHOSP.NS,DLF.NS,3.7231,3035.5239,-1.0,1.2130450700205255,2465.4066654479975,7775.0,610.7999877929688
2026-02-27,APOLLOHOSP / DLF,APOLLOHOSP.NS,DLF.NS,3.7231,3035.5239,-1.0,1.3380409524575052,2537.782255895996,7821.5,603.8499755859375
2026-03-02,APOLLOHOSP / DLF,APOLLOHOSP.NS,DLF.NS,3.7231,3035.5239,-1.0,1.3264271710015292,2558.602434552002,7791.5,590.2000122070312
2026-03-04,APOLLOHOSP / DLF,APOLLOHOSP.NS,DLF.NS,3.7231,3035.5239,-1.0,1.1453695653210367,2511.846090447998,7666.0,569.0499877929688
2026-03-05,APOLLOHOSP / DLF,APOLLOHOSP.NS,DLF.NS,3.7231,3035.5239,-1.0,1.3055521006255286,2560.9040441040033,7775.0,585.1500244140625
2026-03-06,APOLLOHOSP / DLF,APOLLOHOSP.NS,DLF.NS,3.7231,3035.5239,-1.0,1.0584563710707104,2538.699740447998,7724.5,577.5499877929688
2026-03-09,APOLLOHOSP / DLF,APOLLOHOSP.NS,DLF.NS,3.7231,3035.5239,-1.0,1.2932184014937465,2602.879709552002,7779.0,574.9500122070312
2026-03-10,APOLLOHOSP / DLF,APOLLOHOSP.NS,DLF.NS,3.7231,3035.5239,-1.0,1.0802919055917557,2591.138040447998,7803.0,584.5499877929688
2026-03-11,APOLLOHOSP / DLF,APOLLOHOSP.NS,DLF.NS,3.7231,3035.5239,-1.0,0.46306740082222014,2514.3951345520018,7684.0,573.2000122070312
2026-03-12,APOLLOHOSP / DLF,APOLLOHOSP.NS,DLF.NS,3.7231,3035.5239,0.0,-0.06588346285507476,2461.1140808959954,7574.5,558.0999755859375
2026-03-13,APOLLOHOSP / DLF,APOLLOHOSP.NS,DLF.NS,3.7231,3035.5239,0.0,0.08575185745501579,2493.763575,7550.0,542.75
2026-03-16,APOLLOHOSP / DLF,APOLLOHOSP.NS,DLF.NS,3.7231,3035.5239,0.0,-0.29992350296633785,2479.9301058959954,7490.0,530.3499755859375
2026-03-17,APOLLOHOSP / DLF,APOLLOHOSP.NS,DLF.NS,3.7231,3035.5239,0.0,-1.4434766153791487,2424.9619654479975,7500.0,547.7999877929688
2026-03-18,APOLLOHOSP / DLF,APOLLOHOSP.NS,DLF.NS,3.7231,3035.5239,1.0,-2.4212392844413064,2338.9985808959955,7471.0,563.0999755859375
2026-03-19,APOLLOHOSP / DLF,APOLLOHOSP.NS,DLF.NS,3.7231,3035.5239,1.0,-2.7585169106874603,2197.6251249999996,7252.0,542.25
2026-03-20,APOLLOHOSP / DLF,APOLLOHOSP.NS,DLF.NS,3.7231,3035.5239,1.0,-1.4107102789254755,2315.7097749999994,7364.5,540.75
2026-03-23,APOLLOHOSP / DLF,APOLLOHOSP.NS,DLF.NS,3.7231,3035.5239,1.0,-1.9524065844325968,2193.010375,7145.0,514.75
2026-03-24,APOLLOHOSP / DLF,APOLLOHOSP.NS,DLF.NS,3.7231,3035.5239,1.0,-0.04973692207783133,2437.741,7413.0,521.0
2026-03-25,APOLLOHOSP / DLF,APOLLOHOSP.NS,DLF.NS,3.7231,3035.5239,0.0,0.8241060737156641,2555.5377058959957,7580.5,534.3499755859375
2026-03-27,APOLLOHOSP / DLF,APOLLOHOSP.NS,DLF.NS,3.7231,3035.5239,0.0,0.9007951581432434,2566.2947999999997,7549.0,523.0
2026-03-30,APOLLOHOSP / DLF,APOLLOHOSP.NS,DLF.NS,3.7231,3035.5239,0.0,0.4697107339780641,2506.6613672760013,7419.0,504.1000061035156
2026-04-01,APOLLOHOSP / DLF,APOLLOHOSP.NS,DLF.NS,3.7231,3035.5239,0.0,-0.46564821831963904,2372.1258749999997,7305.5,509.75
2026-04-02,APOLLOHOSP / DLF,APOLLOHOSP.NS,DLF.NS,3.7231,3035.5239,0.0,-0.6408519104669784,2337.587125,7317.5,522.25
2026-04-06,APOLLOHOSP / DLF,APOLLOHOSP.NS,DLF.NS,3.7231,3035.5239,0.0,-0.31373428099967104,2367.2115345520015,7373.0,529.2000122070312
2026-04-07,APOLLOHOSP / DLF,APOLLOHOSP.NS,DLF.NS,3.7231,3035.5239,0.0,-0.7750139854908616,2302.4684808959955,7326.5,534.0999755859375
2026-04-08,APOLLOHOSP / DLF,APOLLOHOSP.NS,DLF.NS,3.7231,3035.5239,0.0,-1.1880849524920007,2233.1983558959964,7401.5,572.8499755859375
2026-04-09,APOLLOHOSP / DLF,APOLLOHOSP.NS,DLF.NS,3.7231,3035.5239,0.0,-0.14258206453444042,2350.0569095520023,7481.5,562.9500122070312
2026-04-10,APOLLOHOSP / DLF,APOLLOHOSP.NS,DLF.NS,3.7231,3035.5239,0.0,-0.05799904024072782,2355.298430895996,7511.5,569.5999755859375
2026-04-13,APOLLOHOSP / DLF,APOLLOHOSP.NS,DLF.NS,3.7231,3035.5239,0.0,0.009403670839977415,2364.7659691040044,7516.5,568.4000244140625
2026-04-15,APOLLOHOSP / DLF,APOLLOHOSP.NS,DLF.NS,3.7231,3035.5239,0.0,0.3861805610362298,2419.3409595520016,7642.0,587.4500122070312
2026-04-16,APOLLOHOSP / DLF,APOLLOHOSP.NS,DLF.NS,3.7231,3035.5239,0.0,-0.5390779774620764,2321.9639845520014,7553.0,589.7000122070312
2026-04-17,APOLLOHOSP / DLF,APOLLOHOSP.NS,DLF.NS,3.7231,3035.5239,0.0,0.31196016633455265,2423.1006749999997,7699.0,601.75
2026-04-20,APOLLOHOSP / DLF,APOLLOHOSP.NS,DLF.NS,3.7231,3035.5239,0.0,0.10067668813871067,2401.0191691040036,7657.0,596.4000244140625
2026-04-21,APOLLOHOSP / DLF,APOLLOHOSP.NS,DLF.NS,3.7231,3035.5239,0.0,0.7590396720439883,2446.506740447998,7744.0,607.5499877929688
2026-04-22,APOLLOHOSP / DLF,APOLLOHOSP.NS,DLF.NS,3.7231,3035.5239,0.0,-0.2683423570885085,2352.9649941040043,7662.0,610.6500244140625
2026-04-23,APOLLOHOSP / DLF,APOLLOHOSP.NS,DLF.NS,3.7231,3035.5239,-1.0,2.3834526727105345,2538.4224654479976,7781.0,592.7999877929688
2026-04-24,APOLLOHOSP / DLF,APOLLOHOSP.NS,DLF.NS,3.7231,3035.5239,-1.0,1.6547923913901836,2511.330290447998,7732.5,587.0499877929688
2026-04-27,APOLLOHOSP / DLF,APOLLOHOSP.NS,DLF.NS,3.7231,3035.5239,-1.0,1.9986441066660188,2583.7254595520017,7825.0,592.4500122070312
2026-04-28,APOLLOHOSP / DLF,APOLLOHOSP.NS,DLF.NS,3.7231,3035.5239,-1.0,1.2194942604561383,2528.6655191040036,7753.0,587.9000244140625
2026-04-29,APOLLOHOSP / DLF,APOLLOHOSP.NS,DLF.NS,3.7231,3035.5239,-1.0,0.4332309390923823,2460.2792595520023,7709.0,594.4500122070312
2026-04-30,APOLLOHOSP / DLF,APOLLOHOSP.NS,DLF.NS,3.7231,3035.5239,0.0,-0.20206296733749327,2415.5164000000004,7636.5,587.0
2026-05-01,APOLLOHOSP / DLF,APOLLOHOSP.NS,DLF.NS,3.7231,3035.5239,0.0,-0.2674661960413881,2415.5164000000004,7636.5,587.0
2026-05-04,APOLLOHOSP / DLF,APOLLOHOSP.NS,DLF.NS,3.7231,3035.5239,0.0,-0.004375884347446251,2441.309734552002,7737.5,607.2000122070312
2026-05-05,APOLLOHOSP / DLF,APOLLOHOSP.NS,DLF.NS,3.7231,3035.5239,0.0,0.8531821632413509,2512.6685154479983,7772.0,597.2999877929688
2026-05-06,APOLLOHOSP / DLF,APOLLOHOSP.NS,DLF.NS,3.7231,3035.5239,0.0,0.020848679161618866,2455.374430895996,7760.5,609.5999755859375
2026-05-07,APOLLOHOSP / DLF,APOLLOHOSP.NS,DLF.NS,3.7231,3035.5239,0.0,0.5160308073715326,2497.4357558959964,7837.0,618.8499755859375
2026-05-08,APOLLOHOSP / DLF,APOLLOHOSP.NS,DLF.NS,3.7231,3035.5239,-1.0,2.940785948343607,2796.900525,8097.0,608.25
2026-05-11,APOLLOHOSP / DLF,APOLLOHOSP.NS,DLF.NS,3.7231,3035.5239,-1.0,2.4153328990614025,2848.916325,8082.0,590.25
2026-05-12,APOLLOHOSP / DLF,APOLLOHOSP.NS,DLF.NS,3.7231,3035.5239,-1.0,1.9846391473223555,2867.7875345520024,8022.5,569.2000122070312
2026-05-13,APOLLOHOSP / DLF,APOLLOHOSP.NS,DLF.NS,3.7231,3035.5239,-1.0,1.505820859677203,2831.358144104004,8004.5,574.1500244140625
2026-05-14,APOLLOHOSP / DLF,APOLLOHOSP.NS,DLF.NS,3.7231,3035.5239,-1.0,1.6429931132592996,2911.9780250000003,8119.0,583.25
2026-05-15,APOLLOHOSP / DLF,APOLLOHOSP.NS,DLF.NS,3.7231,3035.5239,-1.0,1.4938797004670459,2936.909175,8082.5,566.75
2026-05-18,APOLLOHOSP / DLF,APOLLOHOSP.NS,DLF.NS,3.7231,3035.5239,-1.0,0.950896766515774,2851.0812441040034,8020.5,573.1500244140625
2026-05-19,APOLLOHOSP / DLF,APOLLOHOSP.NS,DLF.NS,3.7231,3035.5239,-1.0,0.7934992842904962,2840.758069104004,8026.0,577.4000244140625
2026-05-20,APOLLOHOSP / DLF,APOLLOHOSP.NS,DLF.NS,3.7231,3035.5239,-1.0,0.8190782466633036,2871.291915447998,8078.5,583.2999877929688
2026-05-21,APOLLOHOSP / DLF,APOLLOHOSP.NS,DLF.NS,3.7231,3035.5239,-1.0,1.5744660640597807,3083.979409552002,8308.5,587.9500122070312
2026-05-22,APOLLOHOSP / DLF,APOLLOHOSP.NS,DLF.NS,3.7231,3035.5239,-1.0,1.602764996312726,3142.633284552002,8362.5,586.7000122070312
2026-05-25,APOLLOHOSP / DLF,APOLLOHOSP.NS,DLF.NS,3.7231,3035.5239,-1.0,1.5005609274206397,3163.284015447998,8404.0,592.2999877929688
2026-05-26,APOLLOHOSP / DLF,APOLLOHOSP.NS,DLF.NS,3.7231,3035.5239,-1.0,0.7626799837979077,3027.091765447998,8258.5,589.7999877929688
2026-05-27,APOLLOHOSP / DLF,APOLLOHOSP.NS,DLF.NS,3.7231,3035.5239,-1.0,0.6832938662900125,3025.8269191040035,8272.5,593.9000244140625
2026-05-28,APOLLOHOSP / DLF,APOLLOHOSP.NS,DLF.NS,3.7231,3035.5239,-1.0,0.6448358166935786,3025.8269191040035,8272.5,593.9000244140625
2026-05-29,APOLLOHOSP / DLF,APOLLOHOSP.NS,DLF.NS,3.7231,3035.5239,0.0,-0.1415205615563734,2942.113330895996,8176.5,590.5999755859375
2026-06-01,APOLLOHOSP / DLF,APOLLOHOSP.NS,DLF.NS,3.7231,3035.5239,0.0,-0.44766877512141867,2913.391990447998,8108.5,580.0499877929688
2026-06-02,APOLLOHOSP / DLF,APOLLOHOSP.NS,DLF.NS,3.7231,3035.5239,0.0,-1.0019230332564697,2850.459455895996,8089.5,591.8499755859375
2026-06-03,APOLLOHOSP / DLF,APOLLOHOSP.NS,DLF.NS,3.7231,3035.5239,0.0,1.0220630698395872,3089.8073404479983,8290.5,581.5499877929688
2026-06-04,APOLLOHOSP / DLF,APOLLOHOSP.NS,DLF.NS,3.7231,3035.5239,0.0,0.6751693922001605,3062.268965447998,8249.0,577.7999877929688
2026-06-05,APOLLOHOSP / DLF,APOLLOHOSP.NS,DLF.NS,3.7231,3035.5239,0.0,1.039144861943919,3118.1411845520015,8304.5,577.7000122070312
2026-06-08,APOLLOHOSP / DLF,APOLLOHOSP.NS,DLF.NS,3.7231,3035.5239,0.0,1.7274704937275098,3233.2001154479985,8358.5,561.2999877929688
2026-06-09,APOLLOHOSP / DLF,APOLLOHOSP.NS,DLF.NS,3.7231,3035.5239,-1.0,2.137211889057183,3347.135044104003,8524.0,575.1500244140625
2026-06-10,APOLLOHOSP / DLF,APOLLOHOSP.NS,DLF.NS,3.7231,3035.5239,-1.0,1.8353503908384752,3356.1261345520015,8488.5,563.2000122070312
2026-06-11,APOLLOHOSP / DLF,APOLLOHOSP.NS,DLF.NS,3.7231,3035.5239,-1.0,1.5703597640400924,3361.3707999999997,8493.0,563.0
2026-06-12,APOLLOHOSP / DLF,APOLLOHOSP.NS,DLF.NS,3.7231,3035.5239,-1.0,0.9516998153926494,3276.830290447998,8498.0,587.0499877929688
2026-06-15,APOLLOHOSP / DLF,APOLLOHOSP.NS,DLF.NS,3.7231,3035.5239,-1.0,0.1635625009382551,3145.317259552002,8468.5,614.4500122070312
2026-06-16,APOLLOHOSP / DLF,APOLLOHOSP.NS,DLF.NS,3.7231,3035.5239,0.0,-0.6356265662364999,3012.0293154479978,8390.5,629.2999877929688
2026-06-17,APOLLOHOSP / DLF,APOLLOHOSP.NS,DLF.NS,3.7231,3035.5239,0.0,-0.30349028446505427,3070.437140447998,8427.5,623.5499877929688
2026-06-18,APOLLOHOSP / DLF,APOLLOHOSP.NS,DLF.NS,3.7231,3035.5239,0.0,-0.767336567837935,2990.5858845520015,8411.5,640.7000122070312
2026-06-19,APOLLOHOSP / DLF,APOLLOHOSP.NS,DLF.NS,3.7231,3035.5239,0.0,-0.009451797966709686,3128.9001499999995,8489.5,624.5
2026-06-22,APOLLOHOSP / DLF,APOLLOHOSP.NS,DLF.NS,3.7231,3035.5239,0.0,-0.3104428773681697,3096.8586308959957,8469.0,627.5999755859375
2026-06-23,APOLLOHOSP / DLF,APOLLOHOSP.NS,DLF.NS,3.7231,3035.5239,0.0,0.06534713632780026,3172.1358149999996,8487.5,612.35
2024-06-28,APOLLOHOSP / TATACONSUM,APOLLOHOSP.NS,TATACONSUM.NS,4.6083,1001.2397,0.0,,172.14476060791014,6151.43359375,1080.2354736328125
2024-07-01,APOLLOHOSP / TATACONSUM,APOLLOHOSP.NS,TATACONSUM.NS,4.6083,1001.2397,0.0,,140.34835910644517,6106.4833984375,1077.381103515625
2024-07-02,APOLLOHOSP / TATACONSUM,APOLLOHOSP.NS,TATACONSUM.NS,4.6083,1001.2397,0.0,,50.28473814697293,6063.82080078125,1087.6671142578125
2024-07-03,APOLLOHOSP / TATACONSUM,APOLLOHOSP.NS,TATACONSUM.NS,4.6083,1001.2397,0.0,,-42.70635509033207,6158.39404296875,1128.3685302734375
2024-07-04,APOLLOHOSP / TATACONSUM,APOLLOHOSP.NS,TATACONSUM.NS,4.6083,1001.2397,0.0,,40.040597595215445,6190.564453125,1117.3934326171875
2024-07-05,APOLLOHOSP / TATACONSUM,APOLLOHOSP.NS,TATACONSUM.NS,4.6083,1001.2397,0.0,,132.98795574951157,6293.4912109375,1119.5589599609375
2024-07-08,APOLLOHOSP / TATACONSUM,APOLLOHOSP.NS,TATACONSUM.NS,4.6083,1001.2397,0.0,,61.16722536621103,6282.453125,1132.748779296875
2024-07-09,APOLLOHOSP / TATACONSUM,APOLLOHOSP.NS,TATACONSUM.NS,4.6083,1001.2397,0.0,,103.01143680419966,6285.287109375,1124.2835693359375
2024-07-10,APOLLOHOSP / TATACONSUM,APOLLOHOSP.NS,TATACONSUM.NS,4.6083,1001.2397,0.0,,119.09447145996103,6340.38037109375,1132.748779296875
2024-07-11,APOLLOHOSP / TATACONSUM,APOLLOHOSP.NS,TATACONSUM.NS,4.6083,1001.2397,0.0,,220.36907907714897,6353.65625,1113.653076171875
2024-07-12,APOLLOHOSP / TATACONSUM,APOLLOHOSP.NS,TATACONSUM.NS,4.6083,1001.2397,0.0,,90.8376057861334,6318.70068359375,1134.176025390625
2024-07-15,APOLLOHOSP / TATACONSUM,APOLLOHOSP.NS,TATACONSUM.NS,4.6083,1001.2397,0.0,,189.3749213867187,6401.58935546875,1130.7802734375
2024-07-16,APOLLOHOSP / TATACONSUM,APOLLOHOSP.NS,TATACONSUM.NS,4.6083,1001.2397,0.0,,81.22131560058654,6417.94873046875,1157.799560546875
2024-07-18,APOLLOHOSP / TATACONSUM,APOLLOHOSP.NS,TATACONSUM.NS,4.6083,1001.2397,0.0,,136.66572232666033,6484.7265625,1160.2589111328125
2024-07-19,APOLLOHOSP / TATACONSUM,APOLLOHOSP.NS,TATACONSUM.NS,4.6083,1001.2397,0.0,,22.728512207031713,6346.59521484375,1155.0087890625
2024-07-22,APOLLOHOSP / TATACONSUM,APOLLOHOSP.NS,TATACONSUM.NS,4.6083,1001.2397,0.0,-1.6822380534012336,-32.45275893554651,6366.68359375,1171.34228515625
2024-07-23,APOLLOHOSP / TATACONSUM,APOLLOHOSP.NS,TATACONSUM.NS,4.6083,1001.2397,1.0,-2.911936019136501,-264.4360721191405,6368.1259765625,1221.99560546875
2024-07-24,APOLLOHOSP / TATACONSUM,APOLLOHOSP.NS,TATACONSUM.NS,4.6083,1001.2397,1.0,-1.4768407514656223,-130.6214228271482,6387.02001953125,1197.057861328125
2024-07-25,APOLLOHOSP / TATACONSUM,APOLLOHOSP.NS,TATACONSUM.NS,4.6083,1001.2397,1.0,-1.3129039258617337,-132.94282044677755,6350.423828125,1189.6202392578125
2024-07-26,APOLLOHOSP / TATACONSUM,APOLLOHOSP.NS,TATACONSUM.NS,4.6083,1001.2397,0.0,0.5712444104531004,121.25499815673822,6627.62939453125,1194.6129150390625
2024-07-29,APOLLOHOSP / TATACONSUM,APOLLOHOSP.NS,TATACONSUM.NS,4.6083,1001.2397,0.0,1.0185171168277831,193.82653735351607,6644.63525390625,1182.55517578125
2024-07-30,APOLLOHOSP / TATACONSUM,APOLLOHOSP.NS,TATACONSUM.NS,4.6083,1001.2397,0.0,0.8975679135623837,182.88652712402393,6604.21044921875,1176.156982421875
2024-07-31,APOLLOHOSP / TATACONSUM,APOLLOHOSP.NS,TATACONSUM.NS,4.6083,1001.2397,0.0,0.8306058583798197,184.31829194335944,6578.65283203125,1170.30029296875
2024-08-01,APOLLOHOSP / TATACONSUM,APOLLOHOSP.NS,TATACONSUM.NS,4.6083,1001.2397,0.0,0.7950542638047499,186.91421553955126,6669.248046875,1189.3961181640625
2024-08-02,APOLLOHOSP / TATACONSUM,APOLLOHOSP.NS,TATACONSUM.NS,4.6083,1001.2397,0.0,1.1695531986970202,257.3239118530274,6672.97802734375,1174.9266357421875
2024-08-05,APOLLOHOSP / TATACONSUM,APOLLOHOSP.NS,TATACONSUM.NS,4.6083,1001.2397,0.0,0.8552217263554446,208.81612016601605,6650.55224609375,1180.58642578125
2024-08-06,APOLLOHOSP / TATACONSUM,APOLLOHOSP.NS,TATACONSUM.NS,4.6083,1001.2397,0.0,0.9771909715921756,241.67857021484372,6620.81787109375,1167.0029296875
2024-08-07,APOLLOHOSP / TATACONSUM,APOLLOHOSP.NS,TATACONSUM.NS,4.6083,1001.2397,0.0,0.9326388592587036,240.4771079711919,6683.12060546875,1180.7833251953125
2024-08-08,APOLLOHOSP / TATACONSUM,APOLLOHOSP.NS,TATACONSUM.NS,4.6083,1001.2397,0.0,0.38618149132887447,159.63247193603559,6505.6591796875,1159.8175048828125
2024-08-09,APOLLOHOSP / TATACONSUM,APOLLOHOSP.NS,TATACONSUM.NS,4.6083,1001.2397,0.0,0.4348165495619072,169.72082967529343,6551.35498046875,1167.5443115234375
2024-08-12,APOLLOHOSP / TATACONSUM,APOLLOHOSP.NS,TATACONSUM.NS,4.6083,1001.2397,0.0,0.28818388881335494,154.37167491455068,6466.37841796875,1152.4351806640625
2024-08-13,APOLLOHOSP / TATACONSUM,APOLLOHOSP.NS,TATACONSUM.NS,4.6083,1001.2397,0.0,0.5221598554128638,204.60114068603536,6552.89599609375,1160.3096923828125
2024-08-14,APOLLOHOSP / TATACONSUM,APOLLOHOSP.NS,TATACONSUM.NS,4.6083,1001.2397,0.0,0.26714048733802903,182.48907214355506,6479.75341796875,1149.236083984375
2024-08-16,APOLLOHOSP / TATACONSUM,APOLLOHOSP.NS,TATACONSUM.NS,4.6083,1001.2397,0.0,1.0319937428846384,271.1857126953129,6660.0771484375,1169.119140625
2024-08-19,APOLLOHOSP / TATACONSUM,APOLLOHOSP.NS,TATACONSUM.NS,4.6083,1001.2397,-1.0,2.65175333517058,355.9809877319341,6697.9248046875,1158.9315185546875
2024-08-20,APOLLOHOSP / TATACONSUM,APOLLOHOSP.NS,TATACONSUM.NS,4.6083,1001.2397,-1.0,1.8882375006448935,332.3134279418947,6646.1337890625,1152.8287353515625
2024-08-21,APOLLOHOSP / TATACONSUM,APOLLOHOSP.NS,TATACONSUM.NS,4.6083,1001.2397,-1.0,2.113324135287067,382.74025982666,6725.36474609375,1159.0792236328125
2024-08-22,APOLLOHOSP / TATACONSUM,APOLLOHOSP.NS,TATACONSUM.NS,4.6083,1001.2397,-1.0,1.226161311039876,332.3844881103515,6803.15087890625,1186.885986328125
2024-08-23,APOLLOHOSP / TATACONSUM,APOLLOHOSP.NS,TATACONSUM.NS,4.6083,1001.2397,-1.0,1.793221868075687,403.237555859375,6833.1806640625,1178.02734375
2024-08-26,APOLLOHOSP / TATACONSUM,APOLLOHOSP.NS,TATACONSUM.NS,4.6083,1001.2397,0.0,-0.489579164404965,217.39848715820347,6752.8037109375,1200.91259765625
2024-08-27,APOLLOHOSP / TATACONSUM,APOLLOHOSP.NS,TATACONSUM.NS,4.6083,1001.2397,0.0,0.10515029494157563,266.244971472168,6754.248046875,1190.6263427734375
2024-08-28,APOLLOHOSP / TATACONSUM,APOLLOHOSP.NS,TATACONSUM.NS,4.6083,1001.2397,0.0,0.4485114757815586,299.5944002441412,6749.26904296875,1182.30908203125
2024-08-29,APOLLOHOSP / TATACONSUM,APOLLOHOSP.NS,TATACONSUM.NS,4.6083,1001.2397,0.0,1.3794460138649052,392.2678030639646,6829.6943359375,1179.6512451171875
2024-08-30,APOLLOHOSP / TATACONSUM,APOLLOHOSP.NS,TATACONSUM.NS,4.6083,1001.2397,0.0,1.7328728410821592,454.5740549316407,6899.71240234375,1181.32470703125
2024-09-02,APOLLOHOSP / TATACONSUM,APOLLOHOSP.NS,TATACONSUM.NS,4.6083,1001.2397,0.0,1.1259440643043217,409.35524642333996,6852.4521484375,1180.8817138671875
2024-09-03,APOLLOHOSP / TATACONSUM,APOLLOHOSP.NS,TATACONSUM.NS,4.6083,1001.2397,0.0,0.6938627075321204,377.4726601806643,6817.39404296875,1180.192626953125
2024-09-04,APOLLOHOSP / TATACONSUM,APOLLOHOSP.NS,TATACONSUM.NS,4.6083,1001.2397,0.0,1.650435978045472,481.54752017822295,6903.09814453125,1176.2061767578125
2024-09-05,APOLLOHOSP / TATACONSUM,APOLLOHOSP.NS,TATACONSUM.NS,4.6083,1001.2397,0.0,1.7300187918333068,513.5105367431644,6906.48486328125,1170.005126953125
2024-09-06,APOLLOHOSP / TATACONSUM,APOLLOHOSP.NS,TATACONSUM.NS,4.6083,1001.2397,0.0,1.9005308749639087,553.2545712036136,6879.09521484375,1155.4371337890625
2024-09-09,APOLLOHOSP / TATACONSUM,APOLLOHOSP.NS,TATACONSUM.NS,4.6083,1001.2397,0.0,0.42379702423102955,424.783833520508,6833.1806640625,1173.351806640625
2024-09-10,APOLLOHOSP / TATACONSUM,APOLLOHOSP.NS,TATACONSUM.NS,4.6083,1001.2397,0.0,0.43480527364704363,430.50372922363306,6893.7861328125,1185.261962890625
2024-09-11,APOLLOHOSP / TATACONSUM,APOLLOHOSP.NS,TATACONSUM.NS,4.6083,1001.2397,0.0,0.13136190792612554,408.15529992675795,6872.57177734375,1185.508056640625
2024-09-12,APOLLOHOSP / TATACONSUM,APOLLOHOSP.NS,TATACONSUM.NS,4.6083,1001.2397,0.0,0.919260669887541,485.8214242553714,7033.4736328125,1203.5701904296875
2024-09-13,APOLLOHOSP / TATACONSUM,APOLLOHOSP.NS,TATACONSUM.NS,4.6083,1001.2397,0.0,0.9484366294725667,499.81603427734365,6990.99462890625,1191.3154296875
2024-09-16,APOLLOHOSP / TATACONSUM,APOLLOHOSP.NS,TATACONSUM.NS,4.6083,1001.2397,0.0,0.6155878208585859,474.7719175415042,7003.14599609375,1199.3868408203125
2024-09-17,APOLLOHOSP / TATACONSUM,APOLLOHOSP.NS,TATACONSUM.NS,4.6083,1001.2397,0.0,0.15220046156904585,443.6274203125005,6979.939453125,1201.109375
2024-09-18,APOLLOHOSP / TATACONSUM,APOLLOHOSP.NS,TATACONSUM.NS,4.6083,1001.2397,0.0,1.6198141328210907,559.3639419921875,7007.67724609375,1182.013671875
2024-09-19,APOLLOHOSP / TATACONSUM,APOLLOHOSP.NS,TATACONSUM.NS,4.6083,1001.2397,0.0,0.48091953400624726,488.4180491088865,7002.05029296875,1196.1878662109375
2024-09-20,APOLLOHOSP / TATACONSUM,APOLLOHOSP.NS,TATACONSUM.NS,4.6083,1001.2397,0.0,1.161282779820613,533.3502172851569,7054.23974609375,1197.7626953125
2024-09-23,APOLLOHOSP / TATACONSUM,APOLLOHOSP.NS,TATACONSUM.NS,4.6083,1001.2397,-1.0,2.2029774273045786,627.259434667969,7124.1083984375,1192.5458984375
2024-09-24,APOLLOHOSP / TATACONSUM,APOLLOHOSP.NS,TATACONSUM.NS,4.6083,1001.2397,-1.0,1.491535104817991,596.129272338867,7093.431640625,1192.644287109375
2024-09-25,APOLLOHOSP / TATACONSUM,APOLLOHOSP.NS,TATACONSUM.NS,4.6083,1001.2397,-1.0,2.412166065278056,707.5525804443361,7104.8359375,1170.940185546875
2024-09-26,APOLLOHOSP / TATACONSUM,APOLLOHOSP.NS,TATACONSUM.NS,4.6083,1001.2397,-1.0,1.2945502157400572,633.6316080078124,7139.0986328125,1194.416015625
2024-09-27,APOLLOHOSP / TATACONSUM,APOLLOHOSP.NS,TATACONSUM.NS,4.6083,1001.2397,-1.0,2.0980293443159317,753.4946493652343,7204.98291015625,1182.70263671875
2024-09-30,APOLLOHOSP / TATACONSUM,APOLLOHOSP.NS,TATACONSUM.NS,4.6083,1001.2397,-1.0,1.6592944584170954,739.6502967773441,7170.27294921875,1178.1748046875
2024-10-01,APOLLOHOSP / TATACONSUM,APOLLOHOSP.NS,TATACONSUM.NS,4.6083,1001.2397,-1.0,1.1346035151271217,697.2085542480473,7124.65625,1177.48583984375
2024-10-03,APOLLOHOSP / TATACONSUM,APOLLOHOSP.NS,TATACONSUM.NS,4.6083,1001.2397,-1.0,0.610657403404884,648.1173096923832,6878.24853515625,1134.668212890625
2024-10-04,APOLLOHOSP / TATACONSUM,APOLLOHOSP.NS,TATACONSUM.NS,4.6083,1001.2397,-1.0,0.2357615456074583,617.6782493530274,6746.4296875,1112.6688232421875
2024-10-07,APOLLOHOSP / TATACONSUM,APOLLOHOSP.NS,TATACONSUM.NS,4.6083,1001.2397,-1.0,0.966507262672571,703.4145552734373,6745.9814453125,1093.966796875
2024-10-08,APOLLOHOSP / TATACONSUM,APOLLOHOSP.NS,TATACONSUM.NS,4.6083,1001.2397,-1.0,1.779835827717223,819.256890014649,6896.5244140625,1101.496826171875
2024-10-09,APOLLOHOSP / TATACONSUM,APOLLOHOSP.NS,TATACONSUM.NS,4.6083,1001.2397,-1.0,2.110598194543446,909.1884153686525,6980.7861328125,1100.2664794921875
2024-10-10,APOLLOHOSP / TATACONSUM,APOLLOHOSP.NS,TATACONSUM.NS,4.6083,1001.2397,-1.0,1.613926341915548,872.110715856934,6927.15185546875,1096.6737060546875
2024-10-11,APOLLOHOSP / TATACONSUM,APOLLOHOSP.NS,TATACONSUM.NS,4.6083,1001.2397,-1.0,1.6077880628989005,905.1106040893557,6955.38818359375,1095.6400146484375
2024-10-14,APOLLOHOSP / TATACONSUM,APOLLOHOSP.NS,TATACONSUM.NS,4.6083,1001.2397,-1.0,2.062181317186861,1011.8303149047853,7064.14990234375,1096.0831298828125
2024-10-15,APOLLOHOSP / TATACONSUM,APOLLOHOSP.NS,TATACONSUM.NS,4.6083,1001.2397,-1.0,1.9689376780382424,1051.4784379028324,7111.50927734375,1097.7564697265625
2024-10-16,APOLLOHOSP / TATACONSUM,APOLLOHOSP.NS,TATACONSUM.NS,4.6083,1001.2397,-1.0,1.3325798560337654,988.8023413696293,7042.935546875,1096.4766845703125
2024-10-17,APOLLOHOSP / TATACONSUM,APOLLOHOSP.NS,TATACONSUM.NS,4.6083,1001.2397,-1.0,1.3305663495867484,1015.088408422852,6961.2646484375,1073.050048828125
2024-10-18,APOLLOHOSP / TATACONSUM,APOLLOHOSP.NS,TATACONSUM.NS,4.6083,1001.2397,-1.0,1.0501541733718058,994.6521687866217,6954.89013671875,1076.1014404296875
2024-10-21,APOLLOHOSP / TATACONSUM,APOLLOHOSP.NS,TATACONSUM.NS,4.6083,1001.2397,-1.0,2.462870265858263,1343.7821662902834,6958.3759765625,1001.0967407226562
2024-10-22,APOLLOHOSP / TATACONSUM,APOLLOHOSP.NS,TATACONSUM.NS,4.6083,1001.2397,-1.0,1.935402141682933,1334.9882607788086,6864.30517578125,982.5916748046876
2024-10-23,APOLLOHOSP / TATACONSUM,APOLLOHOSP.NS,TATACONSUM.NS,4.6083,1001.2397,-1.0,1.4278319818154621,1275.7917756286624,6879.04541015625,998.6359252929688
2024-10-24,APOLLOHOSP / TATACONSUM,APOLLOHOSP.NS,TATACONSUM.NS,4.6083,1001.2397,-1.0,1.6827868546697708,1405.1033938781738,6926.25537109375,980.8198852539062
2024-10-25,APOLLOHOSP / TATACONSUM,APOLLOHOSP.NS,TATACONSUM.NS,4.6083,1001.2397,-1.0,1.7705875857188105,1501.98376472168,6916.99267578125,957.786865234375
2024-10-28,APOLLOHOSP / TATACONSUM,APOLLOHOSP.NS,TATACONSUM.NS,4.6083,1001.2397,-1.0,1.4789434328913333,1470.5802434265133,6898.51708984375,960.5922241210938
2024-10-29,APOLLOHOSP / TATACONSUM,APOLLOHOSP.NS,TATACONSUM.NS,4.6083,1001.2397,-1.0,1.2863850913979173,1458.22890411377,6959.42236328125,976.4888916015624
2024-10-30,APOLLOHOSP / TATACONSUM,APOLLOHOSP.NS,TATACONSUM.NS,4.6083,1001.2397,-1.0,0.5959066600683143,1314.269283026123,6954.49169921875,1006.6581420898438
2024-10-31,APOLLOHOSP / TATACONSUM,APOLLOHOSP.NS,TATACONSUM.NS,4.6083,1001.2397,-1.0,1.0376861052777835,1445.7092957214354,6994.53076171875,986.8241577148438
2024-11-01,APOLLOHOSP / TATACONSUM,APOLLOHOSP.NS,TATACONSUM.NS,4.6083,1001.2397,-1.0,0.9386114970921792,1447.8913223876953,7003.74365234375,988.349853515625
2024-11-04,APOLLOHOSP / TATACONSUM,APOLLOHOSP.NS,TATACONSUM.NS,4.6083,1001.2397,-1.0,0.703233483519595,1417.7279440795892,6930.48828125,978.9989013671876
2024-11-05,APOLLOHOSP / TATACONSUM,APOLLOHOSP.NS,TATACONSUM.NS,4.6083,1001.2397,-1.0,0.5086427465758673,1397.6999171020516,6938.3564453125,985.0523681640624
2024-11-06,APOLLOHOSP / TATACONSUM,APOLLOHOSP.NS,TATACONSUM.NS,4.6083,1001.2397,-1.0,0.27312397108058595,1370.9157442321775,6940.1494140625,991.2536010742188
2024-11-07,APOLLOHOSP / TATACONSUM,APOLLOHOSP.NS,TATACONSUM.NS,4.6083,1001.2397,-1.0,2.634851885792162,1926.5338818054197,7395.06787109375,969.4017944335938
2024-11-08,APOLLOHOSP / TATACONSUM,APOLLOHOSP.NS,TATACONSUM.NS,4.6083,1001.2397,-1.0,2.0643617179634175,1886.3547906799313,7391.630859375,977.3748168945312
2024-11-11,APOLLOHOSP / TATACONSUM,APOLLOHOSP.NS,TATACONSUM.NS,4.6083,1001.2397,-1.0,1.1337355652098384,1698.5847052124018,7126.74853515625,960.6414794921876
2024-11-12,APOLLOHOSP / TATACONSUM,APOLLOHOSP.NS,TATACONSUM.NS,4.6083,1001.2397,-1.0,0.5473245798482957,1601.3320919555672,6991.39306640625,952.3731689453124
2024-11-13,APOLLOHOSP / TATACONSUM,APOLLOHOSP.NS,TATACONSUM.NS,4.6083,1001.2397,-1.0,0.002507083833139016,1508.4097552673338,6831.337890625,937.8053588867188
2024-11-14,APOLLOHOSP / TATACONSUM,APOLLOHOSP.NS,TATACONSUM.NS,4.6083,1001.2397,-1.0,0.596445957383833,1636.0768364135738,6833.13037109375,910.4906005859376
2024-11-18,APOLLOHOSP / TATACONSUM,APOLLOHOSP.NS,TATACONSUM.NS,4.6083,1001.2397,0.0,-0.25334768783088835,1491.7211072082519,6714.85693359375,916.1504516601562
2024-11-19,APOLLOHOSP / TATACONSUM,APOLLOHOSP.NS,TATACONSUM.NS,4.6083,1001.2397,0.0,-0.21244291909367458,1498.6310567993169,6660.0771484375,902.7637939453124
2024-11-21,APOLLOHOSP / TATACONSUM,APOLLOHOSP.NS,TATACONSUM.NS,4.6083,1001.2397,0.0,0.20896068164543274,1578.7300138244627,6715.45458984375,897.3992309570312
2024-11-22,APOLLOHOSP / TATACONSUM,APOLLOHOSP.NS,TATACONSUM.NS,4.6083,1001.2397,0.0,0.38198045399413244,1618.6005511474614,6907.28173828125,930.373779296875
2024-11-25,APOLLOHOSP / TATACONSUM,APOLLOHOSP.NS,TATACONSUM.NS,4.6083,1001.2397,0.0,0.8068402502149126,1710.311130236817,7046.62060546875,940.7091064453124
2024-11-26,APOLLOHOSP / TATACONSUM,APOLLOHOSP.NS,TATACONSUM.NS,4.6083,1001.2397,0.0,0.5199516516793449,1676.247632507324,7048.16455078125,948.4359130859376
2024-11-27,APOLLOHOSP / TATACONSUM,APOLLOHOSP.NS,TATACONSUM.NS,4.6083,1001.2397,0.0,-0.015058475873594096,1598.6506777648929,6954.69140625,944.9907836914062
2024-11-28,APOLLOHOSP / TATACONSUM,APOLLOHOSP.NS,TATACONSUM.NS,4.6083,1001.2397,0.0,-0.429877726875845,1543.8027180419922,6813.6591796875,926.288818359375
2024-11-29,APOLLOHOSP / TATACONSUM,APOLLOHOSP.NS,TATACONSUM.NS,4.6083,1001.2397,0.0,-1.0919225343961358,1451.8172786621099,6801.5078125,943.61279296875
2024-12-02,APOLLOHOSP / TATACONSUM,APOLLOHOSP.NS,TATACONSUM.NS,4.6083,1001.2397,0.0,0.47069543417811516,1695.251254168701,7037.45751953125,941.9887084960938
2024-12-03,APOLLOHOSP / TATACONSUM,APOLLOHOSP.NS,TATACONSUM.NS,4.6083,1001.2397,0.0,1.2471349392011108,1764.8294229003905,7097.96337890625,940.02001953125
2024-12-04,APOLLOHOSP / TATACONSUM,APOLLOHOSP.NS,TATACONSUM.NS,4.6083,1001.2397,-1.0,2.0651331747506787,1842.0824319091798,7203.33984375,946.122802734375
2024-12-05,APOLLOHOSP / TATACONSUM,APOLLOHOSP.NS,TATACONSUM.NS,4.6083,1001.2397,-1.0,1.887427095500989,1860.4982683288572,7245.56982421875,951.2904663085938
2024-12-06,APOLLOHOSP / TATACONSUM,APOLLOHOSP.NS,TATACONSUM.NS,4.6083,1001.2397,-1.0,1.1100498700441255,1782.9259762878419,7204.28564453125,959.1649780273438
2024-12-09,APOLLOHOSP / TATACONSUM,APOLLOHOSP.NS,TATACONSUM.NS,4.6083,1001.2397,-1.0,1.8447633784810717,1927.3431818054196,7164.994140625,919.3002319335938
2024-12-10,APOLLOHOSP / TATACONSUM,APOLLOHOSP.NS,TATACONSUM.NS,4.6083,1001.2397,-1.0,1.9997822178672937,2024.1932883850095,7229.18505859375,912.2131958007812
2024-12-11,APOLLOHOSP / TATACONSUM,APOLLOHOSP.NS,TATACONSUM.NS,4.6083,1001.2397,-1.0,1.8748468912794454,2068.713345257568,7311.35400390625,920.3829956054688
2024-12-12,APOLLOHOSP / TATACONSUM,APOLLOHOSP.NS,TATACONSUM.NS,4.6083,1001.2397,-1.0,1.3969908568102207,2018.0672875122073,7198.11083984375,906.7994384765624
2024-12-13,APOLLOHOSP / TATACONSUM,APOLLOHOSP.NS,TATACONSUM.NS,4.6083,1001.2397,-1.0,1.1954980391548,2011.9577375915524,7230.33056640625,915.1168823242188
2024-12-16,APOLLOHOSP / TATACONSUM,APOLLOHOSP.NS,TATACONSUM.NS,4.6083,1001.2397,-1.0,1.239309625048313,2054.121088446045,7230.08203125,905.9135131835938
2024-12-17,APOLLOHOSP / TATACONSUM,APOLLOHOSP.NS,TATACONSUM.NS,4.6083,1001.2397,-1.0,1.2164089113641958,2083.914584313965,7189.79443359375,890.7059326171875
2024-12-18,APOLLOHOSP / TATACONSUM,APOLLOHOSP.NS,TATACONSUM.NS,4.6083,1001.2397,-1.0,1.0629729910493717,2082.304352307129,7208.369140625,895.0860595703125
2024-12-19,APOLLOHOSP / TATACONSUM,APOLLOHOSP.NS,TATACONSUM.NS,4.6083,1001.2397,-1.0,1.2405008947105858,2152.4188643615726,7268.27783203125,892.8713989257812
2024-12-20,APOLLOHOSP / TATACONSUM,APOLLOHOSP.NS,TATACONSUM.NS,4.6083,1001.2397,-1.0,1.282791779888596,2186.8138302001953,7222.6123046875,875.498291015625
2024-12-23,APOLLOHOSP / TATACONSUM,APOLLOHOSP.NS,TATACONSUM.NS,4.6083,1001.2397,-1.0,1.0562472033429018,2139.831062945557,7235.95849609375,888.5896606445312
2024-12-24,APOLLOHOSP / TATACONSUM,APOLLOHOSP.NS,TATACONSUM.NS,4.6083,1001.2397,-1.0,0.6699178461072964,2094.192926403809,7210.958984375,893.0682373046875
2024-12-26,APOLLOHOSP / TATACONSUM,APOLLOHOSP.NS,TATACONSUM.NS,4.6083,1001.2397,-1.0,0.9614801698229439,2144.061430419922,7232.02392578125,886.81787109375
2024-12-27,APOLLOHOSP / TATACONSUM,APOLLOHOSP.NS,TATACONSUM.NS,4.6083,1001.2397,-1.0,0.4770253612862509,2097.518804766846,7217.2333984375,893.7080688476562
2024-12-30,APOLLOHOSP / TATACONSUM,APOLLOHOSP.NS,TATACONSUM.NS,4.6083,1001.2397,-1.0,1.1693607488823123,2185.381552435303,7284.91064453125,889.3278198242188
2024-12-31,APOLLOHOSP / TATACONSUM,APOLLOHOSP.NS,TATACONSUM.NS,4.6083,1001.2397,-1.0,0.43255427019869624,2116.750389660645,7267.0830078125,900.3521728515625
2025-01-01,APOLLOHOSP / TATACONSUM,APOLLOHOSP.NS,TATACONSUM.NS,4.6083,1001.2397,-1.0,1.0946932221405472,2164.354626641846,7340.0888671875,905.8643188476562
2025-01-02,APOLLOHOSP / TATACONSUM,APOLLOHOSP.NS,TATACONSUM.NS,4.6083,1001.2397,-1.0,1.1201243116911428,2173.7342445373533,7391.88037109375,915.0676879882812
2025-01-03,APOLLOHOSP / TATACONSUM,APOLLOHOSP.NS,TATACONSUM.NS,4.6083,1001.2397,0.0,-1.6435431809116372,2006.4762998840333,7269.0751953125,924.7139282226562
2025-01-06,APOLLOHOSP / TATACONSUM,APOLLOHOSP.NS,TATACONSUM.NS,4.6083,1001.2397,0.0,-0.1655542843412629,2102.9571702392577,7399.349609375,932.047119140625
2025-01-07,APOLLOHOSP / TATACONSUM,APOLLOHOSP.NS,TATACONSUM.NS,4.6083,1001.2397,0.0,-0.8317312141511761,2073.7859658691405,7406.919921875,940.02001953125
2025-01-08,APOLLOHOSP / TATACONSUM,APOLLOHOSP.NS,TATACONSUM.NS,4.6083,1001.2397,1.0,-3.3245289857934277,1750.9274309936518,7113.9990234375,946.5164794921876
2025-01-09,APOLLOHOSP / TATACONSUM,APOLLOHOSP.NS,TATACONSUM.NS,4.6083,1001.2397,1.0,-2.7137475009738714,1661.4761514526363,7063.10400390625,954.8831787109376
2025-01-10,APOLLOHOSP / TATACONSUM,APOLLOHOSP.NS,TATACONSUM.NS,4.6083,1001.2397,1.0,-2.3211523917996995,1594.6495768310551,7008.5244140625,957.540771484375
2025-01-13,APOLLOHOSP / TATACONSUM,APOLLOHOSP.NS,TATACONSUM.NS,4.6083,1001.2397,1.0,-2.3290947616398725,1431.6297784851076,6812.1650390625,950.3060913085938
2025-01-14,APOLLOHOSP / TATACONSUM,APOLLOHOSP.NS,TATACONSUM.NS,4.6083,1001.2397,1.0,-2.1727927902909445,1309.845016235352,6679.94775390625,948.042236328125
2025-01-15,APOLLOHOSP / TATACONSUM,APOLLOHOSP.NS,TATACONSUM.NS,4.6083,1001.2397,1.0,-1.7399659152816915,1329.3785182983393,6665.00732421875,940.5614013671876
2025-01-16,APOLLOHOSP / TATACONSUM,APOLLOHOSP.NS,TATACONSUM.NS,4.6083,1001.2397,1.0,-1.0449723510012465,1507.754097894287,6762.4150390625,922.9913940429688
2025-01-17,APOLLOHOSP / TATACONSUM,APOLLOHOSP.NS,TATACONSUM.NS,4.6083,1001.2397,1.0,-1.0210742415619674,1470.071550140381,6800.7109375,939.4786987304688
2025-01-20,APOLLOHOSP / TATACONSUM,APOLLOHOSP.NS,TATACONSUM.NS,4.6083,1001.2397,1.0,-1.0911511545953392,1396.4760765930178,6753.65087890625,945.2368774414062
2025-01-21,APOLLOHOSP / TATACONSUM,APOLLOHOSP.NS,TATACONSUM.NS,4.6083,1001.2397,1.0,-0.7406261522592603,1480.6956272705074,6891.3955078125,956.851806640625
2025-01-22,APOLLOHOSP / TATACONSUM,APOLLOHOSP.NS,TATACONSUM.NS,4.6083,1001.2397,1.0,-0.6579247097779728,1475.8699018737798,6865.25048828125,952.2255249023438
2025-01-23,APOLLOHOSP / TATACONSUM,APOLLOHOSP.NS,TATACONSUM.NS,4.6083,1001.2397,1.0,-0.7108842484766519,1428.864396697998,6893.08935546875,968.4667358398438
2025-01-24,APOLLOHOSP / TATACONSUM,APOLLOHOSP.NS,TATACONSUM.NS,4.6083,1001.2397,1.0,-1.3239316908729275,1215.439417089844,6717.99365234375,976.7841796875
2025-01-27,APOLLOHOSP / TATACONSUM,APOLLOHOSP.NS,TATACONSUM.NS,4.6083,1001.2397,1.0,-0.957574194073003,1286.47072980957,6668.59375,950.650634765625
2025-01-28,APOLLOHOSP / TATACONSUM,APOLLOHOSP.NS,TATACONSUM.NS,4.6083,1001.2397,1.0,-0.7708232937749225,1320.5551554138183,6682.03955078125,946.1720581054688
2025-01-29,APOLLOHOSP / TATACONSUM,APOLLOHOSP.NS,TATACONSUM.NS,4.6083,1001.2397,1.0,-0.29869124257820173,1399.0042518981936,6757.08642578125,945.4337768554688
2025-01-30,APOLLOHOSP / TATACONSUM,APOLLOHOSP.NS,TATACONSUM.NS,4.6083,1001.2397,1.0,-0.07751482453684834,1411.069272625732,6797.27490234375,951.5365600585938
2025-01-31,APOLLOHOSP / TATACONSUM,APOLLOHOSP.NS,TATACONSUM.NS,4.6083,1001.2397,1.0,-2.17368063487846,1134.1138986022952,6783.181640625,1008.5775756835938
2025-02-01,APOLLOHOSP / TATACONSUM,APOLLOHOSP.NS,TATACONSUM.NS,4.6083,1001.2397,1.0,-2.6655837455484805,959.5639966430664,6813.6591796875,1053.0684814453125
2025-02-03,APOLLOHOSP / TATACONSUM,APOLLOHOSP.NS,TATACONSUM.NS,4.6083,1001.2397,1.0,-1.604921975193319,1069.4664740417484,6771.37890625,1020.0448608398438
2025-02-04,APOLLOHOSP / TATACONSUM,APOLLOHOSP.NS,TATACONSUM.NS,4.6083,1001.2397,1.0,-1.3867930733725724,1072.5689223266609,6764.955078125,1017.9776611328124
2025-02-05,APOLLOHOSP / TATACONSUM,APOLLOHOSP.NS,TATACONSUM.NS,4.6083,1001.2397,0.0,0.008800697164395507,1310.137601019287,6916.79345703125,999.3742065429688
2025-02-06,APOLLOHOSP / TATACONSUM,APOLLOHOSP.NS,TATACONSUM.NS,4.6083,1001.2397,0.0,-0.5245200969166021,1203.5053918945314,6846.67578125,1007.2978515625
2025-02-07,APOLLOHOSP / TATACONSUM,APOLLOHOSP.NS,TATACONSUM.NS,4.6083,1001.2397,0.0,-0.8587052132344637,1129.8932689453122,6763.3115234375,1005.181640625
2025-02-10,APOLLOHOSP / TATACONSUM,APOLLOHOSP.NS,TATACONSUM.NS,4.6083,1001.2397,0.0,-1.0701195315216225,1072.1337914062497,6734.12890625,1011.3828125
2025-02-11,APOLLOHOSP / TATACONSUM,APOLLOHOSP.NS,TATACONSUM.NS,4.6083,1001.2397,1.0,-2.488809657972332,692.1580713134764,6292.009765625,997.897705078125
2025-02-12,APOLLOHOSP / TATACONSUM,APOLLOHOSP.NS,TATACONSUM.NS,4.6083,1001.2397,1.0,-2.0736184131862685,676.7792519897458,6348.98046875,1013.5975341796876
2025-02-13,APOLLOHOSP / TATACONSUM,APOLLOHOSP.NS,TATACONSUM.NS,4.6083,1001.2397,1.0,-1.658556140831109,705.9638277282721,6346.6396484375,1006.7565307617188
2025-02-14,APOLLOHOSP / TATACONSUM,APOLLOHOSP.NS,TATACONSUM.NS,4.6083,1001.2397,1.0,-1.6931085324247888,614.6391241943357,6254.18115234375,1006.510498046875
2025-02-17,APOLLOHOSP / TATACONSUM,APOLLOHOSP.NS,TATACONSUM.NS,4.6083,1001.2397,1.0,-1.3758691867022317,641.0872143798834,6283.80419921875,1007.199462890625
2025-02-18,APOLLOHOSP / TATACONSUM,APOLLOHOSP.NS,TATACONSUM.NS,4.6083,1001.2397,1.0,-1.026228608662928,700.7544108703615,6360.25439453125,1010.8413696289062
2025-02-19,APOLLOHOSP / TATACONSUM,APOLLOHOSP.NS,TATACONSUM.NS,4.6083,1001.2397,1.0,-0.7372155116614086,753.9190621398931,6405.93505859375,1009.2173461914062
2025-02-20,APOLLOHOSP / TATACONSUM,APOLLOHOSP.NS,TATACONSUM.NS,4.6083,1001.2397,1.0,-0.48061501601452883,796.6920729370114,6374.3173828125,993.0745849609376
2025-02-21,APOLLOHOSP / TATACONSUM,APOLLOHOSP.NS,TATACONSUM.NS,4.6083,1001.2397,1.0,-0.6084877579393752,745.7094729980473,6301.1083984375,988.25146484375
2025-02-24,APOLLOHOSP / TATACONSUM,APOLLOHOSP.NS,TATACONSUM.NS,4.6083,1001.2397,1.0,-0.7776637153823696,686.9890118713384,6235.13037109375,986.6765747070312
2025-02-25,APOLLOHOSP / TATACONSUM,APOLLOHOSP.NS,TATACONSUM.NS,4.6083,1001.2397,1.0,-0.7260081013455179,675.8267845153806,6235.0810546875,989.0880737304688
2025-02-27,APOLLOHOSP / TATACONSUM,APOLLOHOSP.NS,TATACONSUM.NS,4.6083,1001.2397,1.0,-0.949643914258657,595.5600457275397,6169.10302734375,992.188720703125
2025-02-28,APOLLOHOSP / TATACONSUM,APOLLOHOSP.NS,TATACONSUM.NS,4.6083,1001.2397,1.0,-0.5734299912794395,664.2508382141115,6036.84814453125,948.5835571289062
2025-03-03,APOLLOHOSP / TATACONSUM,APOLLOHOSP.NS,TATACONSUM.NS,4.6083,1001.2397,0.0,0.5162224436338173,826.3966851928709,6154.54150390625,938.9373779296876
2025-03-04,APOLLOHOSP / TATACONSUM,APOLLOHOSP.NS,TATACONSUM.NS,4.6083,1001.2397,0.0,0.9603518862660578,840.9526182800292,6172.04541015625,939.5770874023438
2025-03-05,APOLLOHOSP / TATACONSUM,APOLLOHOSP.NS,TATACONSUM.NS,4.6083,1001.2397,0.0,1.7614684047984532,856.9281569885253,6198.22705078125,941.7918090820312
2025-03-06,APOLLOHOSP / TATACONSUM,APOLLOHOSP.NS,TATACONSUM.NS,4.6083,1001.2397,0.0,1.9424904202764526,910.3493052062987,6257.77197265625,943.1206665039062
2025-03-07,APOLLOHOSP / TATACONSUM,APOLLOHOSP.NS,TATACONSUM.NS,4.6083,1001.2397,0.0,0.9941101698939843,834.8100949890141,6199.9228515625,946.9594116210938
2025-03-10,APOLLOHOSP / TATACONSUM,APOLLOHOSP.NS,TATACONSUM.NS,4.6083,1001.2397,0.0,0.4643423131874328,790.028661676026,6133.595703125,942.2839965820312
2025-03-11,APOLLOHOSP / TATACONSUM,APOLLOHOSP.NS,TATACONSUM.NS,4.6083,1001.2397,0.0,0.09572384584592789,763.7003461914065,6118.833984375,944.7939453125
2025-03-12,APOLLOHOSP / TATACONSUM,APOLLOHOSP.NS,TATACONSUM.NS,4.6083,1001.2397,0.0,0.8282398253751857,837.9459695068364,6127.76123046875,930.619873046875
2025-03-13,APOLLOHOSP / TATACONSUM,APOLLOHOSP.NS,TATACONSUM.NS,4.6083,1001.2397,0.0,0.28113851119870586,796.9962502319332,6089.759765625,931.2596435546876
2025-03-17,APOLLOHOSP / TATACONSUM,APOLLOHOSP.NS,TATACONSUM.NS,4.6083,1001.2397,0.0,1.0657054031810358,873.492250665283,6140.62744140625,925.6983032226562
2025-03-18,APOLLOHOSP / TATACONSUM,APOLLOHOSP.NS,TATACONSUM.NS,4.6083,1001.2397,0.0,0.9766395247894031,873.492250665283,6140.62744140625,925.6983032226562
2025-03-19,APOLLOHOSP / TATACONSUM,APOLLOHOSP.NS,TATACONSUM.NS,4.6083,1001.2397,-1.0,2.4723106566906754,1101.0487678833015,6410.822265625,934.9508056640624
2025-03-20,APOLLOHOSP / TATACONSUM,APOLLOHOSP.NS,TATACONSUM.NS,4.6083,1001.2397,-1.0,1.8518320913570894,1075.15076583252,6457.50048828125,950.6998291015624
2025-03-21,APOLLOHOSP / TATACONSUM,APOLLOHOSP.NS,TATACONSUM.NS,4.6083,1001.2397,-1.0,2.3154554621326033,1233.0858498779298,6594.34326171875,946.122802734375
2025-03-24,APOLLOHOSP / TATACONSUM,APOLLOHOSP.NS,TATACONSUM.NS,4.6083,1001.2397,-1.0,1.8120146461791378,1195.3669074645995,6598.58251953125,955.2277221679688
2025-03-25,APOLLOHOSP / TATACONSUM,APOLLOHOSP.NS,TATACONSUM.NS,4.6083,1001.2397,-1.0,1.714236965219453,1223.0575406677244,6627.4072265625,955.4738159179688
2025-03-26,APOLLOHOSP / TATACONSUM,APOLLOHOSP.NS,TATACONSUM.NS,4.6083,1001.2397,-1.0,1.1097586288804764,1148.60597164917,6502.83251953125,944.5971069335938
2025-03-27,APOLLOHOSP / TATACONSUM,APOLLOHOSP.NS,TATACONSUM.NS,4.6083,1001.2397,-1.0,0.501434099736334,1057.8772381591798,6475.154296875,958.279052734375
2025-03-28,APOLLOHOSP / TATACONSUM,APOLLOHOSP.NS,TATACONSUM.NS,4.6083,1001.2397,-1.0,0.40508692594861373,1053.1082337463376,6598.9814453125,986.1843872070312
2025-04-01,APOLLOHOSP / TATACONSUM,APOLLOHOSP.NS,TATACONSUM.NS,4.6083,1001.2397,-1.0,0.6812234777268792,1112.9385130310056,6615.0390625,976.6857299804688
2025-04-02,APOLLOHOSP / TATACONSUM,APOLLOHOSP.NS,TATACONSUM.NS,4.6083,1001.2397,0.0,-0.6583674674302347,892.9666978393553,6714.62939453125,1046.0306396484375
2025-04-03,APOLLOHOSP / TATACONSUM,APOLLOHOSP.NS,TATACONSUM.NS,4.6083,1001.2397,0.0,-1.257686123824057,794.6762078369139,6653.98779296875,1054.200439453125
2025-04-04,APOLLOHOSP / TATACONSUM,APOLLOHOSP.NS,TATACONSUM.NS,4.6083,1001.2397,0.0,-1.4569491107523367,761.331759472656,6697.0751953125,1070.7861328125
2025-04-07,APOLLOHOSP / TATACONSUM,APOLLOHOSP.NS,TATACONSUM.NS,4.6083,1001.2397,0.0,-0.5759296821783322,913.8714493286135,6665.90673828125,1030.9215087890625
2025-04-08,APOLLOHOSP / TATACONSUM,APOLLOHOSP.NS,TATACONSUM.NS,4.6083,1001.2397,0.0,-0.8246448401474723,884.3767761596683,6738.0185546875,1052.9700927734375
2025-04-09,APOLLOHOSP / TATACONSUM,APOLLOHOSP.NS,TATACONSUM.NS,4.6083,1001.2397,0.0,-0.903670077587286,871.9523937133791,6816.314453125,1072.6563720703125
2025-04-11,APOLLOHOSP / TATACONSUM,APOLLOHOSP.NS,TATACONSUM.NS,4.6083,1001.2397,0.0,-1.3847693599468416,781.9718932983398,6763.302734375,1080.6785888671875
2025-04-15,APOLLOHOSP / TATACONSUM,APOLLOHOSP.NS,TATACONSUM.NS,4.6083,1001.2397,0.0,-0.686851321016194,880.7510074707035,6887.02978515625,1086.09228515625
2025-04-16,APOLLOHOSP / TATACONSUM,APOLLOHOSP.NS,TATACONSUM.NS,4.6083,1001.2397,0.0,-0.10116977959152938,969.6496012573244,6987.2685546875,1088.5531005859375
2025-04-17,APOLLOHOSP / TATACONSUM,APOLLOHOSP.NS,TATACONSUM.NS,4.6083,1001.2397,0.0,0.019780831619860596,972.6079449951177,7055.09130859375,1102.628662109375
2025-04-21,APOLLOHOSP / TATACONSUM,APOLLOHOSP.NS,TATACONSUM.NS,4.6083,1001.2397,0.0,0.5730353982109713,1037.7993337524413,7123.91162109375,1103.4161376953125
2025-04-22,APOLLOHOSP / TATACONSUM,APOLLOHOSP.NS,TATACONSUM.NS,4.6083,1001.2397,0.0,-0.23745583767827738,912.7245101318359,7070.05224609375,1118.869873046875
2025-04-23,APOLLOHOSP / TATACONSUM,APOLLOHOSP.NS,TATACONSUM.NS,4.6083,1001.2397,0.0,-0.19386440491992393,905.3027055297854,7123.4130859375,1132.0596923828125
2025-04-24,APOLLOHOSP / TATACONSUM,APOLLOHOSP.NS,TATACONSUM.NS,4.6083,1001.2397,0.0,-0.4285846137800494,871.9534880493167,7140.86767578125,1143.0841064453125
2025-04-25,APOLLOHOSP / TATACONSUM,APOLLOHOSP.NS,TATACONSUM.NS,4.6083,1001.2397,0.0,-1.9117444318039338,691.392501086426,6934.90478515625,1137.5718994140625
2025-04-28,APOLLOHOSP / TATACONSUM,APOLLOHOSP.NS,TATACONSUM.NS,4.6083,1001.2397,0.0,-0.9567340525560094,785.4209026489262,7026.6650390625,1137.0797119140625
2025-04-29,APOLLOHOSP / TATACONSUM,APOLLOHOSP.NS,TATACONSUM.NS,4.6083,1001.2397,0.0,-1.8272249456719603,670.9146891479496,6974.30224609375,1150.5648193359375
2025-04-30,APOLLOHOSP / TATACONSUM,APOLLOHOSP.NS,TATACONSUM.NS,4.6083,1001.2397,0.0,-1.6138096134738746,669.5158935913088,6958.84228515625,1147.5135498046875
2025-05-02,APOLLOHOSP / TATACONSUM,APOLLOHOSP.NS,TATACONSUM.NS,4.6083,1001.2397,0.0,-1.4599863989497375,670.9937378051756,6909.9697265625,1136.5875244140625
2025-05-05,APOLLOHOSP / TATACONSUM,APOLLOHOSP.NS,TATACONSUM.NS,4.6083,1001.2397,0.0,-1.1666387766361128,686.0291008911137,6955.85009765625,1143.2808837890625
2025-05-06,APOLLOHOSP / TATACONSUM,APOLLOHOSP.NS,TATACONSUM.NS,4.6083,1001.2397,0.0,-0.5803396235095484,749.0606855957031,6990.7587890625,1137.17822265625
2025-05-07,APOLLOHOSP / TATACONSUM,APOLLOHOSP.NS,TATACONSUM.NS,4.6083,1001.2397,0.0,-0.39444211892366754,765.313740441895,6964.82666015625,1128.0240478515625
2025-05-08,APOLLOHOSP / TATACONSUM,APOLLOHOSP.NS,TATACONSUM.NS,4.6083,1001.2397,0.0,-0.3477928792494699,770.2364469238283,6833.6689453125,1098.49462890625
2025-05-09,APOLLOHOSP / TATACONSUM,APOLLOHOSP.NS,TATACONSUM.NS,4.6083,1001.2397,0.0,-1.1496674795885242,651.5066534423833,6704.50634765625,1096.230712890625
2025-05-12,APOLLOHOSP / TATACONSUM,APOLLOHOSP.NS,TATACONSUM.NS,4.6083,1001.2397,0.0,-0.5961389039337466,710.2769210815433,6907.97509765625,1127.6302490234375
2025-05-13,APOLLOHOSP / TATACONSUM,APOLLOHOSP.NS,TATACONSUM.NS,4.6083,1001.2397,0.0,0.4592540196573189,824.2714799438482,6899.49755859375,1101.0538330078125
2025-05-14,APOLLOHOSP / TATACONSUM,APOLLOHOSP.NS,TATACONSUM.NS,4.6083,1001.2397,0.0,0.6407029454542362,815.1087765502936,6898.49951171875,1102.8255615234375
2025-05-15,APOLLOHOSP / TATACONSUM,APOLLOHOSP.NS,TATACONSUM.NS,4.6083,1001.2397,0.0,1.1609324148979658,849.1377259399416,7054.09375,1129.2052001953125
2025-05-16,APOLLOHOSP / TATACONSUM,APOLLOHOSP.NS,TATACONSUM.NS,4.6083,1001.2397,0.0,-0.631900709659572,697.438423657227,6996.74365234375,1149.678955078125
2025-05-19,APOLLOHOSP / TATACONSUM,APOLLOHOSP.NS,TATACONSUM.NS,4.6083,1001.2397,0.0,0.12186318168421319,741.8671018920896,6956.34912109375,1131.2723388671875
2025-05-20,APOLLOHOSP / TATACONSUM,APOLLOHOSP.NS,TATACONSUM.NS,4.6083,1001.2397,0.0,0.55658902116173,773.8789041748051,6894.01171875,1110.798583984375
2025-05-21,APOLLOHOSP / TATACONSUM,APOLLOHOSP.NS,TATACONSUM.NS,4.6083,1001.2397,0.0,0.9368791135199878,798.9704876464849,6965.82421875,1120.93701171875
2025-05-22,APOLLOHOSP / TATACONSUM,APOLLOHOSP.NS,TATACONSUM.NS,4.6083,1001.2397,0.0,1.1822108414356705,824.4327208496098,6936.40087890625,1109.02685546875
2025-05-23,APOLLOHOSP / TATACONSUM,APOLLOHOSP.NS,TATACONSUM.NS,4.6083,1001.2397,0.0,1.6351672634978933,870.1889869018561,7046.11474609375,1122.9056396484375
2025-05-26,APOLLOHOSP / TATACONSUM,APOLLOHOSP.NS,TATACONSUM.NS,4.6083,1001.2397,0.0,1.5205210737769315,877.1580424804689,7078.03173828125,1128.3193359375
2025-05-27,APOLLOHOSP / TATACONSUM,APOLLOHOSP.NS,TATACONSUM.NS,4.6083,1001.2397,0.0,1.4941198579222046,890.0523206298832,7055.09130859375,1120.543212890625
2025-05-28,APOLLOHOSP / TATACONSUM,APOLLOHOSP.NS,TATACONSUM.NS,4.6083,1001.2397,0.0,0.8114360995613238,850.4689656127931,6938.39599609375,1103.8099365234375
2025-05-29,APOLLOHOSP / TATACONSUM,APOLLOHOSP.NS,TATACONSUM.NS,4.6083,1001.2397,0.0,0.4877360372563005,832.3641887451178,6904.98291015625,1100.488037109375
2025-05-30,APOLLOHOSP / TATACONSUM,APOLLOHOSP.NS,TATACONSUM.NS,4.6083,1001.2397,0.0,0.07479114560372085,805.9680189819338,6862.59326171875,1097.0174560546875
2025-06-02,APOLLOHOSP / TATACONSUM,APOLLOHOSP.NS,TATACONSUM.NS,4.6083,1001.2397,0.0,-0.5662773708951113,776.4453791625975,6897.50244140625,1110.9991455078125
2025-06-03,APOLLOHOSP / TATACONSUM,APOLLOHOSP.NS,TATACONSUM.NS,4.6083,1001.2397,0.0,-1.8572161216214844,700.2179210083006,6794.7705078125,1105.2476806640625
2025-06-04,APOLLOHOSP / TATACONSUM,APOLLOHOSP.NS,TATACONSUM.NS,4.6083,1001.2397,0.0,-1.5986101889261333,697.8241032958987,6837.15966796875,1114.965576171875
2025-06-05,APOLLOHOSP / TATACONSUM,APOLLOHOSP.NS,TATACONSUM.NS,4.6083,1001.2397,0.0,-0.3393096307583779,775.8899468383789,6858.10498046875,1102.5704345703125
2025-06-06,APOLLOHOSP / TATACONSUM,APOLLOHOSP.NS,TATACONSUM.NS,4.6083,1001.2397,0.0,0.4620010013852458,825.309494592285,6924.43212890625,1106.2393798828125
2025-06-09,APOLLOHOSP / TATACONSUM,APOLLOHOSP.NS,TATACONSUM.NS,4.6083,1001.2397,0.0,-0.22010949000720254,789.247047448731,6913.95947265625,1111.7923583984375
2025-06-10,APOLLOHOSP / TATACONSUM,APOLLOHOSP.NS,TATACONSUM.NS,4.6083,1001.2397,0.0,-0.03801358340702654,803.6570183471678,6900.49462890625,1105.7435302734375
2025-06-11,APOLLOHOSP / TATACONSUM,APOLLOHOSP.NS,TATACONSUM.NS,4.6083,1001.2397,0.0,0.9029926031269171,861.9859694335938,6909.4716796875,1095.0341796875
2025-06-12,APOLLOHOSP / TATACONSUM,APOLLOHOSP.NS,TATACONSUM.NS,4.6083,1001.2397,-1.0,2.5395896046988726,1018.5429428344725,6978.29150390625,1075.9952392578125
2025-06-13,APOLLOHOSP / TATACONSUM,APOLLOHOSP.NS,TATACONSUM.NS,4.6083,1001.2397,-1.0,2.208393314142029,1047.1643695312505,6976.296875,1069.3515625
2025-06-16,APOLLOHOSP / TATACONSUM,APOLLOHOSP.NS,TATACONSUM.NS,4.6083,1001.2397,-1.0,2.3712414776656754,1143.5053469726563,7095.48583984375,1074.3095703125
2025-06-17,APOLLOHOSP / TATACONSUM,APOLLOHOSP.NS,TATACONSUM.NS,4.6083,1001.2397,-1.0,1.6401413827617595,1090.207079943848,6988.265625,1062.6085205078125
2025-06-18,APOLLOHOSP / TATACONSUM,APOLLOHOSP.NS,TATACONSUM.NS,4.6083,1001.2397,-1.0,1.1816478935970944,1046.6427377441405,6915.45556640625,1056.26220703125
2025-06-19,APOLLOHOSP / TATACONSUM,APOLLOHOSP.NS,TATACONSUM.NS,4.6083,1001.2397,-1.0,0.874913438007989,1016.886111962891,6991.2578125,1079.16845703125
2025-06-20,APOLLOHOSP / TATACONSUM,APOLLOHOSP.NS,TATACONSUM.NS,4.6083,1001.2397,-1.0,0.7793466543420694,1016.3673219482426,7045.1171875,1090.968505859375
2025-06-23,APOLLOHOSP / TATACONSUM,APOLLOHOSP.NS,TATACONSUM.NS,4.6083,1001.2397,-1.0,0.07162463240089603,918.4716553833006,6989.2626953125,1100.0914306640625
2025-06-24,APOLLOHOSP / TATACONSUM,APOLLOHOSP.NS,TATACONSUM.NS,4.6083,1001.2397,-1.0,0.05262660065844445,924.7441923706057,6987.7666015625,1098.4056396484375
2025-06-25,APOLLOHOSP / TATACONSUM,APOLLOHOSP.NS,TATACONSUM.NS,4.6083,1001.2397,0.0,-0.4111240820913526,874.7414629516608,7023.67333984375,1117.0479736328125
2025-06-26,APOLLOHOSP / TATACONSUM,APOLLOHOSP.NS,TATACONSUM.NS,4.6083,1001.2397,0.0,-0.7674078274314874,847.7209928955082,7083.0185546875,1135.789306640625
2025-06-27,APOLLOHOSP / TATACONSUM,APOLLOHOSP.NS,TATACONSUM.NS,4.6083,1001.2397,0.0,1.5798297165380442,1150.6007072509765,7289.4794921875,1114.866455078125
2025-06-30,APOLLOHOSP / TATACONSUM,APOLLOHOSP.NS,TATACONSUM.NS,4.6083,1001.2397,0.0,1.685440491315558,1200.3427906616216,7223.15283203125,1089.6795654296875
2025-07-01,APOLLOHOSP / TATACONSUM,APOLLOHOSP.NS,TATACONSUM.NS,4.6083,1001.2397,-1.0,2.660373270354386,1468.762139587402,7476.49169921875,1086.4071044921875
2025-07-02,APOLLOHOSP / TATACONSUM,APOLLOHOSP.NS,TATACONSUM.NS,4.6083,1001.2397,-1.0,1.9258318457191306,1412.990521447754,7421.634765625,1086.6055908203125
2025-07-03,APOLLOHOSP / TATACONSUM,APOLLOHOSP.NS,TATACONSUM.NS,4.6083,1001.2397,-1.0,2.164342604160774,1565.9139722167965,7545.3125,1080.25927734375
2025-07-04,APOLLOHOSP / TATACONSUM,APOLLOHOSP.NS,TATACONSUM.NS,4.6083,1001.2397,-1.0,1.7357194400268003,1553.0734181640628,7533.84228515625,1080.556640625
2025-07-07,APOLLOHOSP / TATACONSUM,APOLLOHOSP.NS,TATACONSUM.NS,4.6083,1001.2397,-1.0,1.5007761529499224,1559.6607029296874,7596.17919921875,1092.654296875
2025-07-08,APOLLOHOSP / TATACONSUM,APOLLOHOSP.NS,TATACONSUM.NS,4.6083,1001.2397,-1.0,1.1838892736613236,1517.9329736572263,7545.3125,1090.671142578125
2025-07-09,APOLLOHOSP / TATACONSUM,APOLLOHOSP.NS,TATACONSUM.NS,4.6083,1001.2397,-1.0,0.772269444452916,1431.3220178588872,7449.56201171875,1088.6878662109375
2025-07-10,APOLLOHOSP / TATACONSUM,APOLLOHOSP.NS,TATACONSUM.NS,4.6083,1001.2397,-1.0,0.4538292984321131,1362.7346405029293,7339.84814453125,1079.763427734375
2025-07-11,APOLLOHOSP / TATACONSUM,APOLLOHOSP.NS,TATACONSUM.NS,4.6083,1001.2397,0.0,-0.01662389208677872,1248.9683337768556,7170.78955078125,1067.7650146484375
2025-07-14,APOLLOHOSP / TATACONSUM,APOLLOHOSP.NS,TATACONSUM.NS,4.6083,1001.2397,0.0,0.11962999656674396,1302.23729387207,7201.2099609375,1062.806884765625
2025-07-15,APOLLOHOSP / TATACONSUM,APOLLOHOSP.NS,TATACONSUM.NS,4.6083,1001.2397,0.0,0.39381989146326024,1396.6750338745114,7341.34423828125,1072.7230224609375
2025-07-16,APOLLOHOSP / TATACONSUM,APOLLOHOSP.NS,TATACONSUM.NS,4.6083,1001.2397,0.0,0.27026122392765256,1390.0669317138672,7333.365234375,1072.425537109375
2025-07-17,APOLLOHOSP / TATACONSUM,APOLLOHOSP.NS,TATACONSUM.NS,4.6083,1001.2397,0.0,-0.42061096431862616,1277.0303864868165,7331.37060546875,1096.5216064453125
2025-07-18,APOLLOHOSP / TATACONSUM,APOLLOHOSP.NS,TATACONSUM.NS,4.6083,1001.2397,0.0,-0.814178737454574,1275.391651867676,7284.49267578125,1086.7047119140625
2025-07-21,APOLLOHOSP / TATACONSUM,APOLLOHOSP.NS,TATACONSUM.NS,4.6083,1001.2397,0.0,-1.1249011687507886,1252.109372448731,7235.62060546875,1081.1517333984375
2025-07-22,APOLLOHOSP / TATACONSUM,APOLLOHOSP.NS,TATACONSUM.NS,4.6083,1001.2397,0.0,-1.0725173340618297,1269.262891418457,7227.64111328125,1075.6978759765625
2025-07-23,APOLLOHOSP / TATACONSUM,APOLLOHOSP.NS,TATACONSUM.NS,4.6083,1001.2397,0.0,0.8817830263954382,1497.378003369141,7354.31005859375,1053.68408203125
2025-07-24,APOLLOHOSP / TATACONSUM,APOLLOHOSP.NS,TATACONSUM.NS,4.6083,1001.2397,0.0,0.38004600061887217,1440.7941994873045,7344.3369140625,1063.798583984375
2025-07-25,APOLLOHOSP / TATACONSUM,APOLLOHOSP.NS,TATACONSUM.NS,4.6083,1001.2397,0.0,1.8474377187895616,1629.6025482055666,7449.0634765625,1045.5528564453125
2025-07-28,APOLLOHOSP / TATACONSUM,APOLLOHOSP.NS,TATACONSUM.NS,4.6083,1001.2397,0.0,0.8019678049669346,1492.7610409545896,7337.35498046875,1051.0067138671875
2025-07-29,APOLLOHOSP / TATACONSUM,APOLLOHOSP.NS,TATACONSUM.NS,4.6083,1001.2397,0.0,1.5212894546680018,1584.2331328735354,7436.595703125,1052.6925048828125
2025-07-30,APOLLOHOSP / TATACONSUM,APOLLOHOSP.NS,TATACONSUM.NS,4.6083,1001.2397,0.0,1.0346803044493813,1525.6982743408207,7430.611328125,1064.095947265625
2025-07-31,APOLLOHOSP / TATACONSUM,APOLLOHOSP.NS,TATACONSUM.NS,4.6083,1001.2397,0.0,1.271679584488447,1573.116494604492,7478.486328125,1064.195068359375
2025-08-01,APOLLOHOSP / TATACONSUM,APOLLOHOSP.NS,TATACONSUM.NS,4.6083,1001.2397,0.0,0.21229783357363036,1439.7921751708982,7332.36767578125,1061.418701171875
2025-08-04,APOLLOHOSP / TATACONSUM,APOLLOHOSP.NS,TATACONSUM.NS,4.6083,1001.2397,0.0,-0.2802866425401892,1386.3529270019535,7288.98095703125,1063.60009765625
2025-08-05,APOLLOHOSP / TATACONSUM,APOLLOHOSP.NS,TATACONSUM.NS,4.6083,1001.2397,0.0,-0.31236100936004074,1388.9987990478512,7255.06982421875,1055.667236328125
2025-08-06,APOLLOHOSP / TATACONSUM,APOLLOHOSP.NS,TATACONSUM.NS,4.6083,1001.2397,0.0,-0.5427105312294592,1358.6399108886717,7170.78955078125,1043.96630859375
2025-08-07,APOLLOHOSP / TATACONSUM,APOLLOHOSP.NS,TATACONSUM.NS,4.6083,1001.2397,0.0,-0.6691591019874901,1339.1906921386717,7151.34033203125,1043.96630859375
2025-08-08,APOLLOHOSP / TATACONSUM,APOLLOHOSP.NS,TATACONSUM.NS,4.6083,1001.2397,0.0,-1.281627124856392,1262.1382705810547,7066.0625,1042.181396484375
2025-08-11,APOLLOHOSP / TATACONSUM,APOLLOHOSP.NS,TATACONSUM.NS,4.6083,1001.2397,0.0,-0.24169399210963238,1399.1703844238282,7240.1083984375,1050.21337890625
2025-08-12,APOLLOHOSP / TATACONSUM,APOLLOHOSP.NS,TATACONSUM.NS,4.6083,1001.2397,0.0,-0.054243615266450634,1432.9348246704103,7217.6669921875,1038.0167236328125
2025-08-13,APOLLOHOSP / TATACONSUM,APOLLOHOSP.NS,TATACONSUM.NS,4.6083,1001.2397,-1.0,2.983094320689634,1960.9486635620115,7788.17822265625,1047.2386474609375
2025-08-14,APOLLOHOSP / TATACONSUM,APOLLOHOSP.NS,TATACONSUM.NS,4.6083,1001.2397,-1.0,2.3473970873530283,1996.3067423583989,7801.14453125,1042.379638671875
2025-08-18,APOLLOHOSP / TATACONSUM,APOLLOHOSP.NS,TATACONSUM.NS,4.6083,1001.2397,-1.0,1.6026431588531513,1905.4538839965817,7802.14208984375,1062.3111572265625
2025-08-19,APOLLOHOSP / TATACONSUM,APOLLOHOSP.NS,TATACONSUM.NS,4.6083,1001.2397,-1.0,1.2323876843881256,1850.1797345703126,7813.12744140625,1076.689453125
2025-08-20,APOLLOHOSP / TATACONSUM,APOLLOHOSP.NS,TATACONSUM.NS,4.6083,1001.2397,-1.0,0.9885295484309461,1820.4925820800781,7872.54833984375,1096.02587890625
2025-08-21,APOLLOHOSP / TATACONSUM,APOLLOHOSP.NS,TATACONSUM.NS,4.6083,1001.2397,-1.0,1.3052062181386477,1942.533144128418,7915.99072265625,1078.9700927734375
2025-08-22,APOLLOHOSP / TATACONSUM,APOLLOHOSP.NS,TATACONSUM.NS,4.6083,1001.2397,-1.0,1.1948817164673948,1956.8170176513677,7911.99609375,1075.003662109375
2025-08-25,APOLLOHOSP / TATACONSUM,APOLLOHOSP.NS,TATACONSUM.NS,4.6083,1001.2397,-1.0,0.8811071595017039,1896.8357379150393,7840.5908203125,1072.524658203125
2025-08-26,APOLLOHOSP / TATACONSUM,APOLLOHOSP.NS,TATACONSUM.NS,4.6083,1001.2397,-1.0,0.6203803643746039,1847.1799779907224,7783.1669921875,1070.8389892578125
2025-08-28,APOLLOHOSP / TATACONSUM,APOLLOHOSP.NS,TATACONSUM.NS,4.6083,1001.2397,-1.0,0.5813582179446085,1861.7354104980468,7717.75390625,1053.48583984375
2025-08-29,APOLLOHOSP / TATACONSUM,APOLLOHOSP.NS,TATACONSUM.NS,4.6083,1001.2397,-1.0,0.029009648385384088,1730.1832055786135,7599.91015625,1056.4605712890625
2025-09-01,APOLLOHOSP / TATACONSUM,APOLLOHOSP.NS,TATACONSUM.NS,4.6083,1001.2397,0.0,-0.008703530269567735,1744.5347860595703,7661.32861328125,1066.674072265625
2025-09-02,APOLLOHOSP / TATACONSUM,APOLLOHOSP.NS,TATACONSUM.NS,4.6083,1001.2397,0.0,-0.5643135255520014,1640.3227098266607,7671.81494140625,1091.5635986328125
2025-09-03,APOLLOHOSP / TATACONSUM,APOLLOHOSP.NS,TATACONSUM.NS,4.6083,1001.2397,0.0,-0.6344532838661033,1677.8001115356446,7725.7431640625,1095.1334228515625
2025-09-04,APOLLOHOSP / TATACONSUM,APOLLOHOSP.NS,TATACONSUM.NS,4.6083,1001.2397,0.0,1.086658694265614,1993.7517950683596,7889.52587890625,1062.11279296875
2025-09-05,APOLLOHOSP / TATACONSUM,APOLLOHOSP.NS,TATACONSUM.NS,4.6083,1001.2397,0.0,0.3197605771703943,1892.4378731933593,7794.15234375,1063.40185546875
2025-09-08,APOLLOHOSP / TATACONSUM,APOLLOHOSP.NS,TATACONSUM.NS,4.6083,1001.2397,0.0,0.13935619565876137,1866.2369510375975,7776.17626953125,1065.1866455078125
2025-09-09,APOLLOHOSP / TATACONSUM,APOLLOHOSP.NS,TATACONSUM.NS,4.6083,1001.2397,0.0,0.19780457601762413,1862.6872391113284,7815.12451171875,1074.40869140625
2025-09-10,APOLLOHOSP / TATACONSUM,APOLLOHOSP.NS,TATACONSUM.NS,4.6083,1001.2397,0.0,0.4491068085476727,1886.081513635254,7918.4873046875,1091.7618408203125
2025-09-11,APOLLOHOSP / TATACONSUM,APOLLOHOSP.NS,TATACONSUM.NS,4.6083,1001.2397,0.0,-0.23110443304997927,1816.9974648925781,7869.05322265625,1096.02587890625
2025-09-12,APOLLOHOSP / TATACONSUM,APOLLOHOSP.NS,TATACONSUM.NS,4.6083,1001.2397,0.0,-0.2154795513256583,1818.4015415405274,7864.0595703125,1094.6375732421875
2025-09-15,APOLLOHOSP / TATACONSUM,APOLLOHOSP.NS,TATACONSUM.NS,4.6083,1001.2397,0.0,-0.6468954279859113,1766.4196392333988,7806.13671875,1093.348388671875
2025-09-16,APOLLOHOSP / TATACONSUM,APOLLOHOSP.NS,TATACONSUM.NS,4.6083,1001.2397,0.0,0.3142141079745787,1850.352786230469,7842.0888671875,1082.9365234375
2025-09-17,APOLLOHOSP / TATACONSUM,APOLLOHOSP.NS,TATACONSUM.NS,4.6083,1001.2397,0.0,-1.326920987421922,1683.827211682129,7877.54150390625,1126.7657470703125
2025-09-18,APOLLOHOSP / TATACONSUM,APOLLOHOSP.NS,TATACONSUM.NS,4.6083,1001.2397,0.0,-1.21178976313192,1678.3645362548832,7840.09130859375,1119.824462890625
2025-09-19,APOLLOHOSP / TATACONSUM,APOLLOHOSP.NS,TATACONSUM.NS,4.6083,1001.2397,0.0,-1.3324077737820166,1645.8471237060548,7796.14990234375,1117.345458984375
2025-09-22,APOLLOHOSP / TATACONSUM,APOLLOHOSP.NS,TATACONSUM.NS,4.6083,1001.2397,0.0,-1.7948288187911887,1563.3571225097658,7728.7392578125,1120.61767578125
2025-09-23,APOLLOHOSP / TATACONSUM,APOLLOHOSP.NS,TATACONSUM.NS,4.6083,1001.2397,0.0,-1.8210404219595573,1515.741164880371,7673.81201171875,1119.0311279296875
2025-09-24,APOLLOHOSP / TATACONSUM,APOLLOHOSP.NS,TATACONSUM.NS,4.6083,1001.2397,1.0,-2.0730702080858054,1422.2870500122071,7633.36572265625,1130.5338134765625
2025-09-25,APOLLOHOSP / TATACONSUM,APOLLOHOSP.NS,TATACONSUM.NS,4.6083,1001.2397,1.0,-1.7225628775203634,1429.774184094238,7613.8916015625,1124.6832275390625
2025-09-26,APOLLOHOSP / TATACONSUM,APOLLOHOSP.NS,TATACONSUM.NS,4.6083,1001.2397,1.0,-1.7093097275991096,1385.3836354980467,7500.04296875,1109.61083984375
2025-09-29,APOLLOHOSP / TATACONSUM,APOLLOHOSP.NS,TATACONSUM.NS,4.6083,1001.2397,1.0,-1.8102702551998568,1300.73575567627,7434.13037109375,1113.6763916015625
2025-09-30,APOLLOHOSP / TATACONSUM,APOLLOHOSP.NS,TATACONSUM.NS,4.6083,1001.2397,1.0,-1.7762872466063682,1237.4499854736332,7399.1767578125,1119.824462890625
2025-10-01,APOLLOHOSP / TATACONSUM,APOLLOHOSP.NS,TATACONSUM.NS,4.6083,1001.2397,1.0,-1.6618827665954385,1198.5779565063476,7431.13427734375,1135.1944580078125
2025-10-03,APOLLOHOSP / TATACONSUM,APOLLOHOSP.NS,TATACONSUM.NS,4.6083,1001.2397,1.0,-1.308259903314681,1240.4257102050778,7439.623046875,1127.95556640625
2025-10-06,APOLLOHOSP / TATACONSUM,APOLLOHOSP.NS,TATACONSUM.NS,4.6083,1001.2397,1.0,-0.3705898610305707,1431.6236660034183,7651.84130859375,1132.5169677734375
2025-10-07,APOLLOHOSP / TATACONSUM,APOLLOHOSP.NS,TATACONSUM.NS,4.6083,1001.2397,0.0,0.3823576781596873,1570.5621973999023,7689.791015625,1110.6024169921875
2025-10-08,APOLLOHOSP / TATACONSUM,APOLLOHOSP.NS,TATACONSUM.NS,4.6083,1001.2397,0.0,0.2785107229157108,1531.6983683593753,7651.84130859375,1110.80078125
2025-10-09,APOLLOHOSP / TATACONSUM,APOLLOHOSP.NS,TATACONSUM.NS,4.6083,1001.2397,0.0,0.7040394391089599,1574.7080032836911,7684.7978515625,1108.6192626953125
2025-10-10,APOLLOHOSP / TATACONSUM,APOLLOHOSP.NS,TATACONSUM.NS,4.6083,1001.2397,0.0,0.4644230257430198,1521.8845293579107,7670.81640625,1117.0479736328125
2025-10-13,APOLLOHOSP / TATACONSUM,APOLLOHOSP.NS,TATACONSUM.NS,4.6083,1001.2397,0.0,0.7930062961865868,1555.3092265380865,7660.82958984375,1107.627685546875
2025-10-14,APOLLOHOSP / TATACONSUM,APOLLOHOSP.NS,TATACONSUM.NS,4.6083,1001.2397,0.0,1.3798493691295204,1634.5103371093755,7748.712890625,1109.51171875
2025-10-15,APOLLOHOSP / TATACONSUM,APOLLOHOSP.NS,TATACONSUM.NS,4.6083,1001.2397,0.0,1.7670692939583756,1722.8991181152342,7815.6240234375,1104.85107421875
2025-10-16,APOLLOHOSP / TATACONSUM,APOLLOHOSP.NS,TATACONSUM.NS,4.6083,1001.2397,0.0,0.7278643268848645,1569.9944850463871,7823.11376953125,1139.6566162109375
2025-10-17,APOLLOHOSP / TATACONSUM,APOLLOHOSP.NS,TATACONSUM.NS,4.6083,1001.2397,0.0,0.6096459545681873,1561.5920483520513,7891.02392578125,1156.2164306640625
2025-10-20,APOLLOHOSP / TATACONSUM,APOLLOHOSP.NS,TATACONSUM.NS,4.6083,1001.2397,0.0,0.8980313436027946,1622.4232240234378,7999.3798828125,1166.529296875
2025-10-21,APOLLOHOSP / TATACONSUM,APOLLOHOSP.NS,TATACONSUM.NS,4.6083,1001.2397,0.0,0.8530431822622478,1632.646755627441,8001.37744140625,1164.7442626953125
2025-10-23,APOLLOHOSP / TATACONSUM,APOLLOHOSP.NS,TATACONSUM.NS,4.6083,1001.2397,0.0,0.8556600625766225,1651.3511685668946,7957.93505859375,1151.2584228515625
2025-10-24,APOLLOHOSP / TATACONSUM,APOLLOHOSP.NS,TATACONSUM.NS,4.6083,1001.2397,0.0,0.07989151525166227,1546.5715673217774,7827.10888671875,1145.6063232421875
2025-10-27,APOLLOHOSP / TATACONSUM,APOLLOHOSP.NS,TATACONSUM.NS,4.6083,1001.2397,0.0,-0.606781394853976,1487.8445444091794,7835.09814453125,1160.083740234375
2025-10-28,APOLLOHOSP / TATACONSUM,APOLLOHOSP.NS,TATACONSUM.NS,4.6083,1001.2397,0.0,-0.6310509249027327,1527.3676426635748,7870.0517578125,1159.0921630859375
2025-10-29,APOLLOHOSP / TATACONSUM,APOLLOHOSP.NS,TATACONSUM.NS,4.6083,1001.2397,0.0,-1.616418107247754,1467.9263752075194,7848.0810546875,1167.2232666015625
2025-10-30,APOLLOHOSP / TATACONSUM,APOLLOHOSP.NS,TATACONSUM.NS,4.6083,1001.2397,1.0,-2.060358061394127,1401.801656738281,7779.671875,1166.7275390625
2025-10-31,APOLLOHOSP / TATACONSUM,APOLLOHOSP.NS,TATACONSUM.NS,4.6083,1001.2397,1.0,-2.158945091158683,1345.9540137939457,7670.81640625,1155.224853515625
2025-11-03,APOLLOHOSP / TATACONSUM,APOLLOHOSP.NS,TATACONSUM.NS,4.6083,1001.2397,1.0,-1.8084620069121526,1340.7505409179685,7814.1259765625,1187.4521484375
2025-11-04,APOLLOHOSP / TATACONSUM,APOLLOHOSP.NS,TATACONSUM.NS,4.6083,1001.2397,1.0,-1.0616413119648087,1409.9361972778324,7800.14453125,1169.4049072265625
2025-11-06,APOLLOHOSP / TATACONSUM,APOLLOHOSP.NS,TATACONSUM.NS,4.6083,1001.2397,1.0,-1.5033600561566123,1330.7509928833006,7771.68212890625,1180.4117431640625
2025-11-07,APOLLOHOSP / TATACONSUM,APOLLOHOSP.NS,TATACONSUM.NS,4.6083,1001.2397,1.0,-1.5196521857972707,1296.952191369629,7631.86767578125,1157.4063720703125
2025-11-10,APOLLOHOSP / TATACONSUM,APOLLOHOSP.NS,TATACONSUM.NS,4.6083,1001.2397,1.0,-1.3852774074890462,1296.5576437622067,7519.51708984375,1133.1119384765625
2025-11-11,APOLLOHOSP / TATACONSUM,APOLLOHOSP.NS,TATACONSUM.NS,4.6083,1001.2397,1.0,-1.7493614547865703,1206.405225402832,7491.0546875,1146.4986572265625
2025-11-12,APOLLOHOSP / TATACONSUM,APOLLOHOSP.NS,TATACONSUM.NS,4.6083,1001.2397,1.0,-1.6497959772066564,1176.9052187500001,7488.05859375,1152.25
2025-11-13,APOLLOHOSP / TATACONSUM,APOLLOHOSP.NS,TATACONSUM.NS,4.6083,1001.2397,1.0,-1.5742728633937655,1152.3829582641602,7430.63525390625,1145.1104736328125
2025-11-14,APOLLOHOSP / TATACONSUM,APOLLOHOSP.NS,TATACONSUM.NS,4.6083,1001.2397,1.0,-1.5838908375271974,1118.7003079956057,7410.66162109375,1148.0853271484375
2025-11-17,APOLLOHOSP / TATACONSUM,APOLLOHOSP.NS,TATACONSUM.NS,4.6083,1001.2397,1.0,-1.6219576932981152,1089.1921014160162,7477.57275390625,1169.00830078125
2025-11-18,APOLLOHOSP / TATACONSUM,APOLLOHOSP.NS,TATACONSUM.NS,4.6083,1001.2397,1.0,-1.3761812819684014,1100.6548579345708,7375.7080078125,1144.416259765625
2025-11-19,APOLLOHOSP / TATACONSUM,APOLLOHOSP.NS,TATACONSUM.NS,4.6083,1001.2397,1.0,-0.995270958521652,1137.499634289551,7449.1103515625,1152.3492431640625
2025-11-20,APOLLOHOSP / TATACONSUM,APOLLOHOSP.NS,TATACONSUM.NS,4.6083,1001.2397,1.0,-1.4996289107640042,1047.6261005737306,7413.158203125,1164.0501708984375
2025-11-21,APOLLOHOSP / TATACONSUM,APOLLOHOSP.NS,TATACONSUM.NS,4.6083,1001.2397,1.0,-1.7973734873067304,973.6279692016607,7381.20068359375,1173.1729736328125
2025-11-24,APOLLOHOSP / TATACONSUM,APOLLOHOSP.NS,TATACONSUM.NS,4.6083,1001.2397,1.0,-1.830914201864997,923.9240713256842,7344.7490234375,1176.0487060546875
2025-11-25,APOLLOHOSP / TATACONSUM,APOLLOHOSP.NS,TATACONSUM.NS,4.6083,1001.2397,1.0,-1.4949916206344833,937.8842787475588,7320.78076171875,1167.8182373046875
2025-11-26,APOLLOHOSP / TATACONSUM,APOLLOHOSP.NS,TATACONSUM.NS,4.6083,1001.2397,1.0,-1.1570229213732222,965.5718733032228,7383.1982421875,1175.3546142578125
2025-11-27,APOLLOHOSP / TATACONSUM,APOLLOHOSP.NS,TATACONSUM.NS,4.6083,1001.2397,1.0,-1.2951343345840005,929.8950209350588,7312.79150390625,1167.8182373046875
2025-11-28,APOLLOHOSP / TATACONSUM,APOLLOHOSP.NS,TATACONSUM.NS,4.6083,1001.2397,1.0,-0.9222886235155784,967.0962577026368,7325.7744140625,1162.5628662109375
2025-12-01,APOLLOHOSP / TATACONSUM,APOLLOHOSP.NS,TATACONSUM.NS,4.6083,1001.2397,1.0,-0.8974573058273942,958.4585426147461,7277.837890625,1154.0350341796875
2025-12-02,APOLLOHOSP / TATACONSUM,APOLLOHOSP.NS,TATACONSUM.NS,4.6083,1001.2397,1.0,-1.1635648728597834,920.3309404907233,7232.3984375,1152.4483642578125
2025-12-03,APOLLOHOSP / TATACONSUM,APOLLOHOSP.NS,TATACONSUM.NS,4.6083,1001.2397,1.0,-0.641056893672574,963.8532047485352,7174.47509765625,1130.4346923828125
2025-12-04,APOLLOHOSP / TATACONSUM,APOLLOHOSP.NS,TATACONSUM.NS,4.6083,1001.2397,1.0,-0.7816065535565752,942.4460574707037,7191.45263671875,1138.76416015625
2025-12-05,APOLLOHOSP / TATACONSUM,APOLLOHOSP.NS,TATACONSUM.NS,4.6083,1001.2397,1.0,-1.5333999247875576,864.7011306640626,7179.9677734375,1153.142578125
2025-12-08,APOLLOHOSP / TATACONSUM,APOLLOHOSP.NS,TATACONSUM.NS,4.6083,1001.2397,1.0,-1.5238016334234723,849.4659910644533,7086.591796875,1136.18603515625
2025-12-09,APOLLOHOSP / TATACONSUM,APOLLOHOSP.NS,TATACONSUM.NS,4.6083,1001.2397,1.0,-1.4418739312814663,840.3606843017579,7081.5986328125,1137.078369140625
2025-12-10,APOLLOHOSP / TATACONSUM,APOLLOHOSP.NS,TATACONSUM.NS,4.6083,1001.2397,1.0,-1.734566507439056,798.1156632934573,7009.1943359375,1130.5338134765625
2025-12-11,APOLLOHOSP / TATACONSUM,APOLLOHOSP.NS,TATACONSUM.NS,4.6083,1001.2397,1.0,-1.9118131017904685,779.9889003784184,7000.20654296875,1132.5169677734375
2025-12-12,APOLLOHOSP / TATACONSUM,APOLLOHOSP.NS,TATACONSUM.NS,4.6083,1001.2397,1.0,-1.0051388310690974,838.4656764526372,7091.5849609375,1139.6566162109375
2025-12-15,APOLLOHOSP / TATACONSUM,APOLLOHOSP.NS,TATACONSUM.NS,4.6083,1001.2397,1.0,-1.5442553032004966,786.9708605712896,7077.1044921875,1147.688720703125
2025-12-16,APOLLOHOSP / TATACONSUM,APOLLOHOSP.NS,TATACONSUM.NS,4.6083,1001.2397,1.0,-2.197773483364208,694.8972787841795,7042.15087890625,1160.083740234375
2025-12-17,APOLLOHOSP / TATACONSUM,APOLLOHOSP.NS,TATACONSUM.NS,4.6083,1001.2397,1.0,-2.7574646280194623,519.8298844604498,6912.3232421875,1169.9007568359375
2025-12-18,APOLLOHOSP / TATACONSUM,APOLLOHOSP.NS,TATACONSUM.NS,4.6083,1001.2397,1.0,-1.9787021565744614,554.7622598510744,6909.3271484375,1161.6702880859375
2025-12-19,APOLLOHOSP / TATACONSUM,APOLLOHOSP.NS,TATACONSUM.NS,4.6083,1001.2397,1.0,-1.4629256432474238,591.5172170898442,7003.20263671875,1174.0654296875
2025-12-22,APOLLOHOSP / TATACONSUM,APOLLOHOSP.NS,TATACONSUM.NS,4.6083,1001.2397,1.0,-0.8968251568446237,656.7235881835942,7044.6474609375,1168.9091796875
2025-12-23,APOLLOHOSP / TATACONSUM,APOLLOHOSP.NS,TATACONSUM.NS,4.6083,1001.2397,1.0,-0.8647536513566506,645.1248739379881,7064.12158203125,1175.6519775390625
2025-12-24,APOLLOHOSP / TATACONSUM,APOLLOHOSP.NS,TATACONSUM.NS,4.6083,1001.2397,0.0,0.12402783117503054,772.7402192382816,7162.4912109375,1169.3056640625
2025-12-26,APOLLOHOSP / TATACONSUM,APOLLOHOSP.NS,TATACONSUM.NS,4.6083,1001.2397,0.0,0.23485821617999544,772.7546940063477,7146.51220703125,1165.8350830078125
2025-12-29,APOLLOHOSP / TATACONSUM,APOLLOHOSP.NS,TATACONSUM.NS,4.6083,1001.2397,0.0,-0.9861785198618781,612.2419321777344,7075.10693359375,1185.17138671875
2025-12-30,APOLLOHOSP / TATACONSUM,APOLLOHOSP.NS,TATACONSUM.NS,4.6083,1001.2397,0.0,-1.0349397209408808,591.8949896484374,6980.732421875,1169.107421875
2025-12-31,APOLLOHOSP / TATACONSUM,APOLLOHOSP.NS,TATACONSUM.NS,4.6083,1001.2397,0.0,-0.9754524699165805,584.9201731689456,7033.16259765625,1181.998291015625
2026-01-01,APOLLOHOSP / TATACONSUM,APOLLOHOSP.NS,TATACONSUM.NS,4.6083,1001.2397,0.0,0.3983408477936234,722.8301690551763,7102.0712890625,1167.0250244140625
2026-01-02,APOLLOHOSP / TATACONSUM,APOLLOHOSP.NS,TATACONSUM.NS,4.6083,1001.2397,0.0,0.8939383504377464,769.138400195313,7120.04736328125,1160.876953125
2026-01-05,APOLLOHOSP / TATACONSUM,APOLLOHOSP.NS,TATACONSUM.NS,4.6083,1001.2397,0.0,-0.03663102025481469,670.6056572998051,7073.60888671875,1172.181396484375
2026-01-06,APOLLOHOSP / TATACONSUM,APOLLOHOSP.NS,TATACONSUM.NS,4.6083,1001.2397,0.0,1.4612727506479581,805.9336017944335,7338.2578125,1200.2440185546875
2026-01-07,APOLLOHOSP / TATACONSUM,APOLLOHOSP.NS,TATACONSUM.NS,4.6083,1001.2397,-1.0,2.0839556464119973,895.2492364379888,7437.6259765625,1202.4254150390625
2026-01-08,APOLLOHOSP / TATACONSUM,APOLLOHOSP.NS,TATACONSUM.NS,4.6083,1001.2397,-1.0,1.6545427631048075,881.8171839355474,7354.73583984375,1187.35302734375
2026-01-09,APOLLOHOSP / TATACONSUM,APOLLOHOSP.NS,TATACONSUM.NS,4.6083,1001.2397,-1.0,1.394501756455333,872.2072712158207,7246.87890625,1166.033447265625
2026-01-12,APOLLOHOSP / TATACONSUM,APOLLOHOSP.NS,TATACONSUM.NS,4.6083,1001.2397,-1.0,0.7437737634845828,809.2493924804686,7258.86328125,1182.2958984375
2026-01-13,APOLLOHOSP / TATACONSUM,APOLLOHOSP.NS,TATACONSUM.NS,4.6083,1001.2397,-1.0,1.1182176471874028,865.4445012939451,7301.80615234375,1179.420166015625
2026-01-14,APOLLOHOSP / TATACONSUM,APOLLOHOSP.NS,TATACONSUM.NS,4.6083,1001.2397,-1.0,1.3198379975659642,908.7498013061523,7262.85791015625,1161.5711669921875
2026-01-15,APOLLOHOSP / TATACONSUM,APOLLOHOSP.NS,TATACONSUM.NS,4.6083,1001.2397,-1.0,1.1603304623217678,908.7498013061523,7262.85791015625,1161.5711669921875
2026-01-16,APOLLOHOSP / TATACONSUM,APOLLOHOSP.NS,TATACONSUM.NS,4.6083,1001.2397,-1.0,0.10625556232535266,790.9159889770509,7225.90673828125,1179.1226806640625
2026-01-19,APOLLOHOSP / TATACONSUM,APOLLOHOSP.NS,TATACONSUM.NS,4.6083,1001.2397,0.0,-0.4135599799219704,729.2224920776372,7123.54296875,1170.2972412109375
2026-01-20,APOLLOHOSP / TATACONSUM,APOLLOHOSP.NS,TATACONSUM.NS,4.6083,1001.2397,1.0,-2.1821205866782876,487.08005633544974,6903.3349609375,1175.0570068359375
2026-01-21,APOLLOHOSP / TATACONSUM,APOLLOHOSP.NS,TATACONSUM.NS,4.6083,1001.2397,1.0,-1.895191916447742,498.9845552856451,6817.44921875,1153.8365478515625
2026-01-22,APOLLOHOSP / TATACONSUM,APOLLOHOSP.NS,TATACONSUM.NS,4.6083,1001.2397,1.0,-2.1176301005015783,416.51579197998046,6787.98828125,1165.3392333984375
2026-01-23,APOLLOHOSP / TATACONSUM,APOLLOHOSP.NS,TATACONSUM.NS,4.6083,1001.2397,1.0,-1.2920217478450577,521.6685598266605,6793.98046875,1143.8214111328125
2026-01-27,APOLLOHOSP / TATACONSUM,APOLLOHOSP.NS,TATACONSUM.NS,4.6083,1001.2397,1.0,-1.8434391551610232,357.270557214356,6784.49267578125,1177.4368896484375
2026-01-28,APOLLOHOSP / TATACONSUM,APOLLOHOSP.NS,TATACONSUM.NS,4.6083,1001.2397,1.0,-0.10376873210439451,695.2305816162108,6868.38134765625,1122.303466796875
2026-01-29,APOLLOHOSP / TATACONSUM,APOLLOHOSP.NS,TATACONSUM.NS,4.6083,1001.2397,0.0,0.10772067615704398,731.2455247192385,6791.98291015625,1097.9097900390625
2026-01-30,APOLLOHOSP / TATACONSUM,APOLLOHOSP.NS,TATACONSUM.NS,4.6083,1001.2397,0.0,0.3538999039261253,768.5244061157229,6951.271484375,1124.3858642578125
2026-02-02,APOLLOHOSP / TATACONSUM,APOLLOHOSP.NS,TATACONSUM.NS,4.6083,1001.2397,0.0,0.4638880267364641,780.4020792602543,6924.30712890625,1115.9571533203125
2026-02-03,APOLLOHOSP / TATACONSUM,APOLLOHOSP.NS,TATACONSUM.NS,4.6083,1001.2397,0.0,0.6000303769761514,798.1074633666996,7079.1015625,1145.7054443359375
2026-02-04,APOLLOHOSP / TATACONSUM,APOLLOHOSP.NS,TATACONSUM.NS,4.6083,1001.2397,0.0,0.8011260062995937,836.5385445190433,7106.5654296875,1143.3255615234375
2026-02-05,APOLLOHOSP / TATACONSUM,APOLLOHOSP.NS,TATACONSUM.NS,4.6083,1001.2397,0.0,0.7823575662867371,829.2780060180668,7112.55712890625,1146.2012939453125
2026-02-06,APOLLOHOSP / TATACONSUM,APOLLOHOSP.NS,TATACONSUM.NS,4.6083,1001.2397,0.0,0.9136827622844463,844.2012680175786,7143.01708984375,1149.57275390625
2026-02-09,APOLLOHOSP / TATACONSUM,APOLLOHOSP.NS,TATACONSUM.NS,4.6083,1001.2397,0.0,1.079838885722653,866.5239687133791,7201.439453125,1157.4063720703125
2026-02-10,APOLLOHOSP / TATACONSUM,APOLLOHOSP.NS,TATACONSUM.NS,4.6083,1001.2397,0.0,1.391764275472444,943.0577512695319,7209.4287109375,1142.5322265625
2026-02-11,APOLLOHOSP / TATACONSUM,APOLLOHOSP.NS,TATACONSUM.NS,4.6083,1001.2397,-1.0,2.252878316949923,1228.847671313477,7497.046875,1142.928955078125
2026-02-12,APOLLOHOSP / TATACONSUM,APOLLOHOSP.NS,TATACONSUM.NS,4.6083,1001.2397,-1.0,1.9846688578872544,1275.8851100463871,7529.00439453125,1139.6566162109375
2026-02-13,APOLLOHOSP / TATACONSUM,APOLLOHOSP.NS,TATACONSUM.NS,4.6083,1001.2397,-1.0,1.891193182852597,1357.5215524780278,7532.5,1122.7000732421875
2026-02-16,APOLLOHOSP / TATACONSUM,APOLLOHOSP.NS,TATACONSUM.NS,4.6083,1001.2397,-1.0,1.7799918566569786,1411.0340325927737,7618.0,1129.641357421875
2026-02-17,APOLLOHOSP / TATACONSUM,APOLLOHOSP.NS,TATACONSUM.NS,4.6083,1001.2397,-1.0,1.3826232587525857,1352.0366410156248,7601.5,1138.86328125
2026-02-18,APOLLOHOSP / TATACONSUM,APOLLOHOSP.NS,TATACONSUM.NS,4.6083,1001.2397,-1.0,1.13433531091157,1301.1605218872073,7647.5,1159.8853759765625
2026-02-19,APOLLOHOSP / TATACONSUM,APOLLOHOSP.NS,TATACONSUM.NS,4.6083,1001.2397,-1.0,0.9605136028846333,1288.2011337280273,7592.5,1150.7625732421875
2026-02-20,APOLLOHOSP / TATACONSUM,APOLLOHOSP.NS,TATACONSUM.NS,4.6083,1001.2397,-1.0,0.9957911407078481,1330.850537902832,7615.5,1146.4986572265625
2026-02-23,APOLLOHOSP / TATACONSUM,APOLLOHOSP.NS,TATACONSUM.NS,4.6083,1001.2397,-1.0,0.902829725138155,1337.0636471313474,7693.0,1161.9678955078125
2026-02-24,APOLLOHOSP / TATACONSUM,APOLLOHOSP.NS,TATACONSUM.NS,4.6083,1001.2397,-1.0,0.7944207053406723,1336.2320527465818,7720.5,1168.1158447265625
2026-02-25,APOLLOHOSP / TATACONSUM,APOLLOHOSP.NS,TATACONSUM.NS,4.6083,1001.2397,-1.0,1.0426884331336372,1424.7791859130857,7783.0,1162.463623046875
2026-02-26,APOLLOHOSP / TATACONSUM,APOLLOHOSP.NS,TATACONSUM.NS,4.6083,1001.2397,-1.0,1.1347073577089977,1475.2706187011718,7775.0,1149.77099609375
2026-02-27,APOLLOHOSP / TATACONSUM,APOLLOHOSP.NS,TATACONSUM.NS,4.6083,1001.2397,-1.0,1.5623777757018793,1606.3086221191406,7821.5,1131.42626953125
2026-03-02,APOLLOHOSP / TATACONSUM,APOLLOHOSP.NS,TATACONSUM.NS,4.6083,1001.2397,-1.0,1.6289320459369505,1648.5090723632811,7791.5,1115.7587890625
2026-03-04,APOLLOHOSP / TATACONSUM,APOLLOHOSP.NS,TATACONSUM.NS,4.6083,1001.2397,-1.0,1.3116649682724977,1589.7259156250002,7666.0,1101.28125
2026-03-05,APOLLOHOSP / TATACONSUM,APOLLOHOSP.NS,TATACONSUM.NS,4.6083,1001.2397,-1.0,1.7535820896554406,1659.8838870117188,7775.0,1109.7099609375
2026-03-06,APOLLOHOSP / TATACONSUM,APOLLOHOSP.NS,TATACONSUM.NS,4.6083,1001.2397,-1.0,1.299966958887098,1620.3511009765625,7724.5,1107.330078125
2026-03-09,APOLLOHOSP / TATACONSUM,APOLLOHOSP.NS,TATACONSUM.NS,4.6083,1001.2397,-1.0,1.7964347311245417,1739.7397002197267,7779.0,1093.249267578125
2026-03-10,APOLLOHOSP / TATACONSUM,APOLLOHOSP.NS,TATACONSUM.NS,4.6083,1001.2397,-1.0,1.7005746724529196,1777.4487176757812,7803.0,1090.2744140625
2026-03-11,APOLLOHOSP / TATACONSUM,APOLLOHOSP.NS,TATACONSUM.NS,4.6083,1001.2397,-1.0,1.4549934090868446,1777.716044470215,7684.0,1064.3934326171875
2026-03-12,APOLLOHOSP / TATACONSUM,APOLLOHOSP.NS,TATACONSUM.NS,4.6083,1001.2397,-1.0,1.092282128549565,1739.5018101684573,7574.5,1048.9244384765625
2026-03-13,APOLLOHOSP / TATACONSUM,APOLLOHOSP.NS,TATACONSUM.NS,4.6083,1001.2397,-1.0,0.22161725431334087,1597.1059476562505,7550.0,1074.5078125
2026-03-16,APOLLOHOSP / TATACONSUM,APOLLOHOSP.NS,TATACONSUM.NS,4.6083,1001.2397,0.0,-0.49216496890232475,1495.5221155517575,7490.0,1083.531494140625
2026-03-17,APOLLOHOSP / TATACONSUM,APOLLOHOSP.NS,TATACONSUM.NS,4.6083,1001.2397,0.0,-0.10327980995427458,1572.6957385498044,7500.0,1068.954833984375
2026-03-18,APOLLOHOSP / TATACONSUM,APOLLOHOSP.NS,TATACONSUM.NS,4.6083,1001.2397,0.0,-0.35066666221570075,1556.9474137329098,7471.0,1066.0792236328125
2026-03-19,APOLLOHOSP / TATACONSUM,APOLLOHOSP.NS,TATACONSUM.NS,4.6083,1001.2397,0.0,-1.204460945160136,1477.3214869750973,7252.0,1035.8350830078125
2026-03-20,APOLLOHOSP / TATACONSUM,APOLLOHOSP.NS,TATACONSUM.NS,4.6083,1001.2397,0.0,-0.5470206027517163,1564.2316960815433,7364.5,1041.3880615234375
2026-03-23,APOLLOHOSP / TATACONSUM,APOLLOHOSP.NS,TATACONSUM.NS,4.6083,1001.2397,0.0,-1.512637609905067,1466.2837653625493,7145.0,1015.0112915039062
2026-03-24,APOLLOHOSP / TATACONSUM,APOLLOHOSP.NS,TATACONSUM.NS,4.6083,1001.2397,0.0,-0.18098436310528407,1599.4794583618168,7413.0,1044.2637939453125
2026-03-25,APOLLOHOSP / TATACONSUM,APOLLOHOSP.NS,TATACONSUM.NS,4.6083,1001.2397,0.0,1.2195211844709604,1753.2704409057615,7580.5,1047.2386474609375
2026-03-27,APOLLOHOSP / TATACONSUM,APOLLOHOSP.NS,TATACONSUM.NS,4.6083,1001.2397,0.0,1.104629465917557,1756.4997642822264,7549.0,1039.702392578125
2026-03-30,APOLLOHOSP / TATACONSUM,APOLLOHOSP.NS,TATACONSUM.NS,4.6083,1001.2397,0.0,1.191097166721516,1780.496414453125,7419.0,1006.28515625
2026-04-01,APOLLOHOSP / TATACONSUM,APOLLOHOSP.NS,TATACONSUM.NS,4.6083,1001.2397,0.0,-0.14333615055476687,1625.8699246215829,7305.5,1015.2095947265624
2026-04-02,APOLLOHOSP / TATACONSUM,APOLLOHOSP.NS,TATACONSUM.NS,4.6083,1001.2397,0.0,-0.6632100722998469,1554.7022604125978,7317.5,1033.2569580078125
2026-04-06,APOLLOHOSP / TATACONSUM,APOLLOHOSP.NS,TATACONSUM.NS,4.6083,1001.2397,0.0,-0.6099658641619653,1549.8837086791991,7373.0,1046.3460693359375
2026-04-07,APOLLOHOSP / TATACONSUM,APOLLOHOSP.NS,TATACONSUM.NS,4.6083,1001.2397,0.0,-1.179967743881362,1472.3097482666017,7326.5,1053.089111328125
2026-04-08,APOLLOHOSP / TATACONSUM,APOLLOHOSP.NS,TATACONSUM.NS,4.6083,1001.2397,0.0,-0.656330454524141,1517.6072521362303,7401.5,1059.5345458984375
2026-04-09,APOLLOHOSP / TATACONSUM,APOLLOHOSP.NS,TATACONSUM.NS,4.6083,1001.2397,0.0,-0.26622937498107696,1554.1957385498044,7481.5,1068.954833984375
2026-04-10,APOLLOHOSP / TATACONSUM,APOLLOHOSP.NS,TATACONSUM.NS,4.6083,1001.2397,0.0,-0.6960505145967105,1512.452630578613,7511.5,1084.5230712890625
2026-04-13,APOLLOHOSP / TATACONSUM,APOLLOHOSP.NS,TATACONSUM.NS,4.6083,1001.2397,0.0,-0.46272972907593046,1532.988766979981,7516.5,1081.1517333984375
2026-04-15,APOLLOHOSP / TATACONSUM,APOLLOHOSP.NS,TATACONSUM.NS,4.6083,1001.2397,0.0,0.5480688569969647,1640.6676068237302,7642.0,1085.0189208984375
2026-04-16,APOLLOHOSP / TATACONSUM,APOLLOHOSP.NS,TATACONSUM.NS,4.6083,1001.2397,0.0,-0.7414593658752523,1513.2829204833988,7553.0,1093.348388671875
2026-04-17,APOLLOHOSP / TATACONSUM,APOLLOHOSP.NS,TATACONSUM.NS,4.6083,1001.2397,0.0,0.20880945598561917,1610.8445796508786,7699.0,1103.8594970703125
2026-04-20,APOLLOHOSP / TATACONSUM,APOLLOHOSP.NS,TATACONSUM.NS,4.6083,1001.2397,0.0,-0.6139016762737781,1535.9429377563474,7657.0,1110.9991455078125
2026-04-21,APOLLOHOSP / TATACONSUM,APOLLOHOSP.NS,TATACONSUM.NS,4.6083,1001.2397,0.0,-0.6762194059281893,1524.2391371459962,7744.0,1132.4178466796875
2026-04-22,APOLLOHOSP / TATACONSUM,APOLLOHOSP.NS,TATACONSUM.NS,4.6083,1001.2397,1.0,-2.4754611130762383,1274.9908117919922,7662.0,1168.710693359375
2026-04-23,APOLLOHOSP / TATACONSUM,APOLLOHOSP.NS,TATACONSUM.NS,4.6083,1001.2397,1.0,-1.5030705927562529,1367.4863363525392,7781.0,1174.462158203125
2026-04-24,APOLLOHOSP / TATACONSUM,APOLLOHOSP.NS,TATACONSUM.NS,4.6083,1001.2397,1.0,-1.4544028453593225,1366.5105551757815,7732.5,1164.1494140625
2026-04-27,APOLLOHOSP / TATACONSUM,APOLLOHOSP.NS,TATACONSUM.NS,4.6083,1001.2397,0.0,0.1887621780474316,1520.7011337280273,7825.0,1150.7625732421875
2026-04-28,APOLLOHOSP / TATACONSUM,APOLLOHOSP.NS,TATACONSUM.NS,4.6083,1001.2397,0.0,0.0768754387346319,1507.1925665161134,7753.0,1138.0699462890625
2026-04-29,APOLLOHOSP / TATACONSUM,APOLLOHOSP.NS,TATACONSUM.NS,4.6083,1001.2397,0.0,-1.2229646134445016,1370.4285900878904,7709.0,1158.19970703125
2026-04-30,APOLLOHOSP / TATACONSUM,APOLLOHOSP.NS,TATACONSUM.NS,4.6083,1001.2397,0.0,-0.8055194960720555,1404.8583637084957,7636.5,1134.9959716796875
2026-05-01,APOLLOHOSP / TATACONSUM,APOLLOHOSP.NS,TATACONSUM.NS,4.6083,1001.2397,0.0,-0.7234373771792775,1404.8583637084957,7636.5,1134.9959716796875
2026-05-04,APOLLOHOSP / TATACONSUM,APOLLOHOSP.NS,TATACONSUM.NS,4.6083,1001.2397,0.0,-0.3680301613884134,1433.6579134643553,7737.5,1150.6634521484375
2026-05-05,APOLLOHOSP / TATACONSUM,APOLLOHOSP.NS,TATACONSUM.NS,4.6083,1001.2397,0.0,0.30842131844924736,1499.6880910766604,7772.0,1143.8214111328125
2026-05-06,APOLLOHOSP / TATACONSUM,APOLLOHOSP.NS,TATACONSUM.NS,4.6083,1001.2397,0.0,0.28009609776377964,1494.1290403320318,7760.5,1142.5322265625
2026-05-07,APOLLOHOSP / TATACONSUM,APOLLOHOSP.NS,TATACONSUM.NS,4.6083,1001.2397,0.0,1.2176077765197788,1572.9140640869145,7837.0,1142.036376953125
2026-05-08,APOLLOHOSP / TATACONSUM,APOLLOHOSP.NS,TATACONSUM.NS,4.6083,1001.2397,-1.0,2.211912657224132,1720.958025756836,8097.0,1166.330810546875
2026-05-11,APOLLOHOSP / TATACONSUM,APOLLOHOSP.NS,TATACONSUM.NS,4.6083,1001.2397,0.0,-1.5724393157191758,1272.7564493652344,8082.0,1260.33544921875
2026-05-12,APOLLOHOSP / TATACONSUM,APOLLOHOSP.NS,TATACONSUM.NS,4.6083,1001.2397,0.0,-1.2012819585370822,1295.5099915649416,8022.5,1242.4864501953125
2026-05-13,APOLLOHOSP / TATACONSUM,APOLLOHOSP.NS,TATACONSUM.NS,4.6083,1001.2397,0.0,-0.5826086824011131,1359.7629712280277,8004.5,1224.6375732421875
2026-05-14,APOLLOHOSP / TATACONSUM,APOLLOHOSP.NS,TATACONSUM.NS,4.6083,1001.2397,0.0,0.54316964048455,1504.879589367676,8119.0,1217.9937744140625
2026-05-15,APOLLOHOSP / TATACONSUM,APOLLOHOSP.NS,TATACONSUM.NS,4.6083,1001.2397,0.0,-0.05275196055819156,1442.3330187377933,8082.5,1223.6458740234375
2026-05-18,APOLLOHOSP / TATACONSUM,APOLLOHOSP.NS,TATACONSUM.NS,4.6083,1001.2397,0.0,-0.5079395180742621,1394.0414736572266,8020.5,1220.671142578125
2026-05-19,APOLLOHOSP / TATACONSUM,APOLLOHOSP.NS,TATACONSUM.NS,4.6083,1001.2397,0.0,0.3973568827320226,1491.3913280761717,8026.0,1200.73974609375
2026-05-20,APOLLOHOSP / TATACONSUM,APOLLOHOSP.NS,TATACONSUM.NS,4.6083,1001.2397,0.0,0.9250439258147116,1553.9449825683596,8078.5,1198.55810546875
2026-05-21,APOLLOHOSP / TATACONSUM,APOLLOHOSP.NS,TATACONSUM.NS,4.6083,1001.2397,-1.0,2.499983424363569,1847.005337792969,8308.5,1184.8740234375
2026-05-22,APOLLOHOSP / TATACONSUM,APOLLOHOSP.NS,TATACONSUM.NS,4.6083,1001.2397,-1.0,2.230259233959111,1915.1711349853513,8362.5,1181.800048828125
2026-05-25,APOLLOHOSP / TATACONSUM,APOLLOHOSP.NS,TATACONSUM.NS,4.6083,1001.2397,-1.0,1.8766025771308685,1931.7867650146482,8404.0,1187.199951171875
2026-05-26,APOLLOHOSP / TATACONSUM,APOLLOHOSP.NS,TATACONSUM.NS,4.6083,1001.2397,-1.0,1.0247592652605695,1784.4433325073242,8258.5,1187.5999755859375
2026-05-27,APOLLOHOSP / TATACONSUM,APOLLOHOSP.NS,TATACONSUM.NS,4.6083,1001.2397,-1.0,0.6481914275869821,1720.1022325073245,8272.5,1204.5999755859375
2026-05-28,APOLLOHOSP / TATACONSUM,APOLLOHOSP.NS,TATACONSUM.NS,4.6083,1001.2397,-1.0,0.5786755972353798,1720.1022325073245,8272.5,1204.5999755859375
2026-05-29,APOLLOHOSP / TATACONSUM,APOLLOHOSP.NS,TATACONSUM.NS,4.6083,1001.2397,-1.0,0.6345914713686687,1744.8394674926758,8176.5,1178.4000244140625
2026-06-01,APOLLOHOSP / TATACONSUM,APOLLOHOSP.NS,TATACONSUM.NS,4.6083,1001.2397,-1.0,1.0024333950032815,1838.5906849853518,8108.5,1143.300048828125
2026-06-02,APOLLOHOSP / TATACONSUM,APOLLOHOSP.NS,TATACONSUM.NS,4.6083,1001.2397,-1.0,0.5898779660705464,1767.0565150146485,8089.5,1154.699951171875
2026-06-03,APOLLOHOSP / TATACONSUM,APOLLOHOSP.NS,TATACONSUM.NS,4.6083,1001.2397,-1.0,1.5958406370354925,2017.3651,8290.5,1144.0
2026-06-04,APOLLOHOSP / TATACONSUM,APOLLOHOSP.NS,TATACONSUM.NS,4.6083,1001.2397,-1.0,1.152861122093455,1951.4408849853517,8249.0,1149.300048828125
2026-06-05,APOLLOHOSP / TATACONSUM,APOLLOHOSP.NS,TATACONSUM.NS,4.6083,1001.2397,-1.0,1.5984593753360692,2091.733717492676,8304.5,1130.9000244140625
2026-06-08,APOLLOHOSP / TATACONSUM,APOLLOHOSP.NS,TATACONSUM.NS,4.6083,1001.2397,-1.0,2.000007771099083,2255.8722,8358.5,1107.0
2026-06-09,APOLLOHOSP / TATACONSUM,APOLLOHOSP.NS,TATACONSUM.NS,4.6083,1001.2397,-1.0,2.2759491797791664,2423.6763499999997,8524.0,1106.5
2026-06-10,APOLLOHOSP / TATACONSUM,APOLLOHOSP.NS,TATACONSUM.NS,4.6083,1001.2397,-1.0,1.8112549523441952,2381.2639,8488.5,1108.0
2026-06-11,APOLLOHOSP / TATACONSUM,APOLLOHOSP.NS,TATACONSUM.NS,4.6083,1001.2397,-1.0,1.5961269019515554,2382.999032507324,8493.0,1108.5999755859375
2026-06-12,APOLLOHOSP / TATACONSUM,APOLLOHOSP.NS,TATACONSUM.NS,4.6083,1001.2397,-1.0,1.4992863506612357,2424.404715014649,8498.0,1100.699951171875
2026-06-15,APOLLOHOSP / TATACONSUM,APOLLOHOSP.NS,TATACONSUM.NS,4.6083,1001.2397,-1.0,1.219674696303107,2396.286867492676,8468.5,1100.4000244140625
2026-06-16,APOLLOHOSP / TATACONSUM,APOLLOHOSP.NS,TATACONSUM.NS,4.6083,1001.2397,-1.0,0.39137194904039796,2177.733717492676,8390.5,1130.9000244140625
2026-06-17,APOLLOHOSP / TATACONSUM,APOLLOHOSP.NS,TATACONSUM.NS,4.6083,1001.2397,-1.0,0.5394673443658672,2244.22695,8427.5,1124.5
2026-06-18,APOLLOHOSP / TATACONSUM,APOLLOHOSP.NS,TATACONSUM.NS,4.6083,1001.2397,-1.0,0.6059939445636869,2288.5955674926763,8411.5,1111.4000244140625
2026-06-19,APOLLOHOSP / TATACONSUM,APOLLOHOSP.NS,TATACONSUM.NS,4.6083,1001.2397,-1.0,0.8079775269456373,2366.1348500000004,8489.5,1111.5
2026-06-22,APOLLOHOSP / TATACONSUM,APOLLOHOSP.NS,TATACONSUM.NS,4.6083,1001.2397,-1.0,0.6065729327279004,2339.1831174926756,8469.0,1112.9000244140625
2026-06-23,APOLLOHOSP / TATACONSUM,APOLLOHOSP.NS,TATACONSUM.NS,4.6083,1001.2397,-1.0,0.7981986874788399,2399.6187600000003,8487.5,1103.8
2024-06-28,APOLLOHOSP / PERSISTENT,APOLLOHOSP.NS,PERSISTENT.NS,0.8514,2755.4067,0.0,,-172.91220078125025,6151.43359375,4191.84765625
2024-07-01,APOLLOHOSP / PERSISTENT,APOLLOHOSP.NS,PERSISTENT.NS,0.8514,2755.4067,0.0,,-432.17781845703166,6106.4833984375,4443.56884765625
2024-07-02,APOLLOHOSP / PERSISTENT,APOLLOHOSP.NS,PERSISTENT.NS,0.8514,2755.4067,0.0,,-479.55304814453166,6063.82080078125,4449.10400390625
2024-07-03,APOLLOHOSP / PERSISTENT,APOLLOHOSP.NS,PERSISTENT.NS,0.8514,2755.4067,0.0,,-462.0976058593751,6158.39404296875,4539.681640625
2024-07-04,APOLLOHOSP / PERSISTENT,APOLLOHOSP.NS,PERSISTENT.NS,0.8514,2755.4067,0.0,,-562.45458984375,6190.564453125,4695.33984375
2024-07-05,APOLLOHOSP / PERSISTENT,APOLLOHOSP.NS,PERSISTENT.NS,0.8514,2755.4067,0.0,,-476.6510325195313,6293.4912109375,4715.45166015625
2024-07-08,APOLLOHOSP / PERSISTENT,APOLLOHOSP.NS,PERSISTENT.NS,0.8514,2755.4067,0.0,,-332.06417353515644,6282.453125,4532.66455078125
2024-07-09,APOLLOHOSP / PERSISTENT,APOLLOHOSP.NS,PERSISTENT.NS,0.8514,2755.4067,0.0,,-381.05001826171883,6285.287109375,4593.52880859375
2024-07-10,APOLLOHOSP / PERSISTENT,APOLLOHOSP.NS,PERSISTENT.NS,0.8514,2755.4067,0.0,,-259.1684174804691,6340.38037109375,4515.08349609375
2024-07-11,APOLLOHOSP / PERSISTENT,APOLLOHOSP.NS,PERSISTENT.NS,0.8514,2755.4067,0.0,,-296.11058828125033,6353.65625,4574.06640625
2024-07-12,APOLLOHOSP / PERSISTENT,APOLLOHOSP.NS,PERSISTENT.NS,0.8514,2755.4067,0.0,,-491.6261432617189,6318.70068359375,4762.64990234375
2024-07-15,APOLLOHOSP / PERSISTENT,APOLLOHOSP.NS,PERSISTENT.NS,0.8514,2755.4067,0.0,,-396.93177939453153,6401.58935546875,4748.78369140625
2024-07-16,APOLLOHOSP / PERSISTENT,APOLLOHOSP.NS,PERSISTENT.NS,0.8514,2755.4067,0.0,,-402.4560450195313,6417.94873046875,4774.48681640625
2024-07-18,APOLLOHOSP / PERSISTENT,APOLLOHOSP.NS,PERSISTENT.NS,0.8514,2755.4067,0.0,,-399.5145054687505,6484.7265625,4849.46484375
2024-07-19,APOLLOHOSP / PERSISTENT,APOLLOHOSP.NS,PERSISTENT.NS,0.8514,2755.4067,0.0,,-273.95172509765644,6346.59521484375,4539.74658203125
2024-07-22,APOLLOHOSP / PERSISTENT,APOLLOHOSP.NS,PERSISTENT.NS,0.8514,2755.4067,0.0,-0.12985526295985356,-401.9013526367189,6366.68359375,4713.62255859375
2024-07-23,APOLLOHOSP / PERSISTENT,APOLLOHOSP.NS,PERSISTENT.NS,0.8514,2755.4067,0.0,-0.45332027599971897,-443.59227402343777,6368.1259765625,4764.2841796875
2024-07-24,APOLLOHOSP / PERSISTENT,APOLLOHOSP.NS,PERSISTENT.NS,0.8514,2755.4067,0.0,-0.31186657706224924,-431.7401571289065,6387.02001953125,4772.55517578125
2024-07-25,APOLLOHOSP / PERSISTENT,APOLLOHOSP.NS,PERSISTENT.NS,0.8514,2755.4067,0.0,0.2071181661762521,-382.78519882812543,6350.423828125,4672.072265625
2024-07-26,APOLLOHOSP / PERSISTENT,APOLLOHOSP.NS,PERSISTENT.NS,0.8514,2755.4067,-1.0,2.2734096320118318,-152.71925585937515,6627.62939453125,4727.439453125
2024-07-29,APOLLOHOSP / PERSISTENT,APOLLOHOSP.NS,PERSISTENT.NS,0.8514,2755.4067,-1.0,2.044349292246563,-140.4779938476563,6644.63525390625,4733.03564453125
2024-07-30,APOLLOHOSP / PERSISTENT,APOLLOHOSP.NS,PERSISTENT.NS,0.8514,2755.4067,-1.0,1.451827160797959,-179.21662744140667,6604.21044921875,4731.05517578125
2024-07-31,APOLLOHOSP / PERSISTENT,APOLLOHOSP.NS,PERSISTENT.NS,0.8514,2755.4067,-1.0,0.7171918555055566,-251.74425322265643,6578.65283203125,4786.22314453125
2024-08-01,APOLLOHOSP / PERSISTENT,APOLLOHOSP.NS,PERSISTENT.NS,0.8514,2755.4067,-1.0,1.5410457543271772,-130.9181025390626,6669.248046875,4750.7158203125
2024-08-02,APOLLOHOSP / PERSISTENT,APOLLOHOSP.NS,PERSISTENT.NS,0.8514,2755.4067,-1.0,2.128098177583279,7.821552050781065,6672.97802734375,4592.14208984375
2024-08-05,APOLLOHOSP / PERSISTENT,APOLLOHOSP.NS,PERSISTENT.NS,0.8514,2755.4067,-1.0,2.02049132496237,69.51309306640587,6650.55224609375,4493.34326171875
2024-08-06,APOLLOHOSP / PERSISTENT,APOLLOHOSP.NS,PERSISTENT.NS,0.8514,2755.4067,-1.0,1.7216830825227216,71.10674599609365,6620.81787109375,4456.54736328125
2024-08-07,APOLLOHOSP / PERSISTENT,APOLLOHOSP.NS,PERSISTENT.NS,0.8514,2755.4067,-1.0,1.0915329823400715,-15.597991308593919,6683.12060546875,4631.56201171875
2024-08-08,APOLLOHOSP / PERSISTENT,APOLLOHOSP.NS,PERSISTENT.NS,0.8514,2755.4067,-1.0,0.34442231028241244,-138.4575719726563,6505.6591796875,4567.43017578125
2024-08-09,APOLLOHOSP / PERSISTENT,APOLLOHOSP.NS,PERSISTENT.NS,0.8514,2755.4067,-1.0,0.10859638845496404,-166.67518085937536,6551.35498046875,4654.244140625
2024-08-12,APOLLOHOSP / PERSISTENT,APOLLOHOSP.NS,PERSISTENT.NS,0.8514,2755.4067,0.0,-0.29494949856645947,-232.12982314453166,6466.37841796875,4631.31494140625
2024-08-13,APOLLOHOSP / PERSISTENT,APOLLOHOSP.NS,PERSISTENT.NS,0.8514,2755.4067,0.0,-0.05152701509040711,-176.51873017578146,6552.89599609375,4667.61572265625
2024-08-14,APOLLOHOSP / PERSISTENT,APOLLOHOSP.NS,PERSISTENT.NS,0.8514,2755.4067,0.0,-0.9296830147002451,-293.13259501953144,6479.75341796875,4718.67431640625
2024-08-16,APOLLOHOSP / PERSISTENT,APOLLOHOSP.NS,PERSISTENT.NS,0.8514,2755.4067,0.0,-0.37779967281059973,-191.27526875000012,6660.0771484375,4810.8359375
2024-08-19,APOLLOHOSP / PERSISTENT,APOLLOHOSP.NS,PERSISTENT.NS,0.8514,2755.4067,0.0,-0.3464373901563775,-168.0589713867189,6697.9248046875,4828.02099609375
2024-08-20,APOLLOHOSP / PERSISTENT,APOLLOHOSP.NS,PERSISTENT.NS,0.8514,2755.4067,0.0,-1.1689600673823244,-270.9950982421874,6646.1337890625,4888.0927734375
2024-08-21,APOLLOHOSP / PERSISTENT,APOLLOHOSP.NS,PERSISTENT.NS,0.8514,2755.4067,0.0,-0.2873636744225298,-172.7481554687506,6725.36474609375,4865.7578125
2024-08-22,APOLLOHOSP / PERSISTENT,APOLLOHOSP.NS,PERSISTENT.NS,0.8514,2755.4067,0.0,0.021423878346983755,-134.72256894531301,6803.15087890625,4912.4580078125
2024-08-23,APOLLOHOSP / PERSISTENT,APOLLOHOSP.NS,PERSISTENT.NS,0.8514,2755.4067,0.0,0.754472236141785,-39.54945927734434,6833.1806640625,4835.94482421875
2024-08-26,APOLLOHOSP / PERSISTENT,APOLLOHOSP.NS,PERSISTENT.NS,0.8514,2755.4067,0.0,-0.7401325507103554,-213.44613398437514,6752.8037109375,4945.787109375
2024-08-27,APOLLOHOSP / PERSISTENT,APOLLOHOSP.NS,PERSISTENT.NS,0.8514,2755.4067,0.0,-0.027021337471248436,-141.29277861328183,6754.248046875,4862.73681640625
2024-08-28,APOLLOHOSP / PERSISTENT,APOLLOHOSP.NS,PERSISTENT.NS,0.8514,2755.4067,0.0,-0.6819366456418509,-220.81833779296858,6749.26904296875,4950.29443359375
2024-08-29,APOLLOHOSP / PERSISTENT,APOLLOHOSP.NS,PERSISTENT.NS,0.8514,2755.4067,0.0,-0.46621518960210034,-207.85568603515685,6829.6943359375,5029.53173828125
2024-08-30,APOLLOHOSP / PERSISTENT,APOLLOHOSP.NS,PERSISTENT.NS,0.8514,2755.4067,0.0,-0.4970783066895799,-216.17847558593758,6899.71240234375,5121.5458984375
2024-09-02,APOLLOHOSP / PERSISTENT,APOLLOHOSP.NS,PERSISTENT.NS,0.8514,2755.4067,0.0,-1.5273734987989165,-293.7540570312499,6852.4521484375,5157.15234375
2024-09-03,APOLLOHOSP / PERSISTENT,APOLLOHOSP.NS,PERSISTENT.NS,0.8514,2755.4067,1.0,-2.3321611006929173,-399.5215976562499,6817.39404296875,5240.203125
2024-09-04,APOLLOHOSP / PERSISTENT,APOLLOHOSP.NS,PERSISTENT.NS,0.8514,2755.4067,1.0,-0.7943602508024328,-279.3270659179693,6903.09814453125,5199.69287109375
2024-09-05,APOLLOHOSP / PERSISTENT,APOLLOHOSP.NS,PERSISTENT.NS,0.8514,2755.4067,1.0,-0.8073237316513463,-288.5051487304686,6906.48486328125,5214.45068359375
2024-09-06,APOLLOHOSP / PERSISTENT,APOLLOHOSP.NS,PERSISTENT.NS,0.8514,2755.4067,1.0,-0.42204973259008566,-252.90242167968745,6879.09521484375,5140.4638671875
2024-09-09,APOLLOHOSP / PERSISTENT,APOLLOHOSP.NS,PERSISTENT.NS,0.8514,2755.4067,1.0,-0.6856565414004194,-280.93923535156273,6833.1806640625,5119.4658203125
2024-09-10,APOLLOHOSP / PERSISTENT,APOLLOHOSP.NS,PERSISTENT.NS,0.8514,2755.4067,1.0,-0.9067685755197673,-309.2576742187498,6893.7861328125,5223.91015625
2024-09-11,APOLLOHOSP / PERSISTENT,APOLLOHOSP.NS,PERSISTENT.NS,0.8514,2755.4067,1.0,-1.2040585752654087,-343.8379288085939,6872.57177734375,5239.60888671875
2024-09-12,APOLLOHOSP / PERSISTENT,APOLLOHOSP.NS,PERSISTENT.NS,0.8514,2755.4067,0.0,0.47595560788664804,-196.97669033203192,7033.4736328125,5256.10009765625
2024-09-13,APOLLOHOSP / PERSISTENT,APOLLOHOSP.NS,PERSISTENT.NS,0.8514,2755.4067,0.0,-0.43364519686916597,-284.31798896484406,6990.99462890625,5308.79248046875
2024-09-16,APOLLOHOSP / PERSISTENT,APOLLOHOSP.NS,PERSISTENT.NS,0.8514,2755.4067,0.0,0.5838412210648399,-222.4977416992192,7003.14599609375,5250.45458984375
2024-09-17,APOLLOHOSP / PERSISTENT,APOLLOHOSP.NS,PERSISTENT.NS,0.8514,2755.4067,0.0,-0.4422902266968682,-292.042810546875,6979.939453125,5304.880859375
2024-09-18,APOLLOHOSP / PERSISTENT,APOLLOHOSP.NS,PERSISTENT.NS,0.8514,2755.4067,-1.0,2.224140238841781,-115.6762692382813,7007.67724609375,5130.31103515625
2024-09-19,APOLLOHOSP / PERSISTENT,APOLLOHOSP.NS,PERSISTENT.NS,0.8514,2755.4067,-1.0,0.7967855360983782,-208.8776942382815,7002.05029296875,5233.17041015625
2024-09-20,APOLLOHOSP / PERSISTENT,APOLLOHOSP.NS,PERSISTENT.NS,0.8514,2755.4067,-1.0,0.6885403692009131,-216.98340800781307,7054.23974609375,5303.9892578125
2024-09-23,APOLLOHOSP / PERSISTENT,APOLLOHOSP.NS,PERSISTENT.NS,0.8514,2755.4067,-1.0,1.7773363129562523,-125.56826611328188,7124.1083984375,5278.68212890625
2024-09-24,APOLLOHOSP / PERSISTENT,APOLLOHOSP.NS,PERSISTENT.NS,0.8514,2755.4067,-1.0,0.6069437608137572,-206.4206699218753,7093.431640625,5337.615234375
2024-09-25,APOLLOHOSP / PERSISTENT,APOLLOHOSP.NS,PERSISTENT.NS,0.8514,2755.4067,-1.0,1.411425637848606,-139.44464697265676,7104.8359375,5272.34423828125
2024-09-26,APOLLOHOSP / PERSISTENT,APOLLOHOSP.NS,PERSISTENT.NS,0.8514,2755.4067,-1.0,0.5542242381602991,-192.33488076171898,7139.0986328125,5374.70849609375
2024-09-27,APOLLOHOSP / PERSISTENT,APOLLOHOSP.NS,PERSISTENT.NS,0.8514,2755.4067,-1.0,1.220722696025637,-135.3466525390627,7204.98291015625,5385.1572265625
2024-09-30,APOLLOHOSP / PERSISTENT,APOLLOHOSP.NS,PERSISTENT.NS,0.8514,2755.4067,-1.0,0.49418021140437385,-181.35720244140657,7170.27294921875,5398.43017578125
2024-10-01,APOLLOHOSP / PERSISTENT,APOLLOHOSP.NS,PERSISTENT.NS,0.8514,2755.4067,0.0,-0.6452676564324428,-258.4702972656255,7124.65625,5435.423828125
2024-10-03,APOLLOHOSP / PERSISTENT,APOLLOHOSP.NS,PERSISTENT.NS,0.8514,2755.4067,0.0,-1.3322089068445004,-304.5986337890631,6878.24853515625,5200.1884765625
2024-10-04,APOLLOHOSP / PERSISTENT,APOLLOHOSP.NS,PERSISTENT.NS,0.8514,2755.4067,0.0,-1.9166813547983355,-344.5419429687504,6746.4296875,5092.27734375
2024-10-07,APOLLOHOSP / PERSISTENT,APOLLOHOSP.NS,PERSISTENT.NS,0.8514,2755.4067,1.0,-2.256772234307017,-419.91546376953147,6745.9814453125,5180.27978515625
2024-10-08,APOLLOHOSP / PERSISTENT,APOLLOHOSP.NS,PERSISTENT.NS,0.8514,2755.4067,1.0,-1.1830535978317072,-335.5700921875,6896.5244140625,5258.03125
2024-10-09,APOLLOHOSP / PERSISTENT,APOLLOHOSP.NS,PERSISTENT.NS,0.8514,2755.4067,1.0,-0.4326321955400854,-272.7700555664064,6980.7861328125,5283.23876953125
2024-10-10,APOLLOHOSP / PERSISTENT,APOLLOHOSP.NS,PERSISTENT.NS,0.8514,2755.4067,1.0,-0.18695707135199946,-247.97950097656258,6927.15185546875,5191.1259765625
2024-10-11,APOLLOHOSP / PERSISTENT,APOLLOHOSP.NS,PERSISTENT.NS,0.8514,2755.4067,1.0,-1.7517748795337555,-412.39029892578174,6955.38818359375,5417.39697265625
2024-10-14,APOLLOHOSP / PERSISTENT,APOLLOHOSP.NS,PERSISTENT.NS,0.8514,2755.4067,1.0,-1.6096862653133506,-427.7180515625,7064.14990234375,5563.14453125
2024-10-15,APOLLOHOSP / PERSISTENT,APOLLOHOSP.NS,PERSISTENT.NS,0.8514,2755.4067,1.0,-1.111041605581399,-392.33315195312525,7111.50927734375,5577.208984375
2024-10-16,APOLLOHOSP / PERSISTENT,APOLLOHOSP.NS,PERSISTENT.NS,0.8514,2755.4067,1.0,-0.9506787807371055,-387.4994072265631,7042.935546875,5490.9892578125
2024-10-17,APOLLOHOSP / PERSISTENT,APOLLOHOSP.NS,PERSISTENT.NS,0.8514,2755.4067,1.0,-1.4505418740101959,-462.5503380859377,6961.2646484375,5483.2138671875
2024-10-18,APOLLOHOSP / PERSISTENT,APOLLOHOSP.NS,PERSISTENT.NS,0.8514,2755.4067,1.0,-1.1496741517289555,-443.75284296875043,6954.89013671875,5453.6484375
2024-10-21,APOLLOHOSP / PERSISTENT,APOLLOHOSP.NS,PERSISTENT.NS,0.8514,2755.4067,0.0,1.059090886673366,-222.2786710937503,6958.3759765625,5197.61328125
2024-10-22,APOLLOHOSP / PERSISTENT,APOLLOHOSP.NS,PERSISTENT.NS,0.8514,2755.4067,0.0,1.0506857346232306,-240.9182587890623,6864.30517578125,5109.0166015625
2024-10-23,APOLLOHOSP / PERSISTENT,APOLLOHOSP.NS,PERSISTENT.NS,0.8514,2755.4067,1.0,-2.7926978553100947,-698.8792122070313,6879.04541015625,5664.22119140625
2024-10-24,APOLLOHOSP / PERSISTENT,APOLLOHOSP.NS,PERSISTENT.NS,0.8514,2755.4067,1.0,-1.810628970786414,-628.4370063476567,6926.25537109375,5636.93408203125
2024-10-25,APOLLOHOSP / PERSISTENT,APOLLOHOSP.NS,PERSISTENT.NS,0.8514,2755.4067,1.0,-1.4913994747561419,-620.5806583984381,6916.99267578125,5616.8271484375
2024-10-28,APOLLOHOSP / PERSISTENT,APOLLOHOSP.NS,PERSISTENT.NS,0.8514,2755.4067,1.0,-1.3754983313142024,-635.3463353515631,6898.51708984375,5612.4697265625
2024-10-29,APOLLOHOSP / PERSISTENT,APOLLOHOSP.NS,PERSISTENT.NS,0.8514,2755.4067,1.0,-0.9011408695612059,-577.8138198242191,6959.42236328125,5616.43115234375
2024-10-30,APOLLOHOSP / PERSISTENT,APOLLOHOSP.NS,PERSISTENT.NS,0.8514,2755.4067,1.0,-0.5675814240928386,-538.3457199218751,6954.49169921875,5564.283203125
2024-10-31,APOLLOHOSP / PERSISTENT,APOLLOHOSP.NS,PERSISTENT.NS,0.8514,2755.4067,0.0,1.0464995525956233,-291.40772724609405,6994.53076171875,5321.27294921875
2024-11-01,APOLLOHOSP / PERSISTENT,APOLLOHOSP.NS,PERSISTENT.NS,0.8514,2755.4067,0.0,1.062088416902467,-296.1086582031253,7003.74365234375,5337.615234375
2024-11-04,APOLLOHOSP / PERSISTENT,APOLLOHOSP.NS,PERSISTENT.NS,0.8514,2755.4067,0.0,0.7044156061543655,-343.6441,6930.48828125,5307.40625
2024-11-05,APOLLOHOSP / PERSISTENT,APOLLOHOSP.NS,PERSISTENT.NS,0.8514,2755.4067,0.0,0.3948847265131367,-387.80653642578136,6938.3564453125,5368.51806640625
2024-11-06,APOLLOHOSP / PERSISTENT,APOLLOHOSP.NS,PERSISTENT.NS,0.8514,2755.4067,0.0,-1.0946959104182945,-636.8477310546882,6940.1494140625,5663.1318359375
2024-11-07,APOLLOHOSP / PERSISTENT,APOLLOHOSP.NS,PERSISTENT.NS,0.8514,2755.4067,0.0,1.4777294398070373,-198.58353935546938,7395.06787109375,5682.69287109375
2024-11-08,APOLLOHOSP / PERSISTENT,APOLLOHOSP.NS,PERSISTENT.NS,0.8514,2755.4067,0.0,1.5332712718608517,-144.08752031250015,7391.630859375,5614.6484375
2024-11-11,APOLLOHOSP / PERSISTENT,APOLLOHOSP.NS,PERSISTENT.NS,0.8514,2755.4067,0.0,-0.11438708089312843,-453.62178359375,7126.74853515625,5667.09375
2024-11-12,APOLLOHOSP / PERSISTENT,APOLLOHOSP.NS,PERSISTENT.NS,0.8514,2755.4067,0.0,-0.5584059103436483,-553.9804719726567,6991.39306640625,5625.98876953125
2024-11-13,APOLLOHOSP / PERSISTENT,APOLLOHOSP.NS,PERSISTENT.NS,0.8514,2755.4067,0.0,-1.112358071740664,-680.6842976562507,6831.337890625,5586.81640625
2024-11-14,APOLLOHOSP / PERSISTENT,APOLLOHOSP.NS,PERSISTENT.NS,0.8514,2755.4067,0.0,-1.4023585889975911,-740.6199800781255,6833.13037109375,5659.318359375
2024-11-18,APOLLOHOSP / PERSISTENT,APOLLOHOSP.NS,PERSISTENT.NS,0.8514,2755.4067,0.0,-1.559697623310565,-801.8034723632813,6714.85693359375,5592.26416015625
2024-11-19,APOLLOHOSP / PERSISTENT,APOLLOHOSP.NS,PERSISTENT.NS,0.8514,2755.4067,0.0,-1.7985781541002066,-910.7215718749999,6660.0771484375,5655.8515625
2024-11-21,APOLLOHOSP / PERSISTENT,APOLLOHOSP.NS,PERSISTENT.NS,0.8514,2755.4067,0.0,-1.4389552328499915,-868.1625228515627,6715.45458984375,5670.9072265625
2024-11-22,APOLLOHOSP / PERSISTENT,APOLLOHOSP.NS,PERSISTENT.NS,0.8514,2755.4067,0.0,-0.8215991284426045,-735.996979980469,6907.28173828125,5740.98193359375
2024-11-25,APOLLOHOSP / PERSISTENT,APOLLOHOSP.NS,PERSISTENT.NS,0.8514,2755.4067,0.0,-0.6196300066606591,-699.0747149414069,7046.62060546875,5861.27392578125
2024-11-26,APOLLOHOSP / PERSISTENT,APOLLOHOSP.NS,PERSISTENT.NS,0.8514,2755.4067,0.0,-0.690107702872962,-740.7497126953126,7048.16455078125,5912.0361328125
2024-11-27,APOLLOHOSP / PERSISTENT,APOLLOHOSP.NS,PERSISTENT.NS,0.8514,2755.4067,0.0,-0.7695695582042091,-785.2698515625002,6954.69140625,5854.5390625
2024-11-28,APOLLOHOSP / PERSISTENT,APOLLOHOSP.NS,PERSISTENT.NS,0.8514,2755.4067,0.0,-0.9254620189817651,-850.1961471679692,6813.6591796875,5765.14990234375
2024-11-29,APOLLOHOSP / PERSISTENT,APOLLOHOSP.NS,PERSISTENT.NS,0.8514,2755.4067,0.0,-1.1354343164234855,-934.0264147460944,6801.5078125,5849.33935546875
2024-12-02,APOLLOHOSP / PERSISTENT,APOLLOHOSP.NS,PERSISTENT.NS,0.8514,2755.4067,0.0,-0.19190261673099213,-720.6338190429692,7037.45751953125,5875.83349609375
2024-12-03,APOLLOHOSP / PERSISTENT,APOLLOHOSP.NS,PERSISTENT.NS,0.8514,2755.4067,0.0,-0.21248287934363835,-751.9619258789066,7097.96337890625,5983.69580078125
2024-12-04,APOLLOHOSP / PERSISTENT,APOLLOHOSP.NS,PERSISTENT.NS,0.8514,2755.4067,0.0,0.9471852250750449,-621.3290625000004,7203.33984375,5954.03125
2024-12-05,APOLLOHOSP / PERSISTENT,APOLLOHOSP.NS,PERSISTENT.NS,0.8514,2755.4067,0.0,0.947081065919423,-655.3318083984382,7245.56982421875,6043.5693359375
2024-12-06,APOLLOHOSP / PERSISTENT,APOLLOHOSP.NS,PERSISTENT.NS,0.8514,2755.4067,0.0,0.0918657848807058,-757.7538248046881,7204.28564453125,6115.3779296875
2024-12-09,APOLLOHOSP / PERSISTENT,APOLLOHOSP.NS,PERSISTENT.NS,0.8514,2755.4067,0.0,-0.8127656170991266,-847.6421017578127,7164.994140625,6174.8056640625
2024-12-10,APOLLOHOSP / PERSISTENT,APOLLOHOSP.NS,PERSISTENT.NS,0.8514,2755.4067,0.0,-1.0182176223671755,-877.1401044921881,7229.18505859375,6284.8466796875
2024-12-11,APOLLOHOSP / PERSISTENT,APOLLOHOSP.NS,PERSISTENT.NS,0.8514,2755.4067,0.0,-0.2416721919521504,-807.1144179687503,7311.35400390625,6299.109375
2024-12-12,APOLLOHOSP / PERSISTENT,APOLLOHOSP.NS,PERSISTENT.NS,0.8514,2755.4067,0.0,-1.967301830986043,-984.6154172851561,7198.11083984375,6374.58251953125
2024-12-13,APOLLOHOSP / PERSISTENT,APOLLOHOSP.NS,PERSISTENT.NS,0.8514,2755.4067,0.0,-1.7411804686987657,-987.5608387695315,7230.33056640625,6415.88525390625
2024-12-16,APOLLOHOSP / PERSISTENT,APOLLOHOSP.NS,PERSISTENT.NS,0.8514,2755.4067,0.0,-1.6548080488110926,-1013.9088580078128,7230.08203125,6446.5400390625
2024-12-17,APOLLOHOSP / PERSISTENT,APOLLOHOSP.NS,PERSISTENT.NS,0.8514,2755.4067,0.0,-1.8612731192664345,-1088.5600904296875,7189.79443359375,6486.9013671875
2024-12-18,APOLLOHOSP / PERSISTENT,APOLLOHOSP.NS,PERSISTENT.NS,0.8514,2755.4067,0.0,-1.4665860259162589,-1069.0574904296877,7208.369140625,6485.8115234375
2024-12-19,APOLLOHOSP / PERSISTENT,APOLLOHOSP.NS,PERSISTENT.NS,0.8514,2755.4067,0.0,-1.5196782846820016,-1115.3605333007813,7268.27783203125,6610.56103515625
2024-12-20,APOLLOHOSP / PERSISTENT,APOLLOHOSP.NS,PERSISTENT.NS,0.8514,2755.4067,0.0,-0.12892603746121123,-903.4035620117188,7222.6123046875,6307.97412109375
2024-12-23,APOLLOHOSP / PERSISTENT,APOLLOHOSP.NS,PERSISTENT.NS,0.8514,2755.4067,0.0,-0.23691915701093516,-919.108069824219,7235.95849609375,6342.09521484375
2024-12-24,APOLLOHOSP / PERSISTENT,APOLLOHOSP.NS,PERSISTENT.NS,0.8514,2755.4067,0.0,-0.04251860054683318,-900.0463843749999,7210.958984375,6290.34375
2024-12-26,APOLLOHOSP / PERSISTENT,APOLLOHOSP.NS,PERSISTENT.NS,0.8514,2755.4067,0.0,-0.08924664202851348,-916.8446310546874,7232.02392578125,6334.8154296875
2024-12-27,APOLLOHOSP / PERSISTENT,APOLLOHOSP.NS,PERSISTENT.NS,0.8514,2755.4067,0.0,-0.052910423946410524,-929.7802039062503,7217.2333984375,6332.63671875
2024-12-30,APOLLOHOSP / PERSISTENT,APOLLOHOSP.NS,PERSISTENT.NS,0.8514,2755.4067,0.0,-1.1448798984531832,-1067.9476153320315,7284.91064453125,6574.40869140625
2024-12-31,APOLLOHOSP / PERSISTENT,APOLLOHOSP.NS,PERSISTENT.NS,0.8514,2755.4067,0.0,0.28840614617356186,-933.9849329101567,7267.0830078125,6396.12548828125
2025-01-01,APOLLOHOSP / PERSISTENT,APOLLOHOSP.NS,PERSISTENT.NS,0.8514,2755.4067,0.0,1.2801211185357746,-843.3540958007811,7340.0888671875,6375.42431640625
2025-01-02,APOLLOHOSP / PERSISTENT,APOLLOHOSP.NS,PERSISTENT.NS,0.8514,2755.4067,0.0,1.3510816980244944,-828.9622492187505,7391.88037109375,6419.3515625
2025-01-03,APOLLOHOSP / PERSISTENT,APOLLOHOSP.NS,PERSISTENT.NS,0.8514,2755.4067,0.0,0.8357388869212853,-888.3526752929688,7269.0751953125,6344.86865234375
2025-01-06,APOLLOHOSP / PERSISTENT,APOLLOHOSP.NS,PERSISTENT.NS,0.8514,2755.4067,-1.0,2.348841443389842,-678.1356258789069,7399.349609375,6250.97314453125
2025-01-07,APOLLOHOSP / PERSISTENT,APOLLOHOSP.NS,PERSISTENT.NS,0.8514,2755.4067,-1.0,1.8252926876621778,-690.0864021484381,7406.919921875,6273.9013671875
2025-01-08,APOLLOHOSP / PERSISTENT,APOLLOHOSP.NS,PERSISTENT.NS,0.8514,2755.4067,-1.0,0.17078069927333356,-895.2224730468756,7113.9990234375,6170.794921875
2025-01-09,APOLLOHOSP / PERSISTENT,APOLLOHOSP.NS,PERSISTENT.NS,0.8514,2755.4067,-1.0,0.016539695255492693,-903.2365320312506,7063.10400390625,6120.4296875
2025-01-10,APOLLOHOSP / PERSISTENT,APOLLOHOSP.NS,PERSISTENT.NS,0.8514,2755.4067,0.0,-1.442703909551626,-1076.1282955078127,7008.5244140625,6259.3916015625
2025-01-13,APOLLOHOSP / PERSISTENT,APOLLOHOSP.NS,PERSISTENT.NS,0.8514,2755.4067,0.0,-0.9913938918993498,-1005.7995079101561,6812.1650390625,5946.15673828125
2025-01-14,APOLLOHOSP / PERSISTENT,APOLLOHOSP.NS,PERSISTENT.NS,0.8514,2755.4067,0.0,-1.1233670961076467,-1034.040399511719,6679.94775390625,5824.03271484375
2025-01-15,APOLLOHOSP / PERSISTENT,APOLLOHOSP.NS,PERSISTENT.NS,0.8514,2755.4067,1.0,-2.2435676062380105,-1243.9052839843757,6665.00732421875,6052.978515625
2025-01-16,APOLLOHOSP / PERSISTENT,APOLLOHOSP.NS,PERSISTENT.NS,0.8514,2755.4067,1.0,-1.1634461329995427,-1113.0618273437499,6762.4150390625,6013.70703125
2025-01-17,APOLLOHOSP / PERSISTENT,APOLLOHOSP.NS,PERSISTENT.NS,0.8514,2755.4067,1.0,-0.2496392120000813,-981.6677500976562,6800.7109375,5904.35986328125
2025-01-20,APOLLOHOSP / PERSISTENT,APOLLOHOSP.NS,PERSISTENT.NS,0.8514,2755.4067,1.0,-1.1567210084542876,-1138.100698046875,6753.65087890625,6032.822265625
2025-01-21,APOLLOHOSP / PERSISTENT,APOLLOHOSP.NS,PERSISTENT.NS,0.8514,2755.4067,0.0,0.6838676239302797,-836.591274609375,6891.3955078125,5840.474609375
2025-01-22,APOLLOHOSP / PERSISTENT,APOLLOHOSP.NS,PERSISTENT.NS,0.8514,2755.4067,0.0,1.4490378144187726,-682.6531381835944,6865.25048828125,5628.96044921875
2025-01-23,APOLLOHOSP / PERSISTENT,APOLLOHOSP.NS,PERSISTENT.NS,0.8514,2755.4067,0.0,-1.2252885444441877,-1164.6207844726564,6893.08935546875,6227.74658203125
2025-01-24,APOLLOHOSP / PERSISTENT,APOLLOHOSP.NS,PERSISTENT.NS,0.8514,2755.4067,1.0,-2.0198997943754065,-1401.2334633789064,6717.99365234375,6300.00048828125
2025-01-27,APOLLOHOSP / PERSISTENT,APOLLOHOSP.NS,PERSISTENT.NS,0.8514,2755.4067,1.0,-0.9227087018773966,-1198.1550192382815,6668.59375,6003.45556640625
2025-01-28,APOLLOHOSP / PERSISTENT,APOLLOHOSP.NS,PERSISTENT.NS,0.8514,2755.4067,1.0,-0.16039052356941816,-1057.4153568359375,6682.03955078125,5853.9443359375
2025-01-29,APOLLOHOSP / PERSISTENT,APOLLOHOSP.NS,PERSISTENT.NS,0.8514,2755.4067,1.0,-1.2469679575182349,-1290.7149646484381,6757.08642578125,6216.1083984375
2025-01-30,APOLLOHOSP / PERSISTENT,APOLLOHOSP.NS,PERSISTENT.NS,0.8514,2755.4067,0.0,0.05062608076137162,-1065.6371625000006,6797.27490234375,5998.94921875
2025-01-31,APOLLOHOSP / PERSISTENT,APOLLOHOSP.NS,PERSISTENT.NS,0.8514,2755.4067,0.0,0.05352829480664755,-1076.2612186523443,6783.181640625,5994.87451171875
2025-02-01,APOLLOHOSP / PERSISTENT,APOLLOHOSP.NS,PERSISTENT.NS,0.8514,2755.4067,0.0,0.6719179778937303,-961.979812207032,6813.6591796875,5896.44384765625
2025-02-03,APOLLOHOSP / PERSISTENT,APOLLOHOSP.NS,PERSISTENT.NS,0.8514,2755.4067,0.0,-0.23046395400057984,-1125.4182965820314,6771.37890625,6038.74853515625
2025-02-04,APOLLOHOSP / PERSISTENT,APOLLOHOSP.NS,PERSISTENT.NS,0.8514,2755.4067,0.0,-0.39320082935745787,-1161.5816763671878,6764.955078125,6073.6787109375
2025-02-05,APOLLOHOSP / PERSISTENT,APOLLOHOSP.NS,PERSISTENT.NS,0.8514,2755.4067,0.0,0.04641388244101485,-1075.356804296875,6916.79345703125,6150.744140625
2025-02-06,APOLLOHOSP / PERSISTENT,APOLLOHOSP.NS,PERSISTENT.NS,0.8514,2755.4067,0.0,-0.5387964741192642,-1178.5980141601563,6846.67578125,6189.64892578125
2025-02-07,APOLLOHOSP / PERSISTENT,APOLLOHOSP.NS,PERSISTENT.NS,0.8514,2755.4067,0.0,-1.0211077819977608,-1283.5374463867188,6763.3115234375,6214.98974609375
2025-02-10,APOLLOHOSP / PERSISTENT,APOLLOHOSP.NS,PERSISTENT.NS,0.8514,2755.4067,0.0,0.06164458237032221,-1092.5708051757815,6734.12890625,5956.41650390625
2025-02-11,APOLLOHOSP / PERSISTENT,APOLLOHOSP.NS,PERSISTENT.NS,0.8514,2755.4067,0.0,-1.4870620173043865,-1394.6221741210943,6292.009765625,5791.90185546875
2025-02-12,APOLLOHOSP / PERSISTENT,APOLLOHOSP.NS,PERSISTENT.NS,0.8514,2755.4067,0.0,-0.49293240533067495,-1233.4572387695312,6348.98046875,5669.52197265625
2025-02-13,APOLLOHOSP / PERSISTENT,APOLLOHOSP.NS,PERSISTENT.NS,0.8514,2755.4067,0.0,-0.2065078190852657,-1200.3473095703125,6346.6396484375,5627.8837890625
2025-02-14,APOLLOHOSP / PERSISTENT,APOLLOHOSP.NS,PERSISTENT.NS,0.8514,2755.4067,0.0,-0.41416107396667906,-1207.6907490234375,6254.18115234375,5527.9130859375
2025-02-17,APOLLOHOSP / PERSISTENT,APOLLOHOSP.NS,PERSISTENT.NS,0.8514,2755.4067,0.0,0.07662347967171641,-1151.5009458007812,6283.80419921875,5496.70947265625
2025-02-18,APOLLOHOSP / PERSISTENT,APOLLOHOSP.NS,PERSISTENT.NS,0.8514,2755.4067,0.0,-1.1383039464616362,-1300.0643796875006,6360.25439453125,5760.99609375
2025-02-19,APOLLOHOSP / PERSISTENT,APOLLOHOSP.NS,PERSISTENT.NS,0.8514,2755.4067,0.0,-1.4290275885190526,-1341.1487754882814,6405.93505859375,5862.90478515625
2025-02-20,APOLLOHOSP / PERSISTENT,APOLLOHOSP.NS,PERSISTENT.NS,0.8514,2755.4067,0.0,-1.566695009616077,-1388.0804267578128,6374.3173828125,5880.8916015625
2025-02-21,APOLLOHOSP / PERSISTENT,APOLLOHOSP.NS,PERSISTENT.NS,0.8514,2755.4067,0.0,-0.6276044573227424,-1285.6440945312502,6301.1083984375,5674.58984375
2025-02-24,APOLLOHOSP / PERSISTENT,APOLLOHOSP.NS,PERSISTENT.NS,0.8514,2755.4067,0.0,-0.6046361363950222,-1291.9742351562504,6235.13037109375,5604.53125
2025-02-25,APOLLOHOSP / PERSISTENT,APOLLOHOSP.NS,PERSISTENT.NS,0.8514,2755.4067,0.0,0.5699655317806734,-1180.5953293945317,6235.0810546875,5473.65478515625
2025-02-27,APOLLOHOSP / PERSISTENT,APOLLOHOSP.NS,PERSISTENT.NS,0.8514,2755.4067,0.0,0.23113697434628427,-1217.087395898438,6169.10302734375,5439.0224609375
2025-02-28,APOLLOHOSP / PERSISTENT,APOLLOHOSP.NS,PERSISTENT.NS,0.8514,2755.4067,0.0,0.48601042739516326,-1206.059308007813,6036.84814453125,5270.7314453125
2025-03-03,APOLLOHOSP / PERSISTENT,APOLLOHOSP.NS,PERSISTENT.NS,0.8514,2755.4067,0.0,1.7423025560514527,-1078.7631709960938,6154.54150390625,5259.45263671875
2025-03-04,APOLLOHOSP / PERSISTENT,APOLLOHOSP.NS,PERSISTENT.NS,0.8514,2755.4067,-1.0,2.339608231461863,-943.1890416992187,6172.04541015625,5120.77490234375
2025-03-05,APOLLOHOSP / PERSISTENT,APOLLOHOSP.NS,PERSISTENT.NS,0.8514,2755.4067,-1.0,0.8821360048809327,-1118.458285839844,6198.22705078125,5357.38623046875
2025-03-06,APOLLOHOSP / PERSISTENT,APOLLOHOSP.NS,PERSISTENT.NS,0.8514,2755.4067,-1.0,1.7469706201628052,-984.5858945312507,6257.77197265625,5270.0859375
2025-03-07,APOLLOHOSP / PERSISTENT,APOLLOHOSP.NS,PERSISTENT.NS,0.8514,2755.4067,-1.0,1.2571190207911305,-1021.7482405273436,6199.9228515625,5245.78857421875
2025-03-10,APOLLOHOSP / PERSISTENT,APOLLOHOSP.NS,PERSISTENT.NS,0.8514,2755.4067,-1.0,1.2935740906773179,-993.4839343750004,6133.595703125,5134.6875
2025-03-11,APOLLOHOSP / PERSISTENT,APOLLOHOSP.NS,PERSISTENT.NS,0.8514,2755.4067,-1.0,0.659259990575501,-1069.967164453125,6118.833984375,5207.181640625
2025-03-12,APOLLOHOSP / PERSISTENT,APOLLOHOSP.NS,PERSISTENT.NS,0.8514,2755.4067,-1.0,0.9648626887447388,-1014.7171899414066,6127.76123046875,5152.77392578125
2025-03-13,APOLLOHOSP / PERSISTENT,APOLLOHOSP.NS,PERSISTENT.NS,0.8514,2755.4067,-1.0,0.9281990386794916,-1002.4191234374998,6089.759765625,5093.6953125
2025-03-17,APOLLOHOSP / PERSISTENT,APOLLOHOSP.NS,PERSISTENT.NS,0.8514,2755.4067,-1.0,0.9292939181337401,-986.7062026367189,6140.62744140625,5134.98583984375
2025-03-18,APOLLOHOSP / PERSISTENT,APOLLOHOSP.NS,PERSISTENT.NS,0.8514,2755.4067,-1.0,0.8646351173410379,-986.7062026367189,6140.62744140625,5134.98583984375
2025-03-19,APOLLOHOSP / PERSISTENT,APOLLOHOSP.NS,PERSISTENT.NS,0.8514,2755.4067,-1.0,2.015021961602786,-812.3720342773436,6410.822265625,5247.57763671875
2025-03-20,APOLLOHOSP / PERSISTENT,APOLLOHOSP.NS,PERSISTENT.NS,0.8514,2755.4067,-1.0,2.4110450768916145,-692.4655128906256,6457.50048828125,5161.568359375
2025-03-21,APOLLOHOSP / PERSISTENT,APOLLOHOSP.NS,PERSISTENT.NS,0.8514,2755.4067,-1.0,2.2436202999589705,-624.5778249999998,6594.34326171875,5242.55859375
2025-03-24,APOLLOHOSP / PERSISTENT,APOLLOHOSP.NS,PERSISTENT.NS,0.8514,2755.4067,-1.0,1.3345306378937898,-743.6543787109381,6598.58251953125,5387.3974609375
2025-03-25,APOLLOHOSP / PERSISTENT,APOLLOHOSP.NS,PERSISTENT.NS,0.8514,2755.4067,-1.0,0.690326646942423,-830.7418784179686,6627.4072265625,5523.54052734375
2025-03-26,APOLLOHOSP / PERSISTENT,APOLLOHOSP.NS,PERSISTENT.NS,0.8514,2755.4067,-1.0,0.008970848876893233,-920.3738490234377,6502.83251953125,5482.4990234375
2025-03-27,APOLLOHOSP / PERSISTENT,APOLLOHOSP.NS,PERSISTENT.NS,0.8514,2755.4067,0.0,-0.8644357193963792,-1053.3463060546878,6475.154296875,5606.1708984375
2025-03-28,APOLLOHOSP / PERSISTENT,APOLLOHOSP.NS,PERSISTENT.NS,0.8514,2755.4067,0.0,0.6445921518074875,-821.4753335937498,6598.9814453125,5479.26953125
2025-04-01,APOLLOHOSP / PERSISTENT,APOLLOHOSP.NS,PERSISTENT.NS,0.8514,2755.4067,-1.0,2.0522984757631817,-549.733316796875,6615.0390625,5178.958984375
2025-04-02,APOLLOHOSP / PERSISTENT,APOLLOHOSP.NS,PERSISTENT.NS,0.8514,2755.4067,-1.0,1.7511331308050189,-539.7848454101563,6714.62939453125,5284.24658203125
2025-04-03,APOLLOHOSP / PERSISTENT,APOLLOHOSP.NS,PERSISTENT.NS,0.8514,2755.4067,-1.0,2.627810447940642,-156.95596630859382,6653.98779296875,4763.37451171875
2025-04-04,APOLLOHOSP / PERSISTENT,APOLLOHOSP.NS,PERSISTENT.NS,0.8514,2755.4067,-1.0,2.4770495926577834,41.30158037109368,6697.0751953125,4581.12158203125
2025-04-07,APOLLOHOSP / PERSISTENT,APOLLOHOSP.NS,PERSISTENT.NS,0.8514,2755.4067,-1.0,1.9815643512683334,40.93068916015591,6665.90673828125,4544.94873046875
2025-04-08,APOLLOHOSP / PERSISTENT,APOLLOHOSP.NS,PERSISTENT.NS,0.8514,2755.4067,-1.0,1.7680653104455815,94.6405421874997,6738.0185546875,4566.5625
2025-04-09,APOLLOHOSP / PERSISTENT,APOLLOHOSP.NS,PERSISTENT.NS,0.8514,2755.4067,-1.0,1.9326227923069659,335.84775654296845,6816.314453125,4375.21728515625
2025-04-11,APOLLOHOSP / PERSISTENT,APOLLOHOSP.NS,PERSISTENT.NS,0.8514,2755.4067,-1.0,1.3410015068246262,162.82023271484377,6763.302734375,4516.18017578125
2025-04-15,APOLLOHOSP / PERSISTENT,APOLLOHOSP.NS,PERSISTENT.NS,0.8514,2755.4067,-1.0,1.1346923686105894,141.5299178710934,6887.02978515625,4686.50830078125
2025-04-16,APOLLOHOSP / PERSISTENT,APOLLOHOSP.NS,PERSISTENT.NS,0.8514,2755.4067,-1.0,1.1976640656172641,250.65268056640616,6987.2685546875,4676.07373046875
2025-04-17,APOLLOHOSP / PERSISTENT,APOLLOHOSP.NS,PERSISTENT.NS,0.8514,2755.4067,-1.0,0.9793501562710136,208.06240703124968,7055.09130859375,4805.7578125
2025-04-21,APOLLOHOSP / PERSISTENT,APOLLOHOSP.NS,PERSISTENT.NS,0.8514,2755.4067,-1.0,0.8898089777728336,222.3108064453122,7123.91162109375,4869.8544921875
2025-04-22,APOLLOHOSP / PERSISTENT,APOLLOHOSP.NS,PERSISTENT.NS,0.8514,2755.4067,-1.0,0.5801507417367375,117.26391650390588,7070.05224609375,4929.97607421875
2025-04-23,APOLLOHOSP / PERSISTENT,APOLLOHOSP.NS,PERSISTENT.NS,0.8514,2755.4067,-1.0,0.22441126476305925,-0.7053590820319187,7123.4130859375,5131.20947265625
2025-04-24,APOLLOHOSP / PERSISTENT,APOLLOHOSP.NS,PERSISTENT.NS,0.8514,2755.4067,-1.0,0.15074824127316278,22.671615722656043,7140.86767578125,5124.25341796875
2025-04-25,APOLLOHOSP / PERSISTENT,APOLLOHOSP.NS,PERSISTENT.NS,0.8514,2755.4067,0.0,-1.0985365455418883,-282.28232236328176,6934.90478515625,5240.52197265625
2025-04-28,APOLLOHOSP / PERSISTENT,APOLLOHOSP.NS,PERSISTENT.NS,0.8514,2755.4067,0.0,-1.0205693198558774,-201.94363271484372,7026.6650390625,5253.93701171875
2025-04-29,APOLLOHOSP / PERSISTENT,APOLLOHOSP.NS,PERSISTENT.NS,0.8514,2755.4067,0.0,-1.9914745831248917,-353.2974731445315,6974.30224609375,5370.20556640625
2025-04-30,APOLLOHOSP / PERSISTENT,APOLLOHOSP.NS,PERSISTENT.NS,0.8514,2755.4067,0.0,-1.5739023955319293,-298.9559372070312,6958.84228515625,5288.22119140625
2025-05-02,APOLLOHOSP / PERSISTENT,APOLLOHOSP.NS,PERSISTENT.NS,0.8514,2755.4067,0.0,-1.7731936109094355,-419.74518955078156,6909.9697265625,5372.68994140625
2025-05-05,APOLLOHOSP / PERSISTENT,APOLLOHOSP.NS,PERSISTENT.NS,0.8514,2755.4067,0.0,-1.6911608887322227,-480.89344775390646,6955.85009765625,5498.39892578125
2025-05-06,APOLLOHOSP / PERSISTENT,APOLLOHOSP.NS,PERSISTENT.NS,0.8514,2755.4067,0.0,-1.0738594034481685,-354.6085007812503,6990.7587890625,5391.07421875
2025-05-07,APOLLOHOSP / PERSISTENT,APOLLOHOSP.NS,PERSISTENT.NS,0.8514,2755.4067,0.0,-1.2560043730208585,-447.3805183593754,6964.82666015625,5469.580078125
2025-05-08,APOLLOHOSP / PERSISTENT,APOLLOHOSP.NS,PERSISTENT.NS,0.8514,2755.4067,0.0,-1.4109807169649726,-549.3486826171879,6833.6689453125,5435.2958984375
2025-05-09,APOLLOHOSP / PERSISTENT,APOLLOHOSP.NS,PERSISTENT.NS,0.8514,2755.4067,0.0,-1.5321942221992213,-656.0901102539069,6704.50634765625,5408.96142578125
2025-05-12,APOLLOHOSP / PERSISTENT,APOLLOHOSP.NS,PERSISTENT.NS,0.8514,2755.4067,0.0,-1.7870260769205475,-819.395583789063,6907.97509765625,5839.7509765625
2025-05-13,APOLLOHOSP / PERSISTENT,APOLLOHOSP.NS,PERSISTENT.NS,0.8514,2755.4067,0.0,-1.340138772922295,-730.1512766601568,6899.49755859375,5724.97314453125
2025-05-14,APOLLOHOSP / PERSISTENT,APOLLOHOSP.NS,PERSISTENT.NS,0.8514,2755.4067,0.0,-1.2315085299041246,-729.0341266601567,6898.49951171875,5722.48876953125
2025-05-15,APOLLOHOSP / PERSISTENT,APOLLOHOSP.NS,PERSISTENT.NS,0.8514,2755.4067,0.0,-0.2478258045049259,-484.6020353515628,7054.09375,5618.1455078125
2025-05-16,APOLLOHOSP / PERSISTENT,APOLLOHOSP.NS,PERSISTENT.NS,0.8514,2755.4067,0.0,-0.549013587113045,-580.4484666992189,6996.74365234375,5663.36083984375
2025-05-19,APOLLOHOSP / PERSISTENT,APOLLOHOSP.NS,PERSISTENT.NS,0.8514,2755.4067,0.0,-0.5421303820207837,-595.8838411132815,6956.34912109375,5634.04541015625
2025-05-20,APOLLOHOSP / PERSISTENT,APOLLOHOSP.NS,PERSISTENT.NS,0.8514,2755.4067,0.0,-0.6853312386711503,-639.1844715820312,6894.01171875,5611.68603515625
2025-05-21,APOLLOHOSP / PERSISTENT,APOLLOHOSP.NS,PERSISTENT.NS,0.8514,2755.4067,0.0,-0.2767346497454992,-586.8315333984378,6965.82421875,5634.5419921875
2025-05-22,APOLLOHOSP / PERSISTENT,APOLLOHOSP.NS,PERSISTENT.NS,0.8514,2755.4067,0.0,0.1061269907867558,-542.2233983398442,6936.40087890625,5547.58935546875
2025-05-23,APOLLOHOSP / PERSISTENT,APOLLOHOSP.NS,PERSISTENT.NS,0.8514,2755.4067,0.0,0.5627570111254968,-499.7726254882814,7046.11474609375,5626.59228515625
2025-05-26,APOLLOHOSP / PERSISTENT,APOLLOHOSP.NS,PERSISTENT.NS,0.8514,2755.4067,0.0,0.6839833536791865,-492.39200019531245,7078.03173828125,5655.4111328125
2025-05-27,APOLLOHOSP / PERSISTENT,APOLLOHOSP.NS,PERSISTENT.NS,0.8514,2755.4067,0.0,0.8103688091738743,-476.8356804687505,7055.09130859375,5610.1953125
2025-05-28,APOLLOHOSP / PERSISTENT,APOLLOHOSP.NS,PERSISTENT.NS,0.8514,2755.4067,0.0,0.4195610005521531,-541.4974824218757,6938.39599609375,5549.080078125
2025-05-29,APOLLOHOSP / PERSISTENT,APOLLOHOSP.NS,PERSISTENT.NS,0.8514,2755.4067,0.0,-0.4968892503351549,-647.6728419921878,6904.98291015625,5634.5419921875
2025-05-30,APOLLOHOSP / PERSISTENT,APOLLOHOSP.NS,PERSISTENT.NS,0.8514,2755.4067,0.0,-0.5774510280413977,-662.9881367187504,6862.59326171875,5602.7421875
2025-06-02,APOLLOHOSP / PERSISTENT,APOLLOHOSP.NS,PERSISTENT.NS,0.8514,2755.4067,0.0,0.693903634447356,-527.3959183593756,6897.50244140625,5484.486328125
2025-06-03,APOLLOHOSP / PERSISTENT,APOLLOHOSP.NS,PERSISTENT.NS,0.8514,2755.4067,0.0,-0.2172322314493028,-601.3615070312503,6794.7705078125,5450.69921875
2025-06-04,APOLLOHOSP / PERSISTENT,APOLLOHOSP.NS,PERSISTENT.NS,0.8514,2755.4067,0.0,-0.015352353388354618,-575.0475105468754,6837.15966796875,5469.580078125
2025-06-05,APOLLOHOSP / PERSISTENT,APOLLOHOSP.NS,PERSISTENT.NS,0.8514,2755.4067,0.0,-1.3624047949503655,-654.7852367187502,6858.10498046875,5587.8359375
2025-06-06,APOLLOHOSP / PERSISTENT,APOLLOHOSP.NS,PERSISTENT.NS,0.8514,2755.4067,0.0,-0.912951899411586,-633.7232182617186,6924.43212890625,5641.00146484375
2025-06-09,APOLLOHOSP / PERSISTENT,APOLLOHOSP.NS,PERSISTENT.NS,0.8514,2755.4067,1.0,-2.0909825279897487,-740.6485194335942,6913.95947265625,5754.28857421875
2025-06-10,APOLLOHOSP / PERSISTENT,APOLLOHOSP.NS,PERSISTENT.NS,0.8514,2755.4067,1.0,-2.6822819400779485,-885.6779436523443,6900.49462890625,5908.81591796875
2025-06-11,APOLLOHOSP / PERSISTENT,APOLLOHOSP.NS,PERSISTENT.NS,0.8514,2755.4067,1.0,-2.1427602935231556,-893.1996779296874,6909.4716796875,5928.1943359375
2025-06-12,APOLLOHOSP / PERSISTENT,APOLLOHOSP.NS,PERSISTENT.NS,0.8514,2755.4067,1.0,-1.1518696048727994,-787.5755112304691,6978.29150390625,5884.96630859375
2025-06-13,APOLLOHOSP / PERSISTENT,APOLLOHOSP.NS,PERSISTENT.NS,0.8514,2755.4067,1.0,-0.8084842724864535,-756.1501958007816,6976.296875,5845.71337890625
2025-06-16,APOLLOHOSP / PERSISTENT,APOLLOHOSP.NS,PERSISTENT.NS,0.8514,2755.4067,1.0,-0.6819919811153717,-752.4502320312499,7095.48583984375,5981.359375
2025-06-17,APOLLOHOSP / PERSISTENT,APOLLOHOSP.NS,PERSISTENT.NS,0.8514,2755.4067,1.0,-1.5849868170753738,-901.128804492188,6988.265625,6030.0537109375
2025-06-18,APOLLOHOSP / PERSISTENT,APOLLOHOSP.NS,PERSISTENT.NS,0.8514,2755.4067,1.0,-1.636442730665038,-937.9805162109374,6915.45556640625,5987.8193359375
2025-06-19,APOLLOHOSP / PERSISTENT,APOLLOHOSP.NS,PERSISTENT.NS,0.8514,2755.4067,1.0,-0.1807861974901337,-754.7264351562503,6991.2578125,5861.61328125
2025-06-20,APOLLOHOSP / PERSISTENT,APOLLOHOSP.NS,PERSISTENT.NS,0.8514,2755.4067,1.0,-1.0170402370083507,-876.8507750000003,7045.1171875,6068.3125
2025-06-23,APOLLOHOSP / PERSISTENT,APOLLOHOSP.NS,PERSISTENT.NS,0.8514,2755.4067,1.0,-1.1211784752030072,-910.2840971679693,6989.2626953125,6041.97802734375
2025-06-24,APOLLOHOSP / PERSISTENT,APOLLOHOSP.NS,PERSISTENT.NS,0.8514,2755.4067,1.0,-1.0518225906283853,-913.8958035156252,6987.7666015625,6044.462890625
2025-06-25,APOLLOHOSP / PERSISTENT,APOLLOHOSP.NS,PERSISTENT.NS,0.8514,2755.4067,1.0,-0.835808377065325,-899.9866138671882,7023.67333984375,6070.2998046875
2025-06-26,APOLLOHOSP / PERSISTENT,APOLLOHOSP.NS,PERSISTENT.NS,0.8514,2755.4067,0.0,0.23460608324346982,-795.7994747070311,7083.0185546875,6017.63134765625
2025-06-27,APOLLOHOSP / PERSISTENT,APOLLOHOSP.NS,PERSISTENT.NS,0.8514,2755.4067,-1.0,2.3570734932795747,-551.2649934570313,7289.4794921875,5972.91259765625
2025-06-30,APOLLOHOSP / PERSISTENT,APOLLOHOSP.NS,PERSISTENT.NS,0.8514,2755.4067,-1.0,1.5407203563741452,-643.8200117187503,7223.15283203125,6003.71875
2025-07-01,APOLLOHOSP / PERSISTENT,APOLLOHOSP.NS,PERSISTENT.NS,0.8514,2755.4067,-1.0,2.6456568359534063,-387.9431577148439,7476.49169921875,6000.73779296875
2025-07-02,APOLLOHOSP / PERSISTENT,APOLLOHOSP.NS,PERSISTENT.NS,0.8514,2755.4067,-1.0,1.9356527257476304,-422.4941181640629,7421.634765625,5976.8876953125
2025-07-03,APOLLOHOSP / PERSISTENT,APOLLOHOSP.NS,PERSISTENT.NS,0.8514,2755.4067,-1.0,2.2309758288026273,-244.66767636718805,7545.3125,5913.2880859375
2025-07-04,APOLLOHOSP / PERSISTENT,APOLLOHOSP.NS,PERSISTENT.NS,0.8514,2755.4067,-1.0,1.9178913977622298,-210.02676562500028,7533.84228515625,5859.12890625
2025-07-07,APOLLOHOSP / PERSISTENT,APOLLOHOSP.NS,PERSISTENT.NS,0.8514,2755.4067,-1.0,1.8977453796566774,-100.7323146484382,7596.17919921875,5803.9755859375
2025-07-08,APOLLOHOSP / PERSISTENT,APOLLOHOSP.NS,PERSISTENT.NS,0.8514,2755.4067,-1.0,1.589093751055138,-103.79589707031255,7545.3125,5747.8291015625
2025-07-09,APOLLOHOSP / PERSISTENT,APOLLOHOSP.NS,PERSISTENT.NS,0.8514,2755.4067,-1.0,1.2617557649997513,-148.78207607421928,7449.56201171875,5688.20458984375
2025-07-10,APOLLOHOSP / PERSISTENT,APOLLOHOSP.NS,PERSISTENT.NS,0.8514,2755.4067,-1.0,0.9169378506889387,-221.69118505859433,7339.84814453125,5644.97607421875
2025-07-11,APOLLOHOSP / PERSISTENT,APOLLOHOSP.NS,PERSISTENT.NS,0.8514,2755.4067,-1.0,0.5717772813481001,-304.45032832031256,7170.78955078125,5543.6142578125
2025-07-14,APOLLOHOSP / PERSISTENT,APOLLOHOSP.NS,PERSISTENT.NS,0.8514,2755.4067,-1.0,0.4667287532036855,-309.23663847656235,7201.2099609375,5584.9658203125
2025-07-15,APOLLOHOSP / PERSISTENT,APOLLOHOSP.NS,PERSISTENT.NS,0.8514,2755.4067,-1.0,0.9012465445636615,-149.16596542968773,7341.34423828125,5561.5498046875
2025-07-16,APOLLOHOSP / PERSISTENT,APOLLOHOSP.NS,PERSISTENT.NS,0.8514,2755.4067,-1.0,0.7551721611629703,-166.47711152343754,7333.365234375,5572.5107421875
2025-07-17,APOLLOHOSP / PERSISTENT,APOLLOHOSP.NS,PERSISTENT.NS,0.8514,2755.4067,-1.0,1.0410289894812899,-85.33261357421861,7331.37060546875,5474.86083984375
2025-07-18,APOLLOHOSP / PERSISTENT,APOLLOHOSP.NS,PERSISTENT.NS,0.8514,2755.4067,-1.0,0.5303701746053598,-177.1734428710938,7284.49267578125,5527.67138671875
2025-07-21,APOLLOHOSP / PERSISTENT,APOLLOHOSP.NS,PERSISTENT.NS,0.8514,2755.4067,0.0,-1.0959609538000263,-422.4403790039064,7235.62060546875,5758.34423828125
2025-07-22,APOLLOHOSP / PERSISTENT,APOLLOHOSP.NS,PERSISTENT.NS,0.8514,2755.4067,0.0,-1.1602567519326037,-374.8523023437506,7227.64111328125,5693.078125
2025-07-23,APOLLOHOSP / PERSISTENT,APOLLOHOSP.NS,PERSISTENT.NS,0.8514,2755.4067,0.0,0.6132979333438473,-156.56099365234377,7354.31005859375,5585.46435546875
2025-07-24,APOLLOHOSP / PERSISTENT,APOLLOHOSP.NS,PERSISTENT.NS,0.8514,2755.4067,-1.0,2.71277770210845,199.5321096679686,7344.3369140625,5155.50634765625
2025-07-25,APOLLOHOSP / PERSISTENT,APOLLOHOSP.NS,PERSISTENT.NS,0.8514,2755.4067,-1.0,2.5025359173653774,324.1950678710932,7449.0634765625,5132.09033203125
2025-07-28,APOLLOHOSP / PERSISTENT,APOLLOHOSP.NS,PERSISTENT.NS,0.8514,2755.4067,-1.0,1.6115616000668662,213.3346459960935,7337.35498046875,5131.09423828125
2025-07-29,APOLLOHOSP / PERSISTENT,APOLLOHOSP.NS,PERSISTENT.NS,0.8514,2755.4067,-1.0,1.6666560020160444,289.66988173828076,7436.595703125,5157.99755859375
2025-07-30,APOLLOHOSP / PERSISTENT,APOLLOHOSP.NS,PERSISTENT.NS,0.8514,2755.4067,-1.0,1.4599731279546129,295.5622873046873,7430.611328125,5144.0478515625
2025-07-31,APOLLOHOSP / PERSISTENT,APOLLOHOSP.NS,PERSISTENT.NS,0.8514,2755.4067,-1.0,1.4233043528798586,345.1342671874995,7478.486328125,5142.0546875
2025-08-01,APOLLOHOSP / PERSISTENT,APOLLOHOSP.NS,PERSISTENT.NS,0.8514,2755.4067,-1.0,1.0529870979542686,283.00281591796875,7332.36767578125,5043.40869140625
2025-08-04,APOLLOHOSP / PERSISTENT,APOLLOHOSP.NS,PERSISTENT.NS,0.8514,2755.4067,-1.0,0.4626684412151739,141.20664570312465,7288.98095703125,5158.994140625
2025-08-05,APOLLOHOSP / PERSISTENT,APOLLOHOSP.NS,PERSISTENT.NS,0.8514,2755.4067,-1.0,0.2114953069229379,95.41873232421813,7255.06982421875,5172.94384765625
2025-08-06,APOLLOHOSP / PERSISTENT,APOLLOHOSP.NS,PERSISTENT.NS,0.8514,2755.4067,-1.0,0.2964574542199348,133.72592431640578,7170.78955078125,5028.96044921875
2025-08-07,APOLLOHOSP / PERSISTENT,APOLLOHOSP.NS,PERSISTENT.NS,0.8514,2755.4067,0.0,-0.2822230786075312,-0.6755975585942906,7151.34033203125,5163.97607421875
2025-08-08,APOLLOHOSP / PERSISTENT,APOLLOHOSP.NS,PERSISTENT.NS,0.8514,2755.4067,0.0,-0.3828269929031826,-20.63009716796887,7066.0625,5087.25146484375
2025-08-11,APOLLOHOSP / PERSISTENT,APOLLOHOSP.NS,PERSISTENT.NS,0.8514,2755.4067,0.0,0.03242221777443348,97.84864814453113,7240.1083984375,5152.51708984375
2025-08-12,APOLLOHOSP / PERSISTENT,APOLLOHOSP.NS,PERSISTENT.NS,0.8514,2755.4067,0.0,-0.49068654701073455,23.233217089843947,7217.6669921875,5213.79736328125
2025-08-13,APOLLOHOSP / PERSISTENT,APOLLOHOSP.NS,PERSISTENT.NS,0.8514,2755.4067,-1.0,2.2668221352849454,581.0191770507813,7788.17822265625,5228.74365234375
2025-08-14,APOLLOHOSP / PERSISTENT,APOLLOHOSP.NS,PERSISTENT.NS,0.8514,2755.4067,-1.0,1.8877568027681189,558.7783496093748,7801.14453125,5270.095703125
2025-08-18,APOLLOHOSP / PERSISTENT,APOLLOHOSP.NS,PERSISTENT.NS,0.8514,2755.4067,-1.0,1.7786919834643888,607.708314746094,7802.14208984375,5213.79736328125
2025-08-19,APOLLOHOSP / PERSISTENT,APOLLOHOSP.NS,PERSISTENT.NS,0.8514,2755.4067,-1.0,1.574658588100873,615.3001222656244,7813.12744140625,5217.783203125
2025-08-20,APOLLOHOSP / PERSISTENT,APOLLOHOSP.NS,PERSISTENT.NS,0.8514,2755.4067,-1.0,1.2501805054561184,582.6742044921871,7872.54833984375,5325.8955078125
2025-08-21,APOLLOHOSP / PERSISTENT,APOLLOHOSP.NS,PERSISTENT.NS,0.8514,2755.4067,-1.0,1.2595429659286268,623.995986035156,7915.99072265625,5328.38623046875
2025-08-22,APOLLOHOSP / PERSISTENT,APOLLOHOSP.NS,PERSISTENT.NS,0.8514,2755.4067,-1.0,1.0498775164103318,601.7615255859369,7911.99609375,5349.8095703125
2025-08-25,APOLLOHOSP / PERSISTENT,APOLLOHOSP.NS,PERSISTENT.NS,0.8514,2755.4067,-1.0,0.4779284812979956,461.6393756835937,7840.5908203125,5430.52001953125
2025-08-26,APOLLOHOSP / PERSISTENT,APOLLOHOSP.NS,PERSISTENT.NS,0.8514,2755.4067,-1.0,0.45031238421348446,466.569788769531,7783.1669921875,5357.28271484375
2025-08-28,APOLLOHOSP / PERSISTENT,APOLLOHOSP.NS,PERSISTENT.NS,0.8514,2755.4067,-1.0,0.33652548159759876,454.6032546874999,7717.75390625,5294.5078125
2025-08-29,APOLLOHOSP / PERSISTENT,APOLLOHOSP.NS,PERSISTENT.NS,0.8514,2755.4067,0.0,-0.15981093969958965,343.54617705078135,7599.91015625,5286.53662109375
2025-09-01,APOLLOHOSP / PERSISTENT,APOLLOHOSP.NS,PERSISTENT.NS,0.8514,2755.4067,0.0,-0.3592016521965768,307.82770966796807,7661.32861328125,5400.62744140625
2025-09-02,APOLLOHOSP / PERSISTENT,APOLLOHOSP.NS,PERSISTENT.NS,0.8514,2755.4067,0.0,-0.3770340130958485,333.16032529296854,7671.81494140625,5383.18994140625
2025-09-03,APOLLOHOSP / PERSISTENT,APOLLOHOSP.NS,PERSISTENT.NS,0.8514,2755.4067,0.0,-0.13692790759833134,417.20516005859326,7725.7431640625,5347.81689453125
2025-09-04,APOLLOHOSP / PERSISTENT,APOLLOHOSP.NS,PERSISTENT.NS,0.8514,2755.4067,0.0,1.0132815619633995,643.3421161132815,7889.52587890625,5274.57958984375
2025-09-05,APOLLOHOSP / PERSISTENT,APOLLOHOSP.NS,PERSISTENT.NS,0.8514,2755.4067,0.0,1.3872732525008002,684.9782967773431,7794.15234375,5113.65673828125
2025-09-08,APOLLOHOSP / PERSISTENT,APOLLOHOSP.NS,PERSISTENT.NS,0.8514,2755.4067,0.0,1.7727491063777665,769.6532922851561,7776.17626953125,4993.08935546875
2025-09-09,APOLLOHOSP / PERSISTENT,APOLLOHOSP.NS,PERSISTENT.NS,0.8514,2755.4067,0.0,1.1793938310748666,706.7989546875001,7815.12451171875,5112.66015625
2025-09-10,APOLLOHOSP / PERSISTENT,APOLLOHOSP.NS,PERSISTENT.NS,0.8514,2755.4067,0.0,0.20960292041284845,565.8348910156251,7918.4873046875,5399.630859375
2025-09-11,APOLLOHOSP / PERSISTENT,APOLLOHOSP.NS,PERSISTENT.NS,0.8514,2755.4067,0.0,-0.03182440765346084,526.1569882812496,7869.05322265625,5388.171875
2025-09-12,APOLLOHOSP / PERSISTENT,APOLLOHOSP.NS,PERSISTENT.NS,0.8514,2755.4067,0.0,-0.06022491919672629,518.1942447265624,7864.0595703125,5391.6591796875
2025-09-15,APOLLOHOSP / PERSISTENT,APOLLOHOSP.NS,PERSISTENT.NS,0.8514,2755.4067,0.0,-0.13367986757231023,500.5682216796872,7806.13671875,5344.3291015625
2025-09-16,APOLLOHOSP / PERSISTENT,APOLLOHOSP.NS,PERSISTENT.NS,0.8514,2755.4067,0.0,-0.5798407842520817,428.77919218750003,7842.0888671875,5470.875
2025-09-17,APOLLOHOSP / PERSISTENT,APOLLOHOSP.NS,PERSISTENT.NS,0.8514,2755.4067,0.0,-0.5788780688627158,426.0556016601563,7877.54150390625,5515.71435546875
2025-09-18,APOLLOHOSP / PERSISTENT,APOLLOHOSP.NS,PERSISTENT.NS,0.8514,2755.4067,0.0,-0.9688109292998106,361.4578854492188,7840.09130859375,5547.60009765625
2025-09-19,APOLLOHOSP / PERSISTENT,APOLLOHOSP.NS,PERSISTENT.NS,0.8514,2755.4067,0.0,-0.8536799905815825,369.69050400390597,7796.14990234375,5486.31982421875
2025-09-22,APOLLOHOSP / PERSISTENT,APOLLOHOSP.NS,PERSISTENT.NS,0.8514,2755.4067,0.0,-0.01565371281938296,501.6438165039058,7728.7392578125,5252.15966796875
2025-09-23,APOLLOHOSP / PERSISTENT,APOLLOHOSP.NS,PERSISTENT.NS,0.8514,2755.4067,0.0,-0.31888080311494543,472.59114853515575,7673.81201171875,5221.76904296875
2025-09-24,APOLLOHOSP / PERSISTENT,APOLLOHOSP.NS,PERSISTENT.NS,0.8514,2755.4067,0.0,-0.4042514581726856,473.7146307617181,7633.36572265625,5172.94384765625
2025-09-25,APOLLOHOSP / PERSISTENT,APOLLOHOSP.NS,PERSISTENT.NS,0.8514,2755.4067,0.0,-0.00174137475039188,529.7440584960937,7613.8916015625,5084.26220703125
2025-09-26,APOLLOHOSP / PERSISTENT,APOLLOHOSP.NS,PERSISTENT.NS,0.8514,2755.4067,0.0,0.1802126341409829,544.4214892578125,7500.04296875,4933.3037109375
2025-09-29,APOLLOHOSP / PERSISTENT,APOLLOHOSP.NS,PERSISTENT.NS,0.8514,2755.4067,0.0,0.2971627146213374,546.8017309570309,7434.13037109375,4853.09130859375
2025-09-30,APOLLOHOSP / PERSISTENT,APOLLOHOSP.NS,PERSISTENT.NS,0.8514,2755.4067,0.0,0.6124149529003544,552.5693990234372,7399.1767578125,4805.2626953125
2025-10-01,APOLLOHOSP / PERSISTENT,APOLLOHOSP.NS,PERSISTENT.NS,0.8514,2755.4067,0.0,-0.239956609347808,471.7800241210939,7431.13427734375,4937.68798828125
2025-10-03,APOLLOHOSP / PERSISTENT,APOLLOHOSP.NS,PERSISTENT.NS,0.8514,2755.4067,0.0,-1.4266686006530882,384.0655823242182,7439.623046875,5050.68212890625
2025-10-06,APOLLOHOSP / PERSISTENT,APOLLOHOSP.NS,PERSISTENT.NS,0.8514,2755.4067,0.0,0.3266831790048625,494.0568114257808,7651.84130859375,5170.75146484375
2025-10-07,APOLLOHOSP / PERSISTENT,APOLLOHOSP.NS,PERSISTENT.NS,0.8514,2755.4067,0.0,-0.12142962269311454,462.52554374999954,7689.791015625,5252.359375
2025-10-08,APOLLOHOSP / PERSISTENT,APOLLOHOSP.NS,PERSISTENT.NS,0.8514,2755.4067,0.0,-0.5594848292272387,431.0236951171869,7651.84130859375,5244.7861328125
2025-10-09,APOLLOHOSP / PERSISTENT,APOLLOHOSP.NS,PERSISTENT.NS,0.8514,2755.4067,0.0,-1.0786273905226014,394.6697096679686,7684.7978515625,5326.19384765625
2025-10-10,APOLLOHOSP / PERSISTENT,APOLLOHOSP.NS,PERSISTENT.NS,0.8514,2755.4067,0.0,-1.3322192666172106,370.167986816406,7670.81640625,5338.55029296875
2025-10-13,APOLLOHOSP / PERSISTENT,APOLLOHOSP.NS,PERSISTENT.NS,0.8514,2755.4067,0.0,-1.1838282596661645,383.9351472656249,7660.82958984375,5310.650390625
2025-10-14,APOLLOHOSP / PERSISTENT,APOLLOHOSP.NS,PERSISTENT.NS,0.8514,2755.4067,0.0,-0.0419543548049064,464.8621608398439,7748.712890625,5318.82080078125
2025-10-15,APOLLOHOSP / PERSISTENT,APOLLOHOSP.NS,PERSISTENT.NS,0.8514,2755.4067,1.0,-2.761154588890541,203.71365820312485,7815.6240234375,5704.138671875
2025-10-16,APOLLOHOSP / PERSISTENT,APOLLOHOSP.NS,PERSISTENT.NS,0.8514,2755.4067,1.0,-2.5777654130457677,112.03068603515612,7823.11376953125,5820.62060546875
2025-10-17,APOLLOHOSP / PERSISTENT,APOLLOHOSP.NS,PERSISTENT.NS,0.8514,2755.4067,1.0,-1.2428853128566533,252.7297221679687,7891.02392578125,5735.12744140625
2025-10-20,APOLLOHOSP / PERSISTENT,APOLLOHOSP.NS,PERSISTENT.NS,0.8514,2755.4067,1.0,-0.8709287224040931,285.58171464843736,7999.3798828125,5823.8095703125
2025-10-21,APOLLOHOSP / PERSISTENT,APOLLOHOSP.NS,PERSISTENT.NS,0.8514,2755.4067,1.0,-0.4723555732126055,325.41627080078115,8001.37744140625,5779.36865234375
2025-10-23,APOLLOHOSP / PERSISTENT,APOLLOHOSP.NS,PERSISTENT.NS,0.8514,2755.4067,1.0,-0.9541073758952092,251.60285361328124,7957.93505859375,5815.04052734375
2025-10-24,APOLLOHOSP / PERSISTENT,APOLLOHOSP.NS,PERSISTENT.NS,0.8514,2755.4067,1.0,-1.723961199609169,129.17511083984346,7827.10888671875,5805.17626953125
2025-10-27,APOLLOHOSP / PERSISTENT,APOLLOHOSP.NS,PERSISTENT.NS,0.8514,2755.4067,1.0,-1.7024202334508618,92.96515156249961,7835.09814453125,5857.08984375
2025-10-28,APOLLOHOSP / PERSISTENT,APOLLOHOSP.NS,PERSISTENT.NS,0.8514,2755.4067,1.0,-0.9746197571656974,171.35471513671882,7870.0517578125,5806.07275390625
2025-10-29,APOLLOHOSP / PERSISTENT,APOLLOHOSP.NS,PERSISTENT.NS,0.8514,2755.4067,1.0,-1.3708375608599548,94.91935537109339,7848.0810546875,5870.04345703125
2025-10-30,APOLLOHOSP / PERSISTENT,APOLLOHOSP.NS,PERSISTENT.NS,0.8514,2755.4067,1.0,-1.9414986517671402,-33.38381884765613,7779.671875,5940.39111328125
2025-10-31,APOLLOHOSP / PERSISTENT,APOLLOHOSP.NS,PERSISTENT.NS,0.8514,2755.4067,1.0,-1.9869764415783089,-103.97825292968764,7670.81640625,5895.4521484375
2025-11-03,APOLLOHOSP / PERSISTENT,APOLLOHOSP.NS,PERSISTENT.NS,0.8514,2755.4067,1.0,-1.0290314845850188,27.11489140625008,7814.1259765625,5909.80078125
2025-11-04,APOLLOHOSP / PERSISTENT,APOLLOHOSP.NS,PERSISTENT.NS,0.8514,2755.4067,1.0,-0.6318267661999827,74.63919736328126,7800.14453125,5837.56005859375
2025-11-06,APOLLOHOSP / PERSISTENT,APOLLOHOSP.NS,PERSISTENT.NS,0.8514,2755.4067,1.0,-0.6311046212062101,60.17500830078143,7771.68212890625,5821.11865234375
2025-11-07,APOLLOHOSP / PERSISTENT,APOLLOHOSP.NS,PERSISTENT.NS,0.8514,2755.4067,1.0,-1.2041416160235985,-27.889872851562814,7631.86767578125,5760.3369140625
2025-11-10,APOLLOHOSP / PERSISTENT,APOLLOHOSP.NS,PERSISTENT.NS,0.8514,2755.4067,1.0,-2.096854955490341,-211.0783522460938,7519.51708984375,5843.53857421875
2025-11-11,APOLLOHOSP / PERSISTENT,APOLLOHOSP.NS,PERSISTENT.NS,0.8514,2755.4067,1.0,-2.3679725824851223,-380.79208867187526,7491.0546875,6009.443359375
2025-11-12,APOLLOHOSP / PERSISTENT,APOLLOHOSP.NS,PERSISTENT.NS,0.8514,2755.4067,1.0,-2.197284845764347,-471.5929646484378,7488.05859375,6112.5732421875
2025-11-13,APOLLOHOSP / PERSISTENT,APOLLOHOSP.NS,PERSISTENT.NS,0.8514,2755.4067,1.0,-1.9974296500643427,-531.1373214843757,7430.63525390625,6115.064453125
2025-11-14,APOLLOHOSP / PERSISTENT,APOLLOHOSP.NS,PERSISTENT.NS,0.8514,2755.4067,1.0,-1.6859180124382003,-520.5703050781253,7410.66162109375,6079.193359375
2025-11-17,APOLLOHOSP / PERSISTENT,APOLLOHOSP.NS,PERSISTENT.NS,0.8514,2755.4067,1.0,-1.3039629014227005,-466.80847988281266,7477.57275390625,6094.6376953125
2025-11-18,APOLLOHOSP / PERSISTENT,APOLLOHOSP.NS,PERSISTENT.NS,0.8514,2755.4067,1.0,-1.3688477370540606,-537.2840868164062,7375.7080078125,6057.77001953125
2025-11-19,APOLLOHOSP / PERSISTENT,APOLLOHOSP.NS,PERSISTENT.NS,0.8514,2755.4067,1.0,-1.5717771860442515,-664.5182271484377,7449.1103515625,6293.4248046875
2025-11-20,APOLLOHOSP / PERSISTENT,APOLLOHOSP.NS,PERSISTENT.NS,0.8514,2755.4067,1.0,-1.567196898309724,-729.7384977539064,7413.158203125,6327.80126953125
2025-11-21,APOLLOHOSP / PERSISTENT,APOLLOHOSP.NS,PERSISTENT.NS,0.8514,2755.4067,1.0,-1.3365796042878877,-715.884627734375,7381.20068359375,6273.994140625
2025-11-24,APOLLOHOSP / PERSISTENT,APOLLOHOSP.NS,PERSISTENT.NS,0.8514,2755.4067,1.0,-1.4552076059398609,-818.5081102539066,7344.7490234375,6351.71533203125
2025-11-25,APOLLOHOSP / PERSISTENT,APOLLOHOSP.NS,PERSISTENT.NS,0.8514,2755.4067,1.0,-1.321918389852362,-839.0832436523438,7320.78076171875,6347.72998046875
2025-11-26,APOLLOHOSP / PERSISTENT,APOLLOHOSP.NS,PERSISTENT.NS,0.8514,2755.4067,1.0,-1.1118422212298722,-814.417537597657,7383.1982421875,6392.07080078125
2025-11-27,APOLLOHOSP / PERSISTENT,APOLLOHOSP.NS,PERSISTENT.NS,0.8514,2755.4067,1.0,-1.2753688644558008,-899.2465262695318,7312.79150390625,6409.01025390625
2025-11-28,APOLLOHOSP / PERSISTENT,APOLLOHOSP.NS,PERSISTENT.NS,0.8514,2755.4067,1.0,-0.9352928669507726,-819.2433038085942,7325.7744140625,6330.29248046875
2025-12-01,APOLLOHOSP / PERSISTENT,APOLLOHOSP.NS,PERSISTENT.NS,0.8514,2755.4067,1.0,-1.2943280078472366,-912.1427268554694,7277.837890625,6383.10302734375
2025-12-02,APOLLOHOSP / PERSISTENT,APOLLOHOSP.NS,PERSISTENT.NS,0.8514,2755.4067,1.0,-1.3933198704293752,-946.9775107421879,7232.3984375,6370.6474609375
2025-12-03,APOLLOHOSP / PERSISTENT,APOLLOHOSP.NS,PERSISTENT.NS,0.8514,2755.4067,1.0,-1.2901844907281257,-951.8787515625004,7174.47509765625,6308.37109375
2025-12-04,APOLLOHOSP / PERSISTENT,APOLLOHOSP.NS,PERSISTENT.NS,0.8514,2755.4067,1.0,-1.5610593638947992,-1037.5522822265625,7191.45263671875,6428.9384765625
2025-12-05,APOLLOHOSP / PERSISTENT,APOLLOHOSP.NS,PERSISTENT.NS,0.8514,2755.4067,1.0,-1.6741996857321009,-1107.1497684570318,7179.9677734375,6497.19384765625
2025-12-08,APOLLOHOSP / PERSISTENT,APOLLOHOSP.NS,PERSISTENT.NS,0.8514,2755.4067,1.0,-1.23875170398203,-1053.3358127929691,7086.591796875,6324.31396484375
2025-12-09,APOLLOHOSP / PERSISTENT,APOLLOHOSP.NS,PERSISTENT.NS,0.8514,2755.4067,1.0,-0.9889509584883526,-1020.1527496093754,7081.5986328125,6279.474609375
2025-12-10,APOLLOHOSP / PERSISTENT,APOLLOHOSP.NS,PERSISTENT.NS,0.8514,2755.4067,0.0,0.17484210268520517,-864.7734572265631,7009.1943359375,6011.9345703125
2025-12-11,APOLLOHOSP / PERSISTENT,APOLLOHOSP.NS,PERSISTENT.NS,0.8514,2755.4067,0.0,-0.9316540533579076,-1018.4061283203132,7000.20654296875,6181.8251953125
2025-12-12,APOLLOHOSP / PERSISTENT,APOLLOHOSP.NS,PERSISTENT.NS,0.8514,2755.4067,0.0,-0.9990210708506613,-1039.4349593749998,7091.5849609375,6313.8515625
2025-12-15,APOLLOHOSP / PERSISTENT,APOLLOHOSP.NS,PERSISTENT.NS,0.8514,2755.4067,0.0,-0.7518425277809914,-1020.8293090820312,7077.1044921875,6274.99072265625
2025-12-16,APOLLOHOSP / PERSISTENT,APOLLOHOSP.NS,PERSISTENT.NS,0.8514,2755.4067,0.0,-0.7104355339284327,-1026.5148001953125,7042.15087890625,6240.6142578125
2025-12-17,APOLLOHOSP / PERSISTENT,APOLLOHOSP.NS,PERSISTENT.NS,0.8514,2755.4067,0.0,-1.9005219633560473,-1172.8852885742194,6912.3232421875,6260.04443359375
2025-12-18,APOLLOHOSP / PERSISTENT,APOLLOHOSP.NS,PERSISTENT.NS,0.8514,2755.4067,0.0,-1.9101468662446075,-1206.4220315429689,6909.3271484375,6295.91552734375
2025-12-19,APOLLOHOSP / PERSISTENT,APOLLOHOSP.NS,PERSISTENT.NS,0.8514,2755.4067,0.0,-1.172135756130205,-1146.0566994140631,7003.20263671875,6335.2744140625
2025-12-22,APOLLOHOSP / PERSISTENT,APOLLOHOSP.NS,PERSISTENT.NS,0.8514,2755.4067,1.0,-2.0788020935456535,-1278.9493283203124,7044.6474609375,6540.0400390625
2025-12-23,APOLLOHOSP / PERSISTENT,APOLLOHOSP.NS,PERSISTENT.NS,0.8514,2755.4067,1.0,-1.1750359168828397,-1196.272476074219,7064.12158203125,6465.80615234375
2025-12-24,APOLLOHOSP / PERSISTENT,APOLLOHOSP.NS,PERSISTENT.NS,0.8514,2755.4067,0.0,0.8236695579892656,-982.1020541015628,7162.4912109375,6329.7939453125
2025-12-26,APOLLOHOSP / PERSISTENT,APOLLOHOSP.NS,PERSISTENT.NS,0.8514,2755.4067,0.0,1.0895891003699723,-953.9666483398437,7146.51220703125,6277.97998046875
2025-12-29,APOLLOHOSP / PERSISTENT,APOLLOHOSP.NS,PERSISTENT.NS,0.8514,2755.4067,0.0,0.923827642684955,-964.2902076171881,7075.10693359375,6206.2373046875
2025-12-30,APOLLOHOSP / PERSISTENT,APOLLOHOSP.NS,PERSISTENT.NS,0.8514,2755.4067,0.0,0.3663740204875511,-1020.0644549804688,6980.732421875,6160.89990234375
2025-12-31,APOLLOHOSP / PERSISTENT,APOLLOHOSP.NS,PERSISTENT.NS,0.8514,2755.4067,0.0,0.15025214846373358,-1043.1382437500001,7033.16259765625,6249.58203125
2026-01-01,APOLLOHOSP / PERSISTENT,APOLLOHOSP.NS,PERSISTENT.NS,0.8514,2755.4067,0.0,0.6677532142015317,-983.1372416992194,7102.0712890625,6260.04443359375
2026-01-02,APOLLOHOSP / PERSISTENT,APOLLOHOSP.NS,PERSISTENT.NS,0.8514,2755.4067,0.0,0.914176479149448,-971.0997656250006,7120.04736328125,6267.01953125
2026-01-05,APOLLOHOSP / PERSISTENT,APOLLOHOSP.NS,PERSISTENT.NS,0.8514,2755.4067,0.0,1.085481265143395,-945.0037845703132,7073.60888671875,6181.8251953125
2026-01-06,APOLLOHOSP / PERSISTENT,APOLLOHOSP.NS,PERSISTENT.NS,0.8514,2755.4067,-1.0,2.365370058161467,-718.5306703125002,7338.2578125,6226.6640625
2026-01-07,APOLLOHOSP / PERSISTENT,APOLLOHOSP.NS,PERSISTENT.NS,0.8514,2755.4067,-1.0,1.2807911789687043,-843.5529671875006,7437.6259765625,6490.21875
2026-01-08,APOLLOHOSP / PERSISTENT,APOLLOHOSP.NS,PERSISTENT.NS,0.8514,2755.4067,-1.0,1.0050113815182027,-867.9064438476566,7354.73583984375,6421.46533203125
2026-01-09,APOLLOHOSP / PERSISTENT,APOLLOHOSP.NS,PERSISTENT.NS,0.8514,2755.4067,-1.0,0.3605639564043086,-952.4334376953125,7246.87890625,6394.0634765625
2026-01-12,APOLLOHOSP / PERSISTENT,APOLLOHOSP.NS,PERSISTENT.NS,0.8514,2755.4067,-1.0,0.8717737636840716,-862.824496875,7258.86328125,6302.890625
2026-01-13,APOLLOHOSP / PERSISTENT,APOLLOHOSP.NS,PERSISTENT.NS,0.8514,2755.4067,-1.0,0.8718797327366865,-847.0291466796875,7301.80615234375,6334.7763671875
2026-01-14,APOLLOHOSP / PERSISTENT,APOLLOHOSP.NS,PERSISTENT.NS,0.8514,2755.4067,-1.0,1.09276067538705,-815.1394954101565,7262.85791015625,6251.57470703125
2026-01-15,APOLLOHOSP / PERSISTENT,APOLLOHOSP.NS,PERSISTENT.NS,0.8514,2755.4067,-1.0,1.0827110932568735,-815.1394954101565,7262.85791015625,6251.57470703125
2026-01-16,APOLLOHOSP / PERSISTENT,APOLLOHOSP.NS,PERSISTENT.NS,0.8514,2755.4067,0.0,-0.5812615806162408,-961.5288250976569,7225.90673828125,6380.11376953125
2026-01-19,APOLLOHOSP / PERSISTENT,APOLLOHOSP.NS,PERSISTENT.NS,0.8514,2755.4067,0.0,-1.7634029986085056,-1093.585169628907,7123.54296875,6414.98876953125
2026-01-20,APOLLOHOSP / PERSISTENT,APOLLOHOSP.NS,PERSISTENT.NS,0.8514,2755.4067,1.0,-2.3532908875362857,-1232.775067578125,6903.3349609375,6319.830078125
2026-01-21,APOLLOHOSP / PERSISTENT,APOLLOHOSP.NS,PERSISTENT.NS,0.8514,2755.4067,1.0,-1.9538842448346343,-1233.400665917969,6817.44921875,6219.68896484375
2026-01-22,APOLLOHOSP / PERSISTENT,APOLLOHOSP.NS,PERSISTENT.NS,0.8514,2755.4067,1.0,-2.0967160528034245,-1329.457878613282,6787.98828125,6297.90869140625
2026-01-23,APOLLOHOSP / PERSISTENT,APOLLOHOSP.NS,PERSISTENT.NS,0.8514,2755.4067,1.0,-1.1237278372440018,-1183.06243125,6793.98046875,6133.0
2026-01-27,APOLLOHOSP / PERSISTENT,APOLLOHOSP.NS,PERSISTENT.NS,0.8514,2755.4067,1.0,-1.3650336185804115,-1263.2164242187505,6784.49267578125,6216.0
2026-01-28,APOLLOHOSP / PERSISTENT,APOLLOHOSP.NS,PERSISTENT.NS,0.8514,2755.4067,1.0,-0.8273114684360565,-1176.77355234375,6868.38134765625,6213.0
2026-01-29,APOLLOHOSP / PERSISTENT,APOLLOHOSP.NS,PERSISTENT.NS,0.8514,2755.4067,1.0,-0.5060751228096059,-1131.4217898437505,6791.98291015625,6070.0
2026-01-30,APOLLOHOSP / PERSISTENT,APOLLOHOSP.NS,PERSISTENT.NS,0.8514,2755.4067,0.0,0.5691290410657601,-942.3342156250005,6951.271484375,6035.0
2026-02-02,APOLLOHOSP / PERSISTENT,APOLLOHOSP.NS,PERSISTENT.NS,0.8514,2755.4067,0.0,0.2504718631388674,-1009.7400710937504,6924.30712890625,6082.5
2026-02-03,APOLLOHOSP / PERSISTENT,APOLLOHOSP.NS,PERSISTENT.NS,0.8514,2755.4067,0.0,0.20795678494897069,-1021.8200375000001,7079.1015625,6278.5
2026-02-04,APOLLOHOSP / PERSISTENT,APOLLOHOSP.NS,PERSISTENT.NS,0.8514,2755.4067,0.0,1.67091818208207,-745.3216703125004,7106.5654296875,5986.0
2026-02-05,APOLLOHOSP / PERSISTENT,APOLLOHOSP.NS,PERSISTENT.NS,0.8514,2755.4067,0.0,1.6012281312470118,-734.6472710937501,7112.55712890625,5980.5
2026-02-06,APOLLOHOSP / PERSISTENT,APOLLOHOSP.NS,PERSISTENT.NS,0.8514,2755.4067,-1.0,2.0078283823327827,-594.7824101562505,7143.01708984375,5852.0
2026-02-09,APOLLOHOSP / PERSISTENT,APOLLOHOSP.NS,PERSISTENT.NS,0.8514,2755.4067,-1.0,1.8911789632498395,-555.9422468750004,7201.439453125,5875.0
2026-02-10,APOLLOHOSP / PERSISTENT,APOLLOHOSP.NS,PERSISTENT.NS,0.8514,2755.4067,-1.0,1.6435439221884758,-545.8244890625006,7209.4287109375,5872.5
2026-02-11,APOLLOHOSP / PERSISTENT,APOLLOHOSP.NS,PERSISTENT.NS,0.8514,2755.4067,-1.0,2.332275352703172,-131.77342499999986,7497.046875,5724.0
2026-02-12,APOLLOHOSP / PERSISTENT,APOLLOHOSP.NS,PERSISTENT.NS,0.8514,2755.4067,-1.0,2.313876417328247,131.76489453124987,7529.00439453125,5452.0
2026-02-13,APOLLOHOSP / PERSISTENT,APOLLOHOSP.NS,PERSISTENT.NS,0.8514,2755.4067,-1.0,1.855015594159258,112.27269999999999,7532.5,5479.0
2026-02-16,APOLLOHOSP / PERSISTENT,APOLLOHOSP.NS,PERSISTENT.NS,0.8514,2755.4067,-1.0,1.588637269093916,110.07850000000008,7618.0,5582.0
2026-02-17,APOLLOHOSP / PERSISTENT,APOLLOHOSP.NS,PERSISTENT.NS,0.8514,2755.4067,-1.0,1.288583343590956,54.41409999999951,7601.5,5628.0
2026-02-18,APOLLOHOSP / PERSISTENT,APOLLOHOSP.NS,PERSISTENT.NS,0.8514,2755.4067,-1.0,1.3760864954871714,191.51389999999947,7647.5,5521.0
2026-02-19,APOLLOHOSP / PERSISTENT,APOLLOHOSP.NS,PERSISTENT.NS,0.8514,2755.4067,-1.0,1.4846097832464427,353.62089999999944,7592.5,5266.0
2026-02-20,APOLLOHOSP / PERSISTENT,APOLLOHOSP.NS,PERSISTENT.NS,0.8514,2755.4067,-1.0,1.584796106466861,524.7644999999998,7615.5,5092.0
2026-02-23,APOLLOHOSP / PERSISTENT,APOLLOHOSP.NS,PERSISTENT.NS,0.8514,2755.4067,-1.0,1.641245625901129,699.7498,7693.0,4977.5
2026-02-24,APOLLOHOSP / PERSISTENT,APOLLOHOSP.NS,PERSISTENT.NS,0.8514,2755.4067,-1.0,1.8505071284836097,995.8664999999996,7720.5,4662.0
2026-02-25,APOLLOHOSP / PERSISTENT,APOLLOHOSP.NS,PERSISTENT.NS,0.8514,2755.4067,-1.0,1.6394646381271276,999.6198999999997,7783.0,4731.0
2026-02-26,APOLLOHOSP / PERSISTENT,APOLLOHOSP.NS,PERSISTENT.NS,0.8514,2755.4067,-1.0,1.3699720677201297,948.6241999999997,7775.0,4781.5
2026-02-27,APOLLOHOSP / PERSISTENT,APOLLOHOSP.NS,PERSISTENT.NS,0.8514,2755.4067,-1.0,1.3618167528892027,1036.4170999999997,7821.5,4733.0
2026-03-02,APOLLOHOSP / PERSISTENT,APOLLOHOSP.NS,PERSISTENT.NS,0.8514,2755.4067,-1.0,1.255580700341281,1057.1606231445312,7791.5,4673.39990234375
2026-03-04,APOLLOHOSP / PERSISTENT,APOLLOHOSP.NS,PERSISTENT.NS,0.8514,2755.4067,-1.0,0.8757679755624546,901.2654768554685,7666.0,4709.10009765625
2026-03-05,APOLLOHOSP / PERSISTENT,APOLLOHOSP.NS,PERSISTENT.NS,0.8514,2755.4067,-1.0,1.1410028665435847,1067.6497537109371,7775.0,4641.7001953125
2026-03-06,APOLLOHOSP / PERSISTENT,APOLLOHOSP.NS,PERSISTENT.NS,0.8514,2755.4067,-1.0,0.6693874682160228,901.5297999999998,7724.5,4777.5
2026-03-09,APOLLOHOSP / PERSISTENT,APOLLOHOSP.NS,PERSISTENT.NS,0.8514,2755.4067,-1.0,0.6926482599816709,951.2618768554685,7779.0,4783.10009765625
2026-03-10,APOLLOHOSP / PERSISTENT,APOLLOHOSP.NS,PERSISTENT.NS,0.8514,2755.4067,-1.0,0.5625086969095848,937.1193231445309,7803.0,4827.89990234375
2026-03-11,APOLLOHOSP / PERSISTENT,APOLLOHOSP.NS,PERSISTENT.NS,0.8514,2755.4067,-1.0,0.32372183240245683,886.4013537109372,7684.0,4747.7001953125
2026-03-12,APOLLOHOSP / PERSISTENT,APOLLOHOSP.NS,PERSISTENT.NS,0.8514,2755.4067,0.0,-0.09020814690033527,805.2532231445311,7574.5,4714.39990234375
2026-03-13,APOLLOHOSP / PERSISTENT,APOLLOHOSP.NS,PERSISTENT.NS,0.8514,2755.4067,0.0,-0.12449481323443022,845.1191462890624,7550.0,4638.7998046875
2026-03-16,APOLLOHOSP / PERSISTENT,APOLLOHOSP.NS,PERSISTENT.NS,0.8514,2755.4067,0.0,-0.783233017480426,785.1191462890624,7490.0,4638.7998046875
2026-03-17,APOLLOHOSP / PERSISTENT,APOLLOHOSP.NS,PERSISTENT.NS,0.8514,2755.4067,0.0,-0.30226732900967074,888.2622231445312,7500.0,4529.39990234375
2026-03-18,APOLLOHOSP / PERSISTENT,APOLLOHOSP.NS,PERSISTENT.NS,0.8514,2755.4067,1.0,-2.0485260191307346,715.2051768554684,7471.0,4698.60009765625
2026-03-19,APOLLOHOSP / PERSISTENT,APOLLOHOSP.NS,PERSISTENT.NS,0.8514,2755.4067,1.0,-2.4463439623761523,577.7695462890624,7252.0,4602.7998046875
2026-03-20,APOLLOHOSP / PERSISTENT,APOLLOHOSP.NS,PERSISTENT.NS,0.8514,2755.4067,1.0,-1.8861094899912578,593.2947537109371,7364.5,4716.7001953125
2026-03-23,APOLLOHOSP / PERSISTENT,APOLLOHOSP.NS,PERSISTENT.NS,0.8514,2755.4067,1.0,-2.4434375457024804,367.154,7145.0,4724.5
2026-03-24,APOLLOHOSP / PERSISTENT,APOLLOHOSP.NS,PERSISTENT.NS,0.8514,2755.4067,1.0,-1.6014666784565248,474.06895371093697,7413.0,4913.7001953125
2026-03-25,APOLLOHOSP / PERSISTENT,APOLLOHOSP.NS,PERSISTENT.NS,0.8514,2755.4067,1.0,-0.7331945312695167,628.7131462890625,7580.5,4928.7998046875
2026-03-27,APOLLOHOSP / PERSISTENT,APOLLOHOSP.NS,PERSISTENT.NS,0.8514,2755.4067,1.0,-0.6780470130420837,621.9037462890624,7549.0,4899.7998046875
2026-03-30,APOLLOHOSP / PERSISTENT,APOLLOHOSP.NS,PERSISTENT.NS,0.8514,2755.4067,1.0,-1.1339561886117038,511.1450537109372,7419.0,4877.2001953125
2026-04-01,APOLLOHOSP / PERSISTENT,APOLLOHOSP.NS,PERSISTENT.NS,0.8514,2755.4067,1.0,-2.0356728499643952,251.28947685546837,7305.5,5049.10009765625
2026-04-02,APOLLOHOSP / PERSISTENT,APOLLOHOSP.NS,PERSISTENT.NS,0.8514,2755.4067,1.0,-2.1468313352413975,111.22935371093763,7317.5,5227.7001953125
2026-04-06,APOLLOHOSP / PERSISTENT,APOLLOHOSP.NS,PERSISTENT.NS,0.8514,2755.4067,1.0,-1.8445363758945934,97.17022314453106,7373.0,5309.39990234375
2026-04-07,APOLLOHOSP / PERSISTENT,APOLLOHOSP.NS,PERSISTENT.NS,0.8514,2755.4067,1.0,-1.883639476362639,-14.717546289063193,7326.5,5386.2001953125
2026-04-08,APOLLOHOSP / PERSISTENT,APOLLOHOSP.NS,PERSISTENT.NS,0.8514,2755.4067,1.0,-1.3715715809214621,70.7549231445314,7401.5,5373.89990234375
2026-04-09,APOLLOHOSP / PERSISTENT,APOLLOHOSP.NS,PERSISTENT.NS,0.8514,2755.4067,1.0,-1.2222266019843975,67.9986768554686,7481.5,5471.10009765625
2026-04-10,APOLLOHOSP / PERSISTENT,APOLLOHOSP.NS,PERSISTENT.NS,0.8514,2755.4067,1.0,-0.8758757989896976,135.46027685546824,7511.5,5427.10009765625
2026-04-13,APOLLOHOSP / PERSISTENT,APOLLOHOSP.NS,PERSISTENT.NS,0.8514,2755.4067,1.0,-0.6191252568082113,182.77502314453113,7516.5,5377.39990234375
2026-04-15,APOLLOHOSP / PERSISTENT,APOLLOHOSP.NS,PERSISTENT.NS,0.8514,2755.4067,1.0,-0.4014131079712934,213.68439999999964,7642.0,5488.5
2026-04-16,APOLLOHOSP / PERSISTENT,APOLLOHOSP.NS,PERSISTENT.NS,0.8514,2755.4067,1.0,-0.7323524266955188,114.46759999999949,7553.0,5500.5
2026-04-17,APOLLOHOSP / PERSISTENT,APOLLOHOSP.NS,PERSISTENT.NS,0.8514,2755.4067,0.0,0.23265525412741875,306.44320000000016,7699.0,5446.5
2026-04-20,APOLLOHOSP / PERSISTENT,APOLLOHOSP.NS,PERSISTENT.NS,0.8514,2755.4067,0.0,0.5311598018006466,367.7178537109371,7657.0,5325.2001953125
2026-04-21,APOLLOHOSP / PERSISTENT,APOLLOHOSP.NS,PERSISTENT.NS,0.8514,2755.4067,0.0,0.9500833646255782,450.71652314453104,7744.0,5329.89990234375
2026-04-22,APOLLOHOSP / PERSISTENT,APOLLOHOSP.NS,PERSISTENT.NS,0.8514,2755.4067,0.0,1.6729790507237798,587.1858462890618,7662.0,5073.2998046875
2026-04-23,APOLLOHOSP / PERSISTENT,APOLLOHOSP.NS,PERSISTENT.NS,0.8514,2755.4067,-1.0,2.146388713515176,713.0818537109376,7781.0,5065.2001953125
2026-04-24,APOLLOHOSP / PERSISTENT,APOLLOHOSP.NS,PERSISTENT.NS,0.8514,2755.4067,-1.0,2.452226935861716,935.2422462890622,7732.5,4747.2998046875
2026-04-27,APOLLOHOSP / PERSISTENT,APOLLOHOSP.NS,PERSISTENT.NS,0.8514,2755.4067,-1.0,2.02632096989118,967.9738000000002,7825.0,4817.5
2026-04-28,APOLLOHOSP / PERSISTENT,APOLLOHOSP.NS,PERSISTENT.NS,0.8514,2755.4067,-1.0,1.5533076706255071,907.8933999999999,7753.0,4803.5
2026-04-29,APOLLOHOSP / PERSISTENT,APOLLOHOSP.NS,PERSISTENT.NS,0.8514,2755.4067,-1.0,1.2365894624875997,861.9353462890622,7709.0,4805.7998046875
2026-04-30,APOLLOHOSP / PERSISTENT,APOLLOHOSP.NS,PERSISTENT.NS,0.8514,2755.4067,-1.0,0.9257492423809505,794.3732999999997,7636.5,4800.0
2026-05-01,APOLLOHOSP / PERSISTENT,APOLLOHOSP.NS,PERSISTENT.NS,0.8514,2755.4067,-1.0,0.8168554089298282,794.3732999999997,7636.5,4800.0
2026-05-04,APOLLOHOSP / PERSISTENT,APOLLOHOSP.NS,PERSISTENT.NS,0.8514,2755.4067,-1.0,1.0298923056854568,905.5048768554684,7737.5,4788.10009765625
2026-05-05,APOLLOHOSP / PERSISTENT,APOLLOHOSP.NS,PERSISTENT.NS,0.8514,2755.4067,-1.0,0.9474012368498195,915.9956462890627,7772.0,4816.2998046875
2026-05-06,APOLLOHOSP / PERSISTENT,APOLLOHOSP.NS,PERSISTENT.NS,0.8514,2755.4067,-1.0,0.2665278065328983,736.1736999999998,7760.5,5014.0
2026-05-07,APOLLOHOSP / PERSISTENT,APOLLOHOSP.NS,PERSISTENT.NS,0.8514,2755.4067,-1.0,0.5341253704746992,838.2157000000002,7837.0,4984.0
2026-05-08,APOLLOHOSP / PERSISTENT,APOLLOHOSP.NS,PERSISTENT.NS,0.8514,2755.4067,-1.0,1.0810509510294095,987.8741768554687,8097.0,5113.60009765625
2026-05-11,APOLLOHOSP / PERSISTENT,APOLLOHOSP.NS,PERSISTENT.NS,0.8514,2755.4067,-1.0,1.0124943776790165,986.0708768554682,8082.0,5098.10009765625
2026-05-12,APOLLOHOSP / PERSISTENT,APOLLOHOSP.NS,PERSISTENT.NS,0.8514,2755.4067,-1.0,1.648941202561064,1114.7302768554687,8022.5,4877.10009765625
2026-05-13,APOLLOHOSP / PERSISTENT,APOLLOHOSP.NS,PERSISTENT.NS,0.8514,2755.4067,-1.0,1.681276811073565,1124.0602999999996,8004.5,4845.0
2026-05-14,APOLLOHOSP / PERSISTENT,APOLLOHOSP.NS,PERSISTENT.NS,0.8514,2755.4067,-1.0,2.7765987958384226,1422.6331462890626,8119.0,4628.7998046875
2026-05-15,APOLLOHOSP / PERSISTENT,APOLLOHOSP.NS,PERSISTENT.NS,0.8514,2755.4067,-1.0,1.8457501481202465,1323.7252768554686,8082.5,4702.10009765625
2026-05-18,APOLLOHOSP / PERSISTENT,APOLLOHOSP.NS,PERSISTENT.NS,0.8514,2755.4067,-1.0,0.381470804985957,1055.6864768554683,8020.5,4944.10009765625
2026-05-19,APOLLOHOSP / PERSISTENT,APOLLOHOSP.NS,PERSISTENT.NS,0.8514,2755.4067,0.0,-0.13618353059404611,957.1456462890624,8026.0,5066.2998046875
2026-05-20,APOLLOHOSP / PERSISTENT,APOLLOHOSP.NS,PERSISTENT.NS,0.8514,2755.4067,0.0,0.03285532704904453,994.4904768554684,8078.5,5084.10009765625
2026-05-21,APOLLOHOSP / PERSISTENT,APOLLOHOSP.NS,PERSISTENT.NS,0.8514,2755.4067,0.0,1.3401663687671512,1279.9167000000002,8308.5,5019.0
2026-05-22,APOLLOHOSP / PERSISTENT,APOLLOHOSP.NS,PERSISTENT.NS,0.8514,2755.4067,0.0,1.5602193946751743,1375.3800462890626,8362.5,4970.2998046875
2026-05-25,APOLLOHOSP / PERSISTENT,APOLLOHOSP.NS,PERSISTENT.NS,0.8514,2755.4067,0.0,1.3034760868079303,1359.2400999999995,8404.0,5038.0
2026-05-26,APOLLOHOSP / PERSISTENT,APOLLOHOSP.NS,PERSISTENT.NS,0.8514,2755.4067,0.0,0.2655639682511136,1156.0153462890626,8258.5,5105.7998046875
2026-05-27,APOLLOHOSP / PERSISTENT,APOLLOHOSP.NS,PERSISTENT.NS,0.8514,2755.4067,0.0,0.29312574429197724,1176.3156231445314,8272.5,5098.39990234375
2026-05-28,APOLLOHOSP / PERSISTENT,APOLLOHOSP.NS,PERSISTENT.NS,0.8514,2755.4067,0.0,0.18007036146436303,1176.3156231445314,8272.5,5098.39990234375
2026-05-29,APOLLOHOSP / PERSISTENT,APOLLOHOSP.NS,PERSISTENT.NS,0.8514,2755.4067,0.0,-1.0053030703752248,998.6664462890626,8176.5,5194.2998046875
2026-06-01,APOLLOHOSP / PERSISTENT,APOLLOHOSP.NS,PERSISTENT.NS,0.8514,2755.4067,1.0,-2.130748919655987,753.8304999999996,8108.5,5402.0
2026-06-02,APOLLOHOSP / PERSISTENT,APOLLOHOSP.NS,PERSISTENT.NS,0.8514,2755.4067,1.0,-2.0891571101122226,676.5095999999999,8089.5,5470.5
2026-06-03,APOLLOHOSP / PERSISTENT,APOLLOHOSP.NS,PERSISTENT.NS,0.8514,2755.4067,0.0,0.3204879853435233,1195.0817999999995,8290.5,5097.5
2026-06-04,APOLLOHOSP / PERSISTENT,APOLLOHOSP.NS,PERSISTENT.NS,0.8514,2755.4067,0.0,0.028142700481478593,1133.1482,8249.0,5121.5
2026-06-05,APOLLOHOSP / PERSISTENT,APOLLOHOSP.NS,PERSISTENT.NS,0.8514,2755.4067,0.0,0.7037113893642784,1259.3143999999998,8304.5,5038.5
2026-06-08,APOLLOHOSP / PERSISTENT,APOLLOHOSP.NS,PERSISTENT.NS,0.8514,2755.4067,0.0,0.8783364194671096,1290.7522999999997,8358.5,5065.0
2026-06-09,APOLLOHOSP / PERSISTENT,APOLLOHOSP.NS,PERSISTENT.NS,0.8514,2755.4067,0.0,1.6025966781018621,1496.2680999999998,8524.0,5018.0
2026-06-10,APOLLOHOSP / PERSISTENT,APOLLOHOSP.NS,PERSISTENT.NS,0.8514,2755.4067,0.0,1.523167131358254,1537.3941,8488.5,4928.0
2026-06-11,APOLLOHOSP / PERSISTENT,APOLLOHOSP.NS,PERSISTENT.NS,0.8514,2755.4067,0.0,1.4837071753876763,1587.8696999999997,8493.0,4874.0
2026-06-12,APOLLOHOSP / PERSISTENT,APOLLOHOSP.NS,PERSISTENT.NS,0.8514,2755.4067,0.0,1.4948507322827795,1646.5079,8498.0,4811.0
2026-06-15,APOLLOHOSP / PERSISTENT,APOLLOHOSP.NS,PERSISTENT.NS,0.8514,2755.4067,0.0,1.0632377111840434,1549.3215999999998,8468.5,4890.5
2026-06-16,APOLLOHOSP / PERSISTENT,APOLLOHOSP.NS,PERSISTENT.NS,0.8514,2755.4067,0.0,0.404880886057254,1364.0452,8390.5,5016.5
2026-06-17,APOLLOHOSP / PERSISTENT,APOLLOHOSP.NS,PERSISTENT.NS,0.8514,2755.4067,0.0,0.40039846223121606,1376.7803,8427.5,5045.0
2026-06-18,APOLLOHOSP / PERSISTENT,APOLLOHOSP.NS,PERSISTENT.NS,0.8514,2755.4067,0.0,0.5926460867702824,1449.7516,8411.5,4940.5
2026-06-19,APOLLOHOSP / PERSISTENT,APOLLOHOSP.NS,PERSISTENT.NS,0.8514,2755.4067,0.0,1.061213771762745,1622.6826999999998,8489.5,4829.0
2026-06-22,APOLLOHOSP / PERSISTENT,APOLLOHOSP.NS,PERSISTENT.NS,0.8514,2755.4067,0.0,0.7934564140552312,1575.3636000000001,8469.0,4860.5
2026-06-23,APOLLOHOSP / PERSISTENT,APOLLOHOSP.NS,PERSISTENT.NS,0.8514,2755.4067,0.0,0.8598009625852474,1614.2971999999995,8487.5,4836.5
2024-06-28,SBILIFE / TATACONSUM,SBILIFE.NS,TATACONSUM.NS,0.8175,566.7085,0.0,,37.24758428955079,1487.048583984375,1080.2354736328125
2024-07-01,SBILIFE / TATACONSUM,SBILIFE.NS,TATACONSUM.NS,0.8175,566.7085,0.0,,49.44846350097657,1496.916015625,1077.381103515625
2024-07-02,SBILIFE / TATACONSUM,SBILIFE.NS,TATACONSUM.NS,0.8175,566.7085,0.0,,34.112525695800855,1489.9888916015625,1087.6671142578125
2024-07-03,SBILIFE / TATACONSUM,SBILIFE.NS,TATACONSUM.NS,0.8175,566.7085,0.0,,2.284430603027431,1491.4342041015625,1128.3685302734375
2024-07-04,SBILIFE / TATACONSUM,SBILIFE.NS,TATACONSUM.NS,0.8175,566.7085,0.0,,22.61899969482431,1502.796630859375,1117.3934326171875
2024-07-05,SBILIFE / TATACONSUM,SBILIFE.NS,TATACONSUM.NS,0.8175,566.7085,0.0,,42.42766058349616,1524.3756103515625,1119.5589599609375
2024-07-08,SBILIFE / TATACONSUM,SBILIFE.NS,TATACONSUM.NS,0.8175,566.7085,0.0,,17.24239538574227,1509.9730224609375,1132.748779296875
2024-07-09,SBILIFE / TATACONSUM,SBILIFE.NS,TATACONSUM.NS,0.8175,566.7085,0.0,,33.930526794433604,1519.7408447265625,1124.2835693359375
2024-07-10,SBILIFE / TATACONSUM,SBILIFE.NS,TATACONSUM.NS,0.8175,566.7085,0.0,,60.94845007324227,1553.6790771484375,1132.748779296875
2024-07-11,SBILIFE / TATACONSUM,SBILIFE.NS,TATACONSUM.NS,0.8175,566.7085,0.0,,76.55918737792967,1553.6790771484375,1113.653076171875
2024-07-12,SBILIFE / TATACONSUM,SBILIFE.NS,TATACONSUM.NS,0.8175,566.7085,0.0,,63.81829748535165,1557.7156982421875,1134.176025390625
2024-07-15,SBILIFE / TATACONSUM,SBILIFE.NS,TATACONSUM.NS,0.8175,566.7085,0.0,,117.02804052734382,1608.1494140625,1130.7802734375
2024-07-16,SBILIFE / TATACONSUM,SBILIFE.NS,TATACONSUM.NS,0.8175,566.7085,0.0,,102.81391882324226,1616.0235595703125,1157.799560546875
2024-07-18,SBILIFE / TATACONSUM,SBILIFE.NS,TATACONSUM.NS,0.8175,566.7085,0.0,,139.1270081176758,1654.34716796875,1160.2589111328125
2024-07-19,SBILIFE / TATACONSUM,SBILIFE.NS,TATACONSUM.NS,0.8175,566.7085,0.0,1.6233800246104175,131.35868017578127,1642.286865234375,1155.0087890625
2024-07-22,SBILIFE / TATACONSUM,SBILIFE.NS,TATACONSUM.NS,0.8175,566.7085,0.0,0.6051427302784184,91.5434006347657,1615.82421875,1171.34228515625
2024-07-23,SBILIFE / TATACONSUM,SBILIFE.NS,TATACONSUM.NS,0.8175,566.7085,0.0,-0.9122073088606376,23.920688232421867,1589.610595703125,1221.99560546875
2024-07-24,SBILIFE / TATACONSUM,SBILIFE.NS,TATACONSUM.NS,0.8175,566.7085,0.0,0.3481869915151372,82.28202551269533,1627.5853271484375,1197.057861328125
2024-07-25,SBILIFE / TATACONSUM,SBILIFE.NS,TATACONSUM.NS,0.8175,566.7085,0.0,1.6569073640213288,150.60715460205085,1689.8302001953125,1189.6202392578125
2024-07-26,SBILIFE / TATACONSUM,SBILIFE.NS,TATACONSUM.NS,0.8175,566.7085,-1.0,2.16520681926231,201.89319586181648,1745.19775390625,1194.6129150390625
2024-07-29,SBILIFE / TATACONSUM,SBILIFE.NS,TATACONSUM.NS,0.8175,566.7085,-1.0,1.8338479479497853,207.51431372070317,1740.961669921875,1182.55517578125
2024-07-30,SBILIFE / TATACONSUM,SBILIFE.NS,TATACONSUM.NS,0.8175,566.7085,-1.0,1.3098304892859067,187.17916296386727,1715.39599609375,1176.156982421875
2024-07-31,SBILIFE / TATACONSUM,SBILIFE.NS,TATACONSUM.NS,0.8175,566.7085,-1.0,1.6588766224197469,224.45992651367192,1747.888916015625,1170.30029296875
2024-08-01,SBILIFE / TATACONSUM,SBILIFE.NS,TATACONSUM.NS,0.8175,566.7085,-1.0,1.3943657659116058,222.40438726806644,1761.4442138671875,1189.3961181640625
2024-08-02,SBILIFE / TATACONSUM,SBILIFE.NS,TATACONSUM.NS,0.8175,566.7085,-1.0,1.0714574911966883,211.95669989013675,1739.167724609375,1174.9266357421875
2024-08-05,SBILIFE / TATACONSUM,SBILIFE.NS,TATACONSUM.NS,0.8175,566.7085,-1.0,0.544062375634631,184.70421118164063,1716.5421142578125,1180.58642578125
2024-08-06,SBILIFE / TATACONSUM,SBILIFE.NS,TATACONSUM.NS,0.8175,566.7085,0.0,-0.0964085152413972,148.26550634765624,1668.9989013671875,1167.0029296875
2024-08-07,SBILIFE / TATACONSUM,SBILIFE.NS,TATACONSUM.NS,0.8175,566.7085,0.0,-0.15320496405695563,148.1632410278321,1680.162109375,1180.7833251953125
2024-08-08,SBILIFE / TATACONSUM,SBILIFE.NS,TATACONSUM.NS,0.8175,566.7085,0.0,0.44250979574537913,185.83526983642582,1700.694580078125,1159.8175048828125
2024-08-09,SBILIFE / TATACONSUM,SBILIFE.NS,TATACONSUM.NS,0.8175,566.7085,0.0,0.5776215906286251,198.25664251708986,1719.4326171875,1167.5443115234375
2024-08-12,SBILIFE / TATACONSUM,SBILIFE.NS,TATACONSUM.NS,0.8175,566.7085,0.0,0.35279165362633585,190.57442144775393,1699.398681640625,1152.4351806640625
2024-08-13,SBILIFE / TATACONSUM,SBILIFE.NS,TATACONSUM.NS,0.8175,566.7085,0.0,-0.5047990205569759,161.6112512817383,1676.8729248046875,1160.3096923828125
2024-08-14,SBILIFE / TATACONSUM,SBILIFE.NS,TATACONSUM.NS,0.8175,566.7085,0.0,-0.25842264307772767,180.33213903808598,1686.5411376953125,1149.236083984375
2024-08-16,SBILIFE / TATACONSUM,SBILIFE.NS,TATACONSUM.NS,0.8175,566.7085,0.0,-1.0878668473439241,160.88816503906253,1683.3515625,1169.119140625
2024-08-19,SBILIFE / TATACONSUM,SBILIFE.NS,TATACONSUM.NS,0.8175,566.7085,0.0,-1.2520558498808672,151.92357733154302,1666.05859375,1158.9315185546875
2024-08-20,SBILIFE / TATACONSUM,SBILIFE.NS,TATACONSUM.NS,0.8175,566.7085,0.0,1.9867125434839572,246.36780279541017,1755.5137939453125,1152.8287353515625
2024-08-21,SBILIFE / TATACONSUM,SBILIFE.NS,TATACONSUM.NS,0.8175,566.7085,-1.0,2.2697577602006045,280.42880499267585,1794.6845703125,1159.0792236328125
2024-08-22,SBILIFE / TATACONSUM,SBILIFE.NS,TATACONSUM.NS,0.8175,566.7085,-1.0,1.4102835904263522,252.3643790283204,1789.3521728515625,1186.885986328125
2024-08-23,SBILIFE / TATACONSUM,SBILIFE.NS,TATACONSUM.NS,0.8175,566.7085,-1.0,1.3185891216274706,253.67602148437504,1783.421875,1178.02734375
2024-08-26,SBILIFE / TATACONSUM,SBILIFE.NS,TATACONSUM.NS,0.8175,566.7085,-1.0,0.9660966807797159,241.89445043945318,1790.3489990234375,1200.91259765625
2024-08-27,SBILIFE / TATACONSUM,SBILIFE.NS,TATACONSUM.NS,0.8175,566.7085,-1.0,1.7229458431710625,292.8630341186522,1832.9085693359373,1190.6263427734375
2024-08-28,SBILIFE / TATACONSUM,SBILIFE.NS,TATACONSUM.NS,0.8175,566.7085,-1.0,1.6408264972037796,304.39676977539045,1837.6429443359373,1182.30908203125
2024-08-29,SBILIFE / TATACONSUM,SBILIFE.NS,TATACONSUM.NS,0.8175,566.7085,-1.0,1.4530221413458422,306.5695514526366,1837.6429443359373,1179.6512451171875
2024-08-30,SBILIFE / TATACONSUM,SBILIFE.NS,TATACONSUM.NS,0.8175,566.7085,-1.0,1.3267912723410489,311.7799875488282,1844.221435546875,1181.32470703125
2024-09-02,SBILIFE / TATACONSUM,SBILIFE.NS,TATACONSUM.NS,0.8175,566.7085,-1.0,1.6497054647301825,350.46574285888676,1882.5450439453125,1180.8817138671875
2024-09-03,SBILIFE / TATACONSUM,SBILIFE.NS,TATACONSUM.NS,0.8175,566.7085,-1.0,1.839883868229813,390.7979923095703,1922.31396484375,1180.192626953125
2024-09-04,SBILIFE / TATACONSUM,SBILIFE.NS,TATACONSUM.NS,0.8175,566.7085,-1.0,1.440723268041869,377.6609192504883,1905.91796875,1176.2061767578125
2024-09-05,SBILIFE / TATACONSUM,SBILIFE.NS,TATACONSUM.NS,0.8175,566.7085,-1.0,1.2707672332742832,378.39458410644534,1901.582275390625,1170.005126953125
2024-09-06,SBILIFE / TATACONSUM,SBILIFE.NS,TATACONSUM.NS,0.8175,566.7085,-1.0,1.162001211432926,378.79195562744144,1890.0703125,1155.4371337890625
2024-09-09,SBILIFE / TATACONSUM,SBILIFE.NS,TATACONSUM.NS,0.8175,566.7085,-1.0,0.987680511216004,369.57871740722635,1895.5023193359373,1173.351806640625
2024-09-10,SBILIFE / TATACONSUM,SBILIFE.NS,TATACONSUM.NS,0.8175,566.7085,0.0,-0.16425916045183184,311.7008072509766,1847.3609619140625,1185.261962890625
2024-09-11,SBILIFE / TATACONSUM,SBILIFE.NS,TATACONSUM.NS,0.8175,566.7085,0.0,-0.10739816376467459,317.18102209472636,1853.0423583984373,1185.508056640625
2024-09-12,SBILIFE / TATACONSUM,SBILIFE.NS,TATACONSUM.NS,0.8175,566.7085,0.0,-0.17020409569130365,319.15985662841797,1869.7869873046875,1203.5701904296875
2024-09-13,SBILIFE / TATACONSUM,SBILIFE.NS,TATACONSUM.NS,0.8175,566.7085,0.0,-0.7174488829217239,299.82497412109376,1840.433837890625,1191.3154296875
2024-09-16,SBILIFE / TATACONSUM,SBILIFE.NS,TATACONSUM.NS,0.8175,566.7085,0.0,-1.6498536158089583,268.0596033325196,1815.266845703125,1199.3868408203125
2024-09-17,SBILIFE / TATACONSUM,SBILIFE.NS,TATACONSUM.NS,0.8175,566.7085,0.0,-1.5834936412153624,264.5582919921875,1813.1737060546875,1201.109375
2024-09-18,SBILIFE / TATACONSUM,SBILIFE.NS,TATACONSUM.NS,0.8175,566.7085,0.0,-0.6404671501254299,303.39241796875,1836.3970947265625,1182.013671875
2024-09-19,SBILIFE / TATACONSUM,SBILIFE.NS,TATACONSUM.NS,0.8175,566.7085,0.0,-0.9118477872367733,290.3098969116211,1834.9019775390625,1196.1878662109375
2024-09-20,SBILIFE / TATACONSUM,SBILIFE.NS,TATACONSUM.NS,0.8175,566.7085,0.0,-0.2612359358494477,318.2263315429685,1864.1058349609373,1197.7626953125
2024-09-23,SBILIFE / TATACONSUM,SBILIFE.NS,TATACONSUM.NS,0.8175,566.7085,0.0,0.9627224731917513,372.2271469726563,1913.8419189453125,1192.5458984375
2024-09-24,SBILIFE / TATACONSUM,SBILIFE.NS,TATACONSUM.NS,0.8175,566.7085,0.0,-0.22983608873539554,316.5300150146485,1858.2252197265625,1192.644287109375
2024-09-25,SBILIFE / TATACONSUM,SBILIFE.NS,TATACONSUM.NS,0.8175,566.7085,0.0,0.28798660859730757,333.52555944824223,1857.4776611328125,1170.940185546875
2024-09-26,SBILIFE / TATACONSUM,SBILIFE.NS,TATACONSUM.NS,0.8175,566.7085,0.0,0.8050880440590967,348.9201279296875,1892.063720703125,1194.416015625
2024-09-27,SBILIFE / TATACONSUM,SBILIFE.NS,TATACONSUM.NS,0.8175,566.7085,0.0,0.7711808371395282,342.8971823730469,1876.465087890625,1182.70263671875
2024-09-30,SBILIFE / TATACONSUM,SBILIFE.NS,TATACONSUM.NS,0.8175,566.7085,0.0,-0.21875468762359268,308.0757358398438,1837.942138671875,1178.1748046875
2024-10-01,SBILIFE / TATACONSUM,SBILIFE.NS,TATACONSUM.NS,0.8175,566.7085,0.0,-0.5070204547181469,298.87102026367165,1828.1741943359373,1177.48583984375
2024-10-03,SBILIFE / TATACONSUM,SBILIFE.NS,TATACONSUM.NS,0.8175,566.7085,0.0,-0.2548248793599436,305.31864416503913,1799.618408203125,1134.668212890625
2024-10-04,SBILIFE / TATACONSUM,SBILIFE.NS,TATACONSUM.NS,0.8175,566.7085,0.0,0.11945994038051846,315.87760809326176,1792.19287109375,1112.6688232421875
2024-10-07,SBILIFE / TATACONSUM,SBILIFE.NS,TATACONSUM.NS,0.8175,566.7085,0.0,0.25131469718599,321.04981542968756,1782.076171875,1093.966796875
2024-10-08,SBILIFE / TATACONSUM,SBILIFE.NS,TATACONSUM.NS,0.8175,566.7085,0.0,-1.9114466669337011,255.19089147949228,1722.373046875,1101.496826171875
2024-10-09,SBILIFE / TATACONSUM,SBILIFE.NS,TATACONSUM.NS,0.8175,566.7085,0.0,-1.5778216432943624,265.51603582763676,1731.6923828125,1100.2664794921875
2024-10-10,SBILIFE / TATACONSUM,SBILIFE.NS,TATACONSUM.NS,0.8175,566.7085,0.0,-1.3842688944815413,265.5626251831055,1728.8018798828125,1096.6737060546875
2024-10-11,SBILIFE / TATACONSUM,SBILIFE.NS,TATACONSUM.NS,0.8175,566.7085,0.0,-1.234191704516011,266.9557636108399,1729.3499755859375,1095.6400146484375
2024-10-14,SBILIFE / TATACONSUM,SBILIFE.NS,TATACONSUM.NS,0.8175,566.7085,0.0,-1.0153519573206193,269.8328967895508,1732.58935546875,1096.0831298828125
2024-10-15,SBILIFE / TATACONSUM,SBILIFE.NS,TATACONSUM.NS,0.8175,566.7085,0.0,-1.3479054843569414,253.96274420166014,1718.087158203125,1097.7564697265625
2024-10-16,SBILIFE / TATACONSUM,SBILIFE.NS,TATACONSUM.NS,0.8175,566.7085,0.0,-0.8878382953247216,264.9760095825196,1728.05419921875,1096.4766845703125
2024-10-17,SBILIFE / TATACONSUM,SBILIFE.NS,TATACONSUM.NS,0.8175,566.7085,0.0,-1.108984367226287,252.48165441894537,1696.4085693359375,1073.050048828125
2024-10-18,SBILIFE / TATACONSUM,SBILIFE.NS,TATACONSUM.NS,0.8175,566.7085,0.0,-0.969764580148039,254.02388494873048,1700.4453125,1076.1014404296875
2024-10-21,SBILIFE / TATACONSUM,SBILIFE.NS,TATACONSUM.NS,0.8175,566.7085,0.0,1.4866329447112572,321.121110748291,1706.2261962890625,1001.0967407226562
2024-10-22,SBILIFE / TATACONSUM,SBILIFE.NS,TATACONSUM.NS,0.8175,566.7085,0.0,1.4374341214786348,322.5939728393554,1692.5711669921875,982.5916748046876
2024-10-23,SBILIFE / TATACONSUM,SBILIFE.NS,TATACONSUM.NS,0.8175,566.7085,0.0,1.430435182035007,327.26930197143554,1710.3626708984375,998.6359252929688
2024-10-24,SBILIFE / TATACONSUM,SBILIFE.NS,TATACONSUM.NS,0.8175,566.7085,0.0,-0.6575447205138529,261.39897817993165,1629.927734375,980.8198852539062
2024-10-25,SBILIFE / TATACONSUM,SBILIFE.NS,TATACONSUM.NS,0.8175,566.7085,0.0,-0.5488578812468373,261.73933630371096,1611.4385986328125,957.786865234375
2024-10-28,SBILIFE / TATACONSUM,SBILIFE.NS,TATACONSUM.NS,0.8175,566.7085,0.0,-0.89104128869209,248.6316243591309,1600.624267578125,960.5922241210938
2024-10-29,SBILIFE / TATACONSUM,SBILIFE.NS,TATACONSUM.NS,0.8175,566.7085,0.0,0.5845208293488573,290.90392095947277,1655.89208984375,976.4888916015624
2024-10-30,SBILIFE / TATACONSUM,SBILIFE.NS,TATACONSUM.NS,0.8175,566.7085,0.0,-1.4795776031551493,229.16279989624024,1618.8143310546875,1006.6581420898438
2024-10-31,SBILIFE / TATACONSUM,SBILIFE.NS,TATACONSUM.NS,0.8175,566.7085,0.0,-0.9172430781430931,243.3836739196778,1616.8209228515625,986.8241577148438
2024-11-01,SBILIFE / TATACONSUM,SBILIFE.NS,TATACONSUM.NS,0.8175,566.7085,0.0,-0.6863282618725621,248.81439611816415,1623.4989013671875,988.349853515625
2024-11-04,SBILIFE / TATACONSUM,SBILIFE.NS,TATACONSUM.NS,0.8175,566.7085,0.0,-0.9760802450107218,236.47466864013666,1603.5147705078125,978.9989013671876
2024-11-05,SBILIFE / TATACONSUM,SBILIFE.NS,TATACONSUM.NS,0.8175,566.7085,0.0,-0.3769613858758228,255.84566168212905,1627.83447265625,985.0523681640624
2024-11-06,SBILIFE / TATACONSUM,SBILIFE.NS,TATACONSUM.NS,0.8175,566.7085,0.0,-1.269207547360637,221.62222311401376,1598.6805419921875,991.2536010742188
2024-11-07,SBILIFE / TATACONSUM,SBILIFE.NS,TATACONSUM.NS,0.8175,566.7085,0.0,-1.0618106346643321,225.43248617553718,1584.626953125,969.4017944335938
2024-11-08,SBILIFE / TATACONSUM,SBILIFE.NS,TATACONSUM.NS,0.8175,566.7085,0.0,-1.5410432185394303,199.07982351684575,1564.792236328125,977.3748168945312
2024-11-11,SBILIFE / TATACONSUM,SBILIFE.NS,TATACONSUM.NS,0.8175,566.7085,0.0,-1.1586616003255226,208.82243719482415,1560.8553466796875,960.6414794921876
2024-11-12,SBILIFE / TATACONSUM,SBILIFE.NS,TATACONSUM.NS,0.8175,566.7085,0.0,-0.9872041049952851,212.04332891845718,1557.31689453125,952.3731689453124
2024-11-13,SBILIFE / TATACONSUM,SBILIFE.NS,TATACONSUM.NS,0.8175,566.7085,0.0,-1.1313853699914698,208.25427145385743,1541.61865234375,937.8053588867188
2024-11-14,SBILIFE / TATACONSUM,SBILIFE.NS,TATACONSUM.NS,0.8175,566.7085,0.0,0.42459496775202055,246.13291448974599,1557.16748046875,910.4906005859376
2024-11-18,SBILIFE / TATACONSUM,SBILIFE.NS,TATACONSUM.NS,0.8175,566.7085,0.0,0.3146570874800308,241.8050585021973,1557.466552734375,916.1504516601562
2024-11-19,SBILIFE / TATACONSUM,SBILIFE.NS,TATACONSUM.NS,0.8175,566.7085,0.0,-0.7968763191848673,213.17907110595718,1517.89697265625,902.7637939453124
2024-11-21,SBILIFE / TATACONSUM,SBILIFE.NS,TATACONSUM.NS,0.8175,566.7085,1.0,-2.302015337128868,172.76223318481448,1473.0946044921875,897.3992309570312
2024-11-22,SBILIFE / TATACONSUM,SBILIFE.NS,TATACONSUM.NS,0.8175,566.7085,1.0,-2.2928142573506927,152.9819315185547,1480.27099609375,930.373779296875
2024-11-25,SBILIFE / TATACONSUM,SBILIFE.NS,TATACONSUM.NS,0.8175,566.7085,1.0,-1.8097124953692423,154.54976934814465,1490.2879638671875,940.7091064453124
2024-11-26,SBILIFE / TATACONSUM,SBILIFE.NS,TATACONSUM.NS,0.8175,566.7085,1.0,-1.416033611453116,159.74518988037107,1501.800048828125,948.4359130859376
2024-11-27,SBILIFE / TATACONSUM,SBILIFE.NS,TATACONSUM.NS,0.8175,566.7085,1.0,-1.1895940628115875,161.21600210571296,1500.4544677734375,944.9907836914062
2024-11-28,SBILIFE / TATACONSUM,SBILIFE.NS,TATACONSUM.NS,0.8175,566.7085,1.0,-2.2864395506673403,99.95712927246097,1423.90673828125,926.288818359375
2024-11-29,SBILIFE / TATACONSUM,SBILIFE.NS,TATACONSUM.NS,0.8175,566.7085,1.0,-1.9098828643626025,94.91477514648443,1433.0267333984375,943.61279296875
2024-12-02,SBILIFE / TATACONSUM,SBILIFE.NS,TATACONSUM.NS,0.8175,566.7085,1.0,-1.8009536669002049,80.59402670288091,1417.3782958984375,941.9887084960938
2024-12-03,SBILIFE / TATACONSUM,SBILIFE.NS,TATACONSUM.NS,0.8175,566.7085,1.0,-1.2159023255373789,101.0413205566407,1436.2161865234375,940.02001953125
2024-12-04,SBILIFE / TATACONSUM,SBILIFE.NS,TATACONSUM.NS,0.8175,566.7085,1.0,-0.9572834008609361,107.66398962402343,1447.827880859375,946.122802734375
2024-12-05,SBILIFE / TATACONSUM,SBILIFE.NS,TATACONSUM.NS,0.8175,566.7085,1.0,-1.2206254511096333,82.75766195678716,1427.1461181640625,951.2904663085938
2024-12-06,SBILIFE / TATACONSUM,SBILIFE.NS,TATACONSUM.NS,0.8175,566.7085,1.0,-0.9105913207115346,92.96539022827153,1443.791259765625,959.1649780273438
2024-12-09,SBILIFE / TATACONSUM,SBILIFE.NS,TATACONSUM.NS,0.8175,566.7085,0.0,0.17965351610068098,146.2367049255372,1464.47314453125,919.3002319335938
2024-12-10,SBILIFE / TATACONSUM,SBILIFE.NS,TATACONSUM.NS,0.8175,566.7085,0.0,0.3451572525579481,144.60469778442382,1457.0474853515625,912.2131958007812
2024-12-11,SBILIFE / TATACONSUM,SBILIFE.NS,TATACONSUM.NS,0.8175,566.7085,0.0,0.2057822198469119,132.24461203002932,1451.3662109375,920.3829956054688
2024-12-12,SBILIFE / TATACONSUM,SBILIFE.NS,TATACONSUM.NS,0.8175,566.7085,0.0,-0.0782898833799322,119.77678228759783,1427.7938232421875,906.7994384765624
2024-12-13,SBILIFE / TATACONSUM,SBILIFE.NS,TATACONSUM.NS,0.8175,566.7085,0.0,-0.3488233773423925,109.28952780151371,1424.1060791015625,915.1168823242188
2024-12-16,SBILIFE / TATACONSUM,SBILIFE.NS,TATACONSUM.NS,0.8175,566.7085,0.0,-0.2437006591002109,109.68681723022462,1416.9796142578125,905.9135131835938
2024-12-17,SBILIFE / TATACONSUM,SBILIFE.NS,TATACONSUM.NS,0.8175,566.7085,0.0,-0.11227538549550173,110.20812567138671,1405.0687255859375,890.7059326171875
2024-12-18,SBILIFE / TATACONSUM,SBILIFE.NS,TATACONSUM.NS,0.8175,566.7085,0.0,-0.6745333536187897,94.96587286376962,1393.4072265625,895.0860595703125
2024-12-19,SBILIFE / TATACONSUM,SBILIFE.NS,TATACONSUM.NS,0.8175,566.7085,0.0,-0.20718794831816914,104.65038137817385,1401.28125,892.8713989257812
2024-12-20,SBILIFE / TATACONSUM,SBILIFE.NS,TATACONSUM.NS,0.8175,566.7085,0.0,0.18174042876080912,113.57042639160159,1395.998779296875,875.498291015625
2024-12-23,SBILIFE / TATACONSUM,SBILIFE.NS,TATACONSUM.NS,0.8175,566.7085,0.0,-0.23919887933191677,107.55280203247071,1400.683349609375,888.5896606445312
2024-12-24,SBILIFE / TATACONSUM,SBILIFE.NS,TATACONSUM.NS,0.8175,566.7085,0.0,-1.3306030638043336,85.65157537841799,1382.443359375,893.0682373046875
2024-12-26,SBILIFE / TATACONSUM,SBILIFE.NS,TATACONSUM.NS,0.8175,566.7085,0.0,0.08540794139096203,112.73891088867197,1404.4210205078125,886.81787109375
2024-12-27,SBILIFE / TATACONSUM,SBILIFE.NS,TATACONSUM.NS,0.8175,566.7085,0.0,-0.5262664181598418,103.36850332641609,1400.683349609375,893.7080688476562
2024-12-30,SBILIFE / TATACONSUM,SBILIFE.NS,TATACONSUM.NS,0.8175,566.7085,0.0,-0.470946385169204,105.50404440307625,1399.238037109375,889.3278198242188
2024-12-31,SBILIFE / TATACONSUM,SBILIFE.NS,TATACONSUM.NS,0.8175,566.7085,0.0,-1.6614093502905958,83.08587408447272,1385.832275390625,900.3521728515625
2025-01-01,SBILIFE / TATACONSUM,SBILIFE.NS,TATACONSUM.NS,0.8175,566.7085,0.0,-1.287789313747827,88.5468578186036,1395.7994384765625,905.8643188476562
2025-01-02,SBILIFE / TATACONSUM,SBILIFE.NS,TATACONSUM.NS,0.8175,566.7085,0.0,-0.05807835622205652,102.80130178833008,1417.57763671875,915.0676879882812
2025-01-03,SBILIFE / TATACONSUM,SBILIFE.NS,TATACONSUM.NS,0.8175,566.7085,0.0,1.5546052740319878,120.28183340454109,1442.9439697265625,924.7139282226562
2025-01-06,SBILIFE / TATACONSUM,SBILIFE.NS,TATACONSUM.NS,0.8175,566.7085,0.0,-0.1537292712635643,101.27986975097656,1429.9368896484375,932.047119140625
2025-01-07,SBILIFE / TATACONSUM,SBILIFE.NS,TATACONSUM.NS,0.8175,566.7085,-1.0,2.36293816935725,137.7203977050782,1472.895263671875,940.02001953125
2025-01-08,SBILIFE / TATACONSUM,SBILIFE.NS,TATACONSUM.NS,0.8175,566.7085,-1.0,0.8789048527346968,117.85753973388671,1458.34326171875,946.5164794921876
2025-01-09,SBILIFE / TATACONSUM,SBILIFE.NS,TATACONSUM.NS,0.8175,566.7085,-1.0,0.6722049290629478,116.30023382568356,1463.625732421875,954.8831787109376
2025-01-10,SBILIFE / TATACONSUM,SBILIFE.NS,TATACONSUM.NS,0.8175,566.7085,-1.0,1.0695119318350645,123.94552282714847,1473.443603515625,957.540771484375
2025-01-13,SBILIFE / TATACONSUM,SBILIFE.NS,TATACONSUM.NS,0.8175,566.7085,-1.0,0.7030727523421357,118.9954939880372,1462.5792236328125,950.3060913085938
2025-01-14,SBILIFE / TATACONSUM,SBILIFE.NS,TATACONSUM.NS,0.8175,566.7085,-1.0,2.177876675130209,152.5916788330079,1494.32470703125,948.042236328125
2025-01-15,SBILIFE / TATACONSUM,SBILIFE.NS,TATACONSUM.NS,0.8175,566.7085,-1.0,0.9776803213185037,132.2942975463867,1467.9117431640625,940.5614013671876
2025-01-16,SBILIFE / TATACONSUM,SBILIFE.NS,TATACONSUM.NS,0.8175,566.7085,-1.0,2.595789555244279,187.37347677612308,1508.62744140625,922.9913940429688
2025-01-17,SBILIFE / TATACONSUM,SBILIFE.NS,TATACONSUM.NS,0.8175,566.7085,-1.0,2.2618813860635143,200.7068727722168,1535.439208984375,939.4786987304688
2025-01-20,SBILIFE / TATACONSUM,SBILIFE.NS,TATACONSUM.NS,0.8175,566.7085,-1.0,0.7813750753871074,155.33354605102545,1494.773193359375,945.2368774414062
2025-01-21,SBILIFE / TATACONSUM,SBILIFE.NS,TATACONSUM.NS,0.8175,566.7085,0.0,-0.5911035343163378,112.79732580566406,1461.732177734375,956.851806640625
2025-01-22,SBILIFE / TATACONSUM,SBILIFE.NS,TATACONSUM.NS,0.8175,566.7085,0.0,-0.7639332253886932,110.10067343139656,1455.2535400390625,952.2255249023438
2025-01-23,SBILIFE / TATACONSUM,SBILIFE.NS,TATACONSUM.NS,0.8175,566.7085,0.0,-1.450405626924086,86.65685751342778,1445.0869140625,968.4667358398438
2025-01-24,SBILIFE / TATACONSUM,SBILIFE.NS,TATACONSUM.NS,0.8175,566.7085,0.0,-1.665147093423553,70.43840185546878,1435.66796875,976.7841796875
2025-01-27,SBILIFE / TATACONSUM,SBILIFE.NS,TATACONSUM.NS,0.8175,566.7085,0.0,-1.3818739759544405,75.85506506347656,1419.720458984375,950.650634765625
2025-01-28,SBILIFE / TATACONSUM,SBILIFE.NS,TATACONSUM.NS,0.8175,566.7085,0.0,-1.2276428418476906,74.63251242065428,1414.836669921875,946.1720581054688
2025-01-29,SBILIFE / TATACONSUM,SBILIFE.NS,TATACONSUM.NS,0.8175,566.7085,0.0,-0.14907622430662779,116.4999733581543,1456.1005859375,945.4337768554688
2025-01-30,SBILIFE / TATACONSUM,SBILIFE.NS,TATACONSUM.NS,0.8175,566.7085,0.0,0.017799956687225112,123.47164144897465,1468.061279296875,951.5365600585938
2025-01-31,SBILIFE / TATACONSUM,SBILIFE.NS,TATACONSUM.NS,0.8175,566.7085,0.0,-0.8226123449547378,87.5052840270996,1478.7259521484375,1008.5775756835938
2025-02-01,SBILIFE / TATACONSUM,SBILIFE.NS,TATACONSUM.NS,0.8175,566.7085,0.0,-1.9415974158905793,21.980037902832123,1449.572021484375,1053.0684814453125
2025-02-03,SBILIFE / TATACONSUM,SBILIFE.NS,TATACONSUM.NS,0.8175,566.7085,0.0,-1.0914903435582335,54.55851278686532,1455.1536865234375,1020.0448608398438
2025-02-04,SBILIFE / TATACONSUM,SBILIFE.NS,TATACONSUM.NS,0.8175,566.7085,0.0,-0.7057630354406749,68.65762823486341,1467.5628662109375,1017.9776611328124
2025-02-05,SBILIFE / TATACONSUM,SBILIFE.NS,TATACONSUM.NS,0.8175,566.7085,0.0,-0.35649102966742463,80.62657247924813,1464.323486328125,999.3742065429688
2025-02-06,SBILIFE / TATACONSUM,SBILIFE.NS,TATACONSUM.NS,0.8175,566.7085,0.0,-0.5323674101539256,70.1122495117188,1460.2867431640625,1007.2978515625
2025-02-07,SBILIFE / TATACONSUM,SBILIFE.NS,TATACONSUM.NS,0.8175,566.7085,0.0,-0.1690375519314042,77.67306250000001,1466.1175537109375,1005.181640625
2025-02-10,SBILIFE / TATACONSUM,SBILIFE.NS,TATACONSUM.NS,0.8175,566.7085,0.0,-1.0770827595039045,49.928311523437515,1443.4422607421875,1011.3828125
2025-02-11,SBILIFE / TATACONSUM,SBILIFE.NS,TATACONSUM.NS,0.8175,566.7085,0.0,-1.518650128553231,31.848505004882895,1414.33837890625,997.897705078125
2025-02-12,SBILIFE / TATACONSUM,SBILIFE.NS,TATACONSUM.NS,0.8175,566.7085,0.0,-0.6766119917957207,52.05491033935539,1447.37939453125,1013.5975341796876
2025-02-13,SBILIFE / TATACONSUM,SBILIFE.NS,TATACONSUM.NS,0.8175,566.7085,0.0,0.19093090458791112,75.93710348510751,1465.6690673828125,1006.7565307617188
2025-02-14,SBILIFE / TATACONSUM,SBILIFE.NS,TATACONSUM.NS,0.8175,566.7085,0.0,0.02455331150296664,71.10478796386724,1460.6356201171875,1006.510498046875
2025-02-17,SBILIFE / TATACONSUM,SBILIFE.NS,TATACONSUM.NS,0.8175,566.7085,0.0,0.38107120756715085,81.25615881347665,1471.3502197265625,1007.199462890625
2025-02-18,SBILIFE / TATACONSUM,SBILIFE.NS,TATACONSUM.NS,0.8175,566.7085,0.0,0.3774276038113537,77.43185415649418,1470.503173828125,1010.8413696289062
2025-02-19,SBILIFE / TATACONSUM,SBILIFE.NS,TATACONSUM.NS,0.8175,566.7085,0.0,0.7124012703551376,79.00863882446288,1470.7523193359375,1009.2173461914062
2025-02-20,SBILIFE / TATACONSUM,SBILIFE.NS,TATACONSUM.NS,0.8175,566.7085,0.0,1.1068996778080673,86.42446234130853,1464.971435546875,993.0745849609376
2025-02-21,SBILIFE / TATACONSUM,SBILIFE.NS,TATACONSUM.NS,0.8175,566.7085,-1.0,2.2955739553378836,115.88335424804689,1490.4874267578125,988.25146484375
2025-02-24,SBILIFE / TATACONSUM,SBILIFE.NS,TATACONSUM.NS,0.8175,566.7085,-1.0,1.590280344510006,108.2999773254395,1481.6165771484375,986.6765747070312
2025-02-25,SBILIFE / TATACONSUM,SBILIFE.NS,TATACONSUM.NS,0.8175,566.7085,-1.0,0.7074074911444528,91.6270387878418,1466.9150390625,989.0880737304688
2025-02-27,SBILIFE / TATACONSUM,SBILIFE.NS,TATACONSUM.NS,0.8175,566.7085,-1.0,0.4703197530450574,87.09885168457038,1464.921630859375,992.188720703125
2025-02-28,SBILIFE / TATACONSUM,SBILIFE.NS,TATACONSUM.NS,0.8175,566.7085,-1.0,0.2660036979385162,83.62497915649419,1425.800537109375,948.5835571289062
2025-03-03,SBILIFE / TATACONSUM,SBILIFE.NS,TATACONSUM.NS,0.8175,566.7085,0.0,-0.3646821699175573,69.5829962768554,1403.872802734375,938.9373779296876
2025-03-04,SBILIFE / TATACONSUM,SBILIFE.NS,TATACONSUM.NS,0.8175,566.7085,0.0,-1.1334472392853379,53.71066854858407,1388.5234375,939.5770874023438
2025-03-05,SBILIFE / TATACONSUM,SBILIFE.NS,TATACONSUM.NS,0.8175,566.7085,0.0,-0.08402980975601836,79.40928884887694,1416.0325927734375,941.7918090820312
2025-03-06,SBILIFE / TATACONSUM,SBILIFE.NS,TATACONSUM.NS,0.8175,566.7085,0.0,-0.24741360395126386,78.92121450805666,1416.630859375,943.1206665039062
2025-03-07,SBILIFE / TATACONSUM,SBILIFE.NS,TATACONSUM.NS,0.8175,566.7085,0.0,-0.8730814548047867,68.79256185913084,1409.640380859375,946.9594116210938
2025-03-10,SBILIFE / TATACONSUM,SBILIFE.NS,TATACONSUM.NS,0.8175,566.7085,0.0,-0.1543126491790224,80.45382498168954,1417.4794921875,942.2839965820312
2025-03-11,SBILIFE / TATACONSUM,SBILIFE.NS,TATACONSUM.NS,0.8175,566.7085,0.0,-0.4125770041571687,76.20504248046882,1415.2825927734375,944.7939453125
2025-03-12,SBILIFE / TATACONSUM,SBILIFE.NS,TATACONSUM.NS,0.8175,566.7085,0.0,-0.20059528542041,79.55382116699218,1407.0440673828125,930.619873046875
2025-03-13,SBILIFE / TATACONSUM,SBILIFE.NS,TATACONSUM.NS,0.8175,566.7085,0.0,-1.5318083393811412,55.61332830810545,1383.6265869140625,931.2596435546876
2025-03-17,SBILIFE / TATACONSUM,SBILIFE.NS,TATACONSUM.NS,0.8175,566.7085,0.0,1.4568277817547974,108.79217031860355,1432.259033203125,925.6983032226562
2025-03-18,SBILIFE / TATACONSUM,SBILIFE.NS,TATACONSUM.NS,0.8175,566.7085,0.0,1.5576793977685437,108.79217031860355,1432.259033203125,925.6983032226562
2025-03-19,SBILIFE / TATACONSUM,SBILIFE.NS,TATACONSUM.NS,0.8175,566.7085,-1.0,2.765904301522792,151.80796148681657,1482.8387451171875,934.9508056640624
2025-03-20,SBILIFE / TATACONSUM,SBILIFE.NS,TATACONSUM.NS,0.8175,566.7085,-1.0,2.126240606659759,152.3644092407228,1496.27001953125,950.6998291015624
2025-03-21,SBILIFE / TATACONSUM,SBILIFE.NS,TATACONSUM.NS,0.8175,566.7085,-1.0,2.5509088084954494,204.08940466308593,1544.2532958984375,946.122802734375
2025-03-24,SBILIFE / TATACONSUM,SBILIFE.NS,TATACONSUM.NS,0.8175,566.7085,-1.0,2.1752211392783205,220.01368673706054,1567.620849609375,955.2277221679688
2025-03-25,SBILIFE / TATACONSUM,SBILIFE.NS,TATACONSUM.NS,0.8175,566.7085,-1.0,1.603939992620494,207.22986349487303,1555.0382080078125,955.4738159179688
2025-03-26,SBILIFE / TATACONSUM,SBILIFE.NS,TATACONSUM.NS,0.8175,566.7085,-1.0,1.2840568237726415,200.24376547241218,1539.160400390625,944.5971069335938
2025-03-27,SBILIFE / TATACONSUM,SBILIFE.NS,TATACONSUM.NS,0.8175,566.7085,-1.0,1.0088736959936113,192.65374548339844,1542.75537109375,958.279052734375
2025-03-28,SBILIFE / TATACONSUM,SBILIFE.NS,TATACONSUM.NS,0.8175,566.7085,-1.0,0.5823233638213516,172.78705740356452,1545.7012939453125,986.1843872070312
2025-04-01,SBILIFE / TATACONSUM,SBILIFE.NS,TATACONSUM.NS,0.8175,566.7085,-1.0,0.571378682326259,177.9557741394043,1543.1048583984375,976.6857299804688
2025-04-02,SBILIFE / TATACONSUM,SBILIFE.NS,TATACONSUM.NS,0.8175,566.7085,0.0,-0.2583246284010417,135.84602239990238,1557.6845703125,1046.0306396484375
2025-04-03,SBILIFE / TATACONSUM,SBILIFE.NS,TATACONSUM.NS,0.8175,566.7085,0.0,-0.7999754541978747,111.59164953613288,1540.1090087890625,1054.200439453125
2025-04-04,SBILIFE / TATACONSUM,SBILIFE.NS,TATACONSUM.NS,0.8175,566.7085,0.0,-1.602441079008317,68.42408056640625,1510.500244140625,1070.7861328125
2025-04-07,SBILIFE / TATACONSUM,SBILIFE.NS,TATACONSUM.NS,0.8175,566.7085,0.0,-1.9327266905277714,49.28538336181646,1458.772216796875,1030.9215087890625
2025-04-08,SBILIFE / TATACONSUM,SBILIFE.NS,TATACONSUM.NS,0.8175,566.7085,0.0,-1.5662611167687404,58.422775329589854,1485.934326171875,1052.9700927734375
2025-04-09,SBILIFE / TATACONSUM,SBILIFE.NS,TATACONSUM.NS,0.8175,566.7085,0.0,-1.6885505855081404,35.98817755126959,1479.59326171875,1072.6563720703125
2025-04-11,SBILIFE / TATACONSUM,SBILIFE.NS,TATACONSUM.NS,0.8175,566.7085,0.0,-1.0258167307217252,69.62410711669929,1519.787353515625,1080.6785888671875
2025-04-15,SBILIFE / TATACONSUM,SBILIFE.NS,TATACONSUM.NS,0.8175,566.7085,0.0,-0.4259652738163157,105.84184301757819,1560.4307861328125,1086.09228515625
2025-04-16,SBILIFE / TATACONSUM,SBILIFE.NS,TATACONSUM.NS,0.8175,566.7085,0.0,-0.32896532590672095,106.62626898193366,1563.2269287109375,1088.5531005859375
2025-04-17,SBILIFE / TATACONSUM,SBILIFE.NS,TATACONSUM.NS,0.8175,566.7085,0.0,0.2719080505085296,137.8599759521485,1605.9674072265625,1102.628662109375
2025-04-21,SBILIFE / TATACONSUM,SBILIFE.NS,TATACONSUM.NS,0.8175,566.7085,0.0,0.7138783254555652,157.4881873168946,1626.2393798828125,1103.4161376953125
2025-04-22,SBILIFE / TATACONSUM,SBILIFE.NS,TATACONSUM.NS,0.8175,566.7085,0.0,0.4217247161940086,135.3679422607422,1616.7525634765625,1118.869873046875
2025-04-23,SBILIFE / TATACONSUM,SBILIFE.NS,TATACONSUM.NS,0.8175,566.7085,0.0,0.2555439530361436,121.09002569580082,1613.25732421875,1132.0596923828125
2025-04-24,SBILIFE / TATACONSUM,SBILIFE.NS,TATACONSUM.NS,0.8175,566.7085,0.0,-0.007066279617665107,104.78765020751962,1605.9674072265625,1143.0841064453125
2025-04-25,SBILIFE / TATACONSUM,SBILIFE.NS,TATACONSUM.NS,0.8175,566.7085,-1.0,2.0479546059328277,196.0732984008789,1692.746826171875,1137.5718994140625
2025-04-28,SBILIFE / TATACONSUM,SBILIFE.NS,TATACONSUM.NS,0.8175,566.7085,-1.0,2.255947061851547,237.41877691650393,1733.68994140625,1137.0797119140625
2025-04-29,SBILIFE / TATACONSUM,SBILIFE.NS,TATACONSUM.NS,0.8175,566.7085,-1.0,1.6225370276513602,220.40300238037116,1727.6982421875,1150.5648193359375
2025-04-30,SBILIFE / TATACONSUM,SBILIFE.NS,TATACONSUM.NS,0.8175,566.7085,-1.0,1.8112103835465345,258.5479279174805,1763.3487548828125,1147.5135498046875
2025-05-02,SBILIFE / TATACONSUM,SBILIFE.NS,TATACONSUM.NS,0.8175,566.7085,-1.0,1.5999966361764821,263.88486090087895,1759.753662109375,1136.5875244140625
2025-05-05,SBILIFE / TATACONSUM,SBILIFE.NS,TATACONSUM.NS,0.8175,566.7085,-1.0,1.4091044687059655,266.10249273681643,1767.443115234375,1143.2808837890625
2025-05-06,SBILIFE / TATACONSUM,SBILIFE.NS,TATACONSUM.NS,0.8175,566.7085,-1.0,0.7895377234944051,227.25230688476563,1723.60400390625,1137.17822265625
2025-05-07,SBILIFE / TATACONSUM,SBILIFE.NS,TATACONSUM.NS,0.8175,566.7085,-1.0,1.0501604527069202,253.21008795166017,1742.0782470703125,1128.0240478515625
2025-05-08,SBILIFE / TATACONSUM,SBILIFE.NS,TATACONSUM.NS,0.8175,566.7085,-1.0,1.0784480094406803,264.3684543457032,1729.0963134765625,1098.49462890625
2025-05-09,SBILIFE / TATACONSUM,SBILIFE.NS,TATACONSUM.NS,0.8175,566.7085,-1.0,0.5044216517687777,234.56332189941406,1697.4404296875,1096.230712890625
2025-05-12,SBILIFE / TATACONSUM,SBILIFE.NS,TATACONSUM.NS,0.8175,566.7085,-1.0,0.8323003133413114,260.52237493896484,1749.068603515625,1127.6302490234375
2025-05-13,SBILIFE / TATACONSUM,SBILIFE.NS,TATACONSUM.NS,0.8175,566.7085,-1.0,0.8866913287866168,270.7645862426758,1737.5845947265625,1101.0538330078125
2025-05-14,SBILIFE / TATACONSUM,SBILIFE.NS,TATACONSUM.NS,0.8175,566.7085,-1.0,1.0102524147073697,284.49503118896484,1752.763427734375,1102.8255615234375
2025-05-15,SBILIFE / TATACONSUM,SBILIFE.NS,TATACONSUM.NS,0.8175,566.7085,-1.0,1.095053250270509,292.28880743408206,1782.12255859375,1129.2052001953125
2025-05-16,SBILIFE / TATACONSUM,SBILIFE.NS,TATACONSUM.NS,0.8175,566.7085,-1.0,0.4493702919357242,264.3671866455079,1770.938232421875,1149.678955078125
2025-05-19,SBILIFE / TATACONSUM,SBILIFE.NS,TATACONSUM.NS,0.8175,566.7085,-1.0,0.8635798435983921,276.01920965576176,1767.5428466796875,1131.2723388671875
2025-05-20,SBILIFE / TATACONSUM,SBILIFE.NS,TATACONSUM.NS,0.8175,566.7085,-1.0,0.9502701289208954,280.57352087402353,1755.35986328125,1110.798583984375
2025-05-21,SBILIFE / TATACONSUM,SBILIFE.NS,TATACONSUM.NS,0.8175,566.7085,-1.0,0.7659226740515673,278.3769089355469,1761.451416015625,1120.93701171875
2025-05-22,SBILIFE / TATACONSUM,SBILIFE.NS,TATACONSUM.NS,0.8175,566.7085,-1.0,0.937342368779916,283.5198337402344,1756.8577880859375,1109.02685546875
2025-05-23,SBILIFE / TATACONSUM,SBILIFE.NS,TATACONSUM.NS,0.8175,566.7085,-1.0,1.9535640046525666,311.5191425170899,1796.2030029296875,1122.9056396484375
2025-05-26,SBILIFE / TATACONSUM,SBILIFE.NS,TATACONSUM.NS,0.8175,566.7085,-1.0,1.5727106336632226,309.9894418945313,1799.0989990234375,1128.3193359375
2025-05-27,SBILIFE / TATACONSUM,SBILIFE.NS,TATACONSUM.NS,0.8175,566.7085,-1.0,1.7217486083875606,318.0441763916016,1800.7967529296875,1120.543212890625
2025-05-28,SBILIFE / TATACONSUM,SBILIFE.NS,TATACONSUM.NS,0.8175,566.7085,-1.0,1.9871090520574537,335.8178681030272,1804.8909912109373,1103.8099365234375
2025-05-29,SBILIFE / TATACONSUM,SBILIFE.NS,TATACONSUM.NS,0.8175,566.7085,-1.0,2.1075801167911417,356.10908239746095,1822.466552734375,1100.488037109375
2025-05-30,SBILIFE / TATACONSUM,SBILIFE.NS,TATACONSUM.NS,0.8175,566.7085,-1.0,1.6004799681932962,346.164055847168,1809.684326171875,1097.0174560546875
2025-06-02,SBILIFE / TATACONSUM,SBILIFE.NS,TATACONSUM.NS,0.8175,566.7085,-1.0,0.7870691544180266,325.0475012817383,1799.997802734375,1110.9991455078125
2025-06-03,SBILIFE / TATACONSUM,SBILIFE.NS,TATACONSUM.NS,0.8175,566.7085,0.0,-0.06286764756440412,302.5870923461914,1772.8355712890625,1105.2476806640625
2025-06-04,SBILIFE / TATACONSUM,SBILIFE.NS,TATACONSUM.NS,0.8175,566.7085,0.0,-0.3593761776595964,295.2418338623047,1773.4346923828125,1114.965576171875
2025-06-05,SBILIFE / TATACONSUM,SBILIFE.NS,TATACONSUM.NS,0.8175,566.7085,0.0,-0.057931042351036216,304.27647344970705,1772.3363037109375,1102.5704345703125
2025-06-06,SBILIFE / TATACONSUM,SBILIFE.NS,TATACONSUM.NS,0.8175,566.7085,0.0,-0.06617562605789826,307.0689807739258,1778.128173828125,1106.2393798828125
2025-06-09,SBILIFE / TATACONSUM,SBILIFE.NS,TATACONSUM.NS,0.8175,566.7085,0.0,0.06930587277340394,312.7153339233399,1788.3140869140625,1111.7923583984375
2025-06-10,SBILIFE / TATACONSUM,SBILIFE.NS,TATACONSUM.NS,0.8175,566.7085,0.0,-0.04202267946075429,312.3675263061524,1783.0213623046875,1105.7435302734375
2025-06-11,SBILIFE / TATACONSUM,SBILIFE.NS,TATACONSUM.NS,0.8175,566.7085,0.0,0.9186927927198245,334.90330419921884,1796.80224609375,1095.0341796875
2025-06-12,SBILIFE / TATACONSUM,SBILIFE.NS,TATACONSUM.NS,0.8175,566.7085,0.0,-0.12015445708772335,317.21385382080086,1763.5484619140625,1075.9952392578125
2025-06-13,SBILIFE / TATACONSUM,SBILIFE.NS,TATACONSUM.NS,0.8175,566.7085,0.0,-0.4344572556001659,311.8600253906251,1752.763427734375,1069.3515625
2025-06-16,SBILIFE / TATACONSUM,SBILIFE.NS,TATACONSUM.NS,0.8175,566.7085,0.0,1.5210758732100844,350.3477475585938,1795.3043212890625,1074.3095703125
2025-06-17,SBILIFE / TATACONSUM,SBILIFE.NS,TATACONSUM.NS,0.8175,566.7085,0.0,1.7551917489055033,362.3099622192383,1797.700927734375,1062.6085205078125
2025-06-18,SBILIFE / TATACONSUM,SBILIFE.NS,TATACONSUM.NS,0.8175,566.7085,0.0,1.6014231627629143,364.50222387695317,1794.705078125,1056.26220703125
2025-06-19,SBILIFE / TATACONSUM,SBILIFE.NS,TATACONSUM.NS,0.8175,566.7085,0.0,0.5527556485351852,337.98730200195314,1786.916015625,1079.16845703125
2025-06-20,SBILIFE / TATACONSUM,SBILIFE.NS,TATACONSUM.NS,0.8175,566.7085,0.0,1.0589459356848818,349.8108548583982,1808.3861083984373,1090.968505859375
2025-06-23,SBILIFE / TATACONSUM,SBILIFE.NS,TATACONSUM.NS,0.8175,566.7085,0.0,0.9597627766816405,350.04219488525393,1816.075439453125,1100.0914306640625
2025-06-24,SBILIFE / TATACONSUM,SBILIFE.NS,TATACONSUM.NS,0.8175,566.7085,0.0,1.7066194022095111,375.78641790771485,1840.4415283203125,1098.4056396484375
2025-06-25,SBILIFE / TATACONSUM,SBILIFE.NS,TATACONSUM.NS,0.8175,566.7085,0.0,0.9736061361162869,360.2467493286131,1840.1419677734373,1117.0479736328125
2025-06-26,SBILIFE / TATACONSUM,SBILIFE.NS,TATACONSUM.NS,0.8175,566.7085,0.0,0.9613614996373838,363.00066076660164,1858.2169189453125,1135.789306640625
2025-06-27,SBILIFE / TATACONSUM,SBILIFE.NS,TATACONSUM.NS,0.8175,566.7085,0.0,1.1194827275192925,369.9191788330079,1848.031005859375,1114.866455078125
2025-06-30,SBILIFE / TATACONSUM,SBILIFE.NS,TATACONSUM.NS,0.8175,566.7085,0.0,1.3151164337135606,378.22662420654297,1835.7481689453125,1089.6795654296875
2025-07-01,SBILIFE / TATACONSUM,SBILIFE.NS,TATACONSUM.NS,0.8175,566.7085,-1.0,2.078578580540414,405.0682428588867,1859.91455078125,1086.4071044921875
2025-07-02,SBILIFE / TATACONSUM,SBILIFE.NS,TATACONSUM.NS,0.8175,566.7085,-1.0,1.540413836764006,399.21384161376955,1854.222412109375,1086.6055908203125
2025-07-03,SBILIFE / TATACONSUM,SBILIFE.NS,TATACONSUM.NS,0.8175,566.7085,0.0,-0.1990998239105647,357.8665524902344,1807.68701171875,1080.25927734375
2025-07-04,SBILIFE / TATACONSUM,SBILIFE.NS,TATACONSUM.NS,0.8175,566.7085,0.0,-0.942789430971119,347.1381064453126,1797.20166015625,1080.556640625
2025-07-07,SBILIFE / TATACONSUM,SBILIFE.NS,TATACONSUM.NS,0.8175,566.7085,0.0,-0.9814899237256075,345.8364072265625,1805.789794921875,1092.654296875
2025-07-08,SBILIFE / TATACONSUM,SBILIFE.NS,TATACONSUM.NS,0.8175,566.7085,0.0,-0.4189161200017347,356.0456485595704,1814.3778076171875,1090.671142578125
2025-07-09,SBILIFE / TATACONSUM,SBILIFE.NS,TATACONSUM.NS,0.8175,566.7085,0.0,-0.4052037258122213,355.6697846069336,1812.380615234375,1088.6878662109375
2025-07-10,SBILIFE / TATACONSUM,SBILIFE.NS,TATACONSUM.NS,0.8175,566.7085,0.0,-0.3637754445133391,358.27190954589844,1807.68701171875,1079.763427734375
2025-07-11,SBILIFE / TATACONSUM,SBILIFE.NS,TATACONSUM.NS,0.8175,566.7085,0.0,1.3457316412965308,393.04594427490235,1832.65234375,1067.7650146484375
2025-07-14,SBILIFE / TATACONSUM,SBILIFE.NS,TATACONSUM.NS,0.8175,566.7085,0.0,1.9213672478934816,413.17697424316407,1848.7301025390625,1062.806884765625
2025-07-15,SBILIFE / TATACONSUM,SBILIFE.NS,TATACONSUM.NS,0.8175,566.7085,0.0,0.3027367372763928,378.6072748413086,1822.266845703125,1072.7230224609375
2025-07-16,SBILIFE / TATACONSUM,SBILIFE.NS,TATACONSUM.NS,0.8175,566.7085,0.0,0.4443786650030151,383.144414428711,1826.560791015625,1072.425537109375
2025-07-17,SBILIFE / TATACONSUM,SBILIFE.NS,TATACONSUM.NS,0.8175,566.7085,0.0,-1.489066154797378,337.182450012207,1800.29736328125,1096.5216064453125
2025-07-18,SBILIFE / TATACONSUM,SBILIFE.NS,TATACONSUM.NS,0.8175,566.7085,0.0,-1.5012670758234932,330.82775640869147,1785.9173583984375,1086.7047119140625
2025-07-21,SBILIFE / TATACONSUM,SBILIFE.NS,TATACONSUM.NS,0.8175,566.7085,0.0,-0.6134029417809281,351.6446600952147,1802.1947021484373,1081.1517333984375
2025-07-22,SBILIFE / TATACONSUM,SBILIFE.NS,TATACONSUM.NS,0.8175,566.7085,0.0,-0.1745292456152592,360.3972559204102,1806.48876953125,1075.6978759765625
2025-07-23,SBILIFE / TATACONSUM,SBILIFE.NS,TATACONSUM.NS,0.8175,566.7085,0.0,0.7098812341172107,378.8928000488281,1806.988037109375,1053.68408203125
2025-07-24,SBILIFE / TATACONSUM,SBILIFE.NS,TATACONSUM.NS,0.8175,566.7085,0.0,-0.3707049163070508,354.74626501464843,1791.110107421875,1063.798583984375
2025-07-25,SBILIFE / TATACONSUM,SBILIFE.NS,TATACONSUM.NS,0.8175,566.7085,0.0,1.6729545426283363,408.1086804809571,1829.556640625,1045.5528564453125
2025-07-28,SBILIFE / TATACONSUM,SBILIFE.NS,TATACONSUM.NS,0.8175,566.7085,0.0,1.8116551296986803,422.0246637573242,1847.93115234375,1051.0067138671875
2025-07-29,SBILIFE / TATACONSUM,SBILIFE.NS,TATACONSUM.NS,0.8175,566.7085,0.0,0.9997739307114676,403.5702356567381,1830.8548583984373,1052.6925048828125
2025-07-30,SBILIFE / TATACONSUM,SBILIFE.NS,TATACONSUM.NS,0.8175,566.7085,0.0,0.7639839567883342,399.9400601806641,1836.5469970703125,1064.095947265625
2025-07-31,SBILIFE / TATACONSUM,SBILIFE.NS,TATACONSUM.NS,0.8175,566.7085,0.0,0.7155139870971405,401.4566849365235,1838.1446533203125,1064.195068359375
2025-08-01,SBILIFE / TATACONSUM,SBILIFE.NS,TATACONSUM.NS,0.8175,566.7085,0.0,-0.6810517481601672,359.28813269042973,1793.7064208984375,1061.418701171875
2025-08-04,SBILIFE / TATACONSUM,SBILIFE.NS,TATACONSUM.NS,0.8175,566.7085,0.0,0.5553121743503465,392.7559396972657,1828.95751953125,1063.60009765625
2025-08-05,SBILIFE / TATACONSUM,SBILIFE.NS,TATACONSUM.NS,0.8175,566.7085,0.0,1.4683607634154183,424.70565344238287,1854.422119140625,1055.667236328125
2025-08-06,SBILIFE / TATACONSUM,SBILIFE.NS,TATACONSUM.NS,0.8175,566.7085,0.0,1.455387744643172,431.57499487304665,1851.7259521484373,1043.96630859375
2025-08-07,SBILIFE / TATACONSUM,SBILIFE.NS,TATACONSUM.NS,0.8175,566.7085,0.0,1.4509895531576986,438.3654001464844,1858.516357421875,1043.96630859375
2025-08-08,SBILIFE / TATACONSUM,SBILIFE.NS,TATACONSUM.NS,0.8175,566.7085,0.0,0.5672116325507051,412.362773803711,1831.0545654296875,1042.181396484375
2025-08-11,SBILIFE / TATACONSUM,SBILIFE.NS,TATACONSUM.NS,0.8175,566.7085,0.0,0.8346182758810419,423.17248266601564,1848.430419921875,1050.21337890625
2025-08-12,SBILIFE / TATACONSUM,SBILIFE.NS,TATACONSUM.NS,0.8175,566.7085,0.0,0.6218737962380672,420.1613147583008,1835.448486328125,1038.0167236328125
2025-08-13,SBILIFE / TATACONSUM,SBILIFE.NS,TATACONSUM.NS,0.8175,566.7085,0.0,0.3261773458732656,414.9192670288086,1837.745361328125,1047.2386474609375
2025-08-14,SBILIFE / TATACONSUM,SBILIFE.NS,TATACONSUM.NS,0.8175,566.7085,0.0,0.4069543799784048,419.1910672607422,1838.044921875,1042.379638671875
2025-08-18,SBILIFE / TATACONSUM,SBILIFE.NS,TATACONSUM.NS,0.8175,566.7085,0.0,0.6555702419280675,425.26594732666024,1860.413818359375,1062.3111572265625
2025-08-19,SBILIFE / TATACONSUM,SBILIFE.NS,TATACONSUM.NS,0.8175,566.7085,0.0,-0.3530350014931477,404.6239951171875,1851.526123046875,1076.689453125
2025-08-20,SBILIFE / TATACONSUM,SBILIFE.NS,TATACONSUM.NS,0.8175,566.7085,0.0,-0.8875830299051474,393.2103879394532,1855.9200439453125,1096.02587890625
2025-08-21,SBILIFE / TATACONSUM,SBILIFE.NS,TATACONSUM.NS,0.8175,566.7085,0.0,0.6776068603153761,425.92741888427736,1874.6939697265625,1078.9700927734375
2025-08-22,SBILIFE / TATACONSUM,SBILIFE.NS,TATACONSUM.NS,0.8175,566.7085,0.0,-0.11197449795711455,410.8953177490232,1856.4193115234373,1075.003662109375
2025-08-25,SBILIFE / TATACONSUM,SBILIFE.NS,TATACONSUM.NS,0.8175,566.7085,0.0,-1.1215736754766465,400.7389200439453,1844.236328125,1072.524658203125
2025-08-26,SBILIFE / TATACONSUM,SBILIFE.NS,TATACONSUM.NS,0.8175,566.7085,1.0,-2.544309744266918,371.9587512817383,1814.078125,1070.8389892578125
2025-08-28,SBILIFE / TATACONSUM,SBILIFE.NS,TATACONSUM.NS,0.8175,566.7085,1.0,-1.4266788438059173,386.3447800292969,1814.2779541015625,1053.48583984375
2025-08-29,SBILIFE / TATACONSUM,SBILIFE.NS,TATACONSUM.NS,0.8175,566.7085,1.0,-1.7965563147568793,372.62863531494145,1802.99365234375,1056.4605712890625
2025-09-01,SBILIFE / TATACONSUM,SBILIFE.NS,TATACONSUM.NS,0.8175,566.7085,1.0,-1.7184523963038265,368.57316564941414,1807.2877197265625,1066.674072265625
2025-09-02,SBILIFE / TATACONSUM,SBILIFE.NS,TATACONSUM.NS,0.8175,566.7085,1.0,-1.94898715159306,352.9193372192383,1811.9810791015625,1091.5635986328125
2025-09-03,SBILIFE / TATACONSUM,SBILIFE.NS,TATACONSUM.NS,0.8175,566.7085,1.0,-1.8138789086034715,346.2063281860352,1808.1864013671875,1095.1334228515625
2025-09-04,SBILIFE / TATACONSUM,SBILIFE.NS,TATACONSUM.NS,0.8175,566.7085,1.0,-1.3209857706720833,353.62781713867196,1788.613525390625,1062.11279296875
2025-09-05,SBILIFE / TATACONSUM,SBILIFE.NS,TATACONSUM.NS,0.8175,566.7085,1.0,-0.7333179673425055,366.75442846679687,1802.7939453125,1063.40185546875
2025-09-08,SBILIFE / TATACONSUM,SBILIFE.NS,TATACONSUM.NS,0.8175,566.7085,1.0,-1.4522610173449102,340.92915167236333,1778.427734375,1065.1866455078125
2025-09-09,SBILIFE / TATACONSUM,SBILIFE.NS,TATACONSUM.NS,0.8175,566.7085,1.0,-0.7323689648269208,358.15563208007814,1803.1932373046875,1074.40869140625
2025-09-10,SBILIFE / TATACONSUM,SBILIFE.NS,TATACONSUM.NS,0.8175,566.7085,1.0,-0.11418256396075786,371.930614074707,1831.1544189453125,1091.7618408203125
2025-09-11,SBILIFE / TATACONSUM,SBILIFE.NS,TATACONSUM.NS,0.8175,566.7085,1.0,-0.9227856101734019,348.9718625488282,1811.6815185546875,1096.02587890625
2025-09-12,SBILIFE / TATACONSUM,SBILIFE.NS,TATACONSUM.NS,0.8175,566.7085,1.0,-0.08633980660876929,366.0845856323242,1827.6593017578125,1094.6375732421875
2025-09-15,SBILIFE / TATACONSUM,SBILIFE.NS,TATACONSUM.NS,0.8175,566.7085,1.0,-0.33040511648602605,359.14960241699225,1819.67041015625,1093.348388671875
2025-09-16,SBILIFE / TATACONSUM,SBILIFE.NS,TATACONSUM.NS,0.8175,566.7085,0.0,0.19650805091939746,364.2660385742188,1816.275146484375,1082.9365234375
2025-09-17,SBILIFE / TATACONSUM,SBILIFE.NS,TATACONSUM.NS,0.8175,566.7085,1.0,-2.6146699437542957,313.65622930908205,1801.4957275390625,1126.7657470703125
2025-09-18,SBILIFE / TATACONSUM,SBILIFE.NS,TATACONSUM.NS,0.8175,566.7085,1.0,-1.1143613651024022,337.10599768066413,1819.27099609375,1119.824462890625
2025-09-19,SBILIFE / TATACONSUM,SBILIFE.NS,TATACONSUM.NS,0.8175,566.7085,0.0,0.3434598606422582,359.0048978271485,1839.143310546875,1117.345458984375
2025-09-22,SBILIFE / TATACONSUM,SBILIFE.NS,TATACONSUM.NS,0.8175,566.7085,0.0,1.1858720742776077,372.30764379882817,1855.12109375,1120.61767578125
2025-09-23,SBILIFE / TATACONSUM,SBILIFE.NS,TATACONSUM.NS,0.8175,566.7085,0.0,-1.0880905663942146,335.3579425659178,1816.8743896484373,1119.0311279296875
2025-09-24,SBILIFE / TATACONSUM,SBILIFE.NS,TATACONSUM.NS,0.8175,566.7085,0.0,-1.561983784838576,323.65762213134747,1814.5775146484373,1130.5338134765625
2025-09-25,SBILIFE / TATACONSUM,SBILIFE.NS,TATACONSUM.NS,0.8175,566.7085,0.0,-1.449425037602583,321.1506812133789,1807.2877197265625,1124.6832275390625
2025-09-26,SBILIFE / TATACONSUM,SBILIFE.NS,TATACONSUM.NS,0.8175,566.7085,0.0,-1.1968903408144922,322.4876169433594,1796.302978515625,1109.61083984375
2025-09-29,SBILIFE / TATACONSUM,SBILIFE.NS,TATACONSUM.NS,0.8175,566.7085,0.0,-1.5893258998719622,309.07796881103525,1786.2169189453125,1113.6763916015625
2025-09-30,SBILIFE / TATACONSUM,SBILIFE.NS,TATACONSUM.NS,0.8175,566.7085,0.0,-1.4616917523102304,305.94925939941413,1788.1142578125,1119.824462890625
2025-10-01,SBILIFE / TATACONSUM,SBILIFE.NS,TATACONSUM.NS,0.8175,566.7085,0.0,-1.352331893230852,303.8697620239258,1798.5997314453125,1135.1944580078125
2025-10-03,SBILIFE / TATACONSUM,SBILIFE.NS,TATACONSUM.NS,0.8175,566.7085,0.0,-1.4919912948200589,293.8097727050782,1782.6219482421875,1127.95556640625
2025-10-06,SBILIFE / TATACONSUM,SBILIFE.NS,TATACONSUM.NS,0.8175,566.7085,0.0,-1.8097337086573297,275.9005292358398,1768.441650390625,1132.5169677734375
2025-10-07,SBILIFE / TATACONSUM,SBILIFE.NS,TATACONSUM.NS,0.8175,566.7085,0.0,-0.5962587554147963,306.9973151245117,1781.623291015625,1110.6024169921875
2025-10-08,SBILIFE / TATACONSUM,SBILIFE.NS,TATACONSUM.NS,0.8175,566.7085,0.0,-0.908467106991472,295.6507041015625,1770.4388427734375,1110.80078125
2025-10-09,SBILIFE / TATACONSUM,SBILIFE.NS,TATACONSUM.NS,0.8175,566.7085,0.0,0.5728884993793361,334.2829724731446,1807.2877197265625,1108.6192626953125
2025-10-10,SBILIFE / TATACONSUM,SBILIFE.NS,TATACONSUM.NS,0.8175,566.7085,0.0,0.35318524677878976,327.9916223754883,1807.8868408203125,1117.0479736328125
2025-10-13,SBILIFE / TATACONSUM,SBILIFE.NS,TATACONSUM.NS,0.8175,566.7085,0.0,0.9726424099419847,340.58589636230477,1812.780029296875,1107.627685546875
2025-10-14,SBILIFE / TATACONSUM,SBILIFE.NS,TATACONSUM.NS,0.8175,566.7085,0.0,1.2724245354774733,339.9443808593751,1813.6787109375,1109.51171875
2025-10-15,SBILIFE / TATACONSUM,SBILIFE.NS,TATACONSUM.NS,0.8175,566.7085,-1.0,2.1914508132610204,368.1206687011719,1838.044921875,1104.85107421875
2025-10-16,SBILIFE / TATACONSUM,SBILIFE.NS,TATACONSUM.NS,0.8175,566.7085,-1.0,0.690744650267688,334.77382757568364,1833.151611328125,1139.6566162109375
2025-10-17,SBILIFE / TATACONSUM,SBILIFE.NS,TATACONSUM.NS,0.8175,566.7085,-1.0,0.4419421219095761,329.62460699462895,1841.5400390625,1156.2164306640625
2025-10-20,SBILIFE / TATACONSUM,SBILIFE.NS,TATACONSUM.NS,0.8175,566.7085,0.0,-0.08933621885525811,316.79991796875004,1837.1461181640625,1166.529296875
2025-10-21,SBILIFE / TATACONSUM,SBILIFE.NS,TATACONSUM.NS,0.8175,566.7085,0.0,-0.0014262786080414221,319.5574011840821,1838.4443359375,1164.7442626953125
2025-10-23,SBILIFE / TATACONSUM,SBILIFE.NS,TATACONSUM.NS,0.8175,566.7085,0.0,0.8573011102833,342.2657910766602,1850.1280517578125,1151.2584228515625
2025-10-24,SBILIFE / TATACONSUM,SBILIFE.NS,TATACONSUM.NS,0.8175,566.7085,0.0,0.42939411320731924,334.00442449951174,1837.24609375,1145.6063232421875
2025-10-27,SBILIFE / TATACONSUM,SBILIFE.NS,TATACONSUM.NS,0.8175,566.7085,-1.0,2.08191627297528,385.38117224121095,1900.4581298828125,1160.083740234375
2025-10-28,SBILIFE / TATACONSUM,SBILIFE.NS,TATACONSUM.NS,0.8175,566.7085,-1.0,2.5716831543706764,419.84510687255863,1934.1114501953125,1159.0921630859375
2025-10-29,SBILIFE / TATACONSUM,SBILIFE.NS,TATACONSUM.NS,0.8175,566.7085,-1.0,2.428110034386463,446.7511524047852,1967.6646728515625,1167.2232666015625
2025-10-30,SBILIFE / TATACONSUM,SBILIFE.NS,TATACONSUM.NS,0.8175,566.7085,-1.0,1.9413840022434778,445.1592172851563,1965.66748046875,1166.7275390625
2025-10-31,SBILIFE / TATACONSUM,SBILIFE.NS,TATACONSUM.NS,0.8175,566.7085,-1.0,1.5579100976262006,441.88028967285163,1952.985107421875,1155.224853515625
2025-11-03,SBILIFE / TATACONSUM,SBILIFE.NS,TATACONSUM.NS,0.8175,566.7085,-1.0,1.1309360402809423,429.4152133789063,1966.8658447265625,1187.4521484375
2025-11-04,SBILIFE / TATACONSUM,SBILIFE.NS,TATACONSUM.NS,0.8175,566.7085,-1.0,1.2608545400359834,446.0661719360352,1968.76318359375,1169.4049072265625
2025-11-06,SBILIFE / TATACONSUM,SBILIFE.NS,TATACONSUM.NS,0.8175,566.7085,-1.0,0.9415762740445973,436.36910894775394,1968.064208984375,1180.4117431640625
2025-11-07,SBILIFE / TATACONSUM,SBILIFE.NS,TATACONSUM.NS,0.8175,566.7085,-1.0,1.5293087164069887,483.23691290283205,1996.1251220703125,1157.4063720703125
2025-11-10,SBILIFE / TATACONSUM,SBILIFE.NS,TATACONSUM.NS,0.8175,566.7085,-1.0,1.4540381382610705,493.5110645141601,1986.53857421875,1133.1119384765625
2025-11-11,SBILIFE / TATACONSUM,SBILIFE.NS,TATACONSUM.NS,0.8175,566.7085,-1.0,1.2298557670833692,490.5563135375976,1994.5274658203125,1146.4986572265625
2025-11-12,SBILIFE / TATACONSUM,SBILIFE.NS,TATACONSUM.NS,0.8175,566.7085,-1.0,1.027782539647842,485.2552255859373,1993.9281005859373,1152.25
2025-11-13,SBILIFE / TATACONSUM,SBILIFE.NS,TATACONSUM.NS,0.8175,566.7085,-1.0,0.8911064929947028,482.30406866455087,1985.140380859375,1145.1104736328125
2025-11-14,SBILIFE / TATACONSUM,SBILIFE.NS,TATACONSUM.NS,0.8175,566.7085,-1.0,1.0151559096695661,492.8541815795895,1998.1224365234373,1148.0853271484375
2025-11-17,SBILIFE / TATACONSUM,SBILIFE.NS,TATACONSUM.NS,0.8175,566.7085,-1.0,0.4443541962870651,470.85634008789066,1993.2291259765625,1169.00830078125
2025-11-18,SBILIFE / TATACONSUM,SBILIFE.NS,TATACONSUM.NS,0.8175,566.7085,-1.0,0.947623379108681,488.2641666259767,1990.532958984375,1144.416259765625
2025-11-19,SBILIFE / TATACONSUM,SBILIFE.NS,TATACONSUM.NS,0.8175,566.7085,-1.0,1.0285097420956548,493.26296148681627,2002.0169677734373,1152.3492431640625
2025-11-20,SBILIFE / TATACONSUM,SBILIFE.NS,TATACONSUM.NS,0.8175,566.7085,-1.0,1.333802527026579,505.96649603271476,2024.2860107421875,1164.0501708984375
2025-11-21,SBILIFE / TATACONSUM,SBILIFE.NS,TATACONSUM.NS,0.8175,566.7085,-1.0,0.745277209794795,493.91497686767593,2019.6923828125,1173.1729736328125
2025-11-24,SBILIFE / TATACONSUM,SBILIFE.NS,TATACONSUM.NS,0.8175,566.7085,-1.0,0.24081010302548475,483.874856628418,2012.003173828125,1176.0487060546875
2025-11-25,SBILIFE / TATACONSUM,SBILIFE.NS,TATACONSUM.NS,0.8175,566.7085,-1.0,1.1947939507913912,506.7806329956054,2028.1805419921875,1167.8182373046875
2025-11-26,SBILIFE / TATACONSUM,SBILIFE.NS,TATACONSUM.NS,0.8175,566.7085,-1.0,0.6959097983667974,498.7223059692383,2026.283203125,1175.3546142578125
2025-11-27,SBILIFE / TATACONSUM,SBILIFE.NS,TATACONSUM.NS,0.8175,566.7085,0.0,-1.0073935389055286,480.3174982299804,2001.7174072265625,1167.8182373046875
2025-11-28,SBILIFE / TATACONSUM,SBILIFE.NS,TATACONSUM.NS,0.8175,566.7085,1.0,-2.7916961303111623,446.1672308959959,1963.2708740234373,1162.5628662109375
2025-12-01,SBILIFE / TATACONSUM,SBILIFE.NS,TATACONSUM.NS,0.8175,566.7085,1.0,-1.6098746949919793,458.73089666748047,1968.863037109375,1154.0350341796875
2025-12-02,SBILIFE / TATACONSUM,SBILIFE.NS,TATACONSUM.NS,0.8175,566.7085,1.0,-0.8266375713865612,469.9142297973633,1978.749267578125,1152.4483642578125
2025-12-03,SBILIFE / TATACONSUM,SBILIFE.NS,TATACONSUM.NS,0.8175,566.7085,1.0,-0.24855625326347106,479.22254034423827,1970.0614013671875,1130.4346923828125
2025-12-04,SBILIFE / TATACONSUM,SBILIFE.NS,TATACONSUM.NS,0.8175,566.7085,0.0,1.0098570019278077,502.4714279785155,2000.11962890625,1138.76416015625
2025-12-05,SBILIFE / TATACONSUM,SBILIFE.NS,TATACONSUM.NS,0.8175,566.7085,0.0,1.357729178719329,511.4880673828127,2020.890625,1153.142578125
2025-12-08,SBILIFE / TATACONSUM,SBILIFE.NS,TATACONSUM.NS,0.8175,566.7085,0.0,1.610544367710525,522.3541916503907,2017.894775390625,1136.18603515625
2025-12-09,SBILIFE / TATACONSUM,SBILIFE.NS,TATACONSUM.NS,0.8175,566.7085,0.0,0.7858231190869188,507.14485021972655,2003.4149169921875,1137.078369140625
2025-12-10,SBILIFE / TATACONSUM,SBILIFE.NS,TATACONSUM.NS,0.8175,566.7085,0.0,1.2649136773677228,520.7835986938474,2011.7034912109373,1130.5338134765625
2025-12-11,SBILIFE / TATACONSUM,SBILIFE.NS,TATACONSUM.NS,0.8175,566.7085,0.0,0.8253481781523627,511.57289251708994,2004.114013671875,1132.5169677734375
2025-12-12,SBILIFE / TATACONSUM,SBILIFE.NS,TATACONSUM.NS,0.8175,566.7085,0.0,1.2360154293682448,524.7098627319335,2023.087646484375,1139.6566162109375
2025-12-15,SBILIFE / TATACONSUM,SBILIFE.NS,TATACONSUM.NS,0.8175,566.7085,0.0,1.1617035380234915,527.1311661376953,2032.0751953125,1147.688720703125
2025-12-16,SBILIFE / TATACONSUM,SBILIFE.NS,TATACONSUM.NS,0.8175,566.7085,0.0,0.759928677575324,518.0966263427733,2033.173583984375,1160.083740234375
2025-12-17,SBILIFE / TATACONSUM,SBILIFE.NS,TATACONSUM.NS,0.8175,566.7085,0.0,-0.5136254198690389,484.30705511474616,2007.409423828125,1169.9007568359375
2025-12-18,SBILIFE / TATACONSUM,SBILIFE.NS,TATACONSUM.NS,0.8175,566.7085,0.0,-0.13298902329938078,495.22967718505856,2011.6036376953125,1161.6702880859375
2025-12-19,SBILIFE / TATACONSUM,SBILIFE.NS,TATACONSUM.NS,0.8175,566.7085,0.0,-0.14632549683071444,499.07723974609394,2025.584228515625,1174.0654296875
2025-12-22,SBILIFE / TATACONSUM,SBILIFE.NS,TATACONSUM.NS,0.8175,566.7085,0.0,-0.4332207576175773,497.20092138671885,2019.49267578125,1168.9091796875
2025-12-23,SBILIFE / TATACONSUM,SBILIFE.NS,TATACONSUM.NS,0.8175,566.7085,0.0,-0.8201420157580033,494.18526617431644,2021.9892578125,1175.6519775390625
2025-12-24,SBILIFE / TATACONSUM,SBILIFE.NS,TATACONSUM.NS,0.8175,566.7085,0.0,-0.5979086678535108,499.9724985351563,2022.58837890625,1169.3056640625
2025-12-26,SBILIFE / TATACONSUM,SBILIFE.NS,TATACONSUM.NS,0.8175,566.7085,0.0,-0.8175335900636675,496.51843878173827,2016.297119140625,1165.8350830078125
2025-12-29,SBILIFE / TATACONSUM,SBILIFE.NS,TATACONSUM.NS,0.8175,566.7085,1.0,-2.0697966722690704,471.4239011230468,2007.010009765625,1185.17138671875
2025-12-30,SBILIFE / TATACONSUM,SBILIFE.NS,TATACONSUM.NS,0.8175,566.7085,1.0,-1.7643095596612155,470.27604101562497,1992.7298583984373,1169.107421875
2025-12-31,SBILIFE / TATACONSUM,SBILIFE.NS,TATACONSUM.NS,0.8175,566.7085,1.0,-0.08914684668809313,499.08309240722656,2032.0751953125,1181.998291015625
2026-01-01,SBILIFE / TATACONSUM,SBILIFE.NS,TATACONSUM.NS,0.8175,566.7085,0.0,0.9592613992478315,516.8160474243166,2037.5675048828125,1167.0250244140625
2026-01-02,SBILIFE / TATACONSUM,SBILIFE.NS,TATACONSUM.NS,0.8175,566.7085,-1.0,2.1762560438875975,548.8046201171876,2064.530029296875,1160.876953125
2026-01-05,SBILIFE / TATACONSUM,SBILIFE.NS,TATACONSUM.NS,0.8175,566.7085,-1.0,1.8436537975041736,547.7519583740234,2072.71875,1172.181396484375
2026-01-06,SBILIFE / TATACONSUM,SBILIFE.NS,TATACONSUM.NS,0.8175,566.7085,-1.0,1.5668322520699602,544.9826398315429,2092.890625,1200.2440185546875
2026-01-07,SBILIFE / TATACONSUM,SBILIFE.NS,TATACONSUM.NS,0.8175,566.7085,-1.0,0.5026733606999356,518.2340161743166,2067.92529296875,1202.4254150390625
2026-01-08,SBILIFE / TATACONSUM,SBILIFE.NS,TATACONSUM.NS,0.8175,566.7085,-1.0,1.2696489712320558,542.6389450683594,2080.008544921875,1187.35302734375
2026-01-09,SBILIFE / TATACONSUM,SBILIFE.NS,TATACONSUM.NS,0.8175,566.7085,-1.0,1.245142485382153,547.1856217041015,2067.12646484375,1166.033447265625
2026-01-12,SBILIFE / TATACONSUM,SBILIFE.NS,TATACONSUM.NS,0.8175,566.7085,-1.0,1.4952466564091724,561.8522495117188,2095.087646484375,1182.2958984375
2026-01-13,SBILIFE / TATACONSUM,SBILIFE.NS,TATACONSUM.NS,0.8175,566.7085,-1.0,0.9230915988714662,548.6245474853515,2079.509033203125,1179.420166015625
2026-01-14,SBILIFE / TATACONSUM,SBILIFE.NS,TATACONSUM.NS,0.8175,566.7085,-1.0,0.8365322404809477,549.6352936401368,2065.92822265625,1161.5711669921875
2026-01-15,SBILIFE / TATACONSUM,SBILIFE.NS,TATACONSUM.NS,0.8175,566.7085,-1.0,0.7305306740344765,549.6352936401368,2065.92822265625,1161.5711669921875
2026-01-16,SBILIFE / TATACONSUM,SBILIFE.NS,TATACONSUM.NS,0.8175,566.7085,-1.0,0.5629845515273751,547.4697925415039,2078.111083984375,1179.1226806640625
2026-01-19,SBILIFE / TATACONSUM,SBILIFE.NS,TATACONSUM.NS,0.8175,566.7085,-1.0,0.4647227733854572,547.3947943725586,2070.8212890625,1170.2972412109375
2026-01-20,SBILIFE / TATACONSUM,SBILIFE.NS,TATACONSUM.NS,0.8175,566.7085,0.0,-1.1752398982263261,518.9378900756835,2046.2554931640625,1175.0570068359375
2026-01-21,SBILIFE / TATACONSUM,SBILIFE.NS,TATACONSUM.NS,0.8175,566.7085,0.0,0.03073295416535359,542.5767529907228,2052.546630859375,1153.8365478515625
2026-01-22,SBILIFE / TATACONSUM,SBILIFE.NS,TATACONSUM.NS,0.8175,566.7085,1.0,-2.573356822528351,499.8197919311524,2019.193115234375,1165.3392333984375
2026-01-23,SBILIFE / TATACONSUM,SBILIFE.NS,TATACONSUM.NS,0.8175,566.7085,1.0,-2.053872581617358,498.03744268798823,1999.8199462890625,1143.8214111328125
2026-01-27,SBILIFE / TATACONSUM,SBILIFE.NS,TATACONSUM.NS,0.8175,566.7085,1.0,-1.3913043186874476,506.1073261108397,2035.3704833984373,1177.4368896484375
2026-01-28,SBILIFE / TATACONSUM,SBILIFE.NS,TATACONSUM.NS,0.8175,566.7085,0.0,1.3521739766299132,566.1580252685546,2050.349609375,1122.303466796875
2026-01-29,SBILIFE / TATACONSUM,SBILIFE.NS,TATACONSUM.NS,0.8175,566.7085,0.0,-0.35811874184125075,529.2790552368165,1993.52880859375,1097.9097900390625
2026-01-30,SBILIFE / TATACONSUM,SBILIFE.NS,TATACONSUM.NS,0.8175,566.7085,0.0,-1.1038788193263023,509.83176397705097,1995.7257080078125,1124.3858642578125
2026-02-02,SBILIFE / TATACONSUM,SBILIFE.NS,TATACONSUM.NS,0.8175,566.7085,0.0,-0.6055108434473461,519.2186951293945,1998.22216796875,1115.9571533203125
2026-02-03,SBILIFE / TATACONSUM,SBILIFE.NS,TATACONSUM.NS,0.8175,566.7085,0.0,-1.4109322328750613,495.9979779663083,1999.3206787109373,1145.7054443359375
2026-02-04,SBILIFE / TATACONSUM,SBILIFE.NS,TATACONSUM.NS,0.8175,566.7085,0.0,0.42740540402371857,537.4885761108399,2038.86572265625,1143.3255615234375
2026-02-05,SBILIFE / TATACONSUM,SBILIFE.NS,TATACONSUM.NS,0.8175,566.7085,0.0,-0.6339988865544253,511.2708435668944,2014.9989013671875,1146.2012939453125
2026-02-06,SBILIFE / TATACONSUM,SBILIFE.NS,TATACONSUM.NS,0.8175,566.7085,0.0,-1.463680401173253,487.44387426757794,1993.9281005859373,1149.57275390625
2026-02-09,SBILIFE / TATACONSUM,SBILIFE.NS,TATACONSUM.NS,0.8175,566.7085,0.0,-0.4642767436681715,508.30209844970705,2021.1903076171875,1157.4063720703125
2026-02-10,SBILIFE / TATACONSUM,SBILIFE.NS,TATACONSUM.NS,0.8175,566.7085,0.0,-0.07697028314264642,514.7696958007812,2015.498291015625,1142.5322265625
2026-02-11,SBILIFE / TATACONSUM,SBILIFE.NS,TATACONSUM.NS,0.8175,566.7085,0.0,0.2844318438197579,522.4342618408202,2023.4871826171875,1142.928955078125
2026-02-12,SBILIFE / TATACONSUM,SBILIFE.NS,TATACONSUM.NS,0.8175,566.7085,0.0,0.2986657434933158,520.9151849975585,2019.29296875,1139.6566162109375
2026-02-13,SBILIFE / TATACONSUM,SBILIFE.NS,TATACONSUM.NS,0.8175,566.7085,0.0,1.3970102096584727,546.8602887573243,2031.3760986328125,1122.7000732421875
2026-02-16,SBILIFE / TATACONSUM,SBILIFE.NS,TATACONSUM.NS,0.8175,566.7085,0.0,1.310594774764538,549.3745096435543,2039.5648193359373,1129.641357421875
2026-02-17,SBILIFE / TATACONSUM,SBILIFE.NS,TATACONSUM.NS,0.8175,566.7085,0.0,0.713841199131619,538.9395908203126,2036.6688232421875,1138.86328125
2026-02-18,SBILIFE / TATACONSUM,SBILIFE.NS,TATACONSUM.NS,0.8175,566.7085,0.0,1.0652302592320642,541.826171936035,2056.740966796875,1159.8853759765625
2026-02-19,SBILIFE / TATACONSUM,SBILIFE.NS,TATACONSUM.NS,0.8175,566.7085,0.0,0.5527824128802101,532.7070368041993,2040.1639404296875,1150.7625732421875
2026-02-20,SBILIFE / TATACONSUM,SBILIFE.NS,TATACONSUM.NS,0.8175,566.7085,-1.0,2.088531149061524,573.1413965454101,2077.112548828125,1146.4986572265625
2026-02-23,SBILIFE / TATACONSUM,SBILIFE.NS,TATACONSUM.NS,0.8175,566.7085,-1.0,2.136397417022452,590.0543762817383,2106.671630859375,1161.9678955078125
2026-02-24,SBILIFE / TATACONSUM,SBILIFE.NS,TATACONSUM.NS,0.8175,566.7085,-1.0,0.862910738357796,558.3653418579102,2080.008544921875,1168.1158447265625
2026-02-25,SBILIFE / TATACONSUM,SBILIFE.NS,TATACONSUM.NS,0.8175,566.7085,-1.0,0.6352232605081438,553.6989237060548,2070.721435546875,1162.463623046875
2026-02-26,SBILIFE / TATACONSUM,SBILIFE.NS,TATACONSUM.NS,0.8175,566.7085,-1.0,1.1854538973621458,573.2624020996093,2079.90869140625,1149.77099609375
2026-02-27,SBILIFE / TATACONSUM,SBILIFE.NS,TATACONSUM.NS,0.8175,566.7085,0.0,-0.0767077492493843,542.7224729003908,2034.3719482421875,1131.42626953125
2026-03-02,SBILIFE / TATACONSUM,SBILIFE.NS,TATACONSUM.NS,0.8175,566.7085,0.0,0.1553340410138688,550.5375961914062,2029.37890625,1115.7587890625
2026-03-04,SBILIFE / TATACONSUM,SBILIFE.NS,TATACONSUM.NS,0.8175,566.7085,1.0,-2.7973861527729724,460.914,1927.919921875,1101.28125
2026-03-05,SBILIFE / TATACONSUM,SBILIFE.NS,TATACONSUM.NS,0.8175,566.7085,1.0,-2.0405326066578797,468.40353369140644,1942.2999267578125,1109.7099609375
2026-03-06,SBILIFE / TATACONSUM,SBILIFE.NS,TATACONSUM.NS,0.8175,566.7085,1.0,-1.702532940594896,469.6491367187498,1941.5999755859373,1107.330078125
2026-03-09,SBILIFE / TATACONSUM,SBILIFE.NS,TATACONSUM.NS,0.8175,566.7085,1.0,-1.7458212553481234,452.0602237548828,1912.5,1093.249267578125
2026-03-10,SBILIFE / TATACONSUM,SBILIFE.NS,TATACONSUM.NS,0.8175,566.7085,1.0,-0.4843138892485359,505.6921176757812,1963.699951171875,1090.2744140625
2026-03-11,SBILIFE / TATACONSUM,SBILIFE.NS,TATACONSUM.NS,0.8175,566.7085,1.0,-0.5129066316218558,501.74984442138657,1938.5999755859373,1064.3934326171875
2026-03-12,SBILIFE / TATACONSUM,SBILIFE.NS,TATACONSUM.NS,0.8175,566.7085,1.0,-0.1776396996521123,515.1957959594727,1939.4000244140625,1048.9244384765625
2026-03-13,SBILIFE / TATACONSUM,SBILIFE.NS,TATACONSUM.NS,0.8175,566.7085,1.0,-1.232198738425041,459.28138769531256,1904.4000244140625,1074.5078125
2026-03-16,SBILIFE / TATACONSUM,SBILIFE.NS,TATACONSUM.NS,0.8175,566.7085,1.0,-1.1259589679172555,456.7044547119141,1909.199951171875,1083.531494140625
2026-03-17,SBILIFE / TATACONSUM,SBILIFE.NS,TATACONSUM.NS,0.8175,566.7085,1.0,-0.2925106769975358,491.5208988037109,1932.0999755859373,1068.954833984375
2026-03-18,SBILIFE / TATACONSUM,SBILIFE.NS,TATACONSUM.NS,0.8175,566.7085,0.0,0.5591521742301421,524.2717346801758,1962.5,1066.0792236328125
2026-03-19,SBILIFE / TATACONSUM,SBILIFE.NS,TATACONSUM.NS,0.8175,566.7085,0.0,-0.20765652663963666,489.59629522705063,1903.0999755859373,1035.8350830078125
2026-03-20,SBILIFE / TATACONSUM,SBILIFE.NS,TATACONSUM.NS,0.8175,566.7085,0.0,-0.3890572063034655,478.8567841186525,1896.9000244140625,1041.3880615234375
2026-03-23,SBILIFE / TATACONSUM,SBILIFE.NS,TATACONSUM.NS,0.8175,566.7085,0.0,-1.5462704696875214,435.8198180236817,1832.300048828125,1015.0112915039062
2026-03-24,SBILIFE / TATACONSUM,SBILIFE.NS,TATACONSUM.NS,0.8175,566.7085,0.0,-1.9771359342045447,415.6058484497071,1836.0,1044.2637939453125
2026-03-25,SBILIFE / TATACONSUM,SBILIFE.NS,TATACONSUM.NS,0.8175,566.7085,0.0,-1.364823305119971,428.9739545288086,1851.800048828125,1047.2386474609375
2026-03-27,SBILIFE / TATACONSUM,SBILIFE.NS,TATACONSUM.NS,0.8175,566.7085,0.0,-1.399158124409554,420.93476965332013,1837.5999755859373,1039.702392578125
2026-03-30,SBILIFE / TATACONSUM,SBILIFE.NS,TATACONSUM.NS,0.8175,566.7085,0.0,-1.8722721561545892,387.95343359375,1777.300048828125,1006.28515625
2026-04-01,SBILIFE / TATACONSUM,SBILIFE.NS,TATACONSUM.NS,0.8175,566.7085,0.0,-1.4919008854601103,393.85765631103527,1790.5,1015.2095947265624
2026-04-02,SBILIFE / TATACONSUM,SBILIFE.NS,TATACONSUM.NS,0.8175,566.7085,0.0,-1.7909247970682842,362.6039368286133,1774.0,1033.2569580078125
2026-04-06,SBILIFE / TATACONSUM,SBILIFE.NS,TATACONSUM.NS,0.8175,566.7085,0.0,-0.6328213507203786,414.70363714599614,1836.800048828125,1046.3460693359375
2026-04-07,SBILIFE / TATACONSUM,SBILIFE.NS,TATACONSUM.NS,0.8175,566.7085,0.0,-0.5520978891629239,413.7911759033203,1841.4000244140625,1053.089111328125
2026-04-08,SBILIFE / TATACONSUM,SBILIFE.NS,TATACONSUM.NS,0.8175,566.7085,0.0,0.7850696571327349,474.72198431396464,1907.5999755859373,1059.5345458984375
2026-04-09,SBILIFE / TATACONSUM,SBILIFE.NS,TATACONSUM.NS,0.8175,566.7085,0.0,0.5219513811513385,463.4209232177734,1904.0,1068.954833984375
2026-04-10,SBILIFE / TATACONSUM,SBILIFE.NS,TATACONSUM.NS,0.8175,566.7085,0.0,0.7195884003867729,469.8938403930663,1923.199951171875,1084.5230712890625
2026-04-13,SBILIFE / TATACONSUM,SBILIFE.NS,TATACONSUM.NS,0.8175,566.7085,0.0,0.7826027792349046,463.84998236083993,1914.4000244140625,1081.1517333984375
2026-04-15,SBILIFE / TATACONSUM,SBILIFE.NS,TATACONSUM.NS,0.8175,566.7085,0.0,1.9707406628240995,517.2885321655274,1971.0,1085.0189208984375
2026-04-16,SBILIFE / TATACONSUM,SBILIFE.NS,TATACONSUM.NS,0.8175,566.7085,0.0,1.6947628593768724,514.1791434326171,1974.699951171875,1093.348388671875
2026-04-17,SBILIFE / TATACONSUM,SBILIFE.NS,TATACONSUM.NS,0.8175,566.7085,0.0,1.2390088971596163,501.78638555908196,1970.9000244140625,1103.8594970703125
2026-04-20,SBILIFE / TATACONSUM,SBILIFE.NS,TATACONSUM.NS,0.8175,566.7085,0.0,1.1789532808160599,507.5496985473633,1982.5,1110.9991455078125
2026-04-21,SBILIFE / TATACONSUM,SBILIFE.NS,TATACONSUM.NS,0.8175,566.7085,0.0,-0.5849879098174816,419.1398859252928,1911.5999755859373,1132.4178466796875
2026-04-22,SBILIFE / TATACONSUM,SBILIFE.NS,TATACONSUM.NS,0.8175,566.7085,0.0,-1.5057607131496218,362.670557006836,1884.800048828125,1168.710693359375
2026-04-23,SBILIFE / TATACONSUM,SBILIFE.NS,TATACONSUM.NS,0.8175,566.7085,1.0,-2.1325566798319886,301.26866125488266,1828.0999755859373,1174.462158203125
2026-04-24,SBILIFE / TATACONSUM,SBILIFE.NS,TATACONSUM.NS,0.8175,566.7085,1.0,-2.2258065121729116,250.49937841796884,1768.9000244140625,1164.1494140625
2026-04-27,SBILIFE / TATACONSUM,SBILIFE.NS,TATACONSUM.NS,0.8175,566.7085,1.0,-1.3892883244425465,307.9431207885742,1815.4000244140625,1150.7625732421875
2026-04-28,SBILIFE / TATACONSUM,SBILIFE.NS,TATACONSUM.NS,0.8175,566.7085,1.0,-1.1980703368421128,311.2193677368165,1808.300048828125,1138.0699462890625
2026-04-29,SBILIFE / TATACONSUM,SBILIFE.NS,TATACONSUM.NS,0.8175,566.7085,1.0,-1.1482817437303383,302.6631906738281,1816.199951171875,1158.19970703125
2026-04-30,SBILIFE / TATACONSUM,SBILIFE.NS,TATACONSUM.NS,0.8175,566.7085,1.0,-0.8056093349618847,324.43229315185556,1819.0,1134.9959716796875
2026-05-01,SBILIFE / TATACONSUM,SBILIFE.NS,TATACONSUM.NS,0.8175,566.7085,1.0,-0.7063285497407817,324.43229315185556,1819.0,1134.9959716796875
2026-05-04,SBILIFE / TATACONSUM,SBILIFE.NS,TATACONSUM.NS,0.8175,566.7085,1.0,-0.7233309414899367,312.7241034545897,1820.0999755859373,1150.6634521484375
2026-05-05,SBILIFE / TATACONSUM,SBILIFE.NS,TATACONSUM.NS,0.8175,566.7085,1.0,-0.5612347678210723,319.41744757080085,1821.199951171875,1143.8214111328125
2026-05-06,SBILIFE / TATACONSUM,SBILIFE.NS,TATACONSUM.NS,0.8175,566.7085,1.0,-0.034918887636807935,358.2714047851563,1859.0,1142.5322265625
2026-05-07,SBILIFE / TATACONSUM,SBILIFE.NS,TATACONSUM.NS,0.8175,566.7085,0.0,0.27581318246886816,371.8767130126954,1872.199951171875,1142.036376953125
2026-05-08,SBILIFE / TATACONSUM,SBILIFE.NS,TATACONSUM.NS,0.8175,566.7085,0.0,0.16916613009914486,351.916037963867,1872.0999755859373,1166.330810546875
2026-05-11,SBILIFE / TATACONSUM,SBILIFE.NS,TATACONSUM.NS,0.8175,566.7085,0.0,-0.9804965996398404,287.36729467773444,1884.4000244140625,1260.33544921875
2026-05-12,SBILIFE / TATACONSUM,SBILIFE.NS,TATACONSUM.NS,0.8175,566.7085,0.0,-1.7817628847753664,251.45885137939456,1833.9000244140625,1242.4864501953125
2026-05-13,SBILIFE / TATACONSUM,SBILIFE.NS,TATACONSUM.NS,0.8175,566.7085,0.0,-1.126626027298621,269.65028387451173,1837.5,1224.6375732421875
2026-05-14,SBILIFE / TATACONSUM,SBILIFE.NS,TATACONSUM.NS,0.8175,566.7085,0.0,-0.15768358146683217,304.2815405883789,1866.699951171875,1217.9937744140625
2026-05-15,SBILIFE / TATACONSUM,SBILIFE.NS,TATACONSUM.NS,0.8175,566.7085,0.0,-0.4897139972869224,297.46099798583987,1864.5,1223.6458740234375
2026-05-18,SBILIFE / TATACONSUM,SBILIFE.NS,TATACONSUM.NS,0.8175,566.7085,0.0,-0.512032796126571,295.7928653564453,1860.4000244140625,1220.671142578125
2026-05-19,SBILIFE / TATACONSUM,SBILIFE.NS,TATACONSUM.NS,0.8175,566.7085,0.0,0.5981581535696964,333.08678198242194,1881.4000244140625,1200.73974609375
2026-05-20,SBILIFE / TATACONSUM,SBILIFE.NS,TATACONSUM.NS,0.8175,566.7085,0.0,0.09316686535151895,317.67019995117187,1864.199951171875,1198.55810546875
2026-05-21,SBILIFE / TATACONSUM,SBILIFE.NS,TATACONSUM.NS,0.8175,566.7085,0.0,0.3057467019805526,324.55701025390624,1859.9000244140625,1184.8740234375
2026-05-22,SBILIFE / TATACONSUM,SBILIFE.NS,TATACONSUM.NS,0.8175,566.7085,0.0,0.6795890746289838,337.8699112548828,1870.699951171875,1181.800048828125
2026-05-25,SBILIFE / TATACONSUM,SBILIFE.NS,TATACONSUM.NS,0.8175,566.7085,0.0,1.2977568552237517,364.65556433105473,1901.9000244140625,1187.199951171875
2026-05-26,SBILIFE / TATACONSUM,SBILIFE.NS,TATACONSUM.NS,0.8175,566.7085,0.0,0.6938147643803709,345.62847113037117,1883.199951171875,1187.5999755859375
2026-05-27,SBILIFE / TATACONSUM,SBILIFE.NS,TATACONSUM.NS,0.8175,566.7085,0.0,-0.13760638379280374,313.03101995849613,1864.5,1204.5999755859375
2026-05-28,SBILIFE / TATACONSUM,SBILIFE.NS,TATACONSUM.NS,0.8175,566.7085,0.0,-0.02588924215959022,313.03101995849613,1864.5,1204.5999755859375
2026-05-29,SBILIFE / TATACONSUM,SBILIFE.NS,TATACONSUM.NS,0.8175,566.7085,0.0,-0.3539141537163723,300.04945562744126,1830.0999755859373,1178.4000244140625
2026-06-01,SBILIFE / TATACONSUM,SBILIFE.NS,TATACONSUM.NS,0.8175,566.7085,0.0,-0.028599220756780834,311.1437100830078,1812.5,1143.300048828125
2026-06-02,SBILIFE / TATACONSUM,SBILIFE.NS,TATACONSUM.NS,0.8175,566.7085,0.0,-0.9848923939521826,291.02424108886726,1801.699951171875,1154.699951171875
2026-06-03,SBILIFE / TATACONSUM,SBILIFE.NS,TATACONSUM.NS,0.8175,566.7085,0.0,-1.479711855507465,282.271451171875,1784.199951171875,1144.0
2026-06-04,SBILIFE / TATACONSUM,SBILIFE.NS,TATACONSUM.NS,0.8175,566.7085,1.0,-2.011763001336696,258.63873449707035,1764.9000244140625,1149.300048828125
2026-06-05,SBILIFE / TATACONSUM,SBILIFE.NS,TATACONSUM.NS,0.8175,566.7085,1.0,-0.7564297221403465,291.58077886962894,1782.800048828125,1130.9000244140625
2026-06-08,SBILIFE / TATACONSUM,SBILIFE.NS,TATACONSUM.NS,0.8175,566.7085,1.0,-0.7029507577841063,292.7190244140626,1764.4000244140625,1107.0
2026-06-09,SBILIFE / TATACONSUM,SBILIFE.NS,TATACONSUM.NS,0.8175,566.7085,1.0,-0.4353644604560885,297.8277255859375,1769.0999755859375,1106.5
2026-06-10,SBILIFE / TATACONSUM,SBILIFE.NS,TATACONSUM.NS,0.8175,566.7085,1.0,-1.6456548831129298,256.2014511718751,1728.699951171875,1108.0
2026-06-11,SBILIFE / TATACONSUM,SBILIFE.NS,TATACONSUM.NS,0.8175,566.7085,1.0,-1.6381841196358402,246.11099554443365,1719.0999755859375,1108.5999755859375
2026-06-12,SBILIFE / TATACONSUM,SBILIFE.NS,TATACONSUM.NS,0.8175,566.7085,1.0,-1.560302762541771,239.46928991699224,1706.0,1100.699951171875
2026-06-15,SBILIFE / TATACONSUM,SBILIFE.NS,TATACONSUM.NS,0.8175,566.7085,0.0,0.15463663308583217,293.214480041504,1759.5,1100.4000244140625
2026-06-16,SBILIFE / TATACONSUM,SBILIFE.NS,TATACONSUM.NS,0.8175,566.7085,0.0,-0.3255607143822362,276.38070562744144,1767.5999755859375,1130.9000244140625
2026-06-17,SBILIFE / TATACONSUM,SBILIFE.NS,TATACONSUM.NS,0.8175,566.7085,0.0,1.0113987556233435,307.6127255859375,1793.5999755859375,1124.5
2026-06-18,SBILIFE / TATACONSUM,SBILIFE.NS,TATACONSUM.NS,0.8175,566.7085,0.0,1.839618221576866,332.3219556274412,1807.5999755859373,1111.4000244140625
2026-06-19,SBILIFE / TATACONSUM,SBILIFE.NS,TATACONSUM.NS,0.8175,566.7085,0.0,1.388103262364302,324.84020117187504,1800.199951171875,1111.5
2026-06-22,SBILIFE / TATACONSUM,SBILIFE.NS,TATACONSUM.NS,0.8175,566.7085,0.0,1.4195750468326116,328.995730041504,1805.5,1112.9000244140625
2026-06-23,SBILIFE / TATACONSUM,SBILIFE.NS,TATACONSUM.NS,0.8175,566.7085,0.0,0.9184454828510135,317.1350000000001,1786.2,1103.8
2024-06-28,APOLLOHOSP / TCS,APOLLOHOSP.NS,TCS.NS,2.1747,-2047.2784,0.0,,285.78624226074203,6151.43359375,3638.628662109375
2024-07-01,APOLLOHOSP / TCS,APOLLOHOSP.NS,TCS.NS,2.1747,-2047.2784,0.0,,90.75148378906192,6106.4833984375,3707.642578125
2024-07-02,APOLLOHOSP / TCS,APOLLOHOSP.NS,TCS.NS,2.1747,-2047.2784,0.0,,-31.36199443359442,6063.82080078125,3744.1767578125
2024-07-03,APOLLOHOSP / TCS,APOLLOHOSP.NS,TCS.NS,2.1747,-2047.2784,0.0,,168.90984411621025,6158.39404296875,3695.572998046875
2024-07-04,APOLLOHOSP / TCS,APOLLOHOSP.NS,TCS.NS,2.1747,-2047.2784,0.0,,88.1864590820312,6190.564453125,3747.4853515625
2024-07-05,APOLLOHOSP / TCS,APOLLOHOSP.NS,TCS.NS,2.1747,-2047.2784,0.0,,209.6592241455071,6293.4912109375,3738.957275390625
2024-07-08,APOLLOHOSP / TCS,APOLLOHOSP.NS,TCS.NS,2.1747,-2047.2784,0.0,,236.31947775878848,6282.453125,3721.622314453125
2024-07-09,APOLLOHOSP / TCS,APOLLOHOSP.NS,TCS.NS,2.1747,-2047.2784,0.0,,254.75916455078072,6285.287109375,3714.4462890625
2024-07-10,APOLLOHOSP / TCS,APOLLOHOSP.NS,TCS.NS,2.1747,-2047.2784,0.0,,464.5985778076172,6340.38037109375,3643.288818359375
2024-07-11,APOLLOHOSP / TCS,APOLLOHOSP.NS,TCS.NS,2.1747,-2047.2784,0.0,,448.3859282226556,6353.65625,3656.8486328125
2024-07-12,APOLLOHOSP / TCS,APOLLOHOSP.NS,TCS.NS,2.1747,-2047.2784,0.0,,-114.04482216796828,6318.70068359375,3899.3994140625
2024-07-15,APOLLOHOSP / TCS,APOLLOHOSP.NS,TCS.NS,2.1747,-2047.2784,0.0,,-1.2614583496099385,6401.58935546875,3885.65283203125
2024-07-16,APOLLOHOSP / TCS,APOLLOHOSP.NS,TCS.NS,2.1747,-2047.2784,0.0,,-3.649844995117064,6417.94873046875,3894.273681640625
2024-07-18,APOLLOHOSP / TCS,APOLLOHOSP.NS,TCS.NS,2.1747,-2047.2784,0.0,,-214.74462402343784,6484.7265625,4022.048828125
2024-07-19,APOLLOHOSP / TCS,APOLLOHOSP.NS,TCS.NS,2.1747,-2047.2784,0.0,-1.964705798560116,-346.4771717773449,6346.59521484375,4019.1064453125
2024-07-22,APOLLOHOSP / TCS,APOLLOHOSP.NS,TCS.NS,2.1747,-2047.2784,0.0,-1.47341038223669,-295.8155690429696,6366.68359375,4005.0478515625
2024-07-23,APOLLOHOSP / TCS,APOLLOHOSP.NS,TCS.NS,2.1747,-2047.2784,0.0,-1.3692811206631397,-324.8460637939454,6368.1259765625,4019.060302734375
2024-07-24,APOLLOHOSP / TCS,APOLLOHOSP.NS,TCS.NS,2.1747,-2047.2784,0.0,-1.1892003605038657,-313.875128271485,6387.02001953125,4022.70361328125
2024-07-25,APOLLOHOSP / TCS,APOLLOHOSP.NS,TCS.NS,2.1747,-2047.2784,0.0,-1.2416870553393895,-383.4815242187499,6350.423828125,4037.8828125
2024-07-26,APOLLOHOSP / TCS,APOLLOHOSP.NS,TCS.NS,2.1747,-2047.2784,0.0,-0.6660391987580475,-239.0356587402341,6627.62939453125,4098.93017578125
2024-07-29,APOLLOHOSP / TCS,APOLLOHOSP.NS,TCS.NS,2.1747,-2047.2784,0.0,-0.4776435032056451,-208.3168717285164,6644.63525390625,4092.62451171875
2024-07-30,APOLLOHOSP / TCS,APOLLOHOSP.NS,TCS.NS,2.1747,-2047.2784,0.0,-0.41813433833743097,-216.7460841064451,6604.21044921875,4077.911865234375
2024-07-31,APOLLOHOSP / TCS,APOLLOHOSP.NS,TCS.NS,2.1747,-2047.2784,0.0,-0.5553559908520062,-282.93438168945363,6578.65283203125,4096.59521484375
2024-08-01,APOLLOHOSP / TCS,APOLLOHOSP.NS,TCS.NS,2.1747,-2047.2784,0.0,-0.17035592006732514,-216.20883544922003,6669.248046875,4107.5712890625
2024-08-02,APOLLOHOSP / TCS,APOLLOHOSP.NS,TCS.NS,2.1747,-2047.2784,0.0,1.7680703647138027,19.21482983398414,6672.97802734375,4001.03076171875
2024-08-05,APOLLOHOSP / TCS,APOLLOHOSP.NS,TCS.NS,2.1747,-2047.2784,-1.0,2.5097542860239015,256.8223237060545,6650.55224609375,3881.458740234375
2024-08-06,APOLLOHOSP / TCS,APOLLOHOSP.NS,TCS.NS,2.1747,-2047.2784,-1.0,1.8621261597279375,194.2784366943349,6620.81787109375,3896.545654296875
2024-08-07,APOLLOHOSP / TCS,APOLLOHOSP.NS,TCS.NS,2.1747,-2047.2784,-1.0,1.6549556430260612,197.15972348632818,6683.12060546875,3923.86962890625
2024-08-08,APOLLOHOSP / TCS,APOLLOHOSP.NS,TCS.NS,2.1747,-2047.2784,-1.0,0.9682511770610052,76.37800925292936,6505.6591796875,3897.806396484375
2024-08-09,APOLLOHOSP / TCS,APOLLOHOSP.NS,TCS.NS,2.1747,-2047.2784,-1.0,0.5664253251322852,7.902590966796879,6551.35498046875,3950.30615234375
2024-08-12,APOLLOHOSP / TCS,APOLLOHOSP.NS,TCS.NS,2.1747,-2047.2784,-1.0,0.405564870590242,-9.83135556640741,6466.37841796875,3919.3857421875
2024-08-13,APOLLOHOSP / TCS,APOLLOHOSP.NS,TCS.NS,2.1747,-2047.2784,-1.0,0.69317541392092,74.0448327880847,6552.89599609375,3920.600341796875
2024-08-14,APOLLOHOSP / TCS,APOLLOHOSP.NS,TCS.NS,2.1747,-2047.2784,0.0,-0.6855319009202384,-198.79477597656228,6479.75341796875,4012.427734375
2024-08-16,APOLLOHOSP / TCS,APOLLOHOSP.NS,TCS.NS,2.1747,-2047.2784,0.0,-1.117137093237627,-263.875534228516,6660.0771484375,4125.27294921875
2024-08-19,APOLLOHOSP / TCS,APOLLOHOSP.NS,TCS.NS,2.1747,-2047.2784,0.0,-1.5620831045196346,-376.2584476074219,6697.9248046875,4194.35400390625
2024-08-20,APOLLOHOSP / TCS,APOLLOHOSP.NS,TCS.NS,2.1747,-2047.2784,0.0,-1.819078802888641,-495.69664985351596,6646.1337890625,4225.46044921875
2024-08-21,APOLLOHOSP / TCS,APOLLOHOSP.NS,TCS.NS,2.1747,-2047.2784,0.0,-1.5157695269500577,-473.7565078125001,6725.36474609375,4251.8046875
2024-08-22,APOLLOHOSP / TCS,APOLLOHOSP.NS,TCS.NS,2.1747,-2047.2784,0.0,-0.7880267523517237,-295.4096135742195,6803.15087890625,4205.5634765625
2024-08-23,APOLLOHOSP / TCS,APOLLOHOSP.NS,TCS.NS,2.1747,-2047.2784,0.0,-0.36302983996139065,-187.98047148437513,6833.1806640625,4169.97265625
2024-08-26,APOLLOHOSP / TCS,APOLLOHOSP.NS,TCS.NS,2.1747,-2047.2784,0.0,-0.8872021176447422,-346.67317124023543,6752.8037109375,4205.98486328125
2024-08-27,APOLLOHOSP / TCS,APOLLOHOSP.NS,TCS.NS,2.1747,-2047.2784,0.0,-0.7350072569432358,-334.4604599609386,6754.248046875,4201.033203125
2024-08-28,APOLLOHOSP / TCS,APOLLOHOSP.NS,TCS.NS,2.1747,-2047.2784,0.0,-0.7302841291691974,-357.51984321289024,6749.26904296875,4209.34716796875
2024-08-29,APOLLOHOSP / TCS,APOLLOHOSP.NS,TCS.NS,2.1747,-2047.2784,0.0,-0.3051782991533993,-288.7740059570308,6829.6943359375,4214.7177734375
2024-08-30,APOLLOHOSP / TCS,APOLLOHOSP.NS,TCS.NS,2.1747,-2047.2784,0.0,-0.28086700165336487,-303.9791195312512,6899.71240234375,4253.90625
2024-09-02,APOLLOHOSP / TCS,APOLLOHOSP.NS,TCS.NS,2.1747,-2047.2784,0.0,-0.05651049707705827,-284.8101462402349,6852.4521484375,4223.35986328125
2024-09-03,APOLLOHOSP / TCS,APOLLOHOSP.NS,TCS.NS,2.1747,-2047.2784,0.0,-0.048754085110047043,-302.193504882812,6817.39404296875,4215.232421875
2024-09-04,APOLLOHOSP / TCS,APOLLOHOSP.NS,TCS.NS,2.1747,-2047.2784,0.0,1.6977254896849179,-149.24572548828223,6903.09814453125,4184.3115234375
2024-09-05,APOLLOHOSP / TCS,APOLLOHOSP.NS,TCS.NS,2.1747,-2047.2784,0.0,1.656358474404751,-139.15545151367155,6906.48486328125,4181.22900390625
2024-09-06,APOLLOHOSP / TCS,APOLLOHOSP.NS,TCS.NS,2.1747,-2047.2784,0.0,1.5331585853338976,-127.53960429687618,6879.09521484375,4163.29296875
2024-09-09,APOLLOHOSP / TCS,APOLLOHOSP.NS,TCS.NS,2.1747,-2047.2784,0.0,1.0894203725711076,-158.82802333984478,6833.1806640625,4156.5673828125
2024-09-10,APOLLOHOSP / TCS,APOLLOHOSP.NS,TCS.NS,2.1747,-2047.2784,0.0,0.4848717144870711,-216.66087910156352,6893.7861328125,4211.029296875
2024-09-11,APOLLOHOSP / TCS,APOLLOHOSP.NS,TCS.NS,2.1747,-2047.2784,0.0,0.7934845101578546,-179.97597080078162,6872.57177734375,4184.4052734375
2024-09-12,APOLLOHOSP / TCS,APOLLOHOSP.NS,TCS.NS,2.1747,-2047.2784,0.0,1.5167521478190267,-96.9831675781254,7033.4736328125,4220.23046875
2024-09-13,APOLLOHOSP / TCS,APOLLOHOSP.NS,TCS.NS,2.1747,-2047.2784,0.0,0.8785215455732961,-149.41609619140695,6990.99462890625,4224.8076171875
2024-09-16,APOLLOHOSP / TCS,APOLLOHOSP.NS,TCS.NS,2.1747,-2047.2784,0.0,1.0778680599033135,-118.27008369140754,7003.14599609375,4216.0732421875
2024-09-17,APOLLOHOSP / TCS,APOLLOHOSP.NS,TCS.NS,2.1747,-2047.2784,0.0,0.8730778782777614,-126.03604428710901,6979.939453125,4208.97314453125
2024-09-18,APOLLOHOSP / TCS,APOLLOHOSP.NS,TCS.NS,2.1747,-2047.2784,-1.0,2.9914455877407033,225.72727028808617,7007.67724609375,4059.975341796875
2024-09-19,APOLLOHOSP / TCS,APOLLOHOSP.NS,TCS.NS,2.1747,-2047.2784,-1.0,2.534258665448067,321.67515988769514,7002.05029296875,4013.267822265625
2024-09-20,APOLLOHOSP / TCS,APOLLOHOSP.NS,TCS.NS,2.1747,-2047.2784,-1.0,2.2228566613557983,396.7180765869132,7054.23974609375,4002.759033203125
2024-09-23,APOLLOHOSP / TCS,APOLLOHOSP.NS,TCS.NS,2.1747,-2047.2784,-1.0,2.090686282906668,499.904343457031,7124.1083984375,3987.4384765625
2024-09-24,APOLLOHOSP / TCS,APOLLOHOSP.NS,TCS.NS,2.1747,-2047.2784,-1.0,1.6335895155455264,463.5381117187487,7093.431640625,3990.0546875
2024-09-25,APOLLOHOSP / TCS,APOLLOHOSP.NS,TCS.NS,2.1747,-2047.2784,-1.0,1.4026414948823014,467.93409804687394,7104.8359375,3993.27734375
2024-09-26,APOLLOHOSP / TCS,APOLLOHOSP.NS,TCS.NS,2.1747,-2047.2784,-1.0,1.207442346366285,466.1379737304676,7139.0986328125,4009.8583984375
2024-09-27,APOLLOHOSP / TCS,APOLLOHOSP.NS,TCS.NS,2.1747,-2047.2784,-1.0,1.1460456906984966,499.11079999999924,7204.98291015625,4024.9921875
2024-09-30,APOLLOHOSP / TCS,APOLLOHOSP.NS,TCS.NS,2.1747,-2047.2784,-1.0,1.1352326794168057,546.068894238281,7170.27294921875,3987.4384765625
2024-10-01,APOLLOHOSP / TCS,APOLLOHOSP.NS,TCS.NS,2.1747,-2047.2784,-1.0,0.7483329984790846,461.0384121826162,7124.65625,4005.562255859375
2024-10-03,APOLLOHOSP / TCS,APOLLOHOSP.NS,TCS.NS,2.1747,-2047.2784,-1.0,0.18102259165865708,326.66969101562495,6878.24853515625,3954.04296875
2024-10-04,APOLLOHOSP / TCS,APOLLOHOSP.NS,TCS.NS,2.1747,-2047.2784,0.0,-0.5722896432492842,155.23689892578,6746.4296875,3972.2587890625
2024-10-07,APOLLOHOSP / TCS,APOLLOHOSP.NS,TCS.NS,2.1747,-2047.2784,0.0,-0.9125098141263825,112.93789318847553,6745.9814453125,3991.503173828125
2024-10-08,APOLLOHOSP / TCS,APOLLOHOSP.NS,TCS.NS,2.1747,-2047.2784,0.0,-0.20613936808391464,303.2992154296869,6896.5244140625,3973.193359375
2024-10-09,APOLLOHOSP / TCS,APOLLOHOSP.NS,TCS.NS,2.1747,-2047.2784,0.0,0.0953906040044038,388.1699138916017,6980.7861328125,3972.913330078125
2024-10-10,APOLLOHOSP / TCS,APOLLOHOSP.NS,TCS.NS,2.1747,-2047.2784,0.0,0.0009308712529902581,386.4417329345695,6927.15185546875,3949.045166015625
2024-10-11,APOLLOHOSP / TCS,APOLLOHOSP.NS,TCS.NS,2.1747,-2047.2784,0.0,1.2876664566900855,573.5421259765615,6955.38818359375,3875.994140625
2024-10-14,APOLLOHOSP / TCS,APOLLOHOSP.NS,TCS.NS,2.1747,-2047.2784,0.0,1.845033692305191,707.8002908691403,7064.14990234375,3864.27001953125
2024-10-15,APOLLOHOSP / TCS,APOLLOHOSP.NS,TCS.NS,2.1747,-2047.2784,0.0,1.945544882947216,795.483467211913,7111.50927734375,3845.727783203125
2024-10-16,APOLLOHOSP / TCS,APOLLOHOSP.NS,TCS.NS,2.1747,-2047.2784,0.0,1.537781265011362,771.2983582031254,7042.935546875,3825.31640625
2024-10-17,APOLLOHOSP / TCS,APOLLOHOSP.NS,TCS.NS,2.1747,-2047.2784,0.0,0.8930955691069122,661.0845222656251,6961.2646484375,3838.44140625
2024-10-18,APOLLOHOSP / TCS,APOLLOHOSP.NS,TCS.NS,2.1747,-2047.2784,0.0,0.5722377075475279,605.7336003417956,6954.89013671875,3860.96240234375
2024-10-21,APOLLOHOSP / TCS,APOLLOHOSP.NS,TCS.NS,2.1747,-2047.2784,0.0,0.9162605593202622,697.194443920899,6958.3759765625,3820.508544921875
2024-10-22,APOLLOHOSP / TCS,APOLLOHOSP.NS,TCS.NS,2.1747,-2047.2784,0.0,0.9917595484147717,734.1700245117188,6864.30517578125,3760.2490234375
2024-10-23,APOLLOHOSP / TCS,APOLLOHOSP.NS,TCS.NS,2.1747,-2047.2784,0.0,0.5363524652444066,645.5599774902337,6879.04541015625,3807.77294921875
2024-10-24,APOLLOHOSP / TCS,APOLLOHOSP.NS,TCS.NS,2.1747,-2047.2784,0.0,0.7957104430559355,730.1390997558599,6926.25537109375,3790.58935546875
2024-10-25,APOLLOHOSP / TCS,APOLLOHOSP.NS,TCS.NS,2.1747,-2047.2784,0.0,0.571272836649434,701.2239336181635,6916.99267578125,3799.626220703125
2024-10-28,APOLLOHOSP / TCS,APOLLOHOSP.NS,TCS.NS,2.1747,-2047.2784,0.0,-0.0410833295894915,614.9344482177737,6898.51708984375,3830.809326171875
2024-10-29,APOLLOHOSP / TCS,APOLLOHOSP.NS,TCS.NS,2.1747,-2047.2784,0.0,0.48878696929822163,707.6086057373038,6959.42236328125,3816.200927734375
2024-10-30,APOLLOHOSP / TCS,APOLLOHOSP.NS,TCS.NS,2.1747,-2047.2784,0.0,0.1605271080181492,683.5356970947257,6954.49169921875,3825.003173828125
2024-10-31,APOLLOHOSP / TCS,APOLLOHOSP.NS,TCS.NS,2.1747,-2047.2784,-1.0,2.7410806528586193,960.2108961425781,6994.53076171875,3716.18994140625
2024-11-01,APOLLOHOSP / TCS,APOLLOHOSP.NS,TCS.NS,2.1747,-2047.2784,-1.0,2.017112440186999,937.3501473632812,7003.74365234375,3730.9384765625
2024-11-04,APOLLOHOSP / TCS,APOLLOHOSP.NS,TCS.NS,2.1747,-2047.2784,-1.0,1.4448581923574326,904.926149194336,6930.48828125,3712.162841796875
2024-11-05,APOLLOHOSP / TCS,APOLLOHOSP.NS,TCS.NS,2.1747,-2047.2784,-1.0,1.2515245550055547,898.1315471679679,6938.3564453125,3718.9052734375
2024-11-06,APOLLOHOSP / TCS,APOLLOHOSP.NS,TCS.NS,2.1747,-2047.2784,0.0,-1.3965624671710448,557.1873360839843,6940.1494140625,3876.50732421875
2024-11-07,APOLLOHOSP / TCS,APOLLOHOSP.NS,TCS.NS,2.1747,-2047.2784,0.0,1.6341237222561682,989.1960506835937,7395.06787109375,3887.0419921875
2024-11-08,APOLLOHOSP / TCS,APOLLOHOSP.NS,TCS.NS,2.1747,-2047.2784,0.0,1.4272146646697519,993.7007290527333,7391.630859375,3883.39013671875
2024-11-11,APOLLOHOSP / TCS,APOLLOHOSP.NS,TCS.NS,2.1747,-2047.2784,0.0,-1.0251483713205856,623.5328740478515,7126.74853515625,3931.803955078125
2024-11-12,APOLLOHOSP / TCS,APOLLOHOSP.NS,TCS.NS,2.1747,-2047.2784,0.0,-1.611583686505885,490.82516625976564,6991.39306640625,3930.58642578125
2024-11-13,APOLLOHOSP / TCS,APOLLOHOSP.NS,TCS.NS,2.1747,-2047.2784,0.0,-1.7108357960415117,426.58527617187497,6831.337890625,3886.52734375
2024-11-14,APOLLOHOSP / TCS,APOLLOHOSP.NS,TCS.NS,2.1747,-2047.2784,0.0,-1.42431718176244,437.4413073486328,6833.13037109375,3882.359619140625
2024-11-18,APOLLOHOSP / TCS,APOLLOHOSP.NS,TCS.NS,2.1747,-2047.2784,0.0,-0.6901482125787014,576.575683178711,6714.85693359375,3763.994873046875
2024-11-19,APOLLOHOSP / TCS,APOLLOHOSP.NS,TCS.NS,2.1747,-2047.2784,0.0,-1.0679944876159797,480.9650560302732,6660.0771484375,3782.770263671875
2024-11-21,APOLLOHOSP / TCS,APOLLOHOSP.NS,TCS.NS,2.1747,-2047.2784,0.0,-1.0098799272494812,468.5285979736316,6715.45458984375,3813.953369140625
2024-11-22,APOLLOHOSP / TCS,APOLLOHOSP.NS,TCS.NS,2.1747,-2047.2784,0.0,-1.4652261916600768,310.5922043212893,6907.28173828125,3974.786376953125
2024-11-25,APOLLOHOSP / TCS,APOLLOHOSP.NS,TCS.NS,2.1747,-2047.2784,0.0,-1.289739030298071,306.36211342773345,7046.62060546875,4040.80419921875
2024-11-26,APOLLOHOSP / TCS,APOLLOHOSP.NS,TCS.NS,2.1747,-2047.2784,0.0,-1.3810954194433465,231.3344257568358,7048.16455078125,4076.014404296875
2024-11-27,APOLLOHOSP / TCS,APOLLOHOSP.NS,TCS.NS,2.1747,-2047.2784,0.0,-1.3818480133962743,178.89653227539088,6954.69140625,4057.14501953125
2024-11-28,APOLLOHOSP / TCS,APOLLOHOSP.NS,TCS.NS,2.1747,-2047.2784,0.0,-1.0974696702048437,216.36013508300744,6813.6591796875,3975.066650390625
2024-11-29,APOLLOHOSP / TCS,APOLLOHOSP.NS,TCS.NS,2.1747,-2047.2784,0.0,-1.1864494408399584,151.36292077636676,6801.5078125,3999.366943359375
2024-12-02,APOLLOHOSP / TCS,APOLLOHOSP.NS,TCS.NS,2.1747,-2047.2784,0.0,-0.1982244261389102,375.4999080078112,7037.45751953125,4004.798828125
2024-12-03,APOLLOHOSP / TCS,APOLLOHOSP.NS,TCS.NS,2.1747,-2047.2784,0.0,0.03973437313765934,382.85516494140643,7097.96337890625,4029.2392578125
2024-12-04,APOLLOHOSP / TCS,APOLLOHOSP.NS,TCS.NS,2.1747,-2047.2784,0.0,0.17430768294067595,383.0475071289063,7203.33984375,4077.6064453125
2024-12-05,APOLLOHOSP / TCS,APOLLOHOSP.NS,TCS.NS,2.1747,-2047.2784,0.0,-1.1062881721297215,201.97997119140632,7245.56982421875,4180.2861328125
2024-12-06,APOLLOHOSP / TCS,APOLLOHOSP.NS,TCS.NS,2.1747,-2047.2784,0.0,-0.9920230846774211,198.47270908203132,7204.28564453125,4162.9150390625
2024-12-09,APOLLOHOSP / TCS,APOLLOHOSP.NS,TCS.NS,2.1747,-2047.2784,0.0,-1.2124395324510036,145.63817597656157,7164.994140625,4169.142578125
2024-12-10,APOLLOHOSP / TCS,APOLLOHOSP.NS,TCS.NS,2.1747,-2047.2784,0.0,-0.32176200711173025,249.7446081054684,7229.18505859375,4150.7880859375
2024-12-11,APOLLOHOSP / TCS,APOLLOHOSP.NS,TCS.NS,2.1747,-2047.2784,0.0,0.6705391768295829,342.2985954101557,7311.35400390625,4146.0126953125
2024-12-12,APOLLOHOSP / TCS,APOLLOHOSP.NS,TCS.NS,2.1747,-2047.2784,0.0,-0.9687836193599024,173.05159702148444,7198.11083984375,4171.76513671875
2024-12-13,APOLLOHOSP / TCS,APOLLOHOSP.NS,TCS.NS,2.1747,-2047.2784,0.0,-0.9149453773564634,166.68101723632822,7230.33056640625,4189.51025390625
2024-12-16,APOLLOHOSP / TCS,APOLLOHOSP.NS,TCS.NS,2.1747,-2047.2784,0.0,0.4654814580944023,285.9730227050775,7230.08203125,4134.54150390625
2024-12-17,APOLLOHOSP / TCS,APOLLOHOSP.NS,TCS.NS,2.1747,-2047.2784,0.0,1.674846117427732,422.2460050292964,7189.79443359375,4053.35302734375
2024-12-18,APOLLOHOSP / TCS,APOLLOHOSP.NS,TCS.NS,2.1747,-2047.2784,0.0,1.2604267381343783,401.4164860107419,7208.369140625,4071.472412109375
2024-12-19,APOLLOHOSP / TCS,APOLLOHOSP.NS,TCS.NS,2.1747,-2047.2784,-1.0,2.3723404166323707,615.9938127929679,7268.27783203125,4000.3505859375
2024-12-20,APOLLOHOSP / TCS,APOLLOHOSP.NS,TCS.NS,2.1747,-2047.2784,-1.0,2.490373848500538,777.2332572998046,7222.6123046875,3905.208740234375
2024-12-23,APOLLOHOSP / TCS,APOLLOHOSP.NS,TCS.NS,2.1747,-2047.2784,-1.0,2.079626789441595,815.017215209961,7235.95849609375,3893.971435546875
2024-12-24,APOLLOHOSP / TCS,APOLLOHOSP.NS,TCS.NS,2.1747,-2047.2784,-1.0,1.4988286388023568,746.8433249267571,7210.958984375,3913.824462890625
2024-12-26,APOLLOHOSP / TCS,APOLLOHOSP.NS,TCS.NS,2.1747,-2047.2784,-1.0,1.4351233824573608,789.0871684326164,7232.02392578125,3904.085693359375
2024-12-27,APOLLOHOSP / TCS,APOLLOHOSP.NS,TCS.NS,2.1747,-2047.2784,-1.0,1.2207809671728458,782.9524355468754,7217.2333984375,3900.10546875
2024-12-30,APOLLOHOSP / TCS,APOLLOHOSP.NS,TCS.NS,2.1747,-2047.2784,-1.0,1.3140084716788656,862.9510348876945,7284.91064453125,3894.439697265625
2024-12-31,APOLLOHOSP / TCS,APOLLOHOSP.NS,TCS.NS,2.1747,-2047.2784,-1.0,1.4912952103521042,975.4567370361317,7267.0830078125,3834.508056640625
2025-01-01,APOLLOHOSP / TCS,APOLLOHOSP.NS,TCS.NS,2.1747,-2047.2784,-1.0,1.3979273946412016,1012.5179272949215,7340.0888671875,3851.03662109375
2025-01-02,APOLLOHOSP / TCS,APOLLOHOSP.NS,TCS.NS,2.1747,-2047.2784,-1.0,0.9875222138154376,935.4021773437496,7391.88037109375,3910.3125
2025-01-03,APOLLOHOSP / TCS,APOLLOHOSP.NS,TCS.NS,2.1747,-2047.2784,-1.0,0.9890307026780498,967.0628206787103,7269.0751953125,3839.283935546875
2025-01-06,APOLLOHOSP / TCS,APOLLOHOSP.NS,TCS.NS,2.1747,-2047.2784,-1.0,1.4192003355354912,1107.3150514160159,7399.349609375,3834.69580078125
2025-01-07,APOLLOHOSP / TCS,APOLLOHOSP.NS,TCS.NS,2.1747,-2047.2784,-1.0,1.8155160983925784,1250.7181028320308,7406.919921875,3772.2353515625
2025-01-08,APOLLOHOSP / TCS,APOLLOHOSP.NS,TCS.NS,2.1747,-2047.2784,0.0,-0.30107639573522205,794.677714550781,7113.9990234375,3847.2431640625
2025-01-09,APOLLOHOSP / TCS,APOLLOHOSP.NS,TCS.NS,2.1747,-2047.2784,0.0,-0.015698922129308842,885.4169346435544,7063.10400390625,3782.114990234375
2025-01-10,APOLLOHOSP / TCS,APOLLOHOSP.NS,TCS.NS,2.1747,-2047.2784,1.0,-2.5483908713876655,368.9684424560535,7008.5244140625,3994.497802734375
2025-01-13,APOLLOHOSP / TCS,APOLLOHOSP.NS,TCS.NS,2.1747,-2047.2784,1.0,-2.556786967502498,120.78101816406229,6812.1650390625,4018.330078125
2025-01-14,APOLLOHOSP / TCS,APOLLOHOSP.NS,TCS.NS,2.1747,-2047.2784,1.0,-2.0205879593935947,106.7806586181639,6679.94775390625,3963.969970703125
2025-01-15,APOLLOHOSP / TCS,APOLLOHOSP.NS,TCS.NS,2.1747,-2047.2784,1.0,-1.76970547188762,58.1360954589843,6665.00732421875,3979.46826171875
2025-01-16,APOLLOHOSP / TCS,APOLLOHOSP.NS,TCS.NS,2.1747,-2047.2784,1.0,-1.1302882000870182,243.72322309570222,6762.4150390625,3938.92041015625
2025-01-17,APOLLOHOSP / TCS,APOLLOHOSP.NS,TCS.NS,2.1747,-2047.2784,1.0,-0.8958300791899316,294.4631202148437,6800.7109375,3933.1982421875
2025-01-20,APOLLOHOSP / TCS,APOLLOHOSP.NS,TCS.NS,2.1747,-2047.2784,1.0,-0.6864958411667896,343.8406003417956,6753.65087890625,3888.85302734375
2025-01-21,APOLLOHOSP / TCS,APOLLOHOSP.NS,TCS.NS,2.1747,-2047.2784,1.0,-0.08665308272915369,568.5865025634764,6891.3955078125,3848.846923828125
2025-01-22,APOLLOHOSP / TCS,APOLLOHOSP.NS,TCS.NS,2.1747,-2047.2784,1.0,-0.6626029927386786,292.0143717529288,6865.25048828125,3964.001708984375
2025-01-23,APOLLOHOSP / TCS,APOLLOHOSP.NS,TCS.NS,2.1747,-2047.2784,1.0,-0.4479288776757238,342.9774781494132,6893.08935546875,3953.368408203125
2025-01-24,APOLLOHOSP / TCS,APOLLOHOSP.NS,TCS.NS,2.1747,-2047.2784,1.0,-0.8200611009839748,153.57048632812507,6717.99365234375,3959.94921875
2025-01-27,APOLLOHOSP / TCS,APOLLOHOSP.NS,TCS.NS,2.1747,-2047.2784,1.0,-0.3672871105175473,285.0189757812502,6668.59375,3876.7890625
2025-01-28,APOLLOHOSP / TCS,APOLLOHOSP.NS,TCS.NS,2.1747,-2047.2784,0.0,0.011522476310810631,350.00081291503807,6682.03955078125,3853.091064453125
2025-01-29,APOLLOHOSP / TCS,APOLLOHOSP.NS,TCS.NS,2.1747,-2047.2784,0.0,-0.06285434067846092,301.6499218261713,6757.08642578125,3909.83349609375
2025-01-30,APOLLOHOSP / TCS,APOLLOHOSP.NS,TCS.NS,2.1747,-2047.2784,0.0,0.4924508865877046,341.32020815429564,6797.27490234375,3910.07177734375
2025-01-31,APOLLOHOSP / TCS,APOLLOHOSP.NS,TCS.NS,2.1747,-2047.2784,0.0,0.2219217339383608,301.6131641845702,6783.181640625,3921.849853515625
2025-02-01,APOLLOHOSP / TCS,APOLLOHOSP.NS,TCS.NS,2.1747,-2047.2784,0.0,0.9755557031708295,413.49276118164084,6813.6591796875,3884.41845703125
2025-02-03,APOLLOHOSP / TCS,APOLLOHOSP.NS,TCS.NS,2.1747,-2047.2784,0.0,0.6082013197769544,380.54522128906206,6771.37890625,3880.126953125
2025-02-04,APOLLOHOSP / TCS,APOLLOHOSP.NS,TCS.NS,2.1747,-2047.2784,0.0,-0.3630341736487484,294.4820315185541,6764.955078125,3916.747802734375
2025-02-05,APOLLOHOSP / TCS,APOLLOHOSP.NS,TCS.NS,2.1747,-2047.2784,0.0,1.4397574353978904,479.3996362060541,6916.79345703125,3901.536865234375
2025-02-06,APOLLOHOSP / TCS,APOLLOHOSP.NS,TCS.NS,2.1747,-2047.2784,0.0,0.7793147985237938,426.5993895996096,6846.67578125,3893.57373046875
2025-02-07,APOLLOHOSP / TCS,APOLLOHOSP.NS,TCS.NS,2.1747,-2047.2784,0.0,0.9521523473771423,453.87936547851564,6763.3115234375,3842.69580078125
2025-02-10,APOLLOHOSP / TCS,APOLLOHOSP.NS,TCS.NS,2.1747,-2047.2784,0.0,0.7331028816554257,409.03848354492106,6734.12890625,3849.89599609375
2025-02-11,APOLLOHOSP / TCS,APOLLOHOSP.NS,TCS.NS,2.1747,-2047.2784,1.0,-2.1522291888240335,119.14621918945227,6292.009765625,3779.89697265625
2025-02-12,APOLLOHOSP / TCS,APOLLOHOSP.NS,TCS.NS,2.1747,-2047.2784,1.0,-1.1583082148142818,203.90752829589724,6348.98046875,3767.117919921875
2025-02-13,APOLLOHOSP / TCS,APOLLOHOSP.NS,TCS.NS,2.1747,-2047.2784,1.0,-0.537334809557869,284.524398486328,6346.6396484375,3728.97119140625
2025-02-14,APOLLOHOSP / TCS,APOLLOHOSP.NS,TCS.NS,2.1747,-2047.2784,1.0,-1.7160699283929388,140.83993068847644,6254.18115234375,3752.526611328125
2025-02-17,APOLLOHOSP / TCS,APOLLOHOSP.NS,TCS.NS,2.1747,-2047.2784,1.0,-0.7727193656568331,233.40663212890627,6283.80419921875,3723.5830078125
2025-02-18,APOLLOHOSP / TCS,APOLLOHOSP.NS,TCS.NS,2.1747,-2047.2784,0.0,0.45731436593666797,374.7707729492183,6360.25439453125,3693.7333984375
2025-02-19,APOLLOHOSP / TCS,APOLLOHOSP.NS,TCS.NS,2.1747,-2047.2784,0.0,1.9816281413494057,605.2382869628907,6405.93505859375,3608.76220703125
2025-02-20,APOLLOHOSP / TCS,APOLLOHOSP.NS,TCS.NS,2.1747,-2047.2784,0.0,1.5250338062746553,583.3690649658199,6374.3173828125,3604.279541015625
2025-02-21,APOLLOHOSP / TCS,APOLLOHOSP.NS,TCS.NS,2.1747,-2047.2784,0.0,0.8715630176705588,496.4721067871094,6301.1083984375,3610.57373046875
2025-02-24,APOLLOHOSP / TCS,APOLLOHOSP.NS,TCS.NS,2.1747,-2047.2784,0.0,1.635982847852463,659.4561159423827,6235.13037109375,3505.289306640625
2025-02-25,APOLLOHOSP / TCS,APOLLOHOSP.NS,TCS.NS,2.1747,-2047.2784,0.0,1.7788863670096657,754.9114896484368,6235.0810546875,3461.373046875
2025-02-27,APOLLOHOSP / TCS,APOLLOHOSP.NS,TCS.NS,2.1747,-2047.2784,0.0,1.4163287749390627,724.1905736816404,6169.10302734375,3445.16064453125
2025-02-28,APOLLOHOSP / TCS,APOLLOHOSP.NS,TCS.NS,2.1747,-2047.2784,0.0,1.705162027065423,860.0954206298827,6036.84814453125,3321.851806640625
2025-03-03,APOLLOHOSP / TCS,APOLLOHOSP.NS,TCS.NS,2.1747,-2047.2784,0.0,1.73470485455356,957.4646794189446,6154.54150390625,3331.197509765625
2025-03-04,APOLLOHOSP / TCS,APOLLOHOSP.NS,TCS.NS,2.1747,-2047.2784,0.0,1.2908215254740154,894.0841870361326,6172.04541015625,3368.390869140625
2025-03-05,APOLLOHOSP / TCS,APOLLOHOSP.NS,TCS.NS,2.1747,-2047.2784,0.0,1.1305175769946851,889.1574237548828,6198.22705078125,3382.695556640625
2025-03-06,APOLLOHOSP / TCS,APOLLOHOSP.NS,TCS.NS,2.1747,-2047.2784,0.0,0.8228373133679651,835.5690998291009,6257.77197265625,3434.718017578125
2025-03-07,APOLLOHOSP / TCS,APOLLOHOSP.NS,TCS.NS,2.1747,-2047.2784,0.0,0.4312995526969475,757.8105365234376,6199.9228515625,3443.873046875
2025-03-10,APOLLOHOSP / TCS,APOLLOHOSP.NS,TCS.NS,2.1747,-2047.2784,0.0,0.22290208895400024,736.1757030029291,6133.595703125,3423.322021484375
2025-03-11,APOLLOHOSP / TCS,APOLLOHOSP.NS,TCS.NS,2.1747,-2047.2784,0.0,0.1619832224337474,751.1748811767573,6118.833984375,3409.636962890625
2025-03-12,APOLLOHOSP / TCS,APOLLOHOSP.NS,TCS.NS,2.1747,-2047.2784,0.0,1.076233964338046,903.4109283691403,6127.76123046875,3343.73876953125
2025-03-13,APOLLOHOSP / TCS,APOLLOHOSP.NS,TCS.NS,2.1747,-2047.2784,0.0,0.6129876017802329,855.35147602539,6089.759765625,3348.36376953125
2025-03-17,APOLLOHOSP / TCS,APOLLOHOSP.NS,TCS.NS,2.1747,-2047.2784,0.0,1.0986848364568964,933.9062259277341,6140.62744140625,3335.63232421875
2025-03-18,APOLLOHOSP / TCS,APOLLOHOSP.NS,TCS.NS,2.1747,-2047.2784,0.0,1.131520182882333,933.9062259277341,6140.62744140625,3335.63232421875
2025-03-19,APOLLOHOSP / TCS,APOLLOHOSP.NS,TCS.NS,2.1747,-2047.2784,-1.0,2.764507141411005,1205.345025268554,6410.822265625,3335.060302734375
2025-03-20,APOLLOHOSP / TCS,APOLLOHOSP.NS,TCS.NS,2.1747,-2047.2784,-1.0,1.6771910567413872,1115.0405089599606,6457.50048828125,3398.049560546875
2025-03-21,APOLLOHOSP / TCS,APOLLOHOSP.NS,TCS.NS,2.1747,-2047.2784,-1.0,1.9776042775334657,1220.8773484863275,6594.34326171875,3412.30712890625
2025-03-24,APOLLOHOSP / TCS,APOLLOHOSP.NS,TCS.NS,2.1747,-2047.2784,-1.0,1.1372325201780806,1119.6574605468747,6598.58251953125,3460.80078125
2025-03-25,APOLLOHOSP / TCS,APOLLOHOSP.NS,TCS.NS,2.1747,-2047.2784,-1.0,0.8603052290356473,1088.752779077148,6627.4072265625,3488.266357421875
2025-03-26,APOLLOHOSP / TCS,APOLLOHOSP.NS,TCS.NS,2.1747,-2047.2784,-1.0,0.32502369635535017,1009.7012965087886,6502.83251953125,3467.333251953125
2025-03-27,APOLLOHOSP / TCS,APOLLOHOSP.NS,TCS.NS,2.1747,-2047.2784,0.0,-0.0685679005137982,950.0842913330077,6475.154296875,3482.019775390625
2025-03-28,APOLLOHOSP / TCS,APOLLOHOSP.NS,TCS.NS,2.1747,-2047.2784,0.0,1.1146737194069,1167.342307080078,6598.9814453125,3439.05712890625
2025-04-01,APOLLOHOSP / TCS,APOLLOHOSP.NS,TCS.NS,2.1747,-2047.2784,0.0,1.628276296401603,1298.1918035644528,6615.0390625,3386.27197265625
2025-04-02,APOLLOHOSP / TCS,APOLLOHOSP.NS,TCS.NS,2.1747,-2047.2784,0.0,1.9296454779229961,1411.988830566406,6714.62939453125,3379.7392578125
2025-04-03,APOLLOHOSP / TCS,APOLLOHOSP.NS,TCS.NS,2.1747,-2047.2784,-1.0,2.432605462374314,1643.357513793945,6653.98779296875,3245.463134765625
2025-04-04,APOLLOHOSP / TCS,APOLLOHOSP.NS,TCS.NS,2.1747,-2047.2784,-1.0,2.5050699046006937,1901.614916040039,6697.0751953125,3146.520751953125
2025-04-07,APOLLOHOSP / TCS,APOLLOHOSP.NS,TCS.NS,2.1747,-2047.2784,-1.0,2.0364139072322924,1923.0209995605462,6665.90673828125,3122.34521484375
2025-04-08,APOLLOHOSP / TCS,APOLLOHOSP.NS,TCS.NS,2.1747,-2047.2784,-1.0,1.7551620595639668,1955.9356536376952,6738.0185546875,3140.369384765625
2025-04-09,APOLLOHOSP / TCS,APOLLOHOSP.NS,TCS.NS,2.1747,-2047.2784,-1.0,1.8305200027419006,2130.357964282226,6816.314453125,3096.167236328125
2025-04-11,APOLLOHOSP / TCS,APOLLOHOSP.NS,TCS.NS,2.1747,-2047.2784,-1.0,1.4930729847763728,2108.6633059570313,6763.302734375,3081.7666015625
2025-04-15,APOLLOHOSP / TCS,APOLLOHOSP.NS,TCS.NS,2.1747,-2047.2784,-1.0,1.4435102535233273,2197.755498388672,6887.02978515625,3097.69287109375
2025-04-16,APOLLOHOSP / TCS,APOLLOHOSP.NS,TCS.NS,2.1747,-2047.2784,-1.0,1.3252912867614777,2244.901537133789,6987.2685546875,3122.106689453125
2025-04-17,APOLLOHOSP / TCS,APOLLOHOSP.NS,TCS.NS,2.1747,-2047.2784,-1.0,1.1818828712617553,2260.6684716552736,7055.09130859375,3146.043701171875
2025-04-21,APOLLOHOSP / TCS,APOLLOHOSP.NS,TCS.NS,2.1747,-2047.2784,-1.0,1.0787315912940239,2282.410458056641,7123.91162109375,3167.69189453125
2025-04-22,APOLLOHOSP / TCS,APOLLOHOSP.NS,TCS.NS,2.1747,-2047.2784,-1.0,0.8896321954942568,2243.4835629150393,7070.05224609375,3160.825439453125
2025-04-23,APOLLOHOSP / TCS,APOLLOHOSP.NS,TCS.NS,2.1747,-2047.2784,-1.0,0.4526611407170523,2092.354643383789,7123.4130859375,3254.856689453125
2025-04-24,APOLLOHOSP / TCS,APOLLOHOSP.NS,TCS.NS,2.1747,-2047.2784,-1.0,0.467988450298068,2133.4516626708983,7140.86767578125,3243.985107421875
2025-04-25,APOLLOHOSP / TCS,APOLLOHOSP.NS,TCS.NS,2.1747,-2047.2784,0.0,-0.7728470853773296,1831.2582970458977,6934.90478515625,3288.235107421875
2025-04-28,APOLLOHOSP / TCS,APOLLOHOSP.NS,TCS.NS,2.1747,-2047.2784,0.0,-0.677695367912477,1932.3512844970699,7026.6650390625,3283.943603515625
2025-04-29,APOLLOHOSP / TCS,APOLLOHOSP.NS,TCS.NS,2.1747,-2047.2784,0.0,-1.5428525905630226,1819.843913720703,6974.30224609375,3311.60009765625
2025-04-30,APOLLOHOSP / TCS,APOLLOHOSP.NS,TCS.NS,2.1747,-2047.2784,0.0,-1.3335572978755594,1843.3740513916016,6958.84228515625,3293.671142578125
2025-05-02,APOLLOHOSP / TCS,APOLLOHOSP.NS,TCS.NS,2.1747,-2047.2784,0.0,-1.2650310092566925,1841.5798188964843,6909.9697265625,3272.02294921875
2025-05-05,APOLLOHOSP / TCS,APOLLOHOSP.NS,TCS.NS,2.1747,-2047.2784,0.0,-1.183042425560533,1839.1378887695307,6955.85009765625,3294.2431640625
2025-05-06,APOLLOHOSP / TCS,APOLLOHOSP.NS,TCS.NS,2.1747,-2047.2784,0.0,-0.9310698456666814,1862.2248345214837,6990.7587890625,3299.67919921875
2025-05-07,APOLLOHOSP / TCS,APOLLOHOSP.NS,TCS.NS,2.1747,-2047.2784,0.0,-0.8022564370887056,1867.194576733398,6964.82666015625,3285.469482421875
2025-05-08,APOLLOHOSP / TCS,APOLLOHOSP.NS,TCS.NS,2.1747,-2047.2784,0.0,-1.320537167757923,1728.1562290527343,6833.6689453125,3289.09326171875
2025-05-09,APOLLOHOSP / TCS,APOLLOHOSP.NS,TCS.NS,2.1747,-2047.2784,0.0,-1.607046954838827,1616.8287198730466,6704.50634765625,3280.89208984375
2025-05-12,APOLLOHOSP / TCS,APOLLOHOSP.NS,TCS.NS,2.1747,-2047.2784,0.0,-1.998479831417584,1446.7821262207024,6907.97509765625,3452.64697265625
2025-05-13,APOLLOHOSP / TCS,APOLLOHOSP.NS,TCS.NS,2.1747,-2047.2784,0.0,-0.9571906185596675,1656.897509643554,6899.49755859375,3352.130615234375
2025-05-14,APOLLOHOSP / TCS,APOLLOHOSP.NS,TCS.NS,2.1747,-2047.2784,0.0,-1.2187834012014236,1586.0074930419921,6898.49951171875,3384.269287109375
2025-05-15,APOLLOHOSP / TCS,APOLLOHOSP.NS,TCS.NS,2.1747,-2047.2784,0.0,-0.6170983932894398,1676.8953804687496,7054.09375,3414.0234375
2025-05-16,APOLLOHOSP / TCS,APOLLOHOSP.NS,TCS.NS,2.1747,-2047.2784,0.0,-0.6587480180665778,1658.1201921142572,6996.74365234375,3396.285400390625
2025-05-19,APOLLOHOSP / TCS,APOLLOHOSP.NS,TCS.NS,2.1747,-2047.2784,0.0,-0.24653673149927488,1705.8679083740233,6956.34912109375,3355.754638671875
2025-05-20,APOLLOHOSP / TCS,APOLLOHOSP.NS,TCS.NS,2.1747,-2047.2784,0.0,-0.29604099646305043,1686.0459972167962,6894.01171875,3336.20458984375
2025-05-21,APOLLOHOSP / TCS,APOLLOHOSP.NS,TCS.NS,2.1747,-2047.2784,0.0,-0.11344504002778248,1700.825715478515,6965.82421875,3362.43017578125
2025-05-22,APOLLOHOSP / TCS,APOLLOHOSP.NS,TCS.NS,2.1747,-2047.2784,0.0,0.5448980689438493,1772.610343920898,6936.40087890625,3315.891357421875
2025-05-23,APOLLOHOSP / TCS,APOLLOHOSP.NS,TCS.NS,2.1747,-2047.2784,0.0,0.8610511169807511,1804.344013891601,7046.11474609375,3351.749267578125
2025-05-26,APOLLOHOSP / TCS,APOLLOHOSP.NS,TCS.NS,2.1747,-2047.2784,0.0,0.7803282681440521,1789.1832109130853,7078.03173828125,3373.397216796875
2025-05-27,APOLLOHOSP / TCS,APOLLOHOSP.NS,TCS.NS,2.1747,-2047.2784,0.0,1.3316739230931154,1846.2962703124992,7055.09130859375,3336.5859375
2025-05-28,APOLLOHOSP / TCS,APOLLOHOSP.NS,TCS.NS,2.1747,-2047.2784,0.0,0.38581823195900783,1731.674780615234,6938.39599609375,3335.63232421875
2025-05-29,APOLLOHOSP / TCS,APOLLOHOSP.NS,TCS.NS,2.1747,-2047.2784,0.0,0.058396248148525225,1697.4318469970701,6904.98291015625,3336.013916015625
2025-05-30,APOLLOHOSP / TCS,APOLLOHOSP.NS,TCS.NS,2.1747,-2047.2784,0.0,0.2913924711531118,1727.007991088867,6862.59326171875,3302.921630859375
2025-06-02,APOLLOHOSP / TCS,APOLLOHOSP.NS,TCS.NS,2.1747,-2047.2784,0.0,0.9964662122985123,1790.1224351318358,6897.50244140625,3289.951904296875
2025-06-03,APOLLOHOSP / TCS,APOLLOHOSP.NS,TCS.NS,2.1747,-2047.2784,0.0,0.7376960375949009,1779.8885202392573,6794.7705078125,3247.418212890625
2025-06-04,APOLLOHOSP / TCS,APOLLOHOSP.NS,TCS.NS,2.1747,-2047.2784,0.0,1.139025669416383,1810.3513410156245,6837.15966796875,3252.90234375
2025-06-05,APOLLOHOSP / TCS,APOLLOHOSP.NS,TCS.NS,2.1747,-2047.2784,0.0,1.580391864499736,1851.801271191406,6858.10498046875,3243.4736328125
2025-06-06,APOLLOHOSP / TCS,APOLLOHOSP.NS,TCS.NS,2.1747,-2047.2784,0.0,1.8858459815102173,1890.7184923339844,6924.43212890625,3256.07763671875
2025-06-09,APOLLOHOSP / TCS,APOLLOHOSP.NS,TCS.NS,2.1747,-2047.2784,0.0,0.3762423455703134,1801.364115283203,6913.95947265625,3292.35009765625
2025-06-10,APOLLOHOSP / TCS,APOLLOHOSP.NS,TCS.NS,2.1747,-2047.2784,0.0,-1.3209981684492897,1702.1117101806637,6900.49462890625,3331.798095703125
2025-06-11,APOLLOHOSP / TCS,APOLLOHOSP.NS,TCS.NS,2.1747,-2047.2784,0.0,-1.4577421879881145,1692.2576428955078,6909.4716796875,3340.457275390625
2025-06-12,APOLLOHOSP / TCS,APOLLOHOSP.NS,TCS.NS,2.1747,-2047.2784,0.0,0.9146696337991757,1839.9597188476562,6978.29150390625,3304.1845703125
2025-06-13,APOLLOHOSP / TCS,APOLLOHOSP.NS,TCS.NS,2.1747,-2047.2784,0.0,0.4790154449536815,1813.902692797851,6976.296875,3315.249267578125
2025-06-16,APOLLOHOSP / TCS,APOLLOHOSP.NS,TCS.NS,2.1747,-2047.2784,0.0,0.6430124189245461,1827.2178535156243,7095.48583984375,3363.93359375
2025-06-17,APOLLOHOSP / TCS,APOLLOHOSP.NS,TCS.NS,2.1747,-2047.2784,0.0,-1.4434696836528342,1680.2419352294917,6988.265625,3382.214599609375
2025-06-18,APOLLOHOSP / TCS,APOLLOHOSP.NS,TCS.NS,2.1747,-2047.2784,0.0,-0.5358526661908901,1741.135044824218,6915.45556640625,3320.7333984375
2025-06-19,APOLLOHOSP / TCS,APOLLOHOSP.NS,TCS.NS,2.1747,-2047.2784,0.0,1.2961492268045995,1874.267394921875,6991.2578125,3294.37109375
2025-06-20,APOLLOHOSP / TCS,APOLLOHOSP.NS,TCS.NS,2.1747,-2047.2784,0.0,1.4740173980815996,1903.6470597412106,7045.1171875,3305.627685546875
2025-06-23,APOLLOHOSP / TCS,APOLLOHOSP.NS,TCS.NS,2.1747,-2047.2784,0.0,1.60795529654198,1935.8806599365232,6989.2626953125,3265.121826171875
2025-06-24,APOLLOHOSP / TCS,APOLLOHOSP.NS,TCS.NS,2.1747,-2047.2784,0.0,1.421317380114814,1941.0801574218747,6987.7666015625,3262.04296875
2025-06-25,APOLLOHOSP / TCS,APOLLOHOSP.NS,TCS.NS,2.1747,-2047.2784,0.0,0.4587130319265216,1863.162375634765,7023.67333984375,3314.38330078125
2025-06-26,APOLLOHOSP / TCS,APOLLOHOSP.NS,TCS.NS,2.1747,-2047.2784,0.0,1.1135761505929838,1928.7848068115234,7083.0185546875,3311.496826171875
2025-06-27,APOLLOHOSP / TCS,APOLLOHOSP.NS,TCS.NS,2.1747,-2047.2784,-1.0,2.4422414414171625,2136.7100564697266,7289.4794921875,3310.823486328125
2025-06-30,APOLLOHOSP / TCS,APOLLOHOSP.NS,TCS.NS,2.1747,-2047.2784,-1.0,1.3061685996182408,2026.653131298828,7223.15283203125,3330.93212890625
2025-07-01,APOLLOHOSP / TCS,APOLLOHOSP.NS,TCS.NS,2.1747,-2047.2784,-1.0,2.591634876122185,2347.5754731933594,7476.49169921875,3299.85498046875
2025-07-02,APOLLOHOSP / TCS,APOLLOHOSP.NS,TCS.NS,2.1747,-2047.2784,-1.0,1.9073893549340388,2306.1097220703123,7421.634765625,3293.697265625
2025-07-03,APOLLOHOSP / TCS,APOLLOHOSP.NS,TCS.NS,2.1747,-2047.2784,-1.0,2.118459134718605,2476.865251611328,7545.3125,3272.04931640625
2025-07-04,APOLLOHOSP / TCS,APOLLOHOSP.NS,TCS.NS,2.1747,-2047.2784,-1.0,1.5814689711222838,2425.6403951904294,7533.84228515625,3290.329833984375
2025-07-07,APOLLOHOSP / TCS,APOLLOHOSP.NS,TCS.NS,2.1747,-2047.2784,-1.0,1.5825929176529465,2504.925740258789,7596.17919921875,3282.536376953125
2025-07-08,APOLLOHOSP / TCS,APOLLOHOSP.NS,TCS.NS,2.1747,-2047.2784,-1.0,1.2719208924958263,2465.567005517578,7545.3125,3277.24462890625
2025-07-09,APOLLOHOSP / TCS,APOLLOHOSP.NS,TCS.NS,2.1747,-2047.2784,-1.0,0.9668776653854385,2416.685655883789,7449.56201171875,3255.692626953125
2025-07-10,APOLLOHOSP / TCS,APOLLOHOSP.NS,TCS.NS,2.1747,-2047.2784,-1.0,0.4578046174339024,2310.7382246826173,7339.84814453125,3253.960693359375
2025-07-11,APOLLOHOSP / TCS,APOLLOHOSP.NS,TCS.NS,2.1747,-2047.2784,-1.0,0.6565302557245666,2384.394415014648,7170.78955078125,3142.352294921875
2025-07-14,APOLLOHOSP / TCS,APOLLOHOSP.NS,TCS.NS,2.1747,-2047.2784,-1.0,1.0362129287737158,2505.4142288330077,7201.2099609375,3100.691650390625
2025-07-15,APOLLOHOSP / TCS,APOLLOHOSP.NS,TCS.NS,2.1747,-2047.2784,-1.0,1.2225784684704788,2583.614685449219,7341.34423828125,3129.1708984375
2025-07-16,APOLLOHOSP / TCS,APOLLOHOSP.NS,TCS.NS,2.1747,-2047.2784,-1.0,1.1905577353808412,2592.850109790039,7333.365234375,3121.255126953125
2025-07-17,APOLLOHOSP / TCS,APOLLOHOSP.NS,TCS.NS,2.1747,-2047.2784,-1.0,1.3948134095647127,2641.0339225341795,7331.37060546875,3098.181396484375
2025-07-18,APOLLOHOSP / TCS,APOLLOHOSP.NS,TCS.NS,2.1747,-2047.2784,-1.0,1.2205164911754822,2634.675708325195,7284.49267578125,3079.549072265625
2025-07-21,APOLLOHOSP / TCS,APOLLOHOSP.NS,TCS.NS,2.1747,-2047.2784,-1.0,1.4261441254626606,2652.356572509765,7235.62060546875,3048.94580078125
2025-07-22,APOLLOHOSP / TCS,APOLLOHOSP.NS,TCS.NS,2.1747,-2047.2784,-1.0,1.1662994745035107,2641.4378373535155,7227.64111328125,3050.29736328125
2025-07-23,APOLLOHOSP / TCS,APOLLOHOSP.NS,TCS.NS,2.1747,-2047.2784,-1.0,1.6521948431631919,2727.1670994873048,7354.31005859375,3069.122802734375
2025-07-24,APOLLOHOSP / TCS,APOLLOHOSP.NS,TCS.NS,2.1747,-2047.2784,-1.0,1.7243358693879587,2782.487517285156,7344.3369140625,3039.0986328125
2025-07-25,APOLLOHOSP / TCS,APOLLOHOSP.NS,TCS.NS,2.1747,-2047.2784,-1.0,2.0787615726015725,2912.8273311035155,7449.0634765625,3027.32080078125
2025-07-28,APOLLOHOSP / TCS,APOLLOHOSP.NS,TCS.NS,2.1747,-2047.2784,-1.0,1.7274086378184474,2919.7387384765625,7337.35498046875,2972.775390625
2025-07-29,APOLLOHOSP / TCS,APOLLOHOSP.NS,TCS.NS,2.1747,-2047.2784,-1.0,1.9962100159712381,3067.8969378173824,7436.595703125,2950.281494140625
2025-07-30,APOLLOHOSP / TCS,APOLLOHOSP.NS,TCS.NS,2.1747,-2047.2784,-1.0,1.6659826375978013,3066.951644287109,7430.611328125,2947.96435546875
2025-07-31,APOLLOHOSP / TCS,APOLLOHOSP.NS,TCS.NS,2.1747,-2047.2784,-1.0,1.7717562160848703,3150.0975599121093,7478.486328125,2931.74560546875
2025-08-01,APOLLOHOSP / TCS,APOLLOHOSP.NS,TCS.NS,2.1747,-2047.2784,-1.0,1.2905912604137255,3074.940706518554,7332.36767578125,2899.114990234375
2025-08-04,APOLLOHOSP / TCS,APOLLOHOSP.NS,TCS.NS,2.1747,-2047.2784,-1.0,0.2976718638525124,2881.6525963623044,7288.98095703125,2968.044677734375
2025-08-05,APOLLOHOSP / TCS,APOLLOHOSP.NS,TCS.NS,2.1747,-2047.2784,-1.0,0.1516128525632027,2869.7857858154293,7255.06982421875,2957.907958984375
2025-08-06,APOLLOHOSP / TCS,APOLLOHOSP.NS,TCS.NS,2.1747,-2047.2784,0.0,-0.03668159212775834,2851.8487284912107,7170.78955078125,2927.401123046875
2025-08-07,APOLLOHOSP / TCS,APOLLOHOSP.NS,TCS.NS,2.1747,-2047.2784,0.0,-0.40389537047704727,2801.5369276367182,7151.34033203125,2941.5927734375
2025-08-08,APOLLOHOSP / TCS,APOLLOHOSP.NS,TCS.NS,2.1747,-2047.2784,0.0,-0.8663824418318328,2738.5136671875,7066.0625,2931.359375
2025-08-11,APOLLOHOSP / TCS,APOLLOHOSP.NS,TCS.NS,2.1747,-2047.2784,0.0,0.07283498603376923,2903.321869018555,7240.1083984375,2935.607177734375
2025-08-12,APOLLOHOSP / TCS,APOLLOHOSP.NS,TCS.NS,2.1747,-2047.2784,0.0,-0.1335987258599935,2892.217997875977,7217.6669921875,2930.393798828125
2025-08-13,APOLLOHOSP / TCS,APOLLOHOSP.NS,TCS.NS,2.1747,-2047.2784,-1.0,2.7533173947084895,3461.049357543945,7788.17822265625,2931.166259765625
2025-08-14,APOLLOHOSP / TCS,APOLLOHOSP.NS,TCS.NS,2.1747,-2047.2784,-1.0,2.2249260093784344,3503.1983774414066,7801.14453125,2917.7470703125
2025-08-18,APOLLOHOSP / TCS,APOLLOHOSP.NS,TCS.NS,2.1747,-2047.2784,-1.0,1.857240943879727,3527.49963046875,7802.14208984375,2907.03125
2025-08-19,APOLLOHOSP / TCS,APOLLOHOSP.NS,TCS.NS,2.1747,-2047.2784,-1.0,1.551944283762023,3527.9873823242187,7813.12744140625,2911.8583984375
2025-08-20,APOLLOHOSP / TCS,APOLLOHOSP.NS,TCS.NS,2.1747,-2047.2784,-1.0,1.0261441363463568,3414.412913305664,7872.54833984375,2991.407470703125
2025-08-21,APOLLOHOSP / TCS,APOLLOHOSP.NS,TCS.NS,2.1747,-2047.2784,-1.0,1.01656888359685,3449.4570039794917,7915.99072265625,2995.269287109375
2025-08-22,APOLLOHOSP / TCS,APOLLOHOSP.NS,TCS.NS,2.1747,-2047.2784,-1.0,1.1805725891698424,3547.4970054443356,7911.99609375,2948.350341796875
2025-08-25,APOLLOHOSP / TCS,APOLLOHOSP.NS,TCS.NS,2.1747,-2047.2784,-1.0,0.3574374088201472,3294.2770428466793,7840.5908203125,3031.954833984375
2025-08-26,APOLLOHOSP / TCS,APOLLOHOSP.NS,TCS.NS,2.1747,-2047.2784,-1.0,0.009587269473053349,3202.002797729492,7783.1669921875,3047.980224609375
2025-08-28,APOLLOHOSP / TCS,APOLLOHOSP.NS,TCS.NS,2.1747,-2047.2784,-1.0,0.14616769526523127,3269.905299169922,7717.75390625,2986.67724609375
2025-08-29,APOLLOHOSP / TCS,APOLLOHOSP.NS,TCS.NS,2.1747,-2047.2784,0.0,-0.2662175237565144,3170.9569100830076,7599.91015625,2977.988525390625
2025-09-01,APOLLOHOSP / TCS,APOLLOHOSP.NS,TCS.NS,2.1747,-2047.2784,0.0,-0.3784361012221652,3173.8002261230467,7661.32861328125,3004.92333984375
2025-09-02,APOLLOHOSP / TCS,APOLLOHOSP.NS,TCS.NS,2.1747,-2047.2784,0.0,-0.5349289214015654,3186.5955802001954,7671.81494140625,3003.861572265625
2025-09-03,APOLLOHOSP / TCS,APOLLOHOSP.NS,TCS.NS,2.1747,-2047.2784,0.0,-0.30296250714535977,3269.9167634765627,7725.7431640625,2990.345703125
2025-09-04,APOLLOHOSP / TCS,APOLLOHOSP.NS,TCS.NS,2.1747,-2047.2784,0.0,0.5261750280131445,3437.4786566894527,7889.52587890625,2988.60791015625
2025-09-05,APOLLOHOSP / TCS,APOLLOHOSP.NS,TCS.NS,2.1747,-2047.2784,0.0,0.5677517851110676,3441.6194147705073,7794.15234375,2942.847900390625
2025-09-08,APOLLOHOSP / TCS,APOLLOHOSP.NS,TCS.NS,2.1747,-2047.2784,0.0,0.8909208759292527,3485.1582554443357,7776.17626953125,2914.561279296875
2025-09-09,APOLLOHOSP / TCS,APOLLOHOSP.NS,TCS.NS,2.1747,-2047.2784,0.0,0.7718375577316905,3460.2830877197266,7815.12451171875,2943.909423828125
2025-09-10,APOLLOHOSP / TCS,APOLLOHOSP.NS,TCS.NS,2.1747,-2047.2784,0.0,0.6728067140624553,3436.4174357666016,7918.4873046875,3002.413330078125
2025-09-11,APOLLOHOSP / TCS,APOLLOHOSP.NS,TCS.NS,2.1747,-2047.2784,0.0,0.09099114404820599,3357.170956347656,7869.05322265625,3016.1220703125
2025-09-12,APOLLOHOSP / TCS,APOLLOHOSP.NS,TCS.NS,2.1747,-2047.2784,0.0,-0.0389461206013264,3332.861975390625,7864.0595703125,3025.00390625
2025-09-15,APOLLOHOSP / TCS,APOLLOHOSP.NS,TCS.NS,2.1747,-2047.2784,0.0,-0.022496690981998427,3320.077953076172,7806.13671875,3004.24755859375
2025-09-16,APOLLOHOSP / TCS,APOLLOHOSP.NS,TCS.NS,2.1747,-2047.2784,0.0,-0.33265334743334624,3285.067771630859,7842.0888671875,3036.87841796875
2025-09-17,APOLLOHOSP / TCS,APOLLOHOSP.NS,TCS.NS,2.1747,-2047.2784,0.0,-0.5824171171936313,3263.624607226562,7877.54150390625,3063.041015625
2025-09-18,APOLLOHOSP / TCS,APOLLOHOSP.NS,TCS.NS,2.1747,-2047.2784,0.0,-0.9514702983242399,3217.9869000244144,7840.09130859375,3066.805908203125
2025-09-19,APOLLOHOSP / TCS,APOLLOHOSP.NS,TCS.NS,2.1747,-2047.2784,0.0,-1.2391849381117985,3189.791893334961,7796.14990234375,3059.565185546875
2025-09-22,APOLLOHOSP / TCS,APOLLOHOSP.NS,TCS.NS,2.1747,-2047.2784,0.0,-0.11116256332378258,3322.670269311523,7728.7392578125,2967.465576171875
2025-09-23,APOLLOHOSP / TCS,APOLLOHOSP.NS,TCS.NS,2.1747,-2047.2784,0.0,-0.5321249295644762,3291.6769346679685,7673.81201171875,2956.4599609375
2025-09-24,APOLLOHOSP / TCS,APOLLOHOSP.NS,TCS.NS,2.1747,-2047.2784,0.0,-0.39027566644306566,3307.916728344727,7633.36572265625,2930.393798828125
2025-09-25,APOLLOHOSP / TCS,APOLLOHOSP.NS,TCS.NS,2.1747,-2047.2784,0.0,1.1743734137186217,3452.200278100586,7613.8916015625,2855.092529296875
2025-09-26,APOLLOHOSP / TCS,APOLLOHOSP.NS,TCS.NS,2.1747,-2047.2784,0.0,1.2325403964252737,3460.751258056641,7500.04296875,2798.80908203125
2025-09-29,APOLLOHOSP / TCS,APOLLOHOSP.NS,TCS.NS,2.1747,-2047.2784,0.0,0.7049578636921582,3401.137114038086,7434.13037109375,2795.912841796875
2025-09-30,APOLLOHOSP / TCS,APOLLOHOSP.NS,TCS.NS,2.1747,-2047.2784,0.0,0.5858652123900676,3382.349337084961,7399.1767578125,2788.479248046875
2025-10-01,APOLLOHOSP / TCS,APOLLOHOSP.NS,TCS.NS,2.1747,-2047.2784,0.0,0.3972791158400514,3360.140580078125,7431.13427734375,2813.38671875
2025-10-03,APOLLOHOSP / TCS,APOLLOHOSP.NS,TCS.NS,2.1747,-2047.2784,0.0,0.7965354628745293,3394.452850244141,7439.623046875,2801.51220703125
2025-10-06,APOLLOHOSP / TCS,APOLLOHOSP.NS,TCS.NS,2.1747,-2047.2784,0.0,1.0606660737715294,3425.067203051758,7651.84130859375,2885.019775390625
2025-10-07,APOLLOHOSP / TCS,APOLLOHOSP.NS,TCS.NS,2.1747,-2047.2784,0.0,1.5851528861498607,3493.8789612548826,7689.791015625,2870.828369140625
2025-10-08,APOLLOHOSP / TCS,APOLLOHOSP.NS,TCS.NS,2.1747,-2047.2784,0.0,-0.11461022050854183,3343.607804394531,7651.84130859375,2922.4775390625
2025-10-09,APOLLOHOSP / TCS,APOLLOHOSP.NS,TCS.NS,2.1747,-2047.2784,0.0,-0.6039973385635374,3304.1329269287107,7684.7978515625,2955.783935546875
2025-10-10,APOLLOHOSP / TCS,APOLLOHOSP.NS,TCS.NS,2.1747,-2047.2784,0.0,-0.07363602731160045,3360.272814233398,7670.81640625,2923.539794921875
2025-10-13,APOLLOHOSP / TCS,APOLLOHOSP.NS,TCS.NS,2.1747,-2047.2784,0.0,0.2455417337484652,3394.5848916748046,7660.82958984375,2903.169677734375
2025-10-14,APOLLOHOSP / TCS,APOLLOHOSP.NS,TCS.NS,2.1747,-2047.2784,-1.0,2.3681638129154634,3580.933362841797,7748.712890625,2857.89208984375
2025-10-15,APOLLOHOSP / TCS,APOLLOHOSP.NS,TCS.NS,2.1747,-2047.2784,-1.0,2.107217419043743,3604.645163256836,7815.6240234375,2877.756591796875
2025-10-16,APOLLOHOSP / TCS,APOLLOHOSP.NS,TCS.NS,2.1747,-2047.2784,-1.0,1.795110232168978,3610.238418041992,7823.11376953125,2878.628662109375
2025-10-17,APOLLOHOSP / TCS,APOLLOHOSP.NS,TCS.NS,2.1747,-2047.2784,-1.0,2.0682512523224985,3696.061178930664,7891.02392578125,2870.391845703125
2025-10-20,APOLLOHOSP / TCS,APOLLOHOSP.NS,TCS.NS,2.1747,-2047.2784,-1.0,1.6872175409036605,3692.7301506103513,7999.3798828125,2921.749267578125
2025-10-21,APOLLOHOSP / TCS,APOLLOHOSP.NS,TCS.NS,2.1747,-2047.2784,-1.0,1.5370692739588292,3712.639251977539,8001.37744140625,2913.512939453125
2025-10-23,APOLLOHOSP / TCS,APOLLOHOSP.NS,TCS.NS,2.1747,-2047.2784,-1.0,0.20394178108661234,3529.0619832519533,7957.93505859375,2977.95166015625
2025-10-24,APOLLOHOSP / TCS,APOLLOHOSP.NS,TCS.NS,2.1747,-2047.2784,0.0,-0.6131184561665693,3419.308526953125,7827.10888671875,2968.26171875
2025-10-27,APOLLOHOSP / TCS,APOLLOHOSP.NS,TCS.NS,2.1747,-2047.2784,0.0,-0.8749150893353504,3381.5696203125,7835.09814453125,2989.2890625
2025-10-28,APOLLOHOSP / TCS,APOLLOHOSP.NS,TCS.NS,2.1747,-2047.2784,0.0,-0.24005293660724453,3473.420096582031,7870.0517578125,2963.1259765625
2025-10-29,APOLLOHOSP / TCS,APOLLOHOSP.NS,TCS.NS,2.1747,-2047.2784,0.0,-0.3729153606012143,3452.081203271484,7848.0810546875,2962.83544921875
2025-10-30,APOLLOHOSP / TCS,APOLLOHOSP.NS,TCS.NS,2.1747,-2047.2784,0.0,-0.5930886072154469,3430.6648695312497,7779.671875,2941.2265625
2025-10-31,APOLLOHOSP / TCS,APOLLOHOSP.NS,TCS.NS,2.1747,-2047.2784,0.0,-1.7117151182097912,3273.9739647705073,7670.81640625,2963.222900390625
2025-11-03,APOLLOHOSP / TCS,APOLLOHOSP.NS,TCS.NS,2.1747,-2047.2784,0.0,-0.09953553203945069,3504.103760375977,7814.1259765625,2923.300048828125
2025-11-04,APOLLOHOSP / TCS,APOLLOHOSP.NS,TCS.NS,2.1747,-2047.2784,0.0,0.15097479950847587,3546.1771189208985,7800.14453125,2897.524169921875
2025-11-06,APOLLOHOSP / TCS,APOLLOHOSP.NS,TCS.NS,2.1747,-2047.2784,0.0,-0.3658062149663747,3474.093823681641,7771.68212890625,2917.58251953125
2025-11-07,APOLLOHOSP / TCS,APOLLOHOSP.NS,TCS.NS,2.1747,-2047.2784,0.0,-1.0124540836248441,3374.527779467773,7631.86767578125,2899.074951171875
2025-11-10,APOLLOHOSP / TCS,APOLLOHOSP.NS,TCS.NS,2.1747,-2047.2784,0.0,-1.926078644650624,3191.7941111328128,7519.51708984375,2931.439453125
2025-11-11,APOLLOHOSP / TCS,APOLLOHOSP.NS,TCS.NS,2.1747,-2047.2784,0.0,-1.9860791147234278,3117.392233154297,7491.0546875,2952.56396484375
2025-11-12,APOLLOHOSP / TCS,APOLLOHOSP.NS,TCS.NS,2.1747,-2047.2784,1.0,-2.3571893263196486,2935.6974937744144,7488.05859375,3034.735595703125
2025-11-13,APOLLOHOSP / TCS,APOLLOHOSP.NS,TCS.NS,2.1747,-2047.2784,1.0,-1.9854541851803345,2933.2750565429687,7430.63525390625,3009.4443359375
2025-11-14,APOLLOHOSP / TCS,APOLLOHOSP.NS,TCS.NS,2.1747,-2047.2784,1.0,-1.718628052983442,2912.668552050781,7410.66162109375,3009.7353515625
2025-11-17,APOLLOHOSP / TCS,APOLLOHOSP.NS,TCS.NS,2.1747,-2047.2784,1.0,-1.1960692080228612,2987.5877415283203,7477.57275390625,3006.052978515625
2025-11-18,APOLLOHOSP / TCS,APOLLOHOSP.NS,TCS.NS,2.1747,-2047.2784,1.0,-1.2869588112612962,2917.5428490478516,7375.7080078125,2991.421142578125
2025-11-19,APOLLOHOSP / TCS,APOLLOHOSP.NS,TCS.NS,2.1747,-2047.2784,1.0,-1.2997397726897642,2863.243155981445,7449.1103515625,3050.142822265625
2025-11-20,APOLLOHOSP / TCS,APOLLOHOSP.NS,TCS.NS,2.1747,-2047.2784,1.0,-1.2293183240456125,2833.4020419677736,7413.158203125,3047.332763671875
2025-11-21,APOLLOHOSP / TCS,APOLLOHOSP.NS,TCS.NS,2.1747,-2047.2784,1.0,-1.2169633430401052,2789.22192265625,7381.20068359375,3052.953125
2025-11-24,APOLLOHOSP / TCS,APOLLOHOSP.NS,TCS.NS,2.1747,-2047.2784,1.0,-1.1137610572864518,2772.579358447266,7344.7490234375,3043.84423828125
2025-11-25,APOLLOHOSP / TCS,APOLLOHOSP.NS,TCS.NS,2.1747,-2047.2784,1.0,-0.9210594116540808,2794.9716019287107,7320.78076171875,3022.526123046875
2025-11-26,APOLLOHOSP / TCS,APOLLOHOSP.NS,TCS.NS,2.1747,-2047.2784,1.0,-0.9695645436744901,2765.300412744141,7383.1982421875,3064.87158203125
2025-11-27,APOLLOHOSP / TCS,APOLLOHOSP.NS,TCS.NS,2.1747,-2047.2784,1.0,-1.0083617516636536,2750.3150757080075,7312.79150390625,3039.386962890625
2025-11-28,APOLLOHOSP / TCS,APOLLOHOSP.NS,TCS.NS,2.1747,-2047.2784,1.0,-0.9582638674255063,2761.4014945556637,7325.7744140625,3040.259033203125
2025-12-01,APOLLOHOSP / TCS,APOLLOHOSP.NS,TCS.NS,2.1747,-2047.2784,1.0,-1.2364251007737912,2722.104837597656,7277.837890625,3036.2861328125
2025-12-02,APOLLOHOSP / TCS,APOLLOHOSP.NS,TCS.NS,2.1747,-2047.2784,1.0,-1.6786324814879612,2671.8185006103513,7232.3984375,3038.514892578125
2025-12-03,APOLLOHOSP / TCS,APOLLOHOSP.NS,TCS.NS,2.1747,-2047.2784,1.0,-2.3888474954828873,2520.5423405517577,7174.47509765625,3081.441650390625
2025-12-04,APOLLOHOSP / TCS,APOLLOHOSP.NS,TCS.NS,2.1747,-2047.2784,1.0,-2.3083526452375507,2433.8409509277344,7191.45263671875,3129.11669921875
2025-12-05,APOLLOHOSP / TCS,APOLLOHOSP.NS,TCS.NS,2.1747,-2047.2784,1.0,-1.9876959930361193,2403.3901126953124,7179.9677734375,3137.837890625
2025-12-08,APOLLOHOSP / TCS,APOLLOHOSP.NS,TCS.NS,2.1747,-2047.2784,1.0,-2.054396138258123,2313.5963385009763,7086.591796875,3136.190673828125
2025-12-09,APOLLOHOSP / TCS,APOLLOHOSP.NS,TCS.NS,2.1747,-2047.2784,1.0,-1.5075833747536351,2368.029400415039,7081.5986328125,3108.864501953125
2025-12-10,APOLLOHOSP / TCS,APOLLOHOSP.NS,TCS.NS,2.1747,-2047.2784,1.0,-1.440434132524841,2335.8740433837893,7009.1943359375,3090.356689453125
2025-12-11,APOLLOHOSP / TCS,APOLLOHOSP.NS,TCS.NS,2.1747,-2047.2784,1.0,-1.31329204367768,2321.196776489258,7000.20654296875,3092.972900390625
2025-12-12,APOLLOHOSP / TCS,APOLLOHOSP.NS,TCS.NS,2.1747,-2047.2784,1.0,-1.012501907422496,2352.3063784179685,7091.5849609375,3120.6865234375
2025-12-15,APOLLOHOSP / TCS,APOLLOHOSP.NS,TCS.NS,2.1747,-2047.2784,1.0,-1.0423124538749493,2317.385534838867,7077.1044921875,3130.085693359375
2025-12-16,APOLLOHOSP / TCS,APOLLOHOSP.NS,TCS.NS,2.1747,-2047.2784,1.0,-0.8376591970753329,2335.32449074707,7042.15087890625,3105.763916015625
2025-12-17,APOLLOHOSP / TCS,APOLLOHOSP.NS,TCS.NS,2.1747,-2047.2784,1.0,-1.4679552656587411,2178.73413359375,6912.3232421875,3118.0703125
2025-12-18,APOLLOHOSP / TCS,APOLLOHOSP.NS,TCS.NS,2.1747,-2047.2784,1.0,-1.858267917728231,2042.9783389160154,6909.3271484375,3179.11767578125
2025-12-19,APOLLOHOSP / TCS,APOLLOHOSP.NS,TCS.NS,2.1747,-2047.2784,1.0,-1.2745448597222813,2134.324995141602,7003.20263671875,3180.280517578125
2025-12-22,APOLLOHOSP / TCS,APOLLOHOSP.NS,TCS.NS,2.1747,-2047.2784,1.0,-1.4415362672452747,2085.3673916992184,7044.6474609375,3221.8505859375
2025-12-23,APOLLOHOSP / TCS,APOLLOHOSP.NS,TCS.NS,2.1747,-2047.2784,1.0,-1.0813742058656353,2136.2398059082034,7064.12158203125,3207.41259765625
2025-12-24,APOLLOHOSP / TCS,APOLLOHOSP.NS,TCS.NS,2.1747,-2047.2784,1.0,-0.4033227544244522,2215.6434598632814,7162.4912109375,3216.1337890625
2025-12-26,APOLLOHOSP / TCS,APOLLOHOSP.NS,TCS.NS,2.1747,-2047.2784,0.0,0.23877811274763353,2281.849108569336,7146.51220703125,3178.342529296875
2025-12-29,APOLLOHOSP / TCS,APOLLOHOSP.NS,TCS.NS,2.1747,-2047.2784,0.0,0.23220114128690927,2270.5024018554686,7075.10693359375,3150.7255859375
2025-12-30,APOLLOHOSP / TCS,APOLLOHOSP.NS,TCS.NS,2.1747,-2047.2784,0.0,-0.48969303249487534,2186.031376245117,6980.732421875,3146.171630859375
2025-12-31,APOLLOHOSP / TCS,APOLLOHOSP.NS,TCS.NS,2.1747,-2047.2784,0.0,0.8803897246854128,2324.0181576904297,7033.16259765625,3106.829833984375
2026-01-01,APOLLOHOSP / TCS,APOLLOHOSP.NS,TCS.NS,2.1747,-2047.2784,0.0,1.100618753279821,2348.252585888672,7102.0712890625,3127.37255859375
2026-01-02,APOLLOHOSP / TCS,APOLLOHOSP.NS,TCS.NS,2.1747,-2047.2784,0.0,0.8017308361376234,2317.128542602539,7120.04736328125,3149.950439453125
2026-01-05,APOLLOHOSP / TCS,APOLLOHOSP.NS,TCS.NS,2.1747,-2047.2784,0.0,1.0732937402933251,2343.601980493164,7073.60888671875,3116.423095703125
2026-01-06,APOLLOHOSP / TCS,APOLLOHOSP.NS,TCS.NS,2.1747,-2047.2784,-1.0,2.2084807542571823,2524.591322851563,7338.2578125,3154.892578125
2026-01-07,APOLLOHOSP / TCS,APOLLOHOSP.NS,TCS.NS,2.1747,-2047.2784,-1.0,1.9196957421582261,2540.0891232421873,7437.6259765625,3193.458984375
2026-01-08,APOLLOHOSP / TCS,APOLLOHOSP.NS,TCS.NS,2.1747,-2047.2784,-1.0,2.0539308647306385,2650.4382837402345,7354.73583984375,3104.60107421875
2026-01-09,APOLLOHOSP / TCS,APOLLOHOSP.NS,TCS.NS,2.1747,-2047.2784,-1.0,1.2282212338690162,2534.3625132324214,7246.87890625,3108.38037109375
2026-01-12,APOLLOHOSP / TCS,APOLLOHOSP.NS,TCS.NS,2.1747,-2047.2784,-1.0,0.7890639250115093,2479.3352279541014,7258.86328125,3139.194580078125
2026-01-13,APOLLOHOSP / TCS,APOLLOHOSP.NS,TCS.NS,2.1747,-2047.2784,-1.0,0.5877435375108969,2462.4308435058592,7301.80615234375,3166.71435546875
2026-01-14,APOLLOHOSP / TCS,APOLLOHOSP.NS,TCS.NS,2.1747,-2047.2784,-1.0,1.2442843013648628,2582.583993115234,7262.85791015625,3093.55419921875
2026-01-15,APOLLOHOSP / TCS,APOLLOHOSP.NS,TCS.NS,2.1747,-2047.2784,-1.0,1.0980658317715282,2582.583993115234,7262.85791015625,3093.55419921875
2026-01-16,APOLLOHOSP / TCS,APOLLOHOSP.NS,TCS.NS,2.1747,-2047.2784,0.0,-0.31931615871581476,2392.865455566406,7225.90673828125,3163.8017578125
2026-01-19,APOLLOHOSP / TCS,APOLLOHOSP.NS,TCS.NS,2.1747,-2047.2784,0.0,-0.4724600575266698,2382.9768746337886,7123.54296875,3121.278564453125
2026-01-20,APOLLOHOSP / TCS,APOLLOHOSP.NS,TCS.NS,2.1747,-2047.2784,0.0,-1.362487071282714,2294.2946803466793,6903.3349609375,3060.798583984375
2026-01-21,APOLLOHOSP / TCS,APOLLOHOSP.NS,TCS.NS,2.1747,-2047.2784,1.0,-2.0662840614875715,2164.853349975586,6817.44921875,3080.826904296875
2026-01-22,APOLLOHOSP / TCS,APOLLOHOSP.NS,TCS.NS,2.1747,-2047.2784,1.0,-2.1359212490704986,2075.744787597656,6787.98828125,3108.2548828125
2026-01-23,APOLLOHOSP / TCS,APOLLOHOSP.NS,TCS.NS,2.1747,-2047.2784,1.0,-1.8711048176149663,2055.7749010498046,6793.98046875,3120.193115234375
2026-01-27,APOLLOHOSP / TCS,APOLLOHOSP.NS,TCS.NS,2.1747,-2047.2784,1.0,-1.592947722711424,2055.9421177246095,6784.49267578125,3115.75341796875
2026-01-28,APOLLOHOSP / TCS,APOLLOHOSP.NS,TCS.NS,2.1747,-2047.2784,1.0,-1.3832089544381527,2049.500568774414,6868.38134765625,3157.290283203125
2026-01-29,APOLLOHOSP / TCS,APOLLOHOSP.NS,TCS.NS,2.1747,-2047.2784,1.0,-1.0362199248554813,2092.612939672851,6791.98291015625,3102.335205078125
2026-01-30,APOLLOHOSP / TCS,APOLLOHOSP.NS,TCS.NS,2.1747,-2047.2784,1.0,-0.02074158370486771,2295.8866265625,6951.271484375,3082.109375
2026-02-02,APOLLOHOSP / TCS,APOLLOHOSP.NS,TCS.NS,2.1747,-2047.2784,1.0,-0.5370647019151781,2170.8675116210934,6924.30712890625,3127.1982421875
2026-02-03,APOLLOHOSP / TCS,APOLLOHOSP.NS,TCS.NS,2.1747,-2047.2784,1.0,-0.2743278418528778,2206.1516677490235,7079.1015625,3182.153076171875
2026-02-04,APOLLOHOSP / TCS,APOLLOHOSP.NS,TCS.NS,2.1747,-2047.2784,0.0,2.045354341269625,2718.9516589599607,7106.5654296875,2958.979248046875
2026-02-05,APOLLOHOSP / TCS,APOLLOHOSP.NS,TCS.NS,2.1747,-2047.2784,0.0,1.929702992283334,2741.250422583008,7112.55712890625,2951.480712890625
2026-02-06,APOLLOHOSP / TCS,APOLLOHOSP.NS,TCS.NS,2.1747,-2047.2784,-1.0,2.105455484996642,2878.7761313720703,7143.01708984375,2902.248291015625
2026-02-09,APOLLOHOSP / TCS,APOLLOHOSP.NS,TCS.NS,2.1747,-2047.2784,-1.0,1.8457685876198158,2923.037459887695,7201.439453125,2908.760009765625
2026-02-10,APOLLOHOSP / TCS,APOLLOHOSP.NS,TCS.NS,2.1747,-2047.2784,-1.0,1.405427398407837,2852.9265297119136,7209.4287109375,2944.673095703125
2026-02-11,APOLLOHOSP / TCS,APOLLOHOSP.NS,TCS.NS,2.1747,-2047.2784,-1.0,2.069027418587285,3301.036067163086,7497.046875,2870.873779296875
2026-02-12,APOLLOHOSP / TCS,APOLLOHOSP.NS,TCS.NS,2.1747,-2047.2784,-1.0,2.199979914302051,3675.647410107422,7529.00439453125,2713.31005859375
2026-02-13,APOLLOHOSP / TCS,APOLLOHOSP.NS,TCS.NS,2.1747,-2047.2784,-1.0,1.9382861272893301,3803.3738149414066,7532.5,2656.1845703125
2026-02-16,APOLLOHOSP / TCS,APOLLOHOSP.NS,TCS.NS,2.1747,-2047.2784,-1.0,1.6843397911352351,3857.9767222167966,7618.0,2670.39208984375
2026-02-17,APOLLOHOSP / TCS,APOLLOHOSP.NS,TCS.NS,2.1747,-2047.2784,-1.0,1.396606430640812,3818.304699072266,7601.5,2681.04736328125
2026-02-18,APOLLOHOSP / TCS,APOLLOHOSP.NS,TCS.NS,2.1747,-2047.2784,-1.0,1.3407387622669993,3912.5808091552735,7647.5,2658.848388671875
2026-02-19,APOLLOHOSP / TCS,APOLLOHOSP.NS,TCS.NS,2.1747,-2047.2784,-1.0,1.1615371429115846,3894.055879956055,7592.5,2642.075927734375
2026-02-20,APOLLOHOSP / TCS,APOLLOHOSP.NS,TCS.NS,2.1747,-2047.2784,-1.0,1.0316235570326873,3899.247338110352,7615.5,2650.264892578125
2026-02-23,APOLLOHOSP / TCS,APOLLOHOSP.NS,TCS.NS,2.1747,-2047.2784,-1.0,1.0746836517138758,3997.988890258789,7693.0,2640.497314453125
2026-02-24,APOLLOHOSP / TCS,APOLLOHOSP.NS,TCS.NS,2.1747,-2047.2784,-1.0,1.391653091514339,4245.628419458008,7720.5,2539.269775390625
2026-02-25,APOLLOHOSP / TCS,APOLLOHOSP.NS,TCS.NS,2.1747,-2047.2784,-1.0,1.1434628999133347,4188.832107836914,7783.0,2594.126220703125
2026-02-26,APOLLOHOSP / TCS,APOLLOHOSP.NS,TCS.NS,2.1747,-2047.2784,-1.0,0.9462540497406372,4141.353551220703,7775.0,2612.27978515625
2026-02-27,APOLLOHOSP / TCS,APOLLOHOSP.NS,TCS.NS,2.1747,-2047.2784,-1.0,0.9878782531540324,4209.953090478515,7821.5,2602.11767578125
2026-03-02,APOLLOHOSP / TCS,APOLLOHOSP.NS,TCS.NS,2.1747,-2047.2784,-1.0,0.9627981296550734,4231.23321730957,7791.5,2578.537353515625
2026-03-04,APOLLOHOSP / TCS,APOLLOHOSP.NS,TCS.NS,2.1747,-2047.2784,-1.0,0.7976188525557908,4160.87481706543,7666.0,2553.181396484375
2026-03-05,APOLLOHOSP / TCS,APOLLOHOSP.NS,TCS.NS,2.1747,-2047.2784,-1.0,1.359196665321098,4289.185367285157,7775.0,2544.3017578125
2026-03-06,APOLLOHOSP / TCS,APOLLOHOSP.NS,TCS.NS,2.1747,-2047.2784,-1.0,1.2154966942101801,4284.171957397461,7724.5,2523.385498046875
2026-03-09,APOLLOHOSP / TCS,APOLLOHOSP.NS,TCS.NS,2.1747,-2047.2784,-1.0,1.6068700887366119,4403.470159594726,7779.0,2493.589111328125
2026-03-10,APOLLOHOSP / TCS,APOLLOHOSP.NS,TCS.NS,2.1747,-2047.2784,-1.0,1.6161308582630158,4458.1516936767575,7803.0,2479.480712890625
2026-03-11,APOLLOHOSP / TCS,APOLLOHOSP.NS,TCS.NS,2.1747,-2047.2784,-1.0,1.3770620457682559,4442.57046538086,7684.0,2431.92529296875
2026-03-12,APOLLOHOSP / TCS,APOLLOHOSP.NS,TCS.NS,2.1747,-2047.2784,-1.0,0.9324607862928803,4381.346575463867,7574.5,2409.726318359375
2026-03-13,APOLLOHOSP / TCS,APOLLOHOSP.NS,TCS.NS,2.1747,-2047.2784,-1.0,1.0793569421220346,4425.291222875977,7550.0,2378.253173828125
2026-03-16,APOLLOHOSP / TCS,APOLLOHOSP.NS,TCS.NS,2.1747,-2047.2784,-1.0,0.6552419253113738,4368.08074284668,7490.0,2376.970458984375
2026-03-17,APOLLOHOSP / TCS,APOLLOHOSP.NS,TCS.NS,2.1747,-2047.2784,-1.0,0.9668514572730609,4415.628828466797,7500.0,2359.70458984375
2026-03-18,APOLLOHOSP / TCS,APOLLOHOSP.NS,TCS.NS,2.1747,-2047.2784,0.0,-0.28419181944249255,4281.279054833984,7471.0,2408.14794921875
2026-03-19,APOLLOHOSP / TCS,APOLLOHOSP.NS,TCS.NS,2.1747,-2047.2784,0.0,-0.6827135944489076,4244.227008081055,7252.0,2324.482177734375
2026-03-20,APOLLOHOSP / TCS,APOLLOHOSP.NS,TCS.NS,2.1747,-2047.2784,0.0,-0.45532534377094774,4282.488823950195,7364.5,2358.619384765625
2026-03-23,APOLLOHOSP / TCS,APOLLOHOSP.NS,TCS.NS,2.1747,-2047.2784,1.0,-2.1667885912249227,4077.578852270508,7145.0,2351.910400390625
2026-03-24,APOLLOHOSP / TCS,APOLLOHOSP.NS,TCS.NS,2.1747,-2047.2784,1.0,-0.07851201790431869,4313.394778881836,7413.0,2366.709716796875
2026-03-25,APOLLOHOSP / TCS,APOLLOHOSP.NS,TCS.NS,2.1747,-2047.2784,0.0,1.6409532628089176,4526.810893481445,7580.5,2345.595947265625
2026-03-27,APOLLOHOSP / TCS,APOLLOHOSP.NS,TCS.NS,2.1747,-2047.2784,0.0,0.9768772264112425,4468.705329101563,7549.0,2357.830078125
2026-03-30,APOLLOHOSP / TCS,APOLLOHOSP.NS,TCS.NS,2.1747,-2047.2784,0.0,0.34662659041432803,4405.005008740234,7419.0,2327.34326171875
2026-04-01,APOLLOHOSP / TCS,APOLLOHOSP.NS,TCS.NS,2.1747,-2047.2784,0.0,-1.3791409090231437,4185.726241552735,7305.5,2375.98388671875
2026-04-02,APOLLOHOSP / TCS,APOLLOHOSP.NS,TCS.NS,2.1747,-2047.2784,0.0,-1.6817484884665834,4106.538033618164,7317.5,2417.915283203125
2026-04-06,APOLLOHOSP / TCS,APOLLOHOSP.NS,TCS.NS,2.1747,-2047.2784,0.0,-1.3976788203827202,4112.259915161133,7373.0,2440.804931640625
2026-04-07,APOLLOHOSP / TCS,APOLLOHOSP.NS,TCS.NS,2.1747,-2047.2784,1.0,-2.0894298176584094,3924.3640642822265,7326.5,2505.823486328125
2026-04-08,APOLLOHOSP / TCS,APOLLOHOSP.NS,TCS.NS,2.1747,-2047.2784,1.0,-1.5821861299776243,3957.7394780273435,7401.5,2524.9638671875
2026-04-09,APOLLOHOSP / TCS,APOLLOHOSP.NS,TCS.NS,2.1747,-2047.2784,1.0,-1.2837200074529573,3973.800324804687,7481.5,2554.365234375
2026-04-10,APOLLOHOSP / TCS,APOLLOHOSP.NS,TCS.NS,2.1747,-2047.2784,1.0,-0.31408167263975506,4142.621152490235,7511.5,2490.53076171875
2026-04-13,APOLLOHOSP / TCS,APOLLOHOSP.NS,TCS.NS,2.1747,-2047.2784,0.0,0.32801054364849097,4258.548904199219,7516.5,2439.5224609375
2026-04-15,APOLLOHOSP / TCS,APOLLOHOSP.NS,TCS.NS,2.1747,-2047.2784,0.0,0.06181861098602605,4207.466025048828,7642.0,2520.72119140625
2026-04-16,APOLLOHOSP / TCS,APOLLOHOSP.NS,TCS.NS,2.1747,-2047.2784,0.0,-0.6051047633426677,4071.2623988525393,7553.0,2542.427001953125
2026-04-17,APOLLOHOSP / TCS,APOLLOHOSP.NS,TCS.NS,2.1747,-2047.2784,0.0,0.09182140412801447,4207.3923614990235,7699.0,2546.965576171875
2026-04-20,APOLLOHOSP / TCS,APOLLOHOSP.NS,TCS.NS,2.1747,-2047.2784,0.0,-0.06587418142097669,4169.468862133789,7657.0,2545.091064453125
2026-04-21,APOLLOHOSP / TCS,APOLLOHOSP.NS,TCS.NS,2.1747,-2047.2784,0.0,0.20934882969553692,4190.169713427735,7744.0,2575.57763671875
2026-04-22,APOLLOHOSP / TCS,APOLLOHOSP.NS,TCS.NS,2.1747,-2047.2784,0.0,0.9229808559751035,4262.653584252929,7662.0,2504.540771484375
2026-04-23,APOLLOHOSP / TCS,APOLLOHOSP.NS,TCS.NS,2.1747,-2047.2784,-1.0,2.10068725904454,4417.485164721679,7781.0,2488.064208984375
2026-04-24,APOLLOHOSP / TCS,APOLLOHOSP.NS,TCS.NS,2.1747,-2047.2784,-1.0,2.5430777502745077,4636.9718104492185,7732.5,2364.8349609375
2026-04-27,APOLLOHOSP / TCS,APOLLOHOSP.NS,TCS.NS,2.1747,-2047.2784,-1.0,1.9266248290836847,4620.689026513672,7825.0,2414.85693359375
2026-04-28,APOLLOHOSP / TCS,APOLLOHOSP.NS,TCS.NS,2.1747,-2047.2784,-1.0,1.3787528774071491,4554.9115567871095,7753.0,2411.99560546875
2026-04-29,APOLLOHOSP / TCS,APOLLOHOSP.NS,TCS.NS,2.1747,-2047.2784,-1.0,0.7941741974014026,4446.5434100097655,7709.0,2441.59423828125
2026-04-30,APOLLOHOSP / TCS,APOLLOHOSP.NS,TCS.NS,2.1747,-2047.2784,-1.0,0.36848350268782476,4375.759915161133,7636.5,2440.804931640625
2026-05-01,APOLLOHOSP / TCS,APOLLOHOSP.NS,TCS.NS,2.1747,-2047.2784,-1.0,0.2622096414437792,4375.759915161133,7636.5,2440.804931640625
2026-05-04,APOLLOHOSP / TCS,APOLLOHOSP.NS,TCS.NS,2.1747,-2047.2784,-1.0,1.1720974760915472,4568.162619873046,7737.5,2398.77490234375
2026-05-05,APOLLOHOSP / TCS,APOLLOHOSP.NS,TCS.NS,2.1747,-2047.2784,-1.0,1.220085601232826,4611.245145629883,7772.0,2394.828369140625
2026-05-06,APOLLOHOSP / TCS,APOLLOHOSP.NS,TCS.NS,2.1747,-2047.2784,-1.0,0.9335818562050144,4582.366128271485,7760.5,2402.81982421875
2026-05-07,APOLLOHOSP / TCS,APOLLOHOSP.NS,TCS.NS,2.1747,-2047.2784,-1.0,1.5470548037974217,4731.816800805664,7837.0,2369.274658203125
2026-05-08,APOLLOHOSP / TCS,APOLLOHOSP.NS,TCS.NS,2.1747,-2047.2784,-1.0,2.2966888019480933,5006.835822680664,8097.0,2362.368408203125
2026-05-11,APOLLOHOSP / TCS,APOLLOHOSP.NS,TCS.NS,2.1747,-2047.2784,-1.0,1.8770702760164024,4995.054336206054,8082.0,2360.888427734375
2026-05-12,APOLLOHOSP / TCS,APOLLOHOSP.NS,TCS.NS,2.1747,-2047.2784,-1.0,2.029533300081085,5134.237285546875,8022.5,2269.52734375
2026-05-13,APOLLOHOSP / TCS,APOLLOHOSP.NS,TCS.NS,2.1747,-2047.2784,-1.0,1.8296375544926864,5175.241420092773,8004.5,2242.395263671875
2026-05-14,APOLLOHOSP / TCS,APOLLOHOSP.NS,TCS.NS,2.1747,-2047.2784,-1.0,1.9556983375113646,5347.243546264648,8119.0,2215.953857421875
2026-05-15,APOLLOHOSP / TCS,APOLLOHOSP.NS,TCS.NS,2.1747,-2047.2784,-1.0,1.449359577583038,5272.1229767578125,8082.5,2233.712890625
2026-05-18,APOLLOHOSP / TCS,APOLLOHOSP.NS,TCS.NS,2.1747,-2047.2784,-1.0,1.0012979802996806,5168.927384057617,8020.5,2252.656005859375
2026-05-19,APOLLOHOSP / TCS,APOLLOHOSP.NS,TCS.NS,2.1747,-2047.2784,-1.0,0.6478257503819377,5080.234628442383,8026.0,2295.968994140625
2026-05-20,APOLLOHOSP / TCS,APOLLOHOSP.NS,TCS.NS,2.1747,-2047.2784,-1.0,0.692736821283709,5132.0916690429685,8078.5,2296.2646484375
2026-05-21,APOLLOHOSP / TCS,APOLLOHOSP.NS,TCS.NS,2.1747,-2047.2784,-1.0,1.2483488492499566,5362.520662597656,8308.5,2296.0673828125
2026-05-22,APOLLOHOSP / TCS,APOLLOHOSP.NS,TCS.NS,2.1747,-2047.2784,-1.0,1.3696680766001472,5437.761683813476,8362.5,2286.300048828125
2026-05-25,APOLLOHOSP / TCS,APOLLOHOSP.NS,TCS.NS,2.1747,-2047.2784,-1.0,1.213377857359998,5431.635966186524,8404.0,2308.199951171875
2026-05-26,APOLLOHOSP / TCS,APOLLOHOSP.NS,TCS.NS,2.1747,-2047.2784,-1.0,0.8440306326566404,5355.726366186524,8258.5,2276.199951171875
2026-05-27,APOLLOHOSP / TCS,APOLLOHOSP.NS,TCS.NS,2.1747,-2047.2784,-1.0,0.7852909111631283,5352.328766186523,8272.5,2284.199951171875
2026-05-28,APOLLOHOSP / TCS,APOLLOHOSP.NS,TCS.NS,2.1747,-2047.2784,-1.0,0.7481764783955538,5352.328766186523,8272.5,2284.199951171875
2026-05-29,APOLLOHOSP / TCS,APOLLOHOSP.NS,TCS.NS,2.1747,-2047.2784,-1.0,0.37368621120224577,5311.348782373047,8176.5,2258.89990234375
2026-06-01,APOLLOHOSP / TCS,APOLLOHOSP.NS,TCS.NS,2.1747,-2047.2784,0.0,-0.9454988316571763,5159.622832373047,8108.5,2297.39990234375
2026-06-02,APOLLOHOSP / TCS,APOLLOHOSP.NS,TCS.NS,2.1747,-2047.2784,1.0,-2.6441292928561695,4815.505182373046,8089.5,2446.89990234375
2026-06-03,APOLLOHOSP / TCS,APOLLOHOSP.NS,TCS.NS,2.1747,-2047.2784,0.0,1.1259003885149592,5462.7535161865235,8290.5,2241.699951171875
2026-06-04,APOLLOHOSP / TCS,APOLLOHOSP.NS,TCS.NS,2.1747,-2047.2784,0.0,0.846348821498778,5422.7757,8249.0,2241.0
2026-06-05,APOLLOHOSP / TCS,APOLLOHOSP.NS,TCS.NS,2.1747,-2047.2784,0.0,1.4419798797458896,5569.8307823730465,8304.5,2198.89990234375
2026-06-08,APOLLOHOSP / TCS,APOLLOHOSP.NS,TCS.NS,2.1747,-2047.2784,0.0,1.8194356837242327,5727.129032373047,8358.5,2151.39990234375
2026-06-09,APOLLOHOSP / TCS,APOLLOHOSP.NS,TCS.NS,2.1747,-2047.2784,-1.0,2.0364130012093455,5893.4987,8524.0,2151.0
2026-06-10,APOLLOHOSP / TCS,APOLLOHOSP.NS,TCS.NS,2.1747,-2047.2784,-1.0,1.5729015561367283,5851.6922823730465,8488.5,2153.89990234375
2026-06-11,APOLLOHOSP / TCS,APOLLOHOSP.NS,TCS.NS,2.1747,-2047.2784,-1.0,1.4708715156307308,5895.988867626953,8493.0,2135.60009765625
2026-06-12,APOLLOHOSP / TCS,APOLLOHOSP.NS,TCS.NS,2.1747,-2047.2784,-1.0,1.1403061668919088,5844.882032373047,8498.0,2161.39990234375
2026-06-15,APOLLOHOSP / TCS,APOLLOHOSP.NS,TCS.NS,2.1747,-2047.2784,-1.0,0.9257525251998875,5814.077,8468.5,2162.0
2026-06-16,APOLLOHOSP / TCS,APOLLOHOSP.NS,TCS.NS,2.1747,-2047.2784,-1.0,0.3622472040321496,5655.6131,8390.5,2199.0
2026-06-17,APOLLOHOSP / TCS,APOLLOHOSP.NS,TCS.NS,2.1747,-2047.2784,-1.0,0.25557460012842315,5640.4203,8427.5,2223.0
2026-06-18,APOLLOHOSP / TCS,APOLLOHOSP.NS,TCS.NS,2.1747,-2047.2784,-1.0,0.2784856793295277,5667.2617838134765,8411.5,2203.300048828125
2026-06-19,APOLLOHOSP / TCS,APOLLOHOSP.NS,TCS.NS,2.1747,-2047.2784,-1.0,0.9542379064988127,5915.5409,8489.5,2125.0
2026-06-22,APOLLOHOSP / TCS,APOLLOHOSP.NS,TCS.NS,2.1747,-2047.2784,-1.0,0.7628321116974062,5888.951633813476,8469.0,2127.800048828125
2026-06-23,APOLLOHOSP / TCS,APOLLOHOSP.NS,TCS.NS,2.1747,-2047.2784,-1.0,1.6740580028546193,6055.76628,8487.5,2059.6
2024-06-28,APOLLOHOSP / ULTRACEMCO,APOLLOHOSP.NS,ULTRACEMCO.NS,0.5015,971.7017,0.0,,-600.5845320312495,6151.43359375,11526.0546875
2024-07-01,APOLLOHOSP / ULTRACEMCO,APOLLOHOSP.NS,ULTRACEMCO.NS,0.5015,971.7017,0.0,,-762.8215706054683,6106.4833984375,11759.9267578125
2024-07-02,APOLLOHOSP / ULTRACEMCO,APOLLOHOSP.NS,ULTRACEMCO.NS,0.5015,971.7017,0.0,,-780.3670500976554,6063.82080078125,11709.8427734375
2024-07-03,APOLLOHOSP / ULTRACEMCO,APOLLOHOSP.NS,ULTRACEMCO.NS,0.5015,971.7017,0.0,,-694.7850564453114,6158.39404296875,11727.771484375
2024-07-04,APOLLOHOSP / ULTRACEMCO,APOLLOHOSP.NS,ULTRACEMCO.NS,0.5015,971.7017,0.0,,-607.1043752929685,6190.564453125,11617.0830078125
2024-07-05,APOLLOHOSP / ULTRACEMCO,APOLLOHOSP.NS,ULTRACEMCO.NS,0.5015,971.7017,0.0,,-469.54914042968664,6293.4912109375,11548.033203125
2024-07-08,APOLLOHOSP / ULTRACEMCO,APOLLOHOSP.NS,ULTRACEMCO.NS,0.5015,971.7017,0.0,,-427.4556521484368,6282.453125,11442.087890625
2024-07-09,APOLLOHOSP / ULTRACEMCO,APOLLOHOSP.NS,ULTRACEMCO.NS,0.5015,971.7017,0.0,,-472.6256003906241,6285.287109375,11537.80859375
2024-07-10,APOLLOHOSP / ULTRACEMCO,APOLLOHOSP.NS,ULTRACEMCO.NS,0.5015,971.7017,0.0,,-394.967287402343,6340.38037109375,11492.8134765625
2024-07-11,APOLLOHOSP / ULTRACEMCO,APOLLOHOSP.NS,ULTRACEMCO.NS,0.5015,971.7017,0.0,,-342.405446093749,6353.65625,11414.4765625
2024-07-12,APOLLOHOSP / ULTRACEMCO,APOLLOHOSP.NS,ULTRACEMCO.NS,0.5015,971.7017,0.0,,-400.8183811523435,6318.70068359375,11461.2509765625
2024-07-15,APOLLOHOSP / ULTRACEMCO,APOLLOHOSP.NS,ULTRACEMCO.NS,0.5015,971.7017,0.0,,-432.5420491210929,6401.58935546875,11689.7900390625
2024-07-16,APOLLOHOSP / ULTRACEMCO,APOLLOHOSP.NS,ULTRACEMCO.NS,0.5015,971.7017,0.0,,-329.51132841796823,6417.94873046875,11516.9658203125
2024-07-18,APOLLOHOSP / ULTRACEMCO,APOLLOHOSP.NS,ULTRACEMCO.NS,0.5015,971.7017,0.0,,-257.06125712890514,6484.7265625,11505.6552734375
2024-07-19,APOLLOHOSP / ULTRACEMCO,APOLLOHOSP.NS,ULTRACEMCO.NS,0.5015,971.7017,0.0,1.566714375701912,-202.50543242187393,6346.59521484375,11121.43359375
2024-07-22,APOLLOHOSP / ULTRACEMCO,APOLLOHOSP.NS,ULTRACEMCO.NS,0.5015,971.7017,0.0,0.8389823448327024,-309.9337131835931,6366.68359375,11375.7041015625
2024-07-23,APOLLOHOSP / ULTRACEMCO,APOLLOHOSP.NS,ULTRACEMCO.NS,0.5015,971.7017,0.0,0.6674158372503152,-323.40262968749937,6368.1259765625,11405.4375
2024-07-24,APOLLOHOSP / ULTRACEMCO,APOLLOHOSP.NS,ULTRACEMCO.NS,0.5015,971.7017,0.0,1.0334824406964356,-258.73397832031185,6387.02001953125,11314.162109375
2024-07-25,APOLLOHOSP / ULTRACEMCO,APOLLOHOSP.NS,ULTRACEMCO.NS,0.5015,971.7017,0.0,0.7497077311498878,-289.4346062499993,6350.423828125,11302.40625
2024-07-26,APOLLOHOSP / ULTRACEMCO,APOLLOHOSP.NS,ULTRACEMCO.NS,0.5015,971.7017,-1.0,2.099095064171557,-126.93932890624944,6627.62939453125,11531.140625
2024-07-29,APOLLOHOSP / ULTRACEMCO,APOLLOHOSP.NS,ULTRACEMCO.NS,0.5015,971.7017,-1.0,1.1226247126220321,-209.38620878906147,6644.63525390625,11729.451171875
2024-07-30,APOLLOHOSP / ULTRACEMCO,APOLLOHOSP.NS,ULTRACEMCO.NS,0.5015,971.7017,-1.0,0.59374336938279,-251.13136894531215,6604.21044921875,11732.083984375
2024-07-31,APOLLOHOSP / ULTRACEMCO,APOLLOHOSP.NS,ULTRACEMCO.NS,0.5015,971.7017,0.0,-0.25096354222801504,-316.9299534179685,6578.65283203125,11812.3251953125
2024-08-01,APOLLOHOSP / ULTRACEMCO,APOLLOHOSP.NS,ULTRACEMCO.NS,0.5015,971.7017,0.0,0.1752561373498745,-274.82351982421767,6669.248046875,11909.0126953125
2024-08-02,APOLLOHOSP / ULTRACEMCO,APOLLOHOSP.NS,ULTRACEMCO.NS,0.5015,971.7017,0.0,1.3967475826981093,-161.45848906249955,6672.97802734375,11690.3984375
2024-08-05,APOLLOHOSP / ULTRACEMCO,APOLLOHOSP.NS,ULTRACEMCO.NS,0.5015,971.7017,-1.0,2.399116951998665,-10.83493681640573,6650.55224609375,11345.3349609375
2024-08-06,APOLLOHOSP / ULTRACEMCO,APOLLOHOSP.NS,ULTRACEMCO.NS,0.5015,971.7017,-1.0,2.1254384122426266,5.253291699219176,6620.81787109375,11253.9638671875
2024-08-07,APOLLOHOSP / ULTRACEMCO,APOLLOHOSP.NS,ULTRACEMCO.NS,0.5015,971.7017,-1.0,1.4430865840321228,-41.03292656249903,6683.12060546875,11470.4921875
2024-08-08,APOLLOHOSP / ULTRACEMCO,APOLLOHOSP.NS,ULTRACEMCO.NS,0.5015,971.7017,-1.0,0.9885304941498317,-76.36709746093709,6505.6591796875,11187.087890625
2024-08-09,APOLLOHOSP / ULTRACEMCO,APOLLOHOSP.NS,ULTRACEMCO.NS,0.5015,971.7017,-1.0,1.066105398936044,-51.77592509765543,6551.35498046875,11229.1708984375
2024-08-12,APOLLOHOSP / ULTRACEMCO,APOLLOHOSP.NS,ULTRACEMCO.NS,0.5015,971.7017,-1.0,0.26409083010818646,-137.998401660156,6466.37841796875,11231.6552734375
2024-08-13,APOLLOHOSP / ULTRACEMCO,APOLLOHOSP.NS,ULTRACEMCO.NS,0.5015,971.7017,-1.0,1.0213015409934314,-35.70855058593713,6552.89599609375,11200.205078125
2024-08-14,APOLLOHOSP / ULTRACEMCO,APOLLOHOSP.NS,ULTRACEMCO.NS,0.5015,971.7017,-1.0,1.3479410703304568,25.003335156250273,6479.75341796875,10933.296875
2024-08-16,APOLLOHOSP / ULTRACEMCO,APOLLOHOSP.NS,ULTRACEMCO.NS,0.5015,971.7017,-1.0,1.434097690614397,59.263231640625804,6660.0771484375,11224.55078125
2024-08-19,APOLLOHOSP / ULTRACEMCO,APOLLOHOSP.NS,ULTRACEMCO.NS,0.5015,971.7017,-1.0,1.428167537260871,87.31841474609485,6697.9248046875,11244.0771484375
2024-08-20,APOLLOHOSP / ULTRACEMCO,APOLLOHOSP.NS,ULTRACEMCO.NS,0.5015,971.7017,-1.0,0.7692429456652188,18.409303906250557,6646.1337890625,11278.2109375
2024-08-21,APOLLOHOSP / ULTRACEMCO,APOLLOHOSP.NS,ULTRACEMCO.NS,0.5015,971.7017,-1.0,1.6965504461684273,171.79320673828227,6725.36474609375,11130.3486328125
2024-08-22,APOLLOHOSP / ULTRACEMCO,APOLLOHOSP.NS,ULTRACEMCO.NS,0.5015,971.7017,-1.0,1.7257100059339514,195.50941181640667,6803.15087890625,11238.1650390625
2024-08-23,APOLLOHOSP / ULTRACEMCO,APOLLOHOSP.NS,ULTRACEMCO.NS,0.5015,971.7017,-1.0,1.7147900034291665,209.39324775390708,6833.1806640625,11270.3603515625
2024-08-26,APOLLOHOSP / ULTRACEMCO,APOLLOHOSP.NS,ULTRACEMCO.NS,0.5015,971.7017,-1.0,0.910652892176576,131.35875019531306,6752.8037109375,11265.689453125
2024-08-27,APOLLOHOSP / ULTRACEMCO,APOLLOHOSP.NS,ULTRACEMCO.NS,0.5015,971.7017,-1.0,0.9681427757344767,151.11714130859457,6754.248046875,11229.1708984375
2024-08-28,APOLLOHOSP / ULTRACEMCO,APOLLOHOSP.NS,ULTRACEMCO.NS,0.5015,971.7017,-1.0,1.0744750477216154,178.8042018554694,6749.26904296875,11164.0341796875
2024-08-29,APOLLOHOSP / ULTRACEMCO,APOLLOHOSP.NS,ULTRACEMCO.NS,0.5015,971.7017,-1.0,1.5557977442548898,265.6079479492197,6829.6943359375,11151.3154296875
2024-08-30,APOLLOHOSP / ULTRACEMCO,APOLLOHOSP.NS,ULTRACEMCO.NS,0.5015,971.7017,-1.0,1.5502344758195736,295.80867744140653,6899.71240234375,11230.7119140625
2024-09-02,APOLLOHOSP / ULTRACEMCO,APOLLOHOSP.NS,ULTRACEMCO.NS,0.5015,971.7017,-1.0,0.5719015378682651,187.2522921875003,6852.4521484375,11352.9375
2024-09-03,APOLLOHOSP / ULTRACEMCO,APOLLOHOSP.NS,ULTRACEMCO.NS,0.5015,971.7017,0.0,-0.04349552221854153,134.30425166015687,6817.39404296875,11388.6103515625
2024-09-04,APOLLOHOSP / ULTRACEMCO,APOLLOHOSP.NS,ULTRACEMCO.NS,0.5015,971.7017,0.0,0.11256760945056353,160.38127656250037,6903.09814453125,11507.5078125
2024-09-05,APOLLOHOSP / ULTRACEMCO,APOLLOHOSP.NS,ULTRACEMCO.NS,0.5015,971.7017,0.0,0.28827606616859985,182.60558906250083,6906.48486328125,11469.9453125
2024-09-06,APOLLOHOSP / ULTRACEMCO,APOLLOHOSP.NS,ULTRACEMCO.NS,0.5015,971.7017,0.0,0.5691579508210083,209.933802441407,6879.09521484375,11360.8369140625
2024-09-09,APOLLOHOSP / ULTRACEMCO,APOLLOHOSP.NS,ULTRACEMCO.NS,0.5015,971.7017,0.0,-0.6562044131269205,133.3714308593759,6833.1806640625,11421.94921875
2024-09-10,APOLLOHOSP / ULTRACEMCO,APOLLOHOSP.NS,ULTRACEMCO.NS,0.5015,971.7017,0.0,-0.3110116305035573,170.70416523437564,6893.7861328125,11468.35546875
2024-09-11,APOLLOHOSP / ULTRACEMCO,APOLLOHOSP.NS,ULTRACEMCO.NS,0.5015,971.7017,0.0,-0.19968991709293457,176.20056171875024,6872.57177734375,11415.09375
2024-09-12,APOLLOHOSP / ULTRACEMCO,APOLLOHOSP.NS,ULTRACEMCO.NS,0.5015,971.7017,0.0,0.8089820075079893,226.07257001953224,7033.4736328125,11636.4892578125
2024-09-13,APOLLOHOSP / ULTRACEMCO,APOLLOHOSP.NS,ULTRACEMCO.NS,0.5015,971.7017,0.0,-0.12256846585975427,179.7559157226566,6990.99462890625,11644.1416015625
2024-09-16,APOLLOHOSP / ULTRACEMCO,APOLLOHOSP.NS,ULTRACEMCO.NS,0.5015,971.7017,0.0,0.811391848476056,229.43260810546928,7003.14599609375,11569.3154296875
2024-09-17,APOLLOHOSP / ULTRACEMCO,APOLLOHOSP.NS,ULTRACEMCO.NS,0.5015,971.7017,0.0,0.20294025142154332,204.73087031250054,6979.939453125,11572.296875
2024-09-18,APOLLOHOSP / ULTRACEMCO,APOLLOHOSP.NS,ULTRACEMCO.NS,0.5015,971.7017,0.0,0.8753724718770399,239.81926240234463,7007.67724609375,11557.6396484375
2024-09-19,APOLLOHOSP / ULTRACEMCO,APOLLOHOSP.NS,ULTRACEMCO.NS,0.5015,971.7017,0.0,0.8804073037089644,235.88683076171912,7002.05029296875,11554.2607421875
2024-09-20,APOLLOHOSP / ULTRACEMCO,APOLLOHOSP.NS,ULTRACEMCO.NS,0.5015,971.7017,0.0,0.33607121369928517,202.95939228515692,7054.23974609375,11723.9853515625
2024-09-23,APOLLOHOSP / ULTRACEMCO,APOLLOHOSP.NS,ULTRACEMCO.NS,0.5015,971.7017,0.0,-0.017715274636931105,191.22508125000024,7124.1083984375,11886.703125
2024-09-24,APOLLOHOSP / ULTRACEMCO,APOLLOHOSP.NS,ULTRACEMCO.NS,0.5015,971.7017,0.0,1.7572199837486646,260.415387890626,7093.431640625,11687.56640625
2024-09-25,APOLLOHOSP / ULTRACEMCO,APOLLOHOSP.NS,ULTRACEMCO.NS,0.5015,971.7017,0.0,1.1343579886589485,244.58588398437553,7104.8359375,11741.87109375
2024-09-26,APOLLOHOSP / ULTRACEMCO,APOLLOHOSP.NS,ULTRACEMCO.NS,0.5015,971.7017,0.0,-1.3566171518351189,154.91098408203163,7139.0986328125,11989.0048828125
2024-09-27,APOLLOHOSP / ULTRACEMCO,APOLLOHOSP.NS,ULTRACEMCO.NS,0.5015,971.7017,0.0,1.6781558100861864,276.9583639648441,7204.98291015625,11877.0146484375
2024-09-30,APOLLOHOSP / ULTRACEMCO,APOLLOHOSP.NS,ULTRACEMCO.NS,0.5015,971.7017,-1.0,2.1860972231378537,317.1487013671882,7170.27294921875,11727.662109375
2024-10-01,APOLLOHOSP / ULTRACEMCO,APOLLOHOSP.NS,ULTRACEMCO.NS,0.5015,971.7017,-1.0,0.6514863960429145,254.01525361328152,7124.65625,11762.5908203125
2024-10-03,APOLLOHOSP / ULTRACEMCO,APOLLOHOSP.NS,ULTRACEMCO.NS,0.5015,971.7017,0.0,-2.636491521768004,63.59629169921902,6878.24853515625,11650.9482421875
2024-10-04,APOLLOHOSP / ULTRACEMCO,APOLLOHOSP.NS,ULTRACEMCO.NS,0.5015,971.7017,0.0,-1.9846426671362778,68.59732050781315,6746.4296875,11378.126953125
2024-10-07,APOLLOHOSP / ULTRACEMCO,APOLLOHOSP.NS,ULTRACEMCO.NS,0.5015,971.7017,0.0,-0.43159641050823405,177.73417451171974,6745.9814453125,11159.6123046875
2024-10-08,APOLLOHOSP / ULTRACEMCO,APOLLOHOSP.NS,ULTRACEMCO.NS,0.5015,971.7017,0.0,0.5545502421216044,248.8168190429693,6896.5244140625,11318.0576171875
2024-10-09,APOLLOHOSP / ULTRACEMCO,APOLLOHOSP.NS,ULTRACEMCO.NS,0.5015,971.7017,0.0,1.6681192877888467,352.83734394531314,6980.7861328125,11278.658203125
2024-10-10,APOLLOHOSP / ULTRACEMCO,APOLLOHOSP.NS,ULTRACEMCO.NS,0.5015,971.7017,0.0,0.4813407956944957,259.3857296875009,6927.15185546875,11358.0546875
2024-10-11,APOLLOHOSP / ULTRACEMCO,APOLLOHOSP.NS,ULTRACEMCO.NS,0.5015,971.7017,0.0,0.8188188075169852,291.98275703125057,6955.38818359375,11349.359375
2024-10-14,APOLLOHOSP / ULTRACEMCO,APOLLOHOSP.NS,ULTRACEMCO.NS,0.5015,971.7017,-1.0,2.144533845591768,461.04348408203225,7064.14990234375,11229.1220703125
2024-10-15,APOLLOHOSP / ULTRACEMCO,APOLLOHOSP.NS,ULTRACEMCO.NS,0.5015,971.7017,-1.0,1.6737166132496946,450.29595429687527,7111.50927734375,11344.98828125
2024-10-16,APOLLOHOSP / ULTRACEMCO,APOLLOHOSP.NS,ULTRACEMCO.NS,0.5015,971.7017,-1.0,1.2959523437249385,428.86567255859484,7042.935546875,11250.9833984375
2024-10-17,APOLLOHOSP / ULTRACEMCO,APOLLOHOSP.NS,ULTRACEMCO.NS,0.5015,971.7017,-1.0,1.56354626413449,499.18894355468785,6961.2646484375,10947.904296875
2024-10-18,APOLLOHOSP / ULTRACEMCO,APOLLOHOSP.NS,ULTRACEMCO.NS,0.5015,971.7017,-1.0,1.153643158389902,466.9004967773441,6954.89013671875,10999.5771484375
2024-10-21,APOLLOHOSP / ULTRACEMCO,APOLLOHOSP.NS,ULTRACEMCO.NS,0.5015,971.7017,-1.0,1.5848807201404664,570.0545641601572,6958.3759765625,10800.8369140625
2024-10-22,APOLLOHOSP / ULTRACEMCO,APOLLOHOSP.NS,ULTRACEMCO.NS,0.5015,971.7017,-1.0,0.9956239825867005,497.9856066406252,6864.30517578125,10756.96484375
2024-10-23,APOLLOHOSP / ULTRACEMCO,APOLLOHOSP.NS,ULTRACEMCO.NS,0.5015,971.7017,-1.0,1.1421044217486662,548.6565529296882,6879.04541015625,10685.318359375
2024-10-24,APOLLOHOSP / ULTRACEMCO,APOLLOHOSP.NS,ULTRACEMCO.NS,0.5015,971.7017,-1.0,0.45439783652991145,451.0735709960942,6926.25537109375,10974.0380859375
2024-10-25,APOLLOHOSP / ULTRACEMCO,APOLLOHOSP.NS,ULTRACEMCO.NS,0.5015,971.7017,-1.0,0.46462729127399455,465.9303810546877,6916.99267578125,10925.943359375
2024-10-28,APOLLOHOSP / ULTRACEMCO,APOLLOHOSP.NS,ULTRACEMCO.NS,0.5015,971.7017,0.0,-0.2768529415445553,398.91654951171915,6898.51708984375,11022.7294921875
2024-10-29,APOLLOHOSP / ULTRACEMCO,APOLLOHOSP.NS,ULTRACEMCO.NS,0.5015,971.7017,0.0,0.12385307252502482,450.1037912109383,6959.42236328125,11042.107421875
2024-10-30,APOLLOHOSP / ULTRACEMCO,APOLLOHOSP.NS,ULTRACEMCO.NS,0.5015,971.7017,0.0,-0.5296274212156455,398.82747480468845,6954.49169921875,11134.521484375
2024-10-31,APOLLOHOSP / ULTRACEMCO,APOLLOHOSP.NS,ULTRACEMCO.NS,0.5015,971.7017,0.0,0.7367063760255328,508.360038769532,6994.53076171875,10995.9501953125
2024-11-01,APOLLOHOSP / ULTRACEMCO,APOLLOHOSP.NS,ULTRACEMCO.NS,0.5015,971.7017,0.0,0.12563120443338474,477.6311969726572,7003.74365234375,11075.5947265625
2024-11-04,APOLLOHOSP / ULTRACEMCO,APOLLOHOSP.NS,ULTRACEMCO.NS,0.5015,971.7017,0.0,0.07327419653058019,476.1118747070319,6930.48828125,10932.5517578125
2024-11-05,APOLLOHOSP / ULTRACEMCO,APOLLOHOSP.NS,ULTRACEMCO.NS,0.5015,971.7017,0.0,-1.3952666164691079,397.0197428710941,6938.3564453125,11105.9521484375
2024-11-06,APOLLOHOSP / ULTRACEMCO,APOLLOHOSP.NS,ULTRACEMCO.NS,0.5015,971.7017,0.0,-1.915190627282031,349.94976435546926,6940.1494140625,11203.3857421875
2024-11-07,APOLLOHOSP / ULTRACEMCO,APOLLOHOSP.NS,ULTRACEMCO.NS,0.5015,971.7017,-1.0,3.234516003920889,916.2977013671886,7395.06787109375,10981.193359375
2024-11-08,APOLLOHOSP / ULTRACEMCO,APOLLOHOSP.NS,ULTRACEMCO.NS,0.5015,971.7017,-1.0,2.31415784663205,916.5734547851567,7391.630859375,10973.7900390625
2024-11-11,APOLLOHOSP / ULTRACEMCO,APOLLOHOSP.NS,ULTRACEMCO.NS,0.5015,971.7017,-1.0,0.9024691704223021,688.0200060546882,7126.74853515625,10901.349609375
2024-11-12,APOLLOHOSP / ULTRACEMCO,APOLLOHOSP.NS,ULTRACEMCO.NS,0.5015,971.7017,-1.0,0.31826484099497926,591.7594987304698,6991.39306640625,10823.3935546875
2024-11-13,APOLLOHOSP / ULTRACEMCO,APOLLOHOSP.NS,ULTRACEMCO.NS,0.5015,971.7017,0.0,-0.2554383172307237,486.42218476562596,6831.337890625,10714.28515625
2024-11-14,APOLLOHOSP / ULTRACEMCO,APOLLOHOSP.NS,ULTRACEMCO.NS,0.5015,971.7017,0.0,-0.11876362415583964,514.975371289063,6833.13037109375,10660.923828125
2024-11-18,APOLLOHOSP / ULTRACEMCO,APOLLOHOSP.NS,ULTRACEMCO.NS,0.5015,971.7017,0.0,-0.5062714023052105,445.3400875976573,6714.85693359375,10563.9384765625
2024-11-19,APOLLOHOSP / ULTRACEMCO,APOLLOHOSP.NS,ULTRACEMCO.NS,0.5015,971.7017,0.0,-1.1463071645370655,321.46545429687524,6660.0771484375,10701.71484375
2024-11-21,APOLLOHOSP / ULTRACEMCO,APOLLOHOSP.NS,ULTRACEMCO.NS,0.5015,971.7017,0.0,-1.222326413029787,284.5002902343755,6715.45458984375,10885.84765625
2024-11-22,APOLLOHOSP / ULTRACEMCO,APOLLOHOSP.NS,ULTRACEMCO.NS,0.5015,971.7017,0.0,-1.2134737773660866,266.79985712890687,6907.28173828125,11303.6494140625
2024-11-25,APOLLOHOSP / ULTRACEMCO,APOLLOHOSP.NS,ULTRACEMCO.NS,0.5015,971.7017,0.0,-0.6621793548786615,365.1998688476566,7046.62060546875,11385.2822265625
2024-11-26,APOLLOHOSP / ULTRACEMCO,APOLLOHOSP.NS,ULTRACEMCO.NS,0.5015,971.7017,0.0,0.15104232957840413,534.3858610351568,7048.16455078125,11051.0009765625
2024-11-27,APOLLOHOSP / ULTRACEMCO,APOLLOHOSP.NS,ULTRACEMCO.NS,0.5015,971.7017,0.0,-0.33867569814641135,431.5188966796883,6954.69140625,11069.732421875
2024-11-28,APOLLOHOSP / ULTRACEMCO,APOLLOHOSP.NS,ULTRACEMCO.NS,0.5015,971.7017,0.0,-0.6659719658259498,361.3010167968756,6813.6591796875,10928.52734375
2024-11-29,APOLLOHOSP / ULTRACEMCO,APOLLOHOSP.NS,ULTRACEMCO.NS,0.5015,971.7017,0.0,-1.1484166617534517,247.31331611328153,6801.5078125,11131.5908203125
2024-12-02,APOLLOHOSP / ULTRACEMCO,APOLLOHOSP.NS,ULTRACEMCO.NS,0.5015,971.7017,0.0,-1.0130450261931043,260.8041857421882,7037.45751953125,11575.177734375
2024-12-03,APOLLOHOSP / ULTRACEMCO,APOLLOHOSP.NS,ULTRACEMCO.NS,0.5015,971.7017,0.0,-1.291572168209876,219.747969433594,7097.96337890625,11777.6943359375
2024-12-04,APOLLOHOSP / ULTRACEMCO,APOLLOHOSP.NS,ULTRACEMCO.NS,0.5015,971.7017,0.0,-0.1050398744487084,367.75732148437567,7203.33984375,11692.68359375
2024-12-05,APOLLOHOSP / ULTRACEMCO,APOLLOHOSP.NS,ULTRACEMCO.NS,0.5015,971.7017,0.0,-0.34812947414008083,327.2628200195319,7245.56982421875,11857.6376953125
2024-12-06,APOLLOHOSP / ULTRACEMCO,APOLLOHOSP.NS,ULTRACEMCO.NS,0.5015,971.7017,0.0,-0.25047378404502035,327.9885705078128,7204.28564453125,11773.869140625
2024-12-09,APOLLOHOSP / ULTRACEMCO,APOLLOHOSP.NS,ULTRACEMCO.NS,0.5015,971.7017,0.0,-0.38479516750772724,305.4914396484379,7164.994140625,11740.380859375
2024-12-10,APOLLOHOSP / ULTRACEMCO,APOLLOHOSP.NS,ULTRACEMCO.NS,0.5015,971.7017,0.0,0.8544970501599544,404.0679206054698,7229.18505859375,11671.8154296875
2024-12-11,APOLLOHOSP / ULTRACEMCO,APOLLOHOSP.NS,ULTRACEMCO.NS,0.5015,971.7017,0.0,0.8342640530595477,410.1401178710945,7311.35400390625,11823.5537109375
2024-12-12,APOLLOHOSP / ULTRACEMCO,APOLLOHOSP.NS,ULTRACEMCO.NS,0.5015,971.7017,0.0,-0.3125880925842975,317.60292890625044,7198.11083984375,11782.265625
2024-12-13,APOLLOHOSP / ULTRACEMCO,APOLLOHOSP.NS,ULTRACEMCO.NS,0.5015,971.7017,0.0,-1.2417688831451128,236.72412080078232,7230.33056640625,12007.7861328125
2024-12-16,APOLLOHOSP / ULTRACEMCO,APOLLOHOSP.NS,ULTRACEMCO.NS,0.5015,971.7017,0.0,-0.35997170346400165,306.9412331054697,7230.08203125,11867.2763671875
2024-12-17,APOLLOHOSP / ULTRACEMCO,APOLLOHOSP.NS,ULTRACEMCO.NS,0.5015,971.7017,0.0,0.3895077648298717,350.1504469726566,7189.79443359375,11700.7822265625
2024-12-18,APOLLOHOSP / ULTRACEMCO,APOLLOHOSP.NS,ULTRACEMCO.NS,0.5015,971.7017,0.0,0.8939706289595581,374.2068820312503,7208.369140625,11689.8515625
2024-12-19,APOLLOHOSP / ULTRACEMCO,APOLLOHOSP.NS,ULTRACEMCO.NS,0.5015,971.7017,-1.0,2.1096642109417805,480.53615693359427,7268.27783203125,11597.2880859375
2024-12-20,APOLLOHOSP / ULTRACEMCO,APOLLOHOSP.NS,ULTRACEMCO.NS,0.5015,971.7017,-1.0,2.3366618999009323,558.4595255859382,7222.6123046875,11350.849609375
2024-12-23,APOLLOHOSP / ULTRACEMCO,APOLLOHOSP.NS,ULTRACEMCO.NS,0.5015,971.7017,-1.0,1.7996025997099359,546.9883234375008,7235.95849609375,11400.3359375
2024-12-24,APOLLOHOSP / ULTRACEMCO,APOLLOHOSP.NS,ULTRACEMCO.NS,0.5015,971.7017,-1.0,1.6842207365111297,562.9771315429695,7210.958984375,11318.6044921875
2024-12-26,APOLLOHOSP / ULTRACEMCO,APOLLOHOSP.NS,ULTRACEMCO.NS,0.5015,971.7017,-1.0,1.3304845284374995,549.008575878907,7232.02392578125,11388.4619140625
2024-12-27,APOLLOHOSP / ULTRACEMCO,APOLLOHOSP.NS,ULTRACEMCO.NS,0.5015,971.7017,-1.0,1.243521591764014,561.1785709960947,7217.2333984375,11334.7021484375
2024-12-30,APOLLOHOSP / ULTRACEMCO,APOLLOHOSP.NS,ULTRACEMCO.NS,0.5015,971.7017,-1.0,1.8786616983185793,687.7595387695316,7284.91064453125,11217.2470703125
2024-12-31,APOLLOHOSP / ULTRACEMCO,APOLLOHOSP.NS,ULTRACEMCO.NS,0.5015,971.7017,-1.0,1.0610794348794532,601.1607760742196,7267.0830078125,11354.3779296875
2025-01-01,APOLLOHOSP / ULTRACEMCO,APOLLOHOSP.NS,ULTRACEMCO.NS,0.5015,971.7017,-1.0,1.3228830190647258,663.8760905273444,7340.0888671875,11374.8974609375
2025-01-02,APOLLOHOSP / ULTRACEMCO,APOLLOHOSP.NS,ULTRACEMCO.NS,0.5015,971.7017,-1.0,0.37446989908393474,540.8992521484384,7391.88037109375,11723.388671875
2025-01-03,APOLLOHOSP / ULTRACEMCO,APOLLOHOSP.NS,ULTRACEMCO.NS,0.5015,971.7017,0.0,-0.5522591609602842,423.9245036132821,7269.0751953125,11711.7626953125
2025-01-06,APOLLOHOSP / ULTRACEMCO,APOLLOHOSP.NS,ULTRACEMCO.NS,0.5015,971.7017,0.0,1.4109356239680202,694.9308859375011,7399.349609375,11431.140625
2025-01-07,APOLLOHOSP / ULTRACEMCO,APOLLOHOSP.NS,ULTRACEMCO.NS,0.5015,971.7017,0.0,0.905642463717657,645.2165773437506,7406.919921875,11545.3671875
2025-01-08,APOLLOHOSP / ULTRACEMCO,APOLLOHOSP.NS,ULTRACEMCO.NS,0.5015,971.7017,0.0,-1.0324916281450134,459.4389010742194,7113.9990234375,11331.7216796875
2025-01-09,APOLLOHOSP / ULTRACEMCO,APOLLOHOSP.NS,ULTRACEMCO.NS,0.5015,971.7017,0.0,-1.0091938820980262,480.18051191406323,7063.10400390625,11188.876953125
2025-01-10,APOLLOHOSP / ULTRACEMCO,APOLLOHOSP.NS,ULTRACEMCO.NS,0.5015,971.7017,0.0,0.6074818280646995,622.2462223632816,7008.5244140625,10796.7626953125
2025-01-13,APOLLOHOSP / ULTRACEMCO,APOLLOHOSP.NS,ULTRACEMCO.NS,0.5015,971.7017,0.0,-0.2744758666862512,550.4968639648447,6812.1650390625,10548.2880859375
2025-01-14,APOLLOHOSP / ULTRACEMCO,APOLLOHOSP.NS,ULTRACEMCO.NS,0.5015,971.7017,0.0,-1.010028311040885,483.7620597656256,6679.94775390625,10417.71484375
2025-01-15,APOLLOHOSP / ULTRACEMCO,APOLLOHOSP.NS,ULTRACEMCO.NS,0.5015,971.7017,0.0,-1.243013294215639,449.93408222656274,6665.00732421875,10455.376953125
2025-01-16,APOLLOHOSP / ULTRACEMCO,APOLLOHOSP.NS,ULTRACEMCO.NS,0.5015,971.7017,0.0,-0.7325898802240676,490.2569923828129,6762.4150390625,10569.205078125
2025-01-17,APOLLOHOSP / ULTRACEMCO,APOLLOHOSP.NS,ULTRACEMCO.NS,0.5015,971.7017,0.0,-0.0016462193594179095,556.5595109375005,6800.7109375,10513.359375
2025-01-20,APOLLOHOSP / ULTRACEMCO,APOLLOHOSP.NS,ULTRACEMCO.NS,0.5015,971.7017,0.0,-0.6586519803987386,487.34823652343823,6753.65087890625,10557.529296875
2025-01-21,APOLLOHOSP / ULTRACEMCO,APOLLOHOSP.NS,ULTRACEMCO.NS,0.5015,971.7017,0.0,0.7045739936495535,603.4901652343757,6891.3955078125,10600.60546875
2025-01-22,APOLLOHOSP / ULTRACEMCO,APOLLOHOSP.NS,ULTRACEMCO.NS,0.5015,971.7017,0.0,0.349820990571577,564.412910351563,6865.25048828125,10626.392578125
2025-01-23,APOLLOHOSP / ULTRACEMCO,APOLLOHOSP.NS,ULTRACEMCO.NS,0.5015,971.7017,1.0,-2.563683478887664,229.88276582031324,6893.08935546875,11348.962890625
2025-01-24,APOLLOHOSP / ULTRACEMCO,APOLLOHOSP.NS,ULTRACEMCO.NS,0.5015,971.7017,1.0,-2.491888113315463,122.08846064453212,6717.99365234375,11214.7626953125
2025-01-27,APOLLOHOSP / ULTRACEMCO,APOLLOHOSP.NS,ULTRACEMCO.NS,0.5015,971.7017,1.0,-2.100396138285114,95.7864533203134,6668.59375,11168.705078125
2025-01-28,APOLLOHOSP / ULTRACEMCO,APOLLOHOSP.NS,ULTRACEMCO.NS,0.5015,971.7017,1.0,-1.7939200818337149,80.9019118164066,6682.03955078125,11225.1962890625
2025-01-29,APOLLOHOSP / ULTRACEMCO,APOLLOHOSP.NS,ULTRACEMCO.NS,0.5015,971.7017,1.0,-1.685485533048628,32.11109980468848,6757.08642578125,11472.130859375
2025-01-30,APOLLOHOSP / ULTRACEMCO,APOLLOHOSP.NS,ULTRACEMCO.NS,0.5015,971.7017,1.0,-1.167228223531798,104.91568671875086,6797.27490234375,11407.09375
2025-01-31,APOLLOHOSP / ULTRACEMCO,APOLLOHOSP.NS,ULTRACEMCO.NS,0.5015,971.7017,1.0,-1.0945530888287962,86.81042500000024,6783.181640625,11415.09375
2025-02-01,APOLLOHOSP / ULTRACEMCO,APOLLOHOSP.NS,ULTRACEMCO.NS,0.5015,971.7017,1.0,-0.3594366808189348,231.05940986328153,6813.6591796875,11188.2314453125
2025-02-03,APOLLOHOSP / ULTRACEMCO,APOLLOHOSP.NS,ULTRACEMCO.NS,0.5015,971.7017,1.0,-0.2880800760188664,230.88897480468825,6771.37890625,11104.263671875
2025-02-04,APOLLOHOSP / ULTRACEMCO,APOLLOHOSP.NS,ULTRACEMCO.NS,0.5015,971.7017,1.0,-0.9965724929117621,52.786612500000615,6764.955078125,11446.59375
2025-02-05,APOLLOHOSP / ULTRACEMCO,APOLLOHOSP.NS,ULTRACEMCO.NS,0.5015,971.7017,1.0,-0.3522039116330293,171.46036542968852,6916.79345703125,11512.724609375
2025-02-06,APOLLOHOSP / ULTRACEMCO,APOLLOHOSP.NS,ULTRACEMCO.NS,0.5015,971.7017,1.0,-0.33010321446498,155.3381759765631,6846.67578125,11405.056640625
2025-02-07,APOLLOHOSP / ULTRACEMCO,APOLLOHOSP.NS,ULTRACEMCO.NS,0.5015,971.7017,1.0,-1.0833353370434677,-9.380254199218484,6763.3115234375,11567.2783203125
2025-02-10,APOLLOHOSP / ULTRACEMCO,APOLLOHOSP.NS,ULTRACEMCO.NS,0.5015,971.7017,1.0,-0.9236498677200166,15.407637890625324,6734.12890625,11459.66015625
2025-02-11,APOLLOHOSP / ULTRACEMCO,APOLLOHOSP.NS,ULTRACEMCO.NS,0.5015,971.7017,1.0,-2.95677945470947,-311.0466985351553,6292.009765625,11229.0224609375
2025-02-12,APOLLOHOSP / ULTRACEMCO,APOLLOHOSP.NS,ULTRACEMCO.NS,0.5015,971.7017,1.0,-2.329711427374237,-342.9301394531243,6348.98046875,11406.19921875
2025-02-13,APOLLOHOSP / ULTRACEMCO,APOLLOHOSP.NS,ULTRACEMCO.NS,0.5015,971.7017,1.0,-1.9785838322921463,-379.1334739257803,6346.6396484375,11473.7216796875
2025-02-14,APOLLOHOSP / ULTRACEMCO,APOLLOHOSP.NS,ULTRACEMCO.NS,0.5015,971.7017,1.0,-1.4651181971353382,-330.76058330078047,6254.18115234375,11192.9013671875
2025-02-17,APOLLOHOSP / ULTRACEMCO,APOLLOHOSP.NS,ULTRACEMCO.NS,0.5015,971.7017,1.0,-1.5456183438509767,-413.88688212890554,6283.80419921875,11417.7255859375
2025-02-18,APOLLOHOSP / ULTRACEMCO,APOLLOHOSP.NS,ULTRACEMCO.NS,0.5015,971.7017,1.0,-0.7510426113788647,-247.13779179687424,6360.25439453125,11237.66796875
2025-02-19,APOLLOHOSP / ULTRACEMCO,APOLLOHOSP.NS,ULTRACEMCO.NS,0.5015,971.7017,1.0,-0.4492053615275125,-192.81066044921806,6405.93505859375,11220.4267578125
2025-02-20,APOLLOHOSP / ULTRACEMCO,APOLLOHOSP.NS,ULTRACEMCO.NS,0.5015,971.7017,1.0,-0.49241003914365056,-222.4600466796868,6374.3173828125,11216.501953125
2025-02-21,APOLLOHOSP / ULTRACEMCO,APOLLOHOSP.NS,ULTRACEMCO.NS,0.5015,971.7017,1.0,-0.4290821280089185,-230.7100886718739,6301.1083984375,11086.97265625
2025-02-24,APOLLOHOSP / ULTRACEMCO,APOLLOHOSP.NS,ULTRACEMCO.NS,0.5015,971.7017,1.0,-0.3666317154794256,-239.5783342773433,6235.13037109375,10973.0947265625
2025-02-25,APOLLOHOSP / ULTRACEMCO,APOLLOHOSP.NS,ULTRACEMCO.NS,0.5015,971.7017,1.0,-0.08291114640155173,-200.50820195312406,6235.0810546875,10895.08984375
2025-02-27,APOLLOHOSP / ULTRACEMCO,APOLLOHOSP.NS,ULTRACEMCO.NS,0.5015,971.7017,0.0,1.1445849213928887,-9.092823535156072,6169.10302734375,10381.8427734375
2025-02-28,APOLLOHOSP / ULTRACEMCO,APOLLOHOSP.NS,ULTRACEMCO.NS,0.5015,971.7017,0.0,1.5338764257970317,17.72280439453209,6036.84814453125,10064.6533203125
2025-03-03,APOLLOHOSP / ULTRACEMCO,APOLLOHOSP.NS,ULTRACEMCO.NS,0.5015,971.7017,0.0,1.5543146734889501,29.593786816407032,6154.54150390625,10275.6650390625
2025-03-04,APOLLOHOSP / ULTRACEMCO,APOLLOHOSP.NS,ULTRACEMCO.NS,0.5015,971.7017,0.0,1.5471464538009843,32.49640302734463,6172.04541015625,10304.7802734375
2025-03-05,APOLLOHOSP / ULTRACEMCO,APOLLOHOSP.NS,ULTRACEMCO.NS,0.5015,971.7017,0.0,1.2189022936315317,11.783875683594147,6198.22705078125,10398.2880859375
2025-03-06,APOLLOHOSP / ULTRACEMCO,APOLLOHOSP.NS,ULTRACEMCO.NS,0.5015,971.7017,0.0,1.298416923207264,56.72750751953174,6257.77197265625,10427.4033203125
2025-03-07,APOLLOHOSP / ULTRACEMCO,APOLLOHOSP.NS,ULTRACEMCO.NS,0.5015,971.7017,0.0,0.5703468322940153,-45.42453496093674,6199.9228515625,10515.744140625
2025-03-10,APOLLOHOSP / ULTRACEMCO,APOLLOHOSP.NS,ULTRACEMCO.NS,0.5015,971.7017,0.0,0.2451336389140451,-80.70471953124922,6133.595703125,10453.8359375
2025-03-11,APOLLOHOSP / ULTRACEMCO,APOLLOHOSP.NS,ULTRACEMCO.NS,0.5015,971.7017,0.0,0.3135760539016524,-55.17551689453046,6118.833984375,10373.4951171875
2025-03-12,APOLLOHOSP / ULTRACEMCO,APOLLOHOSP.NS,ULTRACEMCO.NS,0.5015,971.7017,0.0,-0.052679943750168566,-86.68905449218653,6127.76123046875,10454.134765625
2025-03-13,APOLLOHOSP / ULTRACEMCO,APOLLOHOSP.NS,ULTRACEMCO.NS,0.5015,971.7017,0.0,-0.15873037746055035,-90.65316582031153,6089.759765625,10386.263671875
2025-03-17,APOLLOHOSP / ULTRACEMCO,APOLLOHOSP.NS,ULTRACEMCO.NS,0.5015,971.7017,0.0,-0.22998930519353905,-87.12826542968685,6140.62744140625,10480.666015625
2025-03-18,APOLLOHOSP / ULTRACEMCO,APOLLOHOSP.NS,ULTRACEMCO.NS,0.5015,971.7017,0.0,-0.3742124465503124,-87.12826542968685,6140.62744140625,10480.666015625
2025-03-19,APOLLOHOSP / ULTRACEMCO,APOLLOHOSP.NS,ULTRACEMCO.NS,0.5015,971.7017,0.0,0.4557396884162104,-9.367904589842851,6410.822265625,10864.3837890625
2025-03-20,APOLLOHOSP / ULTRACEMCO,APOLLOHOSP.NS,ULTRACEMCO.NS,0.5015,971.7017,0.0,1.0255257927225907,29.88478779296895,6457.50048828125,10879.1904296875
2025-03-21,APOLLOHOSP / ULTRACEMCO,APOLLOHOSP.NS,ULTRACEMCO.NS,0.5015,971.7017,-1.0,2.3662416276133946,152.4754601562505,6594.34326171875,10907.609375
2025-03-24,APOLLOHOSP / ULTRACEMCO,APOLLOHOSP.NS,ULTRACEMCO.NS,0.5015,971.7017,-1.0,1.623602410619046,119.6130231445319,6598.58251953125,10981.5908203125
2025-03-25,APOLLOHOSP / ULTRACEMCO,APOLLOHOSP.NS,ULTRACEMCO.NS,0.5015,971.7017,0.0,-0.31191920022976266,-35.948735644530984,6627.4072265625,11349.2607421875
2025-03-26,APOLLOHOSP / ULTRACEMCO,APOLLOHOSP.NS,ULTRACEMCO.NS,0.5015,971.7017,0.0,-1.504143889997631,-151.0047375976559,6502.83251953125,11330.2802734375
2025-03-27,APOLLOHOSP / ULTRACEMCO,APOLLOHOSP.NS,ULTRACEMCO.NS,0.5015,971.7017,1.0,-2.207532027039791,-277.1052737304684,6475.154296875,11526.5361328125
2025-03-28,APOLLOHOSP / ULTRACEMCO,APOLLOHOSP.NS,ULTRACEMCO.NS,0.5015,971.7017,1.0,-0.5243828489990704,-108.40269072265562,6598.9814453125,11437.0537109375
2025-04-01,APOLLOHOSP / ULTRACEMCO,APOLLOHOSP.NS,ULTRACEMCO.NS,0.5015,971.7017,0.0,0.24949141187986731,-27.112363085936863,6615.0390625,11306.978515625
2025-04-02,APOLLOHOSP / ULTRACEMCO,APOLLOHOSP.NS,ULTRACEMCO.NS,0.5015,971.7017,0.0,1.5309305552656896,136.11606611328227,6714.62939453125,11180.0830078125
2025-04-03,APOLLOHOSP / ULTRACEMCO,APOLLOHOSP.NS,ULTRACEMCO.NS,0.5015,971.7017,0.0,-0.5221960944044324,-101.76023906249918,6653.98779296875,11533.4921875
2025-04-04,APOLLOHOSP / ULTRACEMCO,APOLLOHOSP.NS,ULTRACEMCO.NS,0.5015,971.7017,0.0,0.27242982976904123,-4.877166796874349,6697.0751953125,11426.22265625
2025-04-07,APOLLOHOSP / ULTRACEMCO,APOLLOHOSP.NS,ULTRACEMCO.NS,0.5015,971.7017,0.0,1.1590010505416295,116.9701559570318,6665.90673828125,11121.1064453125
2025-04-08,APOLLOHOSP / ULTRACEMCO,APOLLOHOSP.NS,ULTRACEMCO.NS,0.5015,971.7017,0.0,1.2360753965113604,149.7876842773445,6738.0185546875,11199.4599609375
2025-04-09,APOLLOHOSP / ULTRACEMCO,APOLLOHOSP.NS,ULTRACEMCO.NS,0.5015,971.7017,0.0,1.17534490039988,164.993511425782,6816.314453125,11325.2626953125
2025-04-11,APOLLOHOSP / ULTRACEMCO,APOLLOHOSP.NS,ULTRACEMCO.NS,0.5015,971.7017,0.0,0.3368225712569801,59.357105664062715,6763.302734375,11430.197265625
2025-04-15,APOLLOHOSP / ULTRACEMCO,APOLLOHOSP.NS,ULTRACEMCO.NS,0.5015,971.7017,0.0,0.43147945283174904,75.26802314453164,6887.02978515625,11645.1845703125
2025-04-16,APOLLOHOSP / ULTRACEMCO,APOLLOHOSP.NS,ULTRACEMCO.NS,0.5015,971.7017,0.0,1.1301965041333761,171.0216979492194,6987.2685546875,11654.1279296875
2025-04-17,APOLLOHOSP / ULTRACEMCO,APOLLOHOSP.NS,ULTRACEMCO.NS,0.5015,971.7017,0.0,0.9625249946174023,152.63150849609485,7055.09130859375,11826.0380859375
2025-04-21,APOLLOHOSP / ULTRACEMCO,APOLLOHOSP.NS,ULTRACEMCO.NS,0.5015,971.7017,0.0,1.170439195507906,205.00663691406282,7123.91162109375,11858.830078125
2025-04-22,APOLLOHOSP / ULTRACEMCO,APOLLOHOSP.NS,ULTRACEMCO.NS,0.5015,971.7017,0.0,0.6059367752249529,138.68861103515667,7070.05224609375,11883.6728515625
2025-04-23,APOLLOHOSP / ULTRACEMCO,APOLLOHOSP.NS,ULTRACEMCO.NS,0.5015,971.7017,0.0,1.051861814184986,197.0326173828131,7123.4130859375,11873.736328125
2025-04-24,APOLLOHOSP / ULTRACEMCO,APOLLOHOSP.NS,ULTRACEMCO.NS,0.5015,971.7017,0.0,0.07932306633988816,109.8358131835945,7140.86767578125,12082.4130859375
2025-04-25,APOLLOHOSP / ULTRACEMCO,APOLLOHOSP.NS,ULTRACEMCO.NS,0.5015,971.7017,1.0,-2.2506614942920127,-134.99773515624963,6934.90478515625,12159.921875
2025-04-28,APOLLOHOSP / ULTRACEMCO,APOLLOHOSP.NS,ULTRACEMCO.NS,0.5015,971.7017,1.0,-0.6726194002308948,18.058650097656596,7026.6650390625,12037.6962890625
2025-04-29,APOLLOHOSP / ULTRACEMCO,APOLLOHOSP.NS,ULTRACEMCO.NS,0.5015,971.7017,1.0,-0.14129817117339805,87.78906855468779,6974.30224609375,11794.240234375
2025-04-30,APOLLOHOSP / ULTRACEMCO,APOLLOHOSP.NS,ULTRACEMCO.NS,0.5015,971.7017,0.0,0.8366240504118958,185.95118085937577,6958.84228515625,11567.67578125
2025-05-02,APOLLOHOSP / ULTRACEMCO,APOLLOHOSP.NS,ULTRACEMCO.NS,0.5015,971.7017,0.0,0.4066165735788725,151.03197822265668,6909.9697265625,11539.8525390625
2025-05-05,APOLLOHOSP / ULTRACEMCO,APOLLOHOSP.NS,ULTRACEMCO.NS,0.5015,971.7017,0.0,0.5875521041392052,168.50707587890668,6955.85009765625,11596.4931640625
2025-05-06,APOLLOHOSP / ULTRACEMCO,APOLLOHOSP.NS,ULTRACEMCO.NS,0.5015,971.7017,0.0,0.8207011295563027,191.953749707032,6990.7587890625,11619.3486328125
2025-05-07,APOLLOHOSP / ULTRACEMCO,APOLLOHOSP.NS,ULTRACEMCO.NS,0.5015,971.7017,0.0,0.634306462078175,183.46392792968857,6964.82666015625,11584.568359375
2025-05-08,APOLLOHOSP / ULTRACEMCO,APOLLOHOSP.NS,ULTRACEMCO.NS,0.5015,971.7017,0.0,-0.671836844127753,65.7610075195322,6833.6689453125,11557.7392578125
2025-05-09,APOLLOHOSP / ULTRACEMCO,APOLLOHOSP.NS,ULTRACEMCO.NS,0.5015,971.7017,0.0,-0.55207447652909,69.6555670898448,6704.50634765625,11292.4208984375
2025-05-12,APOLLOHOSP / ULTRACEMCO,APOLLOHOSP.NS,ULTRACEMCO.NS,0.5015,971.7017,0.0,-0.30364946168765083,87.74170771484444,6907.97509765625,11662.0771484375
2025-05-13,APOLLOHOSP / ULTRACEMCO,APOLLOHOSP.NS,ULTRACEMCO.NS,0.5015,971.7017,0.0,0.08680774680263656,116.63963154296982,6899.49755859375,11587.5498046875
2025-05-14,APOLLOHOSP / ULTRACEMCO,APOLLOHOSP.NS,ULTRACEMCO.NS,0.5015,971.7017,0.0,0.03396419320417172,110.15985664062612,6898.49951171875,11598.48046875
2025-05-15,APOLLOHOSP / ULTRACEMCO,APOLLOHOSP.NS,ULTRACEMCO.NS,0.5015,971.7017,0.0,0.6067759672965438,155.12241132812562,7054.09375,11819.08203125
2025-05-16,APOLLOHOSP / ULTRACEMCO,APOLLOHOSP.NS,ULTRACEMCO.NS,0.5015,971.7017,0.0,-0.13145640682430046,92.29058564453192,6996.74365234375,11830.0126953125
2025-05-19,APOLLOHOSP / ULTRACEMCO,APOLLOHOSP.NS,ULTRACEMCO.NS,0.5015,971.7017,0.0,-1.3540743575279344,39.935475292969045,6956.34912109375,11853.8623046875
2025-05-20,APOLLOHOSP / ULTRACEMCO,APOLLOHOSP.NS,ULTRACEMCO.NS,0.5015,971.7017,0.0,-0.5452069781851168,93.21341279296905,6894.01171875,11623.3232421875
2025-05-21,APOLLOHOSP / ULTRACEMCO,APOLLOHOSP.NS,ULTRACEMCO.NS,0.5015,971.7017,0.0,1.0759581086654337,180.4744635742196,6965.82421875,11592.5185546875
2025-05-22,APOLLOHOSP / ULTRACEMCO,APOLLOHOSP.NS,ULTRACEMCO.NS,0.5015,971.7017,0.0,0.43147030609461906,144.07420087890716,6936.40087890625,11606.4306640625
2025-05-23,APOLLOHOSP / ULTRACEMCO,APOLLOHOSP.NS,ULTRACEMCO.NS,0.5015,971.7017,0.0,1.7215770888382322,220.89769990234402,7046.11474609375,11672.0146484375
2025-05-26,APOLLOHOSP / ULTRACEMCO,APOLLOHOSP.NS,ULTRACEMCO.NS,0.5015,971.7017,-1.0,2.1938349089241633,281.219965527344,7078.03173828125,11615.3740234375
2025-05-27,APOLLOHOSP / ULTRACEMCO,APOLLOHOSP.NS,ULTRACEMCO.NS,0.5015,971.7017,-1.0,2.607236260966013,391.8352545898448,7055.09130859375,11349.0615234375
2025-05-28,APOLLOHOSP / ULTRACEMCO,APOLLOHOSP.NS,ULTRACEMCO.NS,0.5015,971.7017,-1.0,1.888370673406688,366.33654169921977,6938.39599609375,11167.2138671875
2025-05-29,APOLLOHOSP / ULTRACEMCO,APOLLOHOSP.NS,ULTRACEMCO.NS,0.5015,971.7017,-1.0,1.2433149865930067,317.4744152343752,6904.98291015625,11198.01953125
2025-05-30,APOLLOHOSP / ULTRACEMCO,APOLLOHOSP.NS,ULTRACEMCO.NS,0.5015,971.7017,-1.0,0.9864578831073093,304.4871632812507,6862.59326171875,11139.390625
2025-06-02,APOLLOHOSP / ULTRACEMCO,APOLLOHOSP.NS,ULTRACEMCO.NS,0.5015,971.7017,-1.0,1.183531955556349,346.8713375976573,6897.50244140625,11124.4853515625
2025-06-03,APOLLOHOSP / ULTRACEMCO,APOLLOHOSP.NS,ULTRACEMCO.NS,0.5015,971.7017,-1.0,0.8609751022068977,323.8739860351567,6794.7705078125,10965.4931640625
2025-06-04,APOLLOHOSP / ULTRACEMCO,APOLLOHOSP.NS,ULTRACEMCO.NS,0.5015,971.7017,-1.0,1.0801869030882367,367.25977949218816,6837.15966796875,10963.505859375
2025-06-05,APOLLOHOSP / ULTRACEMCO,APOLLOHOSP.NS,ULTRACEMCO.NS,0.5015,971.7017,-1.0,0.6265725947600962,325.4142555664072,6858.10498046875,11088.7119140625
2025-06-06,APOLLOHOSP / ULTRACEMCO,APOLLOHOSP.NS,ULTRACEMCO.NS,0.5015,971.7017,-1.0,0.6907349455559294,344.89719013671913,6924.43212890625,11182.1201171875
2025-06-09,APOLLOHOSP / ULTRACEMCO,APOLLOHOSP.NS,ULTRACEMCO.NS,0.5015,971.7017,-1.0,0.4692196941029518,330.93607246093836,6913.95947265625,11189.076171875
2025-06-10,APOLLOHOSP / ULTRACEMCO,APOLLOHOSP.NS,ULTRACEMCO.NS,0.5015,971.7017,0.0,-0.6670862141916808,252.18856416015717,6900.49462890625,11319.2509765625
2025-06-11,APOLLOHOSP / ULTRACEMCO,APOLLOHOSP.NS,ULTRACEMCO.NS,0.5015,971.7017,0.0,-1.1652220830643887,224.78678535156325,6909.4716796875,11391.791015625
2025-06-12,APOLLOHOSP / ULTRACEMCO,APOLLOHOSP.NS,ULTRACEMCO.NS,0.5015,971.7017,0.0,0.8889622080928501,363.87293037109396,6978.29150390625,11251.6787109375
2025-06-13,APOLLOHOSP / ULTRACEMCO,APOLLOHOSP.NS,ULTRACEMCO.NS,0.5015,971.7017,0.0,1.6171990241246181,411.2138537109382,6976.296875,11153.302734375
2025-06-16,APOLLOHOSP / ULTRACEMCO,APOLLOHOSP.NS,ULTRACEMCO.NS,0.5015,971.7017,0.0,1.1330885213522384,395.3523947265636,7095.48583984375,11422.595703125
2025-06-17,APOLLOHOSP / ULTRACEMCO,APOLLOHOSP.NS,ULTRACEMCO.NS,0.5015,971.7017,0.0,0.19234628278632607,343.9465832031252,6988.265625,11311.30078125
2025-06-18,APOLLOHOSP / ULTRACEMCO,APOLLOHOSP.NS,ULTRACEMCO.NS,0.5015,971.7017,0.0,-1.3199825275343338,259.6745070312505,6915.45556640625,11334.15625
2025-06-19,APOLLOHOSP / ULTRACEMCO,APOLLOHOSP.NS,ULTRACEMCO.NS,0.5015,971.7017,0.0,0.005487353938529278,328.4998302734381,6991.2578125,11348.068359375
2025-06-20,APOLLOHOSP / ULTRACEMCO,APOLLOHOSP.NS,ULTRACEMCO.NS,0.5015,971.7017,0.0,0.6060516519699144,363.42268281250074,7045.1171875,11385.828125
2025-06-23,APOLLOHOSP / ULTRACEMCO,APOLLOHOSP.NS,ULTRACEMCO.NS,0.5015,971.7017,0.0,-0.34392202095915597,312.052795605469,6989.2626953125,11376.8857421875
2025-06-24,APOLLOHOSP / ULTRACEMCO,APOLLOHOSP.NS,ULTRACEMCO.NS,0.5015,971.7017,0.0,-1.4062471888021313,245.77259882812598,6987.7666015625,11506.06640625
2025-06-25,APOLLOHOSP / ULTRACEMCO,APOLLOHOSP.NS,ULTRACEMCO.NS,0.5015,971.7017,0.0,-1.7406274208227768,204.9346549804692,7023.67333984375,11659.0966796875
2025-06-26,APOLLOHOSP / ULTRACEMCO,APOLLOHOSP.NS,ULTRACEMCO.NS,0.5015,971.7017,0.0,-1.9707880328559164,155.64145283203163,7083.0185546875,11875.7236328125
2025-06-27,APOLLOHOSP / ULTRACEMCO,APOLLOHOSP.NS,ULTRACEMCO.NS,0.5015,971.7017,0.0,-0.8380059127736557,231.53706123046925,7289.4794921875,12136.0732421875
2025-06-30,APOLLOHOSP / ULTRACEMCO,APOLLOHOSP.NS,ULTRACEMCO.NS,0.5015,971.7017,0.0,-0.8165573819823179,225.01133759765673,7223.15283203125,12016.8291015625
2025-07-01,APOLLOHOSP / ULTRACEMCO,APOLLOHOSP.NS,ULTRACEMCO.NS,0.5015,971.7017,0.0,1.4516416722306007,420.044463085938,7476.49169921875,12133.091796875
2025-07-02,APOLLOHOSP / ULTRACEMCO,APOLLOHOSP.NS,ULTRACEMCO.NS,0.5015,971.7017,0.0,-0.5903967571153905,252.56257929687547,7421.634765625,12357.66796875
2025-07-03,APOLLOHOSP / ULTRACEMCO,APOLLOHOSP.NS,ULTRACEMCO.NS,0.5015,971.7017,0.0,1.0978706845963977,395.1768361328128,7545.3125,12319.908203125
2025-07-04,APOLLOHOSP / ULTRACEMCO,APOLLOHOSP.NS,ULTRACEMCO.NS,0.5015,971.7017,0.0,0.4093087925883516,329.8859743164072,7533.84228515625,12427.2275390625
2025-07-07,APOLLOHOSP / ULTRACEMCO,APOLLOHOSP.NS,ULTRACEMCO.NS,0.5015,971.7017,0.0,1.933480134057373,472.4560319335948,7596.17919921875,12267.2412109375
2025-07-08,APOLLOHOSP / ULTRACEMCO,APOLLOHOSP.NS,ULTRACEMCO.NS,0.5015,971.7017,0.0,0.7548776475484321,371.75521894531323,7545.3125,12366.611328125
2025-07-09,APOLLOHOSP / ULTRACEMCO,APOLLOHOSP.NS,ULTRACEMCO.NS,0.5015,971.7017,0.0,-0.9221878139502048,217.6984992187505,7449.56201171875,12482.875
2025-07-10,APOLLOHOSP / ULTRACEMCO,APOLLOHOSP.NS,ULTRACEMCO.NS,0.5015,971.7017,0.0,-1.5645142132099532,130.90866718750078,7339.84814453125,12437.1640625
2025-07-11,APOLLOHOSP / ULTRACEMCO,APOLLOHOSP.NS,ULTRACEMCO.NS,0.5015,971.7017,1.0,-2.2818332358430085,-27.68503203124908,7170.78955078125,12416.296875
2025-07-14,APOLLOHOSP / ULTRACEMCO,APOLLOHOSP.NS,ULTRACEMCO.NS,0.5015,971.7017,1.0,-1.7289558625360104,-7.729516406249218,7201.2099609375,12437.1640625
2025-07-15,APOLLOHOSP / ULTRACEMCO,APOLLOHOSP.NS,ULTRACEMCO.NS,0.5015,971.7017,1.0,-0.6473078073922891,139.38119404296924,7341.34423828125,12423.2529296875
2025-07-16,APOLLOHOSP / ULTRACEMCO,APOLLOHOSP.NS,ULTRACEMCO.NS,0.5015,971.7017,1.0,-0.5082710349946686,155.82093037109428,7333.365234375,12374.5615234375
2025-07-17,APOLLOHOSP / ULTRACEMCO,APOLLOHOSP.NS,ULTRACEMCO.NS,0.5015,971.7017,1.0,-0.649193988976278,132.89602265625092,7331.37060546875,12416.296875
2025-07-18,APOLLOHOSP / ULTRACEMCO,APOLLOHOSP.NS,ULTRACEMCO.NS,0.5015,971.7017,1.0,-0.8814732746858125,84.52289814453218,7284.49267578125,12419.2783203125
2025-07-21,APOLLOHOSP / ULTRACEMCO,APOLLOHOSP.NS,ULTRACEMCO.NS,0.5015,971.7017,1.0,-1.2713903565758817,-3.717901660155235,7235.62060546875,12497.7802734375
2025-07-22,APOLLOHOSP / ULTRACEMCO,APOLLOHOSP.NS,ULTRACEMCO.NS,0.5015,971.7017,1.0,-0.8248809776142806,50.59537080078155,7227.64111328125,12373.5673828125
2025-07-23,APOLLOHOSP / ULTRACEMCO,APOLLOHOSP.NS,ULTRACEMCO.NS,0.5015,971.7017,0.0,0.2562925883457973,217.13160712890715,7354.31005859375,12294.0712890625
2025-07-24,APOLLOHOSP / ULTRACEMCO,APOLLOHOSP.NS,ULTRACEMCO.NS,0.5015,971.7017,0.0,0.5113179350429523,241.04546406250086,7344.3369140625,12226.5
2025-07-25,APOLLOHOSP / ULTRACEMCO,APOLLOHOSP.NS,ULTRACEMCO.NS,0.5015,971.7017,0.0,1.1485718934846307,333.98677656250095,7449.0634765625,12250.0
2025-07-28,APOLLOHOSP / ULTRACEMCO,APOLLOHOSP.NS,ULTRACEMCO.NS,0.5015,971.7017,0.0,0.6366726182015633,227.29328046875037,7337.35498046875,12240.0
2025-07-29,APOLLOHOSP / ULTRACEMCO,APOLLOHOSP.NS,ULTRACEMCO.NS,0.5015,971.7017,0.0,1.6231578894708443,336.0625031250007,7436.595703125,12221.0
2025-07-30,APOLLOHOSP / ULTRACEMCO,APOLLOHOSP.NS,ULTRACEMCO.NS,0.5015,971.7017,0.0,1.2519117536446605,306.5076281250009,7430.611328125,12268.0
2025-07-31,APOLLOHOSP / ULTRACEMCO,APOLLOHOSP.NS,ULTRACEMCO.NS,0.5015,971.7017,0.0,1.46230254116387,363.91112812500035,7478.486328125,12249.0
2025-08-01,APOLLOHOSP / ULTRACEMCO,APOLLOHOSP.NS,ULTRACEMCO.NS,0.5015,971.7017,0.0,0.7690678439737512,285.996475781251,7332.36767578125,12113.0
2025-08-04,APOLLOHOSP / ULTRACEMCO,APOLLOHOSP.NS,ULTRACEMCO.NS,0.5015,971.7017,0.0,-0.29155062577459373,170.39375703125063,7288.98095703125,12257.0
2025-08-05,APOLLOHOSP / ULTRACEMCO,APOLLOHOSP.NS,ULTRACEMCO.NS,0.5015,971.7017,0.0,-0.760092467003779,115.92112421875083,7255.06982421875,12298.0
2025-08-06,APOLLOHOSP / ULTRACEMCO,APOLLOHOSP.NS,ULTRACEMCO.NS,0.5015,971.7017,0.0,-1.0908569004904736,67.74885078125101,7170.78955078125,12226.0
2025-08-07,APOLLOHOSP / ULTRACEMCO,APOLLOHOSP.NS,ULTRACEMCO.NS,0.5015,971.7017,0.0,-1.3155999167701737,24.729132031250288,7151.34033203125,12273.0
2025-08-08,APOLLOHOSP / ULTRACEMCO,APOLLOHOSP.NS,ULTRACEMCO.NS,0.5015,971.7017,0.0,-1.4077561177508608,-2.3746999999997342,7066.0625,12157.0
2025-08-11,APOLLOHOSP / ULTRACEMCO,APOLLOHOSP.NS,ULTRACEMCO.NS,0.5015,971.7017,0.0,-1.0933299566461951,47.29919843750088,7240.1083984375,12405.0
2025-08-12,APOLLOHOSP / ULTRACEMCO,APOLLOHOSP.NS,ULTRACEMCO.NS,0.5015,971.7017,0.0,-1.3743019677165842,2.7917921875010734,7217.6669921875,12449.0
2025-08-13,APOLLOHOSP / ULTRACEMCO,APOLLOHOSP.NS,ULTRACEMCO.NS,0.5015,971.7017,-1.0,2.3018217613795513,597.3750226562503,7788.17822265625,12401.0
2025-08-14,APOLLOHOSP / ULTRACEMCO,APOLLOHOSP.NS,ULTRACEMCO.NS,0.5015,971.7017,-1.0,2.0387779009477907,652.4673312500005,7801.14453125,12317.0
2025-08-18,APOLLOHOSP / ULTRACEMCO,APOLLOHOSP.NS,ULTRACEMCO.NS,0.5015,971.7017,-1.0,0.894202117778894,428.7928898437509,7802.14208984375,12765.0
2025-08-19,APOLLOHOSP / ULTRACEMCO,APOLLOHOSP.NS,ULTRACEMCO.NS,0.5015,971.7017,-1.0,0.6492033476269526,390.631241406251,7813.12744140625,12863.0
2025-08-20,APOLLOHOSP / ULTRACEMCO,APOLLOHOSP.NS,ULTRACEMCO.NS,0.5015,971.7017,-1.0,0.8493477963930498,444.53563984375035,7872.54833984375,12874.0
2025-08-21,APOLLOHOSP / ULTRACEMCO,APOLLOHOSP.NS,ULTRACEMCO.NS,0.5015,971.7017,-1.0,0.9672225725277864,489.98402265625066,7915.99072265625,12870.0
2025-08-22,APOLLOHOSP / ULTRACEMCO,APOLLOHOSP.NS,ULTRACEMCO.NS,0.5015,971.7017,-1.0,1.3906769616660666,626.910893750001,7911.99609375,12589.0
2025-08-25,APOLLOHOSP / ULTRACEMCO,APOLLOHOSP.NS,ULTRACEMCO.NS,0.5015,971.7017,-1.0,0.9543655589023404,546.9801203125004,7840.5908203125,12606.0
2025-08-26,APOLLOHOSP / ULTRACEMCO,APOLLOHOSP.NS,ULTRACEMCO.NS,0.5015,971.7017,-1.0,0.6314238196475017,487.550292187501,7783.1669921875,12610.0
2025-08-28,APOLLOHOSP / ULTRACEMCO,APOLLOHOSP.NS,ULTRACEMCO.NS,0.5015,971.7017,-1.0,0.46546914284105295,466.7707062500009,7717.75390625,12521.0
2025-08-29,APOLLOHOSP / ULTRACEMCO,APOLLOHOSP.NS,ULTRACEMCO.NS,0.5015,971.7017,0.0,-0.32641900673089314,289.2484562500009,7599.91015625,12640.0
2025-09-01,APOLLOHOSP / ULTRACEMCO,APOLLOHOSP.NS,ULTRACEMCO.NS,0.5015,971.7017,0.0,-0.5682561971242256,257.38791328125046,7661.32861328125,12826.0
2025-09-02,APOLLOHOSP / ULTRACEMCO,APOLLOHOSP.NS,ULTRACEMCO.NS,0.5015,971.7017,0.0,-0.45097532398401413,316.0182414062507,7671.81494140625,12730.0
2025-09-03,APOLLOHOSP / ULTRACEMCO,APOLLOHOSP.NS,ULTRACEMCO.NS,0.5015,971.7017,0.0,-0.3359090448534672,368.4419640625007,7725.7431640625,12733.0
2025-09-04,APOLLOHOSP / ULTRACEMCO,APOLLOHOSP.NS,ULTRACEMCO.NS,0.5015,971.7017,0.0,0.9031739208766282,573.3476789062503,7889.52587890625,12651.0
2025-09-05,APOLLOHOSP / ULTRACEMCO,APOLLOHOSP.NS,ULTRACEMCO.NS,0.5015,971.7017,0.0,0.39848735345683556,503.049143750001,7794.15234375,12601.0
2025-09-08,APOLLOHOSP / ULTRACEMCO,APOLLOHOSP.NS,ULTRACEMCO.NS,0.5015,971.7017,0.0,0.10148898125363137,453.47856953125086,7776.17626953125,12664.0
2025-09-09,APOLLOHOSP / ULTRACEMCO,APOLLOHOSP.NS,ULTRACEMCO.NS,0.5015,971.7017,0.0,0.8241336224105281,538.5648117187508,7815.12451171875,12572.0
2025-09-10,APOLLOHOSP / ULTRACEMCO,APOLLOHOSP.NS,ULTRACEMCO.NS,0.5015,971.7017,0.0,1.7941619204724437,689.0686046875004,7918.4873046875,12478.0
2025-09-11,APOLLOHOSP / ULTRACEMCO,APOLLOHOSP.NS,ULTRACEMCO.NS,0.5015,971.7017,0.0,1.4745946904811318,682.7635226562503,7869.05322265625,12392.0
2025-09-12,APOLLOHOSP / ULTRACEMCO,APOLLOHOSP.NS,ULTRACEMCO.NS,0.5015,971.7017,0.0,1.3221456281643797,688.8028703125007,7864.0595703125,12370.0
2025-09-15,APOLLOHOSP / ULTRACEMCO,APOLLOHOSP.NS,ULTRACEMCO.NS,0.5015,971.7017,0.0,0.7122973450753806,598.2825187500008,7806.13671875,12435.0
2025-09-16,APOLLOHOSP / ULTRACEMCO,APOLLOHOSP.NS,ULTRACEMCO.NS,0.5015,971.7017,0.0,0.45127339601555827,562.5201671875008,7842.0888671875,12578.0
2025-09-17,APOLLOHOSP / ULTRACEMCO,APOLLOHOSP.NS,ULTRACEMCO.NS,0.5015,971.7017,0.0,0.1779267518546357,526.2583039062507,7877.54150390625,12721.0
2025-09-18,APOLLOHOSP / ULTRACEMCO,APOLLOHOSP.NS,ULTRACEMCO.NS,0.5015,971.7017,0.0,0.21698649510100854,536.4506085937506,7840.09130859375,12626.0
2025-09-19,APOLLOHOSP / ULTRACEMCO,APOLLOHOSP.NS,ULTRACEMCO.NS,0.5015,971.7017,0.0,0.22124829523432663,551.6862023437503,7796.14990234375,12508.0
2025-09-22,APOLLOHOSP / ULTRACEMCO,APOLLOHOSP.NS,ULTRACEMCO.NS,0.5015,971.7017,0.0,-1.0798244240345356,413.0625578125006,7728.7392578125,12650.0
2025-09-23,APOLLOHOSP / ULTRACEMCO,APOLLOHOSP.NS,ULTRACEMCO.NS,0.5015,971.7017,0.0,-0.6454246158655936,483.0088117187503,7673.81201171875,12401.0
2025-09-24,APOLLOHOSP / ULTRACEMCO,APOLLOHOSP.NS,ULTRACEMCO.NS,0.5015,971.7017,0.0,-0.23645357638838477,536.343022656251,7633.36572265625,12214.0
2025-09-25,APOLLOHOSP / ULTRACEMCO,APOLLOHOSP.NS,ULTRACEMCO.NS,0.5015,971.7017,0.0,-0.011896138057330691,553.4784015625006,7613.8916015625,12141.0
2025-09-26,APOLLOHOSP / ULTRACEMCO,APOLLOHOSP.NS,ULTRACEMCO.NS,0.5015,971.7017,0.0,-0.9254137494897123,475.2362687500005,7500.04296875,12070.0
2025-09-29,APOLLOHOSP / ULTRACEMCO,APOLLOHOSP.NS,ULTRACEMCO.NS,0.5015,971.7017,0.0,-1.4669550926053023,423.86717109375024,7434.13037109375,12041.0
2025-09-30,APOLLOHOSP / ULTRACEMCO,APOLLOHOSP.NS,ULTRACEMCO.NS,0.5015,971.7017,1.0,-2.182827026433643,298.1420578125004,7399.1767578125,12222.0
2025-10-01,APOLLOHOSP / ULTRACEMCO,APOLLOHOSP.NS,ULTRACEMCO.NS,0.5015,971.7017,1.0,-1.15323195581178,393.790077343751,7431.13427734375,12095.0
2025-10-03,APOLLOHOSP / ULTRACEMCO,APOLLOHOSP.NS,ULTRACEMCO.NS,0.5015,971.7017,1.0,-0.6106064274992374,440.3928468750006,7439.623046875,12019.0
2025-10-06,APOLLOHOSP / ULTRACEMCO,APOLLOHOSP.NS,ULTRACEMCO.NS,0.5015,971.7017,0.0,1.5726682395564338,634.5571085937505,7651.84130859375,12055.0
2025-10-07,APOLLOHOSP / ULTRACEMCO,APOLLOHOSP.NS,ULTRACEMCO.NS,0.5015,971.7017,0.0,1.252209506904846,607.8133156250011,7689.791015625,12184.0
2025-10-08,APOLLOHOSP / ULTRACEMCO,APOLLOHOSP.NS,ULTRACEMCO.NS,0.5015,971.7017,0.0,1.6627012823487863,666.653108593751,7651.84130859375,11991.0
2025-10-09,APOLLOHOSP / ULTRACEMCO,APOLLOHOSP.NS,ULTRACEMCO.NS,0.5015,971.7017,0.0,0.8984592967400535,598.8081515625005,7684.7978515625,12192.0
2025-10-10,APOLLOHOSP / ULTRACEMCO,APOLLOHOSP.NS,ULTRACEMCO.NS,0.5015,971.7017,0.0,0.3186543087950352,540.1932062500006,7670.81640625,12281.0
2025-10-13,APOLLOHOSP / ULTRACEMCO,APOLLOHOSP.NS,ULTRACEMCO.NS,0.5015,971.7017,0.0,0.7265788883503835,584.8698898437511,7660.82958984375,12172.0
2025-10-14,APOLLOHOSP / ULTRACEMCO,APOLLOHOSP.NS,ULTRACEMCO.NS,0.5015,971.7017,0.0,1.710706629306621,723.9061906250005,7748.712890625,12070.0
2025-10-15,APOLLOHOSP / ULTRACEMCO,APOLLOHOSP.NS,ULTRACEMCO.NS,0.5015,971.7017,0.0,1.0787923260356833,669.9558234375005,7815.6240234375,12311.0
2025-10-16,APOLLOHOSP / ULTRACEMCO,APOLLOHOSP.NS,ULTRACEMCO.NS,0.5015,971.7017,0.0,0.850769706262012,653.8750695312507,7823.11376953125,12358.0
2025-10-17,APOLLOHOSP / ULTRACEMCO,APOLLOHOSP.NS,ULTRACEMCO.NS,0.5015,971.7017,0.0,1.2009761141035646,715.7672257812507,7891.02392578125,12370.0
2025-10-20,APOLLOHOSP / ULTRACEMCO,APOLLOHOSP.NS,ULTRACEMCO.NS,0.5015,971.7017,0.0,1.7417406126115496,836.1591828125007,7999.3798828125,12346.0
2025-10-21,APOLLOHOSP / ULTRACEMCO,APOLLOHOSP.NS,ULTRACEMCO.NS,0.5015,971.7017,0.0,1.5079971873731428,840.162741406251,8001.37744140625,12342.0
2025-10-23,APOLLOHOSP / ULTRACEMCO,APOLLOHOSP.NS,ULTRACEMCO.NS,0.5015,971.7017,0.0,1.7366299743737155,895.5158585937503,7957.93505859375,12145.0
2025-10-24,APOLLOHOSP / ULTRACEMCO,APOLLOHOSP.NS,ULTRACEMCO.NS,0.5015,971.7017,0.0,1.473650414500821,878.5301867187505,7827.10888671875,11918.0
2025-10-27,APOLLOHOSP / ULTRACEMCO,APOLLOHOSP.NS,ULTRACEMCO.NS,0.5015,971.7017,0.0,1.0727781603367479,837.8739445312509,7835.09814453125,12015.0
2025-10-28,APOLLOHOSP / ULTRACEMCO,APOLLOHOSP.NS,ULTRACEMCO.NS,0.5015,971.7017,0.0,1.4621973343553207,914.9535578125011,7870.0517578125,11931.0
2025-10-29,APOLLOHOSP / ULTRACEMCO,APOLLOHOSP.NS,ULTRACEMCO.NS,0.5015,971.7017,0.0,0.8895310741760611,858.8808546875003,7848.0810546875,11999.0
2025-10-30,APOLLOHOSP / ULTRACEMCO,APOLLOHOSP.NS,ULTRACEMCO.NS,0.5015,971.7017,0.0,0.07484340954474383,763.3906750000011,7779.671875,12053.0
2025-10-31,APOLLOHOSP / ULTRACEMCO,APOLLOHOSP.NS,ULTRACEMCO.NS,0.5015,971.7017,0.0,-0.4628596531181034,707.6942062500008,7670.81640625,11947.0
2025-11-03,APOLLOHOSP / ULTRACEMCO,APOLLOHOSP.NS,ULTRACEMCO.NS,0.5015,971.7017,0.0,0.6713249518588449,849.4992765625008,7814.1259765625,11950.0
2025-11-04,APOLLOHOSP / ULTRACEMCO,APOLLOHOSP.NS,ULTRACEMCO.NS,0.5015,971.7017,0.0,1.1068146129897576,901.2143312500008,7800.14453125,11819.0
2025-11-06,APOLLOHOSP / ULTRACEMCO,APOLLOHOSP.NS,ULTRACEMCO.NS,0.5015,971.7017,0.0,0.19863704526121584,827.1154289062503,7771.68212890625,11910.0
2025-11-07,APOLLOHOSP / ULTRACEMCO,APOLLOHOSP.NS,ULTRACEMCO.NS,0.5015,971.7017,0.0,-1.1749932490731563,717.8924757812507,7631.86767578125,11849.0
2025-11-10,APOLLOHOSP / ULTRACEMCO,APOLLOHOSP.NS,ULTRACEMCO.NS,0.5015,971.7017,0.0,-1.8605897089305812,666.2233898437504,7519.51708984375,11728.0
2025-11-11,APOLLOHOSP / ULTRACEMCO,APOLLOHOSP.NS,ULTRACEMCO.NS,0.5015,971.7017,1.0,-2.261959665057988,589.1154875000008,7491.0546875,11825.0
2025-11-12,APOLLOHOSP / ULTRACEMCO,APOLLOHOSP.NS,ULTRACEMCO.NS,0.5015,971.7017,1.0,-2.1100361955965443,537.9753937500005,7488.05859375,11921.0
2025-11-13,APOLLOHOSP / ULTRACEMCO,APOLLOHOSP.NS,ULTRACEMCO.NS,0.5015,971.7017,1.0,-2.0377323972196755,474.0325539062511,7430.63525390625,11934.0
2025-11-14,APOLLOHOSP / ULTRACEMCO,APOLLOHOSP.NS,ULTRACEMCO.NS,0.5015,971.7017,1.0,-1.637135354622021,484.14892109375035,7410.66162109375,11874.0
2025-11-17,APOLLOHOSP / ULTRACEMCO,APOLLOHOSP.NS,ULTRACEMCO.NS,0.5015,971.7017,1.0,-0.770370092408861,599.2040539062506,7477.57275390625,11778.0
2025-11-18,APOLLOHOSP / ULTRACEMCO,APOLLOHOSP.NS,ULTRACEMCO.NS,0.5015,971.7017,1.0,-1.0554242954222135,532.9458078125004,7375.7080078125,11707.0
2025-11-19,APOLLOHOSP / ULTRACEMCO,APOLLOHOSP.NS,ULTRACEMCO.NS,0.5015,971.7017,1.0,-0.3450017158193072,626.9096515625002,7449.1103515625,11666.0
2025-11-20,APOLLOHOSP / ULTRACEMCO,APOLLOHOSP.NS,ULTRACEMCO.NS,0.5015,971.7017,1.0,-0.794472028658081,547.3270031250009,7413.158203125,11753.0
2025-11-21,APOLLOHOSP / ULTRACEMCO,APOLLOHOSP.NS,ULTRACEMCO.NS,0.5015,971.7017,1.0,-0.8240915961930471,527.405483593751,7381.20068359375,11729.0
2025-11-24,APOLLOHOSP / ULTRACEMCO,APOLLOHOSP.NS,ULTRACEMCO.NS,0.5015,971.7017,1.0,-0.48645889262188957,563.6713234375007,7344.7490234375,11584.0
2025-11-25,APOLLOHOSP / ULTRACEMCO,APOLLOHOSP.NS,ULTRACEMCO.NS,0.5015,971.7017,1.0,-0.5496930825510192,541.7090617187511,7320.78076171875,11580.0
2025-11-26,APOLLOHOSP / ULTRACEMCO,APOLLOHOSP.NS,ULTRACEMCO.NS,0.5015,971.7017,1.0,-0.7321236704801014,514.3580421875009,7383.1982421875,11759.0
2025-11-27,APOLLOHOSP / ULTRACEMCO,APOLLOHOSP.NS,ULTRACEMCO.NS,0.5015,971.7017,1.0,-0.7061980678908785,515.1643039062507,7312.79150390625,11617.0
2025-11-28,APOLLOHOSP / ULTRACEMCO,APOLLOHOSP.NS,ULTRACEMCO.NS,0.5015,971.7017,1.0,-0.2668877816740757,536.6727140625004,7325.7744140625,11600.0
2025-12-01,APOLLOHOSP / ULTRACEMCO,APOLLOHOSP.NS,ULTRACEMCO.NS,0.5015,971.7017,1.0,-1.7143449306830278,457.64319062500056,7277.837890625,11662.0
2025-12-02,APOLLOHOSP / ULTRACEMCO,APOLLOHOSP.NS,ULTRACEMCO.NS,0.5015,971.7017,1.0,-2.121471309417069,410.19773750000024,7232.3984375,11666.0
2025-12-03,APOLLOHOSP / ULTRACEMCO,APOLLOHOSP.NS,ULTRACEMCO.NS,0.5015,971.7017,1.0,-1.952729218736145,389.8868976562504,7174.47509765625,11591.0
2025-12-04,APOLLOHOSP / ULTRACEMCO,APOLLOHOSP.NS,ULTRACEMCO.NS,0.5015,971.7017,1.0,-1.5891546085464674,398.3389367187507,7191.45263671875,11608.0
2025-12-05,APOLLOHOSP / ULTRACEMCO,APOLLOHOSP.NS,ULTRACEMCO.NS,0.5015,971.7017,1.0,-1.4593726042020514,392.3705734375004,7179.9677734375,11597.0
2025-12-08,APOLLOHOSP / ULTRACEMCO,APOLLOHOSP.NS,ULTRACEMCO.NS,0.5015,971.7017,1.0,-1.8850849640718679,327.58009687500055,7086.591796875,11540.0
2025-12-09,APOLLOHOSP / ULTRACEMCO,APOLLOHOSP.NS,ULTRACEMCO.NS,0.5015,971.7017,1.0,-1.0406129134103856,385.77593281250086,7081.5986328125,11414.0
2025-12-10,APOLLOHOSP / ULTRACEMCO,APOLLOHOSP.NS,ULTRACEMCO.NS,0.5015,971.7017,1.0,-1.198326937408378,362.0171359375005,7009.1943359375,11317.0
2025-12-11,APOLLOHOSP / ULTRACEMCO,APOLLOHOSP.NS,ULTRACEMCO.NS,0.5015,971.7017,1.0,-1.8540945739928296,275.2968429687504,7000.20654296875,11472.0
2025-12-12,APOLLOHOSP / ULTRACEMCO,APOLLOHOSP.NS,ULTRACEMCO.NS,0.5015,971.7017,1.0,-1.8206119914468033,240.79876093750102,7091.5849609375,11723.0
2025-12-15,APOLLOHOSP / ULTRACEMCO,APOLLOHOSP.NS,ULTRACEMCO.NS,0.5015,971.7017,1.0,-1.6982777556515463,223.8107921875004,7077.1044921875,11728.0
2025-12-16,APOLLOHOSP / ULTRACEMCO,APOLLOHOSP.NS,ULTRACEMCO.NS,0.5015,971.7017,1.0,-0.9399158202446614,289.1571789062506,7042.15087890625,11528.0
2025-12-17,APOLLOHOSP / ULTRACEMCO,APOLLOHOSP.NS,ULTRACEMCO.NS,0.5015,971.7017,1.0,-1.9070604745874116,153.31154218750055,6912.3232421875,11540.0
2025-12-18,APOLLOHOSP / ULTRACEMCO,APOLLOHOSP.NS,ULTRACEMCO.NS,0.5015,971.7017,1.0,-1.3791740051302737,189.93394843750104,6909.3271484375,11461.0
2025-12-19,APOLLOHOSP / ULTRACEMCO,APOLLOHOSP.NS,ULTRACEMCO.NS,0.5015,971.7017,1.0,-0.564173791002867,266.25693671875035,7003.20263671875,11496.0
2025-12-22,APOLLOHOSP / ULTRACEMCO,APOLLOHOSP.NS,ULTRACEMCO.NS,0.5015,971.7017,1.0,-0.20236155051433746,289.64776093750027,7044.6474609375,11532.0
2025-12-23,APOLLOHOSP / ULTRACEMCO,APOLLOHOSP.NS,ULTRACEMCO.NS,0.5015,971.7017,1.0,-0.7461816513712352,235.90288203125112,7064.12158203125,11678.0
2025-12-24,APOLLOHOSP / ULTRACEMCO,APOLLOHOSP.NS,ULTRACEMCO.NS,0.5015,971.7017,0.0,0.04114223125508404,291.1435109375003,7162.4912109375,11764.0
2025-12-26,APOLLOHOSP / ULTRACEMCO,APOLLOHOSP.NS,ULTRACEMCO.NS,0.5015,971.7017,0.0,-0.2763291386352837,260.11950703125024,7146.51220703125,11794.0
2025-12-29,APOLLOHOSP / ULTRACEMCO,APOLLOHOSP.NS,ULTRACEMCO.NS,0.5015,971.7017,0.0,-1.2329318075828244,186.20673359375053,7075.10693359375,11799.0
2025-12-30,APOLLOHOSP / ULTRACEMCO,APOLLOHOSP.NS,ULTRACEMCO.NS,0.5015,971.7017,0.0,-1.6417376771961942,138.97322187500106,6980.732421875,11705.0
2025-12-31,APOLLOHOSP / ULTRACEMCO,APOLLOHOSP.NS,ULTRACEMCO.NS,0.5015,971.7017,0.0,-1.349477024533955,151.78489765625056,7033.16259765625,11784.0
2026-01-01,APOLLOHOSP / ULTRACEMCO,APOLLOHOSP.NS,ULTRACEMCO.NS,0.5015,971.7017,0.0,-1.1105955297335097,162.01808906250028,7102.0712890625,11901.0
2026-01-02,APOLLOHOSP / ULTRACEMCO,APOLLOHOSP.NS,ULTRACEMCO.NS,0.5015,971.7017,0.0,-0.6663995748838871,180.9971632812509,7120.04736328125,11899.0
2026-01-05,APOLLOHOSP / ULTRACEMCO,APOLLOHOSP.NS,ULTRACEMCO.NS,0.5015,971.7017,1.0,-2.3190685632998025,40.27668671875074,7073.60888671875,12087.0
2026-01-06,APOLLOHOSP / ULTRACEMCO,APOLLOHOSP.NS,ULTRACEMCO.NS,0.5015,971.7017,0.0,0.5722527936042824,246.25011250000045,7338.2578125,12204.0
2026-01-07,APOLLOHOSP / ULTRACEMCO,APOLLOHOSP.NS,ULTRACEMCO.NS,0.5015,971.7017,0.0,1.855645092383966,355.6482765625011,7437.6259765625,12184.0
2026-01-08,APOLLOHOSP / ULTRACEMCO,APOLLOHOSP.NS,ULTRACEMCO.NS,0.5015,971.7017,0.0,1.3401587843421428,332.9381398437505,7354.73583984375,12064.0
2026-01-09,APOLLOHOSP / ULTRACEMCO,APOLLOHOSP.NS,ULTRACEMCO.NS,0.5015,971.7017,0.0,0.7173348413779205,288.7717062500011,7246.87890625,11937.0
2026-01-12,APOLLOHOSP / ULTRACEMCO,APOLLOHOSP.NS,ULTRACEMCO.NS,0.5015,971.7017,0.0,-0.06430141930576741,220.01458125000102,7258.86328125,12098.0
2026-01-13,APOLLOHOSP / ULTRACEMCO,APOLLOHOSP.NS,ULTRACEMCO.NS,0.5015,971.7017,0.0,0.7744518438887996,290.03845234375115,7301.80615234375,12044.0
2026-01-14,APOLLOHOSP / ULTRACEMCO,APOLLOHOSP.NS,ULTRACEMCO.NS,0.5015,971.7017,0.0,-0.8626421807691573,145.27371015625033,7262.85791015625,12255.0
2026-01-15,APOLLOHOSP / ULTRACEMCO,APOLLOHOSP.NS,ULTRACEMCO.NS,0.5015,971.7017,0.0,-0.753371706803746,145.27371015625033,7262.85791015625,12255.0
2026-01-16,APOLLOHOSP / ULTRACEMCO,APOLLOHOSP.NS,ULTRACEMCO.NS,0.5015,971.7017,0.0,-1.5860500973929756,46.63803828125094,7225.90673828125,12378.0
2026-01-19,APOLLOHOSP / ULTRACEMCO,APOLLOHOSP.NS,ULTRACEMCO.NS,0.5015,971.7017,0.0,-1.8171032137851173,-15.104231249998861,7123.54296875,12297.0
2026-01-20,APOLLOHOSP / ULTRACEMCO,APOLLOHOSP.NS,ULTRACEMCO.NS,0.5015,971.7017,1.0,-2.113902573643351,-115.95523906249889,6903.3349609375,12059.0
2026-01-21,APOLLOHOSP / ULTRACEMCO,APOLLOHOSP.NS,ULTRACEMCO.NS,0.5015,971.7017,1.0,-2.391698979196997,-288.0989812499996,6817.44921875,12231.0
2026-01-22,APOLLOHOSP / ULTRACEMCO,APOLLOHOSP.NS,ULTRACEMCO.NS,0.5015,971.7017,1.0,-2.179122399332585,-384.2594187499993,6787.98828125,12364.0
2026-01-23,APOLLOHOSP / ULTRACEMCO,APOLLOHOSP.NS,ULTRACEMCO.NS,0.5015,971.7017,1.0,-1.7533928810923112,-380.77473124999904,6793.98046875,12369.0
2026-01-27,APOLLOHOSP / ULTRACEMCO,APOLLOHOSP.NS,ULTRACEMCO.NS,0.5015,971.7017,1.0,-1.8066253490517363,-500.59252421874896,6784.49267578125,12589.0
2026-01-28,APOLLOHOSP / ULTRACEMCO,APOLLOHOSP.NS,ULTRACEMCO.NS,0.5015,971.7017,1.0,-1.5312635894107671,-505.9708523437497,6868.38134765625,12767.0
2026-01-29,APOLLOHOSP / ULTRACEMCO,APOLLOHOSP.NS,ULTRACEMCO.NS,0.5015,971.7017,1.0,-1.4573959692068579,-557.294289843749,6791.98291015625,12717.0
2026-01-30,APOLLOHOSP / ULTRACEMCO,APOLLOHOSP.NS,ULTRACEMCO.NS,0.5015,971.7017,1.0,-0.8155349307011355,-386.4712156249992,6951.271484375,12694.0
2026-02-02,APOLLOHOSP / ULTRACEMCO,APOLLOHOSP.NS,ULTRACEMCO.NS,0.5015,971.7017,1.0,-0.5461291185525519,-333.69707109374883,6924.30712890625,12535.0
2026-02-03,APOLLOHOSP / ULTRACEMCO,APOLLOHOSP.NS,ULTRACEMCO.NS,0.5015,971.7017,1.0,-0.012304008118989431,-206.48513749999927,7079.1015625,12590.0
2026-02-04,APOLLOHOSP / ULTRACEMCO,APOLLOHOSP.NS,ULTRACEMCO.NS,0.5015,971.7017,1.0,-0.19598463743984146,-287.3452703124989,7106.5654296875,12806.0
2026-02-05,APOLLOHOSP / ULTRACEMCO,APOLLOHOSP.NS,ULTRACEMCO.NS,0.5015,971.7017,0.0,0.020242097488485326,-264.8040710937497,7112.55712890625,12773.0
2026-02-06,APOLLOHOSP / ULTRACEMCO,APOLLOHOSP.NS,ULTRACEMCO.NS,0.5015,971.7017,0.0,0.481664871955666,-208.7676101562496,7143.01708984375,12722.0
2026-02-09,APOLLOHOSP / ULTRACEMCO,APOLLOHOSP.NS,ULTRACEMCO.NS,0.5015,971.7017,0.0,0.019075803860416064,-313.83424687499917,7201.439453125,13048.0
2026-02-10,APOLLOHOSP / ULTRACEMCO,APOLLOHOSP.NS,ULTRACEMCO.NS,0.5015,971.7017,0.0,0.34579406602827367,-293.3074890624988,7209.4287109375,13023.0
2026-02-11,APOLLOHOSP / ULTRACEMCO,APOLLOHOSP.NS,ULTRACEMCO.NS,0.5015,971.7017,-1.0,2.443175325318739,21.39167500000042,7497.046875,12969.0
2026-02-12,APOLLOHOSP / ULTRACEMCO,APOLLOHOSP.NS,ULTRACEMCO.NS,0.5015,971.7017,-1.0,1.9504648394074104,23.259194531251183,7529.00439453125,13029.0
2026-02-13,APOLLOHOSP / ULTRACEMCO,APOLLOHOSP.NS,ULTRACEMCO.NS,0.5015,971.7017,-1.0,1.7559720416734836,59.85380000000043,7532.5,12963.0
2026-02-16,APOLLOHOSP / ULTRACEMCO,APOLLOHOSP.NS,ULTRACEMCO.NS,0.5015,971.7017,-1.0,1.7493810889737524,136.3268000000004,7618.0,12981.0
2026-02-17,APOLLOHOSP / ULTRACEMCO,APOLLOHOSP.NS,ULTRACEMCO.NS,0.5015,971.7017,-1.0,1.4352088111957253,118.32230000000038,7601.5,12984.0
2026-02-18,APOLLOHOSP / ULTRACEMCO,APOLLOHOSP.NS,ULTRACEMCO.NS,0.5015,971.7017,-1.0,1.308720823273842,130.22030000000052,7647.5,13052.0
2026-02-19,APOLLOHOSP / ULTRACEMCO,APOLLOHOSP.NS,ULTRACEMCO.NS,0.5015,971.7017,-1.0,1.681516838289552,257.7663000000008,7592.5,12688.0
2026-02-20,APOLLOHOSP / ULTRACEMCO,APOLLOHOSP.NS,ULTRACEMCO.NS,0.5015,971.7017,-1.0,1.3980388586785373,241.6493000000006,7615.5,12766.0
2026-02-23,APOLLOHOSP / ULTRACEMCO,APOLLOHOSP.NS,ULTRACEMCO.NS,0.5015,971.7017,-1.0,1.1170498104703344,213.834300000001,7693.0,12976.0
2026-02-24,APOLLOHOSP / ULTRACEMCO,APOLLOHOSP.NS,ULTRACEMCO.NS,0.5015,971.7017,-1.0,1.1166258761561403,249.35830000000044,7720.5,12960.0
2026-02-25,APOLLOHOSP / ULTRACEMCO,APOLLOHOSP.NS,ULTRACEMCO.NS,0.5015,971.7017,-1.0,1.0757288766046944,271.23680000000115,7783.0,13041.0
2026-02-26,APOLLOHOSP / ULTRACEMCO,APOLLOHOSP.NS,ULTRACEMCO.NS,0.5015,971.7017,-1.0,1.1408780503013103,315.3928000000011,7775.0,12937.0
2026-02-27,APOLLOHOSP / ULTRACEMCO,APOLLOHOSP.NS,ULTRACEMCO.NS,0.5015,971.7017,-1.0,1.7025401227432762,492.2828000000005,7821.5,12677.0
2026-03-02,APOLLOHOSP / ULTRACEMCO,APOLLOHOSP.NS,ULTRACEMCO.NS,0.5015,971.7017,-1.0,1.7672421243210816,540.5168000000009,7791.5,12521.0
2026-03-04,APOLLOHOSP / ULTRACEMCO,APOLLOHOSP.NS,ULTRACEMCO.NS,0.5015,971.7017,-1.0,2.0490050501090376,622.637800000001,7666.0,12107.0
2026-03-05,APOLLOHOSP / ULTRACEMCO,APOLLOHOSP.NS,ULTRACEMCO.NS,0.5015,971.7017,-1.0,1.7793960841136611,640.8663000000012,7775.0,12288.0
2026-03-06,APOLLOHOSP / ULTRACEMCO,APOLLOHOSP.NS,ULTRACEMCO.NS,0.5015,971.7017,-1.0,1.87852633997199,741.3178000000004,7724.5,11987.0
2026-03-09,APOLLOHOSP / ULTRACEMCO,APOLLOHOSP.NS,ULTRACEMCO.NS,0.5015,971.7017,-1.0,2.4936748684060155,1101.2313000000008,7779.0,11378.0
2026-03-10,APOLLOHOSP / ULTRACEMCO,APOLLOHOSP.NS,ULTRACEMCO.NS,0.5015,971.7017,-1.0,1.7170493269524227,986.8173000000003,7803.0,11654.0
2026-03-11,APOLLOHOSP / ULTRACEMCO,APOLLOHOSP.NS,ULTRACEMCO.NS,0.5015,971.7017,-1.0,1.4123167638137377,964.1053000000007,7684.0,11462.0
2026-03-12,APOLLOHOSP / ULTRACEMCO,APOLLOHOSP.NS,ULTRACEMCO.NS,0.5015,971.7017,-1.0,1.4307995250484693,1041.664800000001,7574.5,11089.0
2026-03-13,APOLLOHOSP / ULTRACEMCO,APOLLOHOSP.NS,ULTRACEMCO.NS,0.5015,971.7017,-1.0,1.7216669713601978,1254.3743000000009,7550.0,10616.0
2026-03-16,APOLLOHOSP / ULTRACEMCO,APOLLOHOSP.NS,ULTRACEMCO.NS,0.5015,971.7017,-1.0,0.756094825788554,952.1498000000007,7490.0,11099.0
2026-03-17,APOLLOHOSP / ULTRACEMCO,APOLLOHOSP.NS,ULTRACEMCO.NS,0.5015,971.7017,-1.0,0.6573242585789039,953.624300000001,7500.0,11116.0
2026-03-18,APOLLOHOSP / ULTRACEMCO,APOLLOHOSP.NS,ULTRACEMCO.NS,0.5015,971.7017,-1.0,0.261161028327046,858.927800000001,7471.0,11247.0
2026-03-19,APOLLOHOSP / ULTRACEMCO,APOLLOHOSP.NS,ULTRACEMCO.NS,0.5015,971.7017,-1.0,0.1385799714285382,857.0773000000005,7252.0,10814.0
2026-03-20,APOLLOHOSP / ULTRACEMCO,APOLLOHOSP.NS,ULTRACEMCO.NS,0.5015,971.7017,-1.0,0.22415491288908698,909.3973000000002,7364.5,10934.0
2026-03-23,APOLLOHOSP / ULTRACEMCO,APOLLOHOSP.NS,ULTRACEMCO.NS,0.5015,971.7017,-1.0,0.4362525722281102,976.7553000000004,7145.0,10362.0
2026-03-24,APOLLOHOSP / ULTRACEMCO,APOLLOHOSP.NS,ULTRACEMCO.NS,0.5015,971.7017,-1.0,0.6947133176142355,1043.1523000000002,7413.0,10764.0
2026-03-25,APOLLOHOSP / ULTRACEMCO,APOLLOHOSP.NS,ULTRACEMCO.NS,0.5015,971.7017,-1.0,0.2660400057165818,989.9923000000005,7580.5,11204.0
2026-03-27,APOLLOHOSP / ULTRACEMCO,APOLLOHOSP.NS,ULTRACEMCO.NS,0.5015,971.7017,-1.0,0.49583732210417497,1036.2248000000004,7549.0,11049.0
2026-03-30,APOLLOHOSP / ULTRACEMCO,APOLLOHOSP.NS,ULTRACEMCO.NS,0.5015,971.7017,-1.0,0.6008634098143535,1058.6808000000005,7419.0,10745.0
2026-04-01,APOLLOHOSP / ULTRACEMCO,APOLLOHOSP.NS,ULTRACEMCO.NS,0.5015,971.7017,0.0,-0.3016657724671412,960.727300000001,7305.5,10714.0
2026-04-02,APOLLOHOSP / ULTRACEMCO,APOLLOHOSP.NS,ULTRACEMCO.NS,0.5015,971.7017,0.0,0.2927228591966437,1019.8683000000007,7317.5,10620.0
2026-04-06,APOLLOHOSP / ULTRACEMCO,APOLLOHOSP.NS,ULTRACEMCO.NS,0.5015,971.7017,0.0,-0.8210179690680954,907.3658000000011,7373.0,10955.0
2026-04-07,APOLLOHOSP / ULTRACEMCO,APOLLOHOSP.NS,ULTRACEMCO.NS,0.5015,971.7017,0.0,-1.0469005062408867,870.3943000000005,7326.5,10936.0
2026-04-08,APOLLOHOSP / ULTRACEMCO,APOLLOHOSP.NS,ULTRACEMCO.NS,0.5015,971.7017,1.0,-2.903879221357924,610.8938000000004,7401.5,11603.0
2026-04-09,APOLLOHOSP / ULTRACEMCO,APOLLOHOSP.NS,ULTRACEMCO.NS,0.5015,971.7017,1.0,-1.286198601579348,768.6263000000005,7481.5,11448.0
2026-04-10,APOLLOHOSP / ULTRACEMCO,APOLLOHOSP.NS,ULTRACEMCO.NS,0.5015,971.7017,1.0,-1.3905153595515802,727.914800000001,7511.5,11589.0
2026-04-13,APOLLOHOSP / ULTRACEMCO,APOLLOHOSP.NS,ULTRACEMCO.NS,0.5015,971.7017,1.0,-0.9404362762709069,776.5453000000003,7516.5,11502.0
2026-04-15,APOLLOHOSP / ULTRACEMCO,APOLLOHOSP.NS,ULTRACEMCO.NS,0.5015,971.7017,1.0,-0.981717929541773,760.1208000000003,7642.0,11785.0
2026-04-16,APOLLOHOSP / ULTRACEMCO,APOLLOHOSP.NS,ULTRACEMCO.NS,0.5015,971.7017,1.0,-1.5063623936381747,650.5593000000005,7553.0,11826.0
2026-04-17,APOLLOHOSP / ULTRACEMCO,APOLLOHOSP.NS,ULTRACEMCO.NS,0.5015,971.7017,1.0,-0.6433587902409779,766.4693000000003,7699.0,11886.0
2026-04-20,APOLLOHOSP / ULTRACEMCO,APOLLOHOSP.NS,ULTRACEMCO.NS,0.5015,971.7017,1.0,-0.9011408241490493,708.9228000000008,7657.0,11917.0
2026-04-21,APOLLOHOSP / ULTRACEMCO,APOLLOHOSP.NS,ULTRACEMCO.NS,0.5015,971.7017,1.0,-0.6247796805439648,734.7398000000009,7744.0,12039.0
2026-04-22,APOLLOHOSP / ULTRACEMCO,APOLLOHOSP.NS,ULTRACEMCO.NS,0.5015,971.7017,1.0,-1.5191589672869232,575.5088000000011,7662.0,12193.0
2026-04-23,APOLLOHOSP / ULTRACEMCO,APOLLOHOSP.NS,ULTRACEMCO.NS,0.5015,971.7017,1.0,-0.5007901430937455,707.5478000000008,7781.0,12167.0
2026-04-24,APOLLOHOSP / ULTRACEMCO,APOLLOHOSP.NS,ULTRACEMCO.NS,0.5015,971.7017,1.0,-0.10212518624783934,743.8013000000007,7732.5,11998.0
2026-04-27,APOLLOHOSP / ULTRACEMCO,APOLLOHOSP.NS,ULTRACEMCO.NS,0.5015,971.7017,0.0,0.9875442987621232,830.2833000000006,7825.0,12010.0
2026-04-28,APOLLOHOSP / ULTRACEMCO,APOLLOHOSP.NS,ULTRACEMCO.NS,0.5015,971.7017,0.0,1.4028669935215654,855.0728000000005,7753.0,11817.0
2026-04-29,APOLLOHOSP / ULTRACEMCO,APOLLOHOSP.NS,ULTRACEMCO.NS,0.5015,971.7017,0.0,0.8927287099938359,803.048800000001,7709.0,11833.0
2026-04-30,APOLLOHOSP / ULTRACEMCO,APOLLOHOSP.NS,ULTRACEMCO.NS,0.5015,971.7017,0.0,1.3939684126593652,854.419300000001,7636.5,11586.0
2026-05-01,APOLLOHOSP / ULTRACEMCO,APOLLOHOSP.NS,ULTRACEMCO.NS,0.5015,971.7017,0.0,1.2397721565543651,854.419300000001,7636.5,11586.0
2026-05-04,APOLLOHOSP / ULTRACEMCO,APOLLOHOSP.NS,ULTRACEMCO.NS,0.5015,971.7017,0.0,1.2349096744340318,869.1613000000003,7737.5,11758.0
2026-05-05,APOLLOHOSP / ULTRACEMCO,APOLLOHOSP.NS,ULTRACEMCO.NS,0.5015,971.7017,0.0,0.39534349560252885,800.8538000000004,7772.0,11963.0
2026-05-06,APOLLOHOSP / ULTRACEMCO,APOLLOHOSP.NS,ULTRACEMCO.NS,0.5015,971.7017,0.0,-0.4853198034680068,724.1588000000007,7760.5,12093.0
2026-05-07,APOLLOHOSP / ULTRACEMCO,APOLLOHOSP.NS,ULTRACEMCO.NS,0.5015,971.7017,0.0,0.007388326282271518,774.0793000000009,7837.0,12146.0
2026-05-08,APOLLOHOSP / ULTRACEMCO,APOLLOHOSP.NS,ULTRACEMCO.NS,0.5015,971.7017,-1.0,2.756396952108742,1132.3733000000007,8097.0,11950.0
2026-05-11,APOLLOHOSP / ULTRACEMCO,APOLLOHOSP.NS,ULTRACEMCO.NS,0.5015,971.7017,-1.0,2.2088404008301374,1159.4993000000009,8082.0,11866.0
2026-05-12,APOLLOHOSP / ULTRACEMCO,APOLLOHOSP.NS,ULTRACEMCO.NS,0.5015,971.7017,-1.0,2.205142549358689,1275.5243000000005,8022.5,11516.0
2026-05-13,APOLLOHOSP / ULTRACEMCO,APOLLOHOSP.NS,ULTRACEMCO.NS,0.5015,971.7017,-1.0,1.6853378147582168,1228.9388000000004,8004.5,11573.0
2026-05-14,APOLLOHOSP / ULTRACEMCO,APOLLOHOSP.NS,ULTRACEMCO.NS,0.5015,971.7017,-1.0,1.6475521524564471,1283.7603000000004,8119.0,11692.0
2026-05-15,APOLLOHOSP / ULTRACEMCO,APOLLOHOSP.NS,ULTRACEMCO.NS,0.5015,971.7017,-1.0,1.642429973501548,1350.0678000000003,8082.5,11487.0
2026-05-18,APOLLOHOSP / ULTRACEMCO,APOLLOHOSP.NS,ULTRACEMCO.NS,0.5015,971.7017,-1.0,1.0427993856672289,1250.9568000000004,8020.5,11561.0
2026-05-19,APOLLOHOSP / ULTRACEMCO,APOLLOHOSP.NS,ULTRACEMCO.NS,0.5015,971.7017,-1.0,1.283962952165654,1353.2463000000002,8026.0,11368.0
2026-05-20,APOLLOHOSP / ULTRACEMCO,APOLLOHOSP.NS,ULTRACEMCO.NS,0.5015,971.7017,-1.0,1.230873908405209,1385.1848000000005,8078.5,11409.0
2026-05-21,APOLLOHOSP / ULTRACEMCO,APOLLOHOSP.NS,ULTRACEMCO.NS,0.5015,971.7017,-1.0,1.6903285188849044,1582.5873000000006,8308.5,11474.0
2026-05-22,APOLLOHOSP / ULTRACEMCO,APOLLOHOSP.NS,ULTRACEMCO.NS,0.5015,971.7017,-1.0,1.4628341861354162,1588.9448000000007,8362.5,11569.0
2026-05-25,APOLLOHOSP / ULTRACEMCO,APOLLOHOSP.NS,ULTRACEMCO.NS,0.5015,971.7017,-1.0,1.1612288777163147,1551.709300000001,8404.0,11726.0
2026-05-26,APOLLOHOSP / ULTRACEMCO,APOLLOHOSP.NS,ULTRACEMCO.NS,0.5015,971.7017,-1.0,0.7209784830997871,1457.8638000000005,8258.5,11623.0
2026-05-27,APOLLOHOSP / ULTRACEMCO,APOLLOHOSP.NS,ULTRACEMCO.NS,0.5015,971.7017,-1.0,0.5648054202062979,1438.7648000000004,8272.5,11689.0
2026-05-28,APOLLOHOSP / ULTRACEMCO,APOLLOHOSP.NS,ULTRACEMCO.NS,0.5015,971.7017,-1.0,0.5066127540076956,1438.7648000000004,8272.5,11689.0
2026-05-29,APOLLOHOSP / ULTRACEMCO,APOLLOHOSP.NS,ULTRACEMCO.NS,0.5015,971.7017,-1.0,0.46054938243183324,1446.5753000000009,8176.5,11482.0
2026-06-01,APOLLOHOSP / ULTRACEMCO,APOLLOHOSP.NS,ULTRACEMCO.NS,0.5015,971.7017,-1.0,0.8024345123624338,1503.9503000000009,8108.5,11232.0
2026-06-02,APOLLOHOSP / ULTRACEMCO,APOLLOHOSP.NS,ULTRACEMCO.NS,0.5015,971.7017,-1.0,0.8094563157959519,1518.5508000000004,8089.5,11165.0
2026-06-03,APOLLOHOSP / ULTRACEMCO,APOLLOHOSP.NS,ULTRACEMCO.NS,0.5015,971.7017,-1.0,2.247790384144199,1751.646800000001,8290.5,11101.0
2026-06-04,APOLLOHOSP / ULTRACEMCO,APOLLOHOSP.NS,ULTRACEMCO.NS,0.5015,971.7017,-1.0,1.9097714387233888,1762.3028000000008,8249.0,10997.0
2026-06-05,APOLLOHOSP / ULTRACEMCO,APOLLOHOSP.NS,ULTRACEMCO.NS,0.5015,971.7017,-1.0,2.033446138001408,1860.4303000000004,8304.5,10912.0
2026-06-08,APOLLOHOSP / ULTRACEMCO,APOLLOHOSP.NS,ULTRACEMCO.NS,0.5015,971.7017,-1.0,2.1820106225205955,1973.1058000000007,8358.5,10795.0
2026-06-09,APOLLOHOSP / ULTRACEMCO,APOLLOHOSP.NS,ULTRACEMCO.NS,0.5015,971.7017,-1.0,2.140847283120085,2080.4318000000007,8524.0,10911.0
2026-06-10,APOLLOHOSP / ULTRACEMCO,APOLLOHOSP.NS,ULTRACEMCO.NS,0.5015,971.7017,-1.0,1.7247798235654621,2067.499300000001,8488.5,10866.0
2026-06-11,APOLLOHOSP / ULTRACEMCO,APOLLOHOSP.NS,ULTRACEMCO.NS,0.5015,971.7017,-1.0,1.5271588123058624,2090.053300000001,8493.0,10830.0
2026-06-12,APOLLOHOSP / ULTRACEMCO,APOLLOHOSP.NS,ULTRACEMCO.NS,0.5015,971.7017,-1.0,0.8661220668736698,1951.1228000000006,8498.0,11117.0
2026-06-15,APOLLOHOSP / ULTRACEMCO,APOLLOHOSP.NS,ULTRACEMCO.NS,0.5015,971.7017,-1.0,0.029083490504229603,1746.5993000000003,8468.5,11466.0
2026-06-16,APOLLOHOSP / ULTRACEMCO,APOLLOHOSP.NS,ULTRACEMCO.NS,0.5015,971.7017,0.0,-0.20344308741880873,1706.2118000000005,8390.5,11391.0
2026-06-17,APOLLOHOSP / ULTRACEMCO,APOLLOHOSP.NS,ULTRACEMCO.NS,0.5015,971.7017,0.0,-0.10737579809560512,1752.2388000000005,8427.5,11373.0
2026-06-18,APOLLOHOSP / ULTRACEMCO,APOLLOHOSP.NS,ULTRACEMCO.NS,0.5015,971.7017,0.0,-0.4169083137345594,1707.6533000000004,8411.5,11430.0
2026-06-19,APOLLOHOSP / ULTRACEMCO,APOLLOHOSP.NS,ULTRACEMCO.NS,0.5015,971.7017,0.0,-0.010935434231663816,1817.2478000000006,8489.5,11367.0
2026-06-22,APOLLOHOSP / ULTRACEMCO,APOLLOHOSP.NS,ULTRACEMCO.NS,0.5015,971.7017,0.0,-0.35663638399507014,1779.1953000000008,8469.0,11402.0
2026-06-23,APOLLOHOSP / ULTRACEMCO,APOLLOHOSP.NS,ULTRACEMCO.NS,0.5015,971.7017,0.0,-0.10189218205744499,1845.3378000000007,8487.5,11307.0
