,ABB.NS,ACC.NS,ADANIENT.NS,ADANIGREEN.NS,ADANIPORTS.NS,AMBUJACEM.NS,APOLLOHOSP.NS,AXISBANK.NS,BAJAJ-AUTO.NS,BAJAJFINSV.NS,BAJFINANCE.NS,BANDHANBNK.NS,BHARTIARTL.NS,BPCL.NS,BRITANNIA.NS,CHOLAFIN.NS,CIPLA.NS,COALINDIA.NS,COLPAL.NS,DABUR.NS,DIVISLAB.NS,DLF.NS,DRREDDY.NS,EICHERMOT.NS,FEDERALBNK.NS,GAIL.NS,GODREJCP.NS,GRASIM.NS,HAVELLS.NS,HCLTECH.NS,HDFCBANK.NS,HDFCLIFE.NS,HEROMOTOCO.NS,HINDALCO.NS,HINDUNILVR.NS,ICICIBANK.NS,ICICIGI.NS,IDEA.NS,INDUSINDBK.NS,INFY.NS,IOC.NS,ITC.NS,JSWSTEEL.NS,KOTAKBANK.NS,LT.NS,M&M.NS,MARICO.NS,MARUTI.NS,MPHASIS.NS,NESTLEIND.NS,NMDC.NS,NTPC.NS,ONGC.NS,PERSISTENT.NS,POWERGRID.NS,RELIANCE.NS,SBILIFE.NS,SBIN.NS,SHREECEM.NS,SIEMENS.NS,SUNPHARMA.NS,TATACONSUM.NS,TATASTEEL.NS,TCS.NS,TECHM.NS,TITAN.NS,TVSMOTOR.NS,ULTRACEMCO.NS,VEDL.NS,WIPRO.NS
2024-08-22,7664.44140625,2325.700927734375,3096.130126953125,1886.3499755859373,1478.8424072265625,626.39501953125,6795.240234375,1168.050048828125,9534.9580078125,1623.52294921875,666.1295166015625,203.57032775878903,1455.706787109375,322.2394714355469,5666.9189453125,1362.197265625,1554.4559326171875,463.4342346191406,3459.8525390625,624.9921264648438,4869.109375,842.43408203125,1376.2979736328125,4819.923828125,200.21978759765625,217.47027587890625,1390.3519287109375,2736.63818359375,1868.5401611328125,1546.9876708984375,791.6780395507812,721.4275512695312,4951.2841796875,677.0272216796875,2683.345947265625,1172.098388671875,2055.010498046875,16.200000762939453,1379.6654052734375,1767.3997802734375,161.55686950683594,447.7964477539063,925.4281616210938,363.2533264160156,3538.612548828125,2682.99267578125,669.5751953125,12024.1416015625,2927.117919921875,1249.29443359375,69.31974029541016,387.55084228515625,292.19842529296875,4895.45556640625,315.1666259765625,1485.2979736328125,1789.3521728515625,789.9146728515625,24784.13671875,4107.177734375,1718.7545166015625,1186.885986328125,147.5836944580078,4182.63134765625,1512.6910400390625,3581.83203125,2685.686767578125,11013.3642578125,403.1343994140625,240.5086669921875
2024-08-23,7612.55078125,2301.09326171875,3073.45166015625,1900.9000244140625,1477.8514404296875,628.1796264648438,6825.23486328125,1164.056640625,10008.3779296875,1637.7039794921875,665.364013671875,199.8939208984375,1475.686279296875,324.1723327636719,5624.0537109375,1345.3900146484375,1543.42822265625,472.1972961425781,3389.122802734375,622.1870727539062,4814.08740234375,832.8748779296875,1373.4244384765625,4785.29052734375,197.6838531494141,213.1964874267578,1378.81640625,2730.082763671875,1857.697509765625,1533.42041015625,788.6448364257812,724.4086303710938,5002.330078125,676.5828247070312,2705.25244140625,1184.300537109375,2068.4267578125,15.81999969482422,1386.3046875,1750.3392333984375,160.943359375,448.9058227539063,933.1627197265624,362.5553283691406,3530.812255859375,2708.566650390625,664.9182739257812,12049.55859375,2862.190673828125,1238.618408203125,67.91704559326172,386.2056274414063,289.52020263671875,4819.20654296875,317.28973388671875,1487.1322021484375,1783.421875,785.1480102539062,24480.580078125,4087.445556640625,1743.3973388671875,1178.02734375,147.64114379882812,4147.2333984375,1500.627197265625,3547.6474609375,2745.975341796875,11044.916015625,394.1427307128906,237.4501953125
2024-08-26,7607.32666015625,2320.45263671875,3066.1083984375,1888.9000244140625,1469.1802978515625,622.2805786132812,6744.95166015625,1168.399658203125,10033.478515625,1683.94189453125,669.5621337890625,198.2489471435547,1482.34619140625,323.2059020996094,5628.22900390625,1391.5230712890625,1562.4447021484375,471.5400390625,3450.447509765625,633.1170043945312,4883.78125,832.1885375976562,1371.212646484375,4762.91845703125,196.86166381835935,218.5665740966797,1404.301025390625,2718.212890625,1884.7548828125,1586.9508056640625,795.8759155273438,721.0797729492188,4964.10400390625,703.000244140625,2710.5849609375,1193.9442138671875,2093.5322265625,15.789999961853027,1382.2611083984375,1763.5460205078125,161.2501220703125,448.8170471191406,955.424560546875,361.4585266113281,3573.345947265625,2742.04345703125,675.0654907226562,11992.2607421875,2883.292236328125,1233.8924560546875,70.20178985595703,398.600341796875,297.6456298828125,4928.6689453125,319.1769714355469,1499.649169921875,1790.3489990234375,784.859130859375,24679.150390625,4099.61083984375,1740.1572265625,1200.91259765625,149.0773468017578,4183.04931640625,1539.8233642578125,3607.470703125,2754.113037109375,11040.337890625,406.2486267089844,240.9720764160156
2024-08-27,7721.1376953125,2325.354248046875,3064.210205078125,1886.800048828125,1465.0181884765625,619.10791015625,6746.39501953125,1179.331787109375,10099.8876953125,1716.697998046875,677.9830322265625,199.23989868164065,1491.3564453125,321.27301025390625,5596.52880859375,1440.14990234375,1566.4637451171875,465.6689147949219,3397.712158203125,622.3321533203125,4860.236328125,829.7864379882812,1375.09326171875,4756.71435546875,195.0686798095703,219.74652099609372,1405.8453369140625,2681.759521484375,1868.0965576171875,1579.705810546875,794.8082275390625,734.8921508789062,4975.99462890625,694.7540893554688,2658.461181640625,1206.7860107421875,2124.21142578125,16.040000915527344,1380.9632568359375,1786.0584716796875,161.05491638183594,444.2907409667969,936.0880126953124,359.6337890625,3633.001708984375,2729.968017578125,662.5652465820312,12240.1611328125,2896.898193359375,1234.8228759765625,70.3334732055664,393.60400390625,298.55352783203125,4845.90625,316.44049072265625,1487.6031494140625,1832.9085693359373,785.677734375,24586.75,4079.703857421875,1756.798583984375,1190.6263427734375,148.119873046875,4178.125,1525.2244873046875,3529.014892578125,2720.272216796875,11004.5498046875,406.9504089355469,239.65138244628903
2024-08-28,7751.8486328125,2307.62890625,3025.14697265625,1861.0999755859373,1456.5452880859375,611.1268310546875,6741.4208984375,1169.0484619140625,10249.1025390625,1711.205322265625,681.57861328125,194.87973022460935,1524.263671875,320.4446105957031,5537.35302734375,1447.0323486328125,1586.21533203125,461.2434692382813,3449.727783203125,623.2994384765625,4987.3310546875,820.717529296875,1382.27197265625,4832.91748046875,193.7214508056641,218.7709808349609,1426.261962890625,2697.304443359375,1863.5623779296875,1586.9508056640625,794.4927978515625,737.4260864257812,4934.05224609375,696.2848510742188,2656.01123046875,1204.325927734375,2112.916259765625,15.970000267028809,1413.4605712890625,1822.7177734375,161.5196990966797,441.3619384765625,941.2940063476562,357.230712890625,3619.608642578125,2746.853759765625,648.9374389648438,12103.625,2949.842529296875,1220.6453857421875,69.28604888916016,393.0275268554688,297.6002502441406,4933.16064453125,315.5912170410156,1485.4716796875,1837.6429443359373,779.41845703125,24466.857421875,4046.29248046875,1778.839599609375,1182.30908203125,147.1623992919922,4186.3935546875,1527.8062744140625,3505.413818359375,2716.451416015625,10940.716796875,408.8364562988281,247.73782348632807
2024-08-29,7691.4033203125,2287.67529296875,3017.30419921875,1829.6500244140625,1462.7388916015625,607.2601928710938,6821.75341796875,1173.4913330078125,10394.4228515625,1753.2989501953125,697.7340698242188,192.1744384765625,1533.616943359375,328.0841369628906,5661.67626953125,1451.919921875,1586.5584716796875,462.2950744628906,3461.77197265625,623.0576171875,4969.3369140625,815.6193237304688,1368.8131103515625,4802.6806640625,194.0780792236328,215.46343994140625,1425.4896240234375,2658.21875,1866.1744384765625,1616.854248046875,795.1964721679688,732.2589111328125,4992.66943359375,691.7913818359375,2676.091796875,1202.4071044921875,2109.414306640625,16.299999237060547,1415.1578369140625,1817.3128662109373,164.39218139648438,448.2845458984375,931.8240356445312,354.42877197265625,3614.114013671875,2707.1923828125,647.8099365234375,12197.9462890625,2963.209716796875,1226.5465087890625,68.57858276367188,393.84423828125,299.2344665527344,5012.12353515625,314.5060729980469,1507.90283203125,1837.6429443359373,784.3295288085938,24594.828125,3998.474609375,1766.419921875,1179.6512451171875,146.4634552001953,4191.7353515625,1546.582763671875,3511.077880859375,2730.642822265625,10928.251953125,406.5117492675781,249.6378173828125
2024-08-30,7749.55419921875,2306.4404296875,3016.50537109375,1838.1500244140625,1468.5361328125,611.771240234375,6891.689453125,1173.341552734375,10474.921875,1780.662353515625,711.2273559570312,198.48678588867188,1556.28955078125,329.1885986328125,5684.83203125,1451.919921875,1622.18994140625,460.0167236328125,3493.634033203125,616.2868041992188,5049.98583984375,828.5609130859375,1388.6014404296875,4846.25341796875,192.8695373535156,220.83352661132807,1429.833740234375,2680.716552734375,1872.187255859375,1618.1463623046875,794.395751953125,734.0475463867188,5067.82177734375,692.6307983398438,2669.126220703125,1209.5904541015625,2112.7685546875,15.640000343322754,1422.9453125,1827.041748046875,164.51304626464844,445.4445190429688,933.2122802734376,355.13671875,3634.914794921875,2754.118408203125,634.4763793945312,12148.1904296875,2964.64208984375,1224.6856689453125,68.19268798828125,399.89752197265625,300.2784729003906,5103.818359375,318.3748779296875,1496.6995849609375,1844.221435546875,785.3887939453125,25249.447265625,4012.328125,1788.4609375,1181.32470703125,146.26239013671875,4230.70947265625,1536.396484375,3542.827880859375,2791.923583984375,11006.060546875,410.94189453125,249.498779296875
2024-09-02,7518.31884765625,2313.372314453125,3039.28369140625,1945.699951171875,1481.0224609375,615.0925903320312,6844.48486328125,1186.86962890625,10700.498046875,1838.0853271484373,734.924560546875,199.7849273681641,1538.954345703125,329.92498779296875,5749.78466796875,1482.5423583984375,1614.10302734375,456.4237976074219,3483.26953125,615.8031616210938,4993.42822265625,831.6493530273438,1357.1614990234375,4798.82177734375,192.88937377929688,217.46096801757807,1419.070556640625,2672.720703125,1858.436767578125,1667.431396484375,789.5668334960938,740.60595703125,5181.8974609375,675.3977661132812,2679.7431640625,1210.3284912109375,2156.07421875,15.050000190734863,1446.706787109375,1846.59326171875,166.14915466308594,452.677734375,932.5678100585938,355.0270080566406,3613.770751953125,2726.237548828125,638.201904296875,12172.0888671875,2962.302734375,1229.16650390625,66.27854919433594,393.9403076171875,296.1476745605469,5139.302734375,316.6291809082031,1503.2679443359375,1882.5450439453125,791.6961669921875,25195.25,3946.26220703125,1782.86474609375,1180.8817138671875,146.37728881835938,4200.32861328125,1545.9256591796875,3565.087890625,2769.495361328125,11125.8408203125,406.3802185058594,246.74151611328125
2024-09-03,7585.35546875,2318.471923828125,3033.239501953125,1897.9000244140625,1466.2073974609375,612.5147705078125,6809.466796875,1189.6650390625,10621.203125,1863.1016845703125,726.4048461914062,199.54708862304688,1528.4261474609375,327.11767578125,5743.86181640625,1496.2076416015625,1620.5235595703125,455.328369140625,3488.88330078125,617.3024291992188,5022.32666015625,831.0120239257812,1353.5474853515625,4753.734375,192.7803955078125,216.0394744873047,1410.0928955078125,2688.6630859375,1874.75,1652.4796142578125,794.6141357421875,753.9712524414062,5245.345703125,670.4599609375,2684.787353515625,1227.79541015625,2178.220703125,15.109999656677246,1434.376708984375,1824.73876953125,163.732177734375,452.1008911132813,923.1473999023438,355.7349853515625,3620.687744140625,2733.9443359375,627.515380859375,12142.4111328125,2984.120361328125,1239.3773193359375,65.84058380126953,390.4813232421875,292.5161437988281,5222.0654296875,315.77996826171875,1496.203857421875,1922.31396484375,794.2479858398438,25274.814453125,3939.975830078125,1778.4959716796875,1180.192626953125,145.67832946777344,4192.24609375,1543.5316162109375,3598.477294921875,2761.456787109375,11160.80078125,407.5205993652344,248.4097900390625
2024-09-04,7459.533203125,2325.6513671875,3009.511962890625,1930.9000244140625,1458.824462890625,621.7352294921875,6895.07177734375,1175.78759765625,10544.3115234375,1869.393310546875,721.0410766601562,197.8030242919922,1529.6993408203125,328.8204650878906,5754.056640625,1483.5399169921875,1619.2493896484375,441.3513793945313,3523.432373046875,628.7643432617188,5052.66259765625,833.7081909179688,1340.3848876953125,4722.22705078125,186.103759765625,213.66102600097656,1424.138427734375,2739.121337890625,1874.109375,1647.6805419921875,796.773681640625,754.0209350585938,5279.9482421875,658.5103759765625,2729.897216796875,1216.62646484375,2220.243896484375,14.829999923706056,1432.0804443359375,1807.0670166015625,164.56881713867188,449.3939208984375,925.229736328125,355.7349853515625,3582.07861328125,2699.33837890625,632.9566040039062,12082.810546875,2949.12646484375,1241.3363037109375,64.64921569824219,389.2322998046875,285.4347839355469,5181.69580078125,314.1286315917969,1501.5823974609375,1905.91796875,786.2554321289062,25535.5625,3934.155029296875,1799.45703125,1176.2061767578125,144.7495880126953,4161.4951171875,1544.6583251953125,3585.111328125,2753.815185546875,11277.3193359375,402.9590148925781,240.5782012939453
2024-09-05,7470.32373046875,2396.206787109375,3012.509033203125,1890.300048828125,1452.3336181640625,626.444580078125,6898.4541015625,1178.633056640625,10440.490234375,1862.4525146484373,715.647705078125,201.81637573242188,1515.3023681640625,331.99591064453125,5679.73486328125,1529.7227783203125,1595.5765380859375,435.52392578125,3511.628173828125,623.6862182617188,5076.7529296875,825.178466796875,1322.32470703125,4689.5478515625,187.8670196533203,211.9422149658203,1407.1485595703125,2723.179443359375,1852.57177734375,1652.572021484375,798.5450439453125,747.1146850585938,5326.814453125,661.6212158203125,2727.20703125,1216.23291015625,2224.9296875,15.09000015258789,1420.59912109375,1817.125,168.57542419433594,453.6983947753906,917.6934814453124,354.5683288574219,3555.93017578125,2673.322998046875,631.2900390625,12045.9345703125,2948.171630859375,1226.718017578125,65.14230346679688,387.4547424316406,282.7111511230469,5196.40283203125,312.5716857910156,1480.192138671875,1901.582275390625,788.422119140625,25428.052734375,3891.895751953125,1793.22265625,1170.005126953125,145.26663208007812,4158.42919921875,1539.2130126953125,3699.54052734375,2740.71533203125,11240.5087890625,409.4066467285156,243.2196044921875
2024-09-06,7339.765625,2405.712890625,2972.646484375,1863.300048828125,1429.3924560546875,617.9181518554688,6871.0966796875,1156.8682861328125,10415.8212890625,1854.6630859375,722.7845458984375,194.5527191162109,1507.516357421875,324.1263122558594,5673.47216796875,1507.529052734375,1579.206787109375,428.119140625,3507.309814453125,623.2994384765625,5093.50732421875,798.3147583007812,1316.676513671875,4643.0439453125,181.72531127929688,207.01809692382807,1393.3927001953125,2674.757080078125,1845.573486328125,1620.7767333984375,794.419921875,733.7494506835938,5335.68603515625,658.8065795898438,2727.68701171875,1188.8763427734375,2231.09521484375,13.350000381469728,1407.0709228515625,1787.703369140625,164.20628356933594,445.2669982910156,924.9818725585938,351.8162536621094,3507.460205078125,2648.780029296875,652.2218627929688,11935.7958984375,2913.607421875,1225.8853759765625,64.61553955078125,379.3356628417969,280.3507080078125,5122.67138671875,311.20343017578125,1452.2830810546875,1890.0703125,753.514892578125,25376.7265625,3850.07373046875,1791.3082275390625,1155.4371337890625,144.7878875732422,4140.59130859375,1523.95703125,3672.36181640625,2731.386962890625,11133.58203125,403.3537292480469,241.2501220703125
2024-09-09,7422.27978515625,2434.727294921875,2961.357177734375,1865.75,1422.950927734375,624.7591552734375,6825.23486328125,1168.94873046875,10432.65234375,1857.9586181640625,725.777587890625,193.64105224609372,1510.84619140625,320.1224365234375,5766.5810546875,1534.3609619140625,1588.1268310546875,424.5262756347656,3533.413330078125,640.6615600585938,5128.89990234375,810.570068359375,1314.4549560546875,4638.01220703125,183.25083923339844,202.30763244628903,1440.307373046875,2692.139404296875,1865.336669921875,1612.147216796875,799.0546264648438,731.1658325195312,5337.1259765625,650.3629150390625,2807.29052734375,1215.2979736328125,2202.19189453125,13.199999809265137,1425.7906494140625,1780.9356689453125,162.99777221679688,454.1865539550781,926.4197387695312,357.0013427734375,3510.943359375,2659.33349609375,662.7612915039062,11896.224609375,2858.41943359375,1232.5213623046875,63.60179901123047,374.5796203613281,271.3627624511719,5101.74609375,310.0238952636719,1449.928466796875,1895.5023193359373,755.2000732421875,25563.16015625,3817.4189453125,1788.657470703125,1173.351806640625,143.11233520507812,4133.9013671875,1482.6014404296875,3661.48046875,2744.08984375,11193.47265625,403.7485046386719,238.5855255126953
2024-09-10,7358.61181640625,2419.52734375,2983.586181640625,1849.699951171875,1440.2930908203125,621.6856689453125,6885.77001953125,1185.2720947265625,10567.44140625,1822.0567626953125,715.346435546875,198.2291259765625,1545.3204345703125,318.4197082519531,5796.14501953125,1503.788330078125,1599.74267578125,430.3537292480469,3522.808837890625,643.4667358398438,5379.66943359375,813.5604248046875,1313.3685302734375,4628.0966796875,183.62725830078125,204.33302307128903,1450.926025390625,2684.3916015625,1894.9569091796875,1642.0042724609375,800.9230346679688,698.4730224609375,5266.89697265625,651.3011474609375,2784.999755859375,1217.5614013671875,2131.856689453125,13.529999732971191,1433.2286376953125,1797.5263671875,163.19302368164062,455.8284606933594,930.8820190429688,357.2904968261719,3528.457275390625,2640.827880859375,666.6829833984375,12011.4580078125,2941.201171875,1241.70361328125,64.6002197265625,380.7769470214844,268.3668212890625,5205.8291015625,315.30816650390625,1449.011474609375,1847.3609619140625,753.6593017578125,25490.3828125,3831.767333984375,1802.89306640625,1185.261962890625,143.064453125,4188.06591796875,1509.07666015625,3704.06201171875,2734.06640625,11238.9501953125,403.5191955566406,243.63668823242188
2024-09-11,7391.0810546875,2416.853271484375,2935.08203125,1814.449951171875,1417.69873046875,617.6702880859375,6864.58056640625,1184.1739501953125,10983.8779296875,1830.6951904296875,725.5899047851562,193.91851806640625,1545.271484375,313.1732788085937,5833.76708984375,1517.6033935546875,1596.164794921875,424.088134765625,3506.445556640625,642.1609497070312,5392.408203125,807.8739013671875,1305.8839111328125,4617.7890625,181.45785522460935,201.78733825683597,1447.9334716796875,2663.135498046875,1929.604248046875,1641.68115234375,797.7928466796875,695.7403564453125,5252.73046875,639.6478271484375,2790.33203125,1216.62646484375,2101.128173828125,13.140000343322754,1418.9017333984375,1795.50537109375,157.79197692871094,456.4940490722656,919.9741821289062,356.8218688964844,3470.371826171875,2605.7314453125,667.1241455078125,11991.0849609375,2928.025146484375,1237.467529296875,63.3322868347168,374.3874206542969,259.0157165527344,5221.4736328125,314.4117126464844,1439.072265625,1853.0423583984373,740.1296997070312,25380.34375,3837.471435546875,1812.07275390625,1185.508056640625,141.86761474609375,4161.587890625,1504.5701904296875,3687.864013671875,2738.68115234375,11186.75390625,390.4965515136719,238.3538055419922
2024-09-12,7538.77587890625,2443.342529296875,2988.181884765625,1811.9000244140625,1459.3199462890625,622.7763061523438,7025.294921875,1201.3958740234375,11275.0478515625,1852.3660888671875,733.7638549804688,195.19683837890625,1612.7999267578125,316.9010009765625,5931.43896484375,1571.5667724609375,1624.4935302734375,434.3409118652344,3496.12939453125,642.9830932617188,5435.533203125,819.541015625,1319.974609375,4762.72265625,181.8540954589844,204.99267578125,1460.965087890625,2738.5751953125,1967.8492431640625,1668.3079833984375,808.8092651367188,710.0496215820312,5390.8662109375,667.7935180664062,2840.5341796875,1232.174560546875,2093.7294921875,13.520000457763672,1441.0159912109375,1833.386474609375,161.06419372558594,461.0648193359375,946.7974853515624,364.4399108886719,3553.82080078125,2690.79736328125,672.6634521484375,12146.083984375,2958.053955078125,1237.9571533203125,65.99372100830078,388.9920959472656,266.9595642089844,5237.90771484375,319.1298217773437,1467.1298828125,1869.7869873046875,758.5704345703125,25782.1953125,3873.3857421875,1831.4139404296875,1203.5701904296875,145.28578186035156,4197.21728515625,1542.733642578125,3740.681396484375,2801.401123046875,11403.720703125,405.0783081054688,245.62933349609372
2024-09-13,7503.8173828125,2492.904541015625,2965.55322265625,1788.199951171875,1439.0048828125,624.2138671875,6982.86572265625,1215.4730224609375,11288.17578125,1891.9129638671875,750.5761108398438,205.2252349853516,1600.7535400390625,315.0601501464844,5954.59521484375,1570.519287109375,1626.8951416015625,429.60882568359375,3478.66259765625,639.2590942382812,5451.24658203125,846.6989135742188,1315.40283203125,4746.4072265625,184.76644897460935,203.34820556640625,1439.5836181640625,2765.642333984375,1959.61865234375,1673.1075439453125,808.4938354492188,700.9573364257812,5384.0380859375,664.8801879882812,2818.003173828125,1230.403076171875,2080.7080078125,13.40999984741211,1461.6826171875,1827.417724609375,160.99913024902344,456.0503234863281,946.549560546875,363.0239868164063,3544.990234375,2689.030517578125,668.5948486328125,12063.0263671875,3003.980224609375,1239.69580078125,67.58934783935547,385.67718505859375,264.59918212890625,5290.41796875,318.2333374023437,1460.016357421875,1840.433837890625,761.5555419921875,25646.88671875,3905.894775390625,1819.9761962890625,1191.3154296875,146.9613494873047,4201.77001953125,1554.750732421875,3743.4140625,2807.15673828125,11411.2197265625,416.4043273925781,255.15234375
2024-09-16,7582.71875,2487.5078125,2982.087646484375,1930.800048828125,1427.7076416015625,621.9335327148438,6995.0029296875,1229.051025390625,11241.2412109375,1855.1124267578125,725.6096801757812,203.42169189453125,1601.73291015625,313.5414733886719,5886.53515625,1560.7940673828125,1626.60107421875,432.23779296875,3516.474609375,639.6943359375,5432.11328125,845.228271484375,1312.7169189453125,4786.36572265625,182.9536590576172,202.3819580078125,1405.8453369140625,2746.72021484375,1961.4422607421875,1672.230712890625,810.9202880859375,696.9327392578125,5368.85009765625,676.6322631835938,2754.734130859375,1242.7037353515625,2066.55224609375,13.239999771118164,1467.822509765625,1833.198486328125,159.72555541992188,453.6096801757813,962.8616943359376,365.2077026367188,3593.31298828125,2706.99560546875,681.5853271484375,12036.5322265625,2984.501953125,1248.60888671875,67.10238647460938,394.9972229003906,265.5523681640625,5232.28173828125,319.1769714355469,1458.7523193359375,1815.266845703125,756.451904296875,25385.59375,3907.379150390625,1829.008544921875,1199.3868408203125,147.65072631835938,4193.08251953125,1548.1319580078125,3717.22900390625,2820.1572265625,11337.890625,409.296875,255.75482177734372
2024-09-17,7688.6201171875,2482.25927734375,2972.396728515625,1954.4000244140625,1413.7347412109375,617.6702880859375,6971.82275390625,1230.09912109375,11493.171875,1846.2242431640625,727.560546875,205.7999725341797,1627.49072265625,311.4704895019531,5933.1865234375,1569.970703125,1638.756103515625,428.0753479003906,3502.46337890625,638.5337524414062,5405.197265625,844.0027465820312,1309.665771484375,4738.49365234375,182.5970458984375,204.147216796875,1408.789794921875,2736.34033203125,1977.854248046875,1673.9842529296875,809.876953125,694.4982299804688,5537.6875,674.5089721679688,2760.88330078125,1247.8699951171875,2074.542724609375,13.119999885559082,1463.978759765625,1835.360595703125,158.50775146484375,450.6365051269531,956.1682739257812,368.2688598632813,3625.642822265625,2736.69287109375,678.447998046875,11994.1708984375,3034.2001953125,1247.2620849609375,66.19576263427734,399.9935302734375,267.5043334960937,5286.51953125,317.903076171875,1459.6942138671875,1813.1737060546875,753.9000854492188,25204.958984375,3937.12353515625,1832.10107421875,1201.109375,146.31985473632812,4186.02197265625,1550.5260009765625,3743.811279296875,2797.33203125,11340.8125,412.5066833496094,255.75482177734372
2024-09-18,7602.29736328125,2453.244873046875,2953.5146484375,1950.800048828125,1415.9150390625,614.7951049804688,6999.529296875,1238.4356689453125,11314.6240234375,1885.67138671875,753.7963256835938,211.2006378173828,1620.781982421875,309.3535461425781,5945.03173828125,1586.1297607421875,1618.9552001953125,426.8484802246094,3488.3076171875,632.971923828125,5422.0009765625,843.8556518554688,1297.0562744140625,4738.64013671875,184.1621856689453,202.4841766357422,1382.484619140625,2704.40625,1959.372314453125,1621.145751953125,822.494873046875,694.3988647460938,5540.9853515625,676.73095703125,2763.141357421875,1267.796875,2111.48583984375,12.899999618530272,1477.8563232421875,1778.585693359375,156.59275817871094,450.2814636230469,948.6815795898438,366.88287353515625,3660.229248046875,2756.8671875,681.683349609375,11953.3759765625,2868.6357421875,1271.8951416015625,65.4124984741211,397.9277648925781,263.6458740234375,5112.5546875,315.4496765136719,1450.9197998046875,1836.3970947265625,763.3851928710938,24847.798828125,3923.386474609375,1802.549560546875,1182.013671875,144.19427490234375,4037.836669921875,1507.1988525390625,3702.02490234375,2763.59033203125,11326.4482421875,411.1310424804688,249.3829498291016
2024-09-19,7326.3876953125,2419.031982421875,2940.376708984375,1962.949951171875,1395.500732421875,603.1952514648438,6993.90869140625,1240.6820068359375,11414.01953125,1887.8685302734373,749.7710571289062,209.43675231933597,1630.5267333984375,298.63067626953125,5955.9541015625,1592.2642822265625,1605.3299560546875,418.830322265625,3455.053955078125,642.9346923828125,5382.3955078125,832.6787719726562,1284.170166015625,4752.85498046875,184.449462890625,195.9620056152344,1394.744384765625,2720.547119140625,1970.0177001953125,1602.68701171875,829.1435546875,697.081787109375,5579.3505859375,675.6940307617188,2797.63427734375,1271.388671875,2170.230224609375,10.380000114440918,1482.3489990234375,1780.5125732421875,153.4227752685547,451.0802307128906,940.451171875,373.3143615722656,3614.359130859375,2746.36279296875,683.3500366210938,12097.748046875,2843.66748046875,1290.0396728515625,65.49268341064453,407.3439025878906,258.9703369140625,5215.0576171875,316.0158386230469,1457.0916748046875,1834.9019775390625,760.6889038085938,24704.169921875,3914.85888671875,1812.41650390625,1196.1878662109375,143.17935180664062,3991.3837890625,1497.7635498046875,3757.276611328125,2749.5478515625,11323.13671875,412.4608459472656,247.15855407714844
2024-09-20,7514.90087890625,2419.37841796875,3005.66552734375,2003.949951171875,1425.7255859375,611.2755126953125,7046.03759765625,1242.978271484375,11484.9013671875,1914.233154296875,748.99072265625,208.1385955810547,1676.4599609375,304.8434753417969,6029.79052734375,1600.2440185546875,1606.26123046875,430.2222900390625,3512.731689453125,645.6913452148438,5403.759765625,860.4249267578125,1293.76806640625,4848.84228515625,183.3003692626953,197.1140594482422,1406.086669921875,2660.2548828125,2018.81005859375,1624.42236328125,845.0130004882812,706.621337890625,5586.0390625,685.7672729492188,2860.903564453125,1317.09765625,2203.8193359375,10.470000267028809,1477.806396484375,1791.3695068359375,155.29132080078125,456.5384826660156,973.3232421875,379.8056335449219,3722.48486328125,2896.909912109375,695.1150512695312,12355.3447265625,2891.503662109375,1322.04345703125,65.54200744628906,407.3439025878906,259.87823486328125,5285.630859375,321.6303100585937,1473.2025146484375,1864.1058349609373,752.7445068359375,24912.251953125,3977.19970703125,1831.757568359375,1197.7626953125,145.5538787841797,3980.931640625,1522.8304443359375,3773.4248046875,2794.2060546875,11489.466796875,412.6442565917969,249.8231506347656
2024-09-23,7753.0693359375,2462.058349609375,3041.08203125,2031.199951171875,1443.018310546875,616.7284545898438,7115.82470703125,1244.775390625,11866.9541015625,1917.3787841796875,750.2402954101562,210.89344787597656,1714.362060546875,311.19439697265625,6030.421875,1629.7191162109375,1625.3758544921875,438.6786193847656,3532.981689453125,639.4042358398438,5326.53125,891.8477172851562,1314.1685791015625,4767.16796875,185.8858184814453,204.7046661376953,1399.0399169921875,2648.981201171875,2052.619384765625,1617.7310791015625,854.0397338867188,722.9180908203125,5750.74365234375,681.965087890625,2909.85693359375,1300.8116455078125,2244.41259765625,10.81999969482422,1462.7308349609375,1782.6275634765625,157.7826690673828,458.8016052246094,973.86865234375,385.8282775878906,3716.401611328125,2994.051025390625,688.7423095703125,12422.53515625,2904.91845703125,1334.580322265625,66.42089080810547,411.5715942382813,268.2306213378906,5260.41259765625,321.9134216308594,1480.5887451171875,1913.8419189453125,772.1480712890625,25721.203125,4038.696044921875,1828.7630615234373,1192.5458984375,147.44007873535156,3965.695068359375,1508.8419189453125,3796.181884765625,2823.5810546875,11648.9296875,415.5330810546875,247.8768615722656
2024-09-24,7888.36376953125,2443.590087890625,3090.98486328125,2070.550048828125,1443.5137939453125,613.0105590820312,7085.1845703125,1237.537109375,11967.650390625,1902.099365234375,746.2002563476562,205.98825073242188,1720.4342041015625,312.16082763671875,6022.6064453125,1610.21875,1605.1829833984375,441.92095947265625,3533.50927734375,634.3744506835938,5329.45556640625,899.0538330078125,1313.3587646484375,4764.57861328125,188.91705322265625,206.8880157470703,1396.192138671875,2601.700927734375,2038.5731201171875,1638.77392578125,858.04345703125,716.160888671875,5691.05810546875,708.9256591796875,2834.913818359375,1297.5643310546875,2195.87841796875,10.670000076293944,1445.9580078125,1784.6484375,157.93141174316406,457.2928771972656,981.4049682617188,381.83978271484375,3720.228271484375,3018.103271484375,691.2913818359375,12476.8955078125,2933.32421875,1320.5006103515625,69.05441284179688,411.3313598632813,271.86212158203125,5319.140625,330.31158447265625,1476.6229248046875,1858.2252197265625,768.6814575195312,25675.177734375,4130.25732421875,1834.0645751953125,1192.644287109375,153.701904296875,3968.29638671875,1536.9598388671875,3761.201904296875,2846.902587890625,11453.7763671875,431.2153015136719,250.0316925048828
2024-09-25,7986.16015625,2431.95458984375,3102.174560546875,2066.75,1439.4508056640625,610.77978515625,7096.57568359375,1266.0406494140625,11923.0244140625,1925.91748046875,753.0851440429688,202.8667755126953,1724.1070556640625,312.75909423828125,6000.42138671875,1614.20849609375,1610.72119140625,442.79730224609375,3528.71044921875,606.4691772460938,5347.7958984375,902.3873291015624,1321.4755859375,4782.50634765625,190.93788146972656,209.59164428710935,1379.9749755859375,2644.1142578125,2032.116943359375,1645.0499267578125,863.406005859375,712.0370483398438,5655.75732421875,709.5182495117188,2833.376220703125,1302.7305908203125,2237.31005859375,10.359999656677246,1437.1722412109375,1781.546630859375,157.8663330078125,459.3341369628906,974.4140625,378.4993896484375,3722.43603515625,3034.547119140625,675.7027587890625,12522.6357421875,2882.0986328125,1320.966064453125,69.63106536865234,419.01800537109375,271.18121337890625,5254.095703125,343.2391052246094,1481.15869140625,1857.4776611328125,763.7222290039062,25667.25390625,4177.580078125,1836.47021484375,1170.940185546875,154.78384399414062,3971.50244140625,1504.7109375,3713.850341796875,2849.681396484375,11506.9951171875,440.0652465820313,248.4792938232422
2024-09-26,7880.7470703125,2448.293701171875,3119.707763671875,2057.85009765625,1459.3199462890625,619.8019409179688,7130.796875,1275.0262451171875,12138.8408203125,1980.144775390625,767.35888671875,203.4613494873047,1734.5863037109375,317.6373291015625,6072.07373046875,1637.5992431640625,1589.744384765625,443.89263916015625,3549.34423828125,605.2600708007812,5332.92578125,905.9168701171876,1331.9324951171875,4879.22607421875,190.75958251953125,214.2184600830078,1372.976318359375,2727.401123046875,1993.1324462890625,1646.3883056640625,865.5171508789062,724.9551391601562,5621.525390625,725.516845703125,2869.0703125,1307.84765625,2226.9521484375,10.380000114440918,1450.350830078125,1786.199462890625,159.29791259765625,463.9491882324219,997.1221313476562,379.3668823242188,3691.33251953125,3122.950927734375,680.0166015625,13108.8408203125,2915.7080078125,1349.443603515625,72.24917602539062,417.5767822265625,268.003662109375,5356.10595703125,344.84326171875,1485.12451171875,1892.063720703125,772.1480712890625,25884.697265625,4119.51806640625,1863.812744140625,1194.416015625,158.56582641601562,3987.992431640625,1508.654052734375,3734.023193359375,2869.13232421875,11749.1845703125,460.14947509765625,251.12071228027344
2024-09-27,7942.3154296875,2459.08740234375,3127.350830078125,1981.8499755859373,1443.563232421875,628.5762329101562,7196.60498046875,1271.08251953125,12181.87890625,2008.0074462890625,766.1338500976562,201.3803558349609,1698.8388671875,338.0706481933594,6086.34521484375,1604.93212890625,1639.442138671875,452.2612915039063,3612.3486328125,612.2726440429688,5410.84814453125,896.1615600585938,1333.0185546875,4946.001953125,191.8888702392578,220.1738739013672,1340.4932861328125,2764.449951171875,2002.250244140625,1669.046630859375,850.5697631835938,725.60107421875,5534.111328125,737.8614501953125,2849.998291015625,1285.7557373046875,2207.86376953125,10.65999984741211,1460.334716796875,1792.3094482421875,167.33905029296875,463.9048461914063,993.1557006835938,373.4140319824219,3635.89599609375,3125.4541015625,678.88916015625,13218.3427734375,2943.302001953125,1344.6444091796875,72.52362823486328,419.78662109375,269.8194274902344,5366.51904296875,334.2747497558594,1513.10791015625,1876.465087890625,772.91845703125,26008.361328125,4246.3818359375,1913.1961669921875,1182.70263671875,159.46583557128906,4003.04296875,1510.8133544921875,3792.802978515625,2927.286865234375,11639.4345703125,470.46673583984375,251.0743865966797
2024-09-30,7865.70849609375,2488.943603515625,3132.895751953125,1902.699951171875,1435.1400146484375,627.1386108398438,7161.93505859375,1230.1990966796875,11873.6875,1970.75732421875,760.8985595703125,196.9409027099609,1674.3052978515625,340.5097961425781,6153.6767578125,1603.9345703125,1621.40576171875,447.04736328125,3651.168212890625,604.7280883789062,5396.42333984375,877.6315307617188,1333.354248046875,4910.4892578125,194.8804626464844,223.2491455078125,1345.078369140625,2776.766845703125,1984.11328125,1657.6944580078125,840.572509765625,713.4779052734375,5306.56298828125,746.7988891601562,2842.360107421875,1252.69189453125,2144.976318359375,10.359999656677246,1445.2591552734375,1763.0289306640625,167.46920776367188,459.86663818359375,1021.4168701171876,369.7247009277344,3606.36279296875,3038.326416015625,681.7814331054688,12966.03515625,2874.36474609375,1317.342041015625,75.52411651611328,425.83990478515625,270.1825561523437,5379.7451171875,332.9537353515625,1463.9324951171875,1837.942138671875,758.71484375,26068.802734375,4220.07177734375,1891.5970458984373,1178.1748046875,161.3807830810547,3965.695068359375,1480.723876953125,3800.00732421875,2818.271728515625,11493.0703125,470.1457824707031,250.9121856689453
2024-10-01,8073.80029296875,2486.517333984375,3183.098388671875,1884.949951171875,1454.2659912109375,627.0394897460938,7116.3720703125,1224.6580810546875,11692.3984375,1972.6048583984373,760.8985595703125,193.51222229003903,1663.678955078125,338.9450988769531,6258.4365234375,1577.850830078125,1631.943359375,445.6014404296875,3666.187255859375,598.7311401367188,5377.04150390625,895.867431640625,1332.860595703125,4858.12353515625,195.26678466796875,222.7567443847656,1340.10693359375,2782.3291015625,1971.20068359375,1676.5223388671875,837.7333984375,705.72705078125,5341.5849609375,752.0823974609375,2809.163818359375,1254.069580078125,2124.75390625,10.170000076293944,1407.42041015625,1790.053466796875,166.45591735839844,458.1360168457031,1018.6898803710938,374.8000793457031,3584.727783203125,3107.635986328125,680.065673828125,12895.5146484375,2879.32958984375,1325.7164306640625,75.40692901611328,422.8612976074219,265.05303955078125,5416.61083984375,331.019287109375,1452.2830810546875,1828.1741943359373,767.4296264648438,26281.1953125,4372.40234375,1884.969970703125,1177.48583984375,159.9254150390625,3983.71923828125,1525.9754638671875,3752.307861328125,2817.08056640625,11527.2998046875,473.3555603027344,253.36822509765625
2024-10-03,7919.708984375,2434.77685546875,3113.064208984375,1807.800048828125,1412.347412109375,612.1677856445312,6870.25146484375,1173.790771484375,11354.82421875,1910.837646484375,734.3120727539062,187.29898071289065,1638.949462890625,321.08892822265625,6147.46337890625,1512.4166259765625,1623.8074951171875,440.212158203125,3683.414306640625,561.2015991210938,5383.48583984375,847.9244384765625,1330.2044677734375,4672.35302734375,191.9780120849609,223.2584381103516,1301.638916015625,2747.564208984375,1944.6854248046875,1641.496826171875,816.282958984375,697.8271484375,5260.44091796875,737.8120727539062,2779.955322265625,1236.307373046875,2106.30712890625,9.869999885559082,1385.505859375,1779.7607421875,159.27003479003906,455.0740661621094,1030.3909912109375,363.5125732421875,3431.8115234375,3072.6376953125,685.3599243164062,12387.51953125,2789.00439453125,1309.947265625,73.82496643066406,418.2973937988281,265.1438293457031,5182.18994140625,324.7442932128906,1394.928466796875,1799.618408203125,764.6851806640625,26019.55859375,4276.1845703125,1876.0357666015625,1134.668212890625,159.87754821777344,3932.481201171875,1505.931396484375,3651.9404296875,2704.889892578125,11417.890625,469.32037353515625,245.6756591796875
2024-10-04,7744.03662109375,2410.020751953125,3107.71923828125,1801.199951171875,1400.9510498046875,605.4755859375,6738.58544921875,1176.4864501953125,11324.0,1882.0263671875,712.3336791992188,185.1684417724609,1607.0706787109375,313.1732788085937,6025.373046875,1493.6142578125,1591.214599609375,435.6991882324219,3589.31591796875,553.7053833007812,5378.77685546875,828.3158569335938,1309.981689453125,4598.396484375,191.84922790527344,213.86541748046875,1296.66748046875,2726.656005859375,1906.78515625,1639.697021484375,804.4658203125,704.3358764648438,5128.62255859375,738.6021118164062,2737.103515625,1219.97216796875,2097.823486328125,9.789999961853027,1380.61376953125,1803.025146484375,156.7786865234375,446.9089050292969,1025.0858154296875,360.760498046875,3428.180908203125,2962.292236328125,676.6832275390625,12346.7744140625,2717.966552734375,1272.385009765625,72.94918823242188,413.58929443359375,268.049072265625,5074.65185546875,319.7431335449219,1374.653564453125,1792.19287109375,767.1407470703125,25796.607421875,4218.23876953125,1875.25048828125,1112.6688232421875,159.65733337402344,3950.59814453125,1517.572998046875,3647.120849609375,2667.079345703125,11150.5263671875,466.5232238769531,247.25125122070312
2024-10-07,7575.98095703125,2326.146484375,3015.156494140625,1752.449951171875,1342.9786376953125,585.2996215820312,6738.1376953125,1143.8394775390625,11172.6689453125,1876.7833251953125,718.0678100585938,182.67124938964844,1627.7845458984375,308.3410949707031,5942.1669921875,1474.712158203125,1592.5379638671875,421.0210876464844,3546.3212890625,550.7552490234375,5357.759765625,809.4916381835938,1305.3704833984375,4560.44140625,182.46826171875,208.05865478515625,1286.1455078125,2702.22119140625,1887.2191162109373,1640.02001953125,785.1264038085938,701.4044189453125,5110.69287109375,722.2084350585938,2722.35498046875,1214.215576171875,2072.372314453125,9.15999984741211,1348.66552734375,1818.205810546875,151.28468322753906,452.8109130859375,1010.2114868164062,357.02130126953125,3403.063232421875,3004.2607421875,665.5064697265625,12270.1318359375,2744.55810546875,1260.4847412109375,70.53768920898438,399.1768798828125,262.7834167480469,5162.35009765625,310.4013671875,1358.98876953125,1782.076171875,742.1038208007812,25144.859375,4073.4755859375,1870.537841796875,1093.966796875,157.36898803710938,3969.736572265625,1519.544677734375,3566.777099609375,2617.806640625,10936.3828125,458.8196411132813,246.27810668945312
2024-10-08,7963.01708984375,2362.538330078125,3157.721923828125,1813.8499755859373,1405.757568359375,601.2123413085938,6888.505859375,1151.42724609375,11434.3115234375,1835.6884765625,709.9234619140625,185.96121215820312,1623.2794189453125,311.1023254394531,6023.8193359375,1527.079345703125,1608.2705078125,431.0109558105469,3593.010498046875,548.7723999023438,5499.2294921875,823.5607299804688,1314.484375,4585.35400390625,185.9947967529297,208.81121826171875,1259.3096923828125,2719.80224609375,1920.5849609375,1651.556884765625,801.2628173828125,705.6276245117188,5136.982421875,712.8265991210938,2708.327392578125,1216.8724365234375,2071.731201171875,9.5,1357.3515625,1831.6005859375,152.6791229248047,450.81396484375,989.833740234375,359.6437072753906,3465.9072265625,3107.979736328125,684.2324829101562,12274.4912109375,2770.00390625,1264.353515625,67.53103637695312,404.46142578125,266.4148864746094,5239.83251953125,308.702880859375,1385.3857421875,1722.373046875,752.5037841796875,25349.427734375,4291.1728515625,1882.2210693359373,1101.496826171875,152.73486328125,3951.527099609375,1529.44921875,3471.4775390625,2719.726318359375,11091.6591796875,456.2060241699219,244.1927795410156
2024-10-09,8259.2861328125,2316.98681640625,3150.778564453125,1784.449951171875,1395.451171875,602.7490844726562,6972.66845703125,1168.2498779296875,11366.0283203125,1864.449951171875,721.1348266601562,187.14044189453125,1643.503662109375,311.8847045898437,5919.78857421875,1557.6021728515625,1647.283935546875,426.7170715332031,3563.1640625,546.5476684570312,5938.11279296875,835.2769165039062,1316.2222900390625,4600.44775390625,184.09283447265625,206.77651977539065,1287.1591796875,2697.5029296875,1901.1175537109373,1670.246337890625,792.5758056640625,712.7822875976562,5159.97412109375,718.505126953125,2660.4306640625,1224.302001953125,2055.553466796875,9.1899995803833,1339.380615234375,1835.5484619140625,153.14393615722656,436.3918151855469,986.1647338867188,359.125244140625,3421.460205078125,3095.364501953125,684.526611328125,12498.5419921875,2768.141845703125,1232.1539306640625,69.13150024414062,402.0593566894531,261.9208984375,5264.953125,311.15625,1362.8306884765625,1731.6923828125,767.8629760742188,24747.125,4468.736328125,1895.6715087890625,1100.2664794921875,152.29443359375,3951.248046875,1557.3323974609375,3471.57666015625,2761.4072265625,11053.0478515625,455.1054992675781,246.13909912109372
2024-10-10,8310.3095703125,2290.447998046875,3171.209228515625,1780.5,1404.4195556640625,580.2432861328125,6919.09765625,1182.326904296875,11379.3974609375,1873.1881103515625,723.0364379882812,186.00083923339844,1643.503662109375,308.7552795410156,5827.4560546875,1513.264404296875,1586.9014892578125,427.7248229980469,3494.6416015625,552.9799194335938,5890.92333984375,843.9536743164062,1300.0777587890625,4589.70166015625,183.9343414306641,209.6195068359375,1271.086669921875,2704.157958984375,1910.5802001953125,1669.27734375,806.7709350585938,719.0924072265625,5068.47216796875,721.0728149414062,2646.7392578125,1223.6624755859375,2051.853759765625,9.3100004196167,1354.2066650390625,1803.82421875,152.81854248046875,436.7025146484375,998.9566650390624,374.1419677734375,3395.2138671875,3135.90966796875,671.68310546875,12678.1728515625,2725.079833984375,1230.4154052734375,69.80375671386719,406.1428833007813,262.1478576660156,5173.15771484375,315.4968566894531,1359.31103515625,1728.8018798828125,767.5740356445312,24416.91796875,4474.294921875,1853.356689453125,1096.6737060546875,152.92636108398438,3927.510986328125,1520.6240234375,3425.666015625,2772.27392578125,11130.85546875,451.6663818359375,243.28912353515625
2024-10-11,8352.689453125,2289.9033203125,3134.244140625,1792.199951171875,1395.55029296875,580.1937255859375,6947.30029296875,1170.546142578125,11422.6279296875,1873.8873291015625,721.2880249023438,208.3566131591797,1652.612060546875,310.7801818847656,5804.49462890625,1497.255126953125,1564.2091064453125,431.9749145507813,3540.947265625,552.15771484375,6089.29833984375,830.0316162109375,1303.25732421875,4619.15673828125,185.7867584228516,213.1314392089844,1270.0731201171875,2707.2373046875,1910.77734375,1697.8885498046875,801.238525390625,719.2910766601562,5087.2373046875,738.0588989257812,2674.122314453125,1203.489501953125,2039.3753662109373,9.18000030517578,1345.4207763671875,1818.9578857421875,151.66583251953125,433.2855529785156,1003.567626953125,375.3983459472656,3416.995849609375,3077.0556640625,672.0753173828125,12514.1640625,2746.372314453125,1230.0970458984375,72.06106567382812,405.95068359375,265.5977783203125,5398.64599609375,311.4393310546875,1360.35205078125,1729.3499755859375,770.1259155273438,24114.94921875,4511.05322265625,1867.298095703125,1095.6400146484375,153.8263702392578,3854.858154296875,1546.3011474609375,3452.64599609375,2773.117431640625,11122.3349609375,456.2518310546875,244.818359375
2024-10-14,8369.0947265625,2294.95361328125,3098.17822265625,1775.3499755859375,1397.5819091796875,583.862060546875,7055.93603515625,1162.459228515625,11444.1220703125,1864.6995849609373,712.081787109375,198.2489471435547,1660.6429443359375,313.6335144042969,5804.0576171875,1509.0750732421875,1566.855712890625,436.66314697265625,3380.4853515625,548.7239990234375,6161.2724609375,846.0126342773438,1315.2447509765625,4669.71533203125,194.890380859375,214.31137084960935,1267.08056640625,2708.578125,1912.5023193359373,1712.886474609375,819.2433471679688,735.935546875,5160.6708984375,733.7630615234375,2679.791259765625,1212.099853515625,2061.077392578125,9.09000015258789,1368.23388671875,1841.3294677734373,153.8225555419922,441.05126953125,1004.0138549804688,381.0620422363281,3488.131103515625,3097.229736328125,675.849853515625,12280.26953125,2828.724853515625,1225.322265625,73.10028076171875,407.8723449707031,260.10516357421875,5543.88916015625,312.0526733398437,1360.7734375,1732.58935546875,775.3258666992188,24347.953125,4496.79248046875,1874.955810546875,1096.0831298828125,151.58590698242188,3843.1982421875,1588.9710693359375,3475.899658203125,2808.893310546875,11004.501953125,457.7650451660156,254.665771484375
2024-10-15,8445.0673828125,2272.425537109375,3101.77490234375,1763.0,1407.49169921875,585.2996215820312,7103.240234375,1151.976318359375,11080.7734375,1851.4671630859373,693.1260375976562,192.5906524658203,1681.8465576171875,320.9968566894531,5892.0693359375,1499.25,1540.6834716796875,433.2893676757813,3351.310791015625,552.3027954101562,6054.05517578125,858.3170166015625,1305.7159423828125,4613.34375,196.752685546875,214.8316650390625,1295.8953857421875,2717.418212890625,1907.0316162109373,1725.9918212890625,817.3021240234375,709.7515869140625,5114.50146484375,717.9125366210938,2672.44091796875,1235.470947265625,2074.739990234375,9.119999885559082,1358.6993408203125,1841.70556640625,156.109375,442.4713439941406,992.4614868164062,377.9509887695313,3485.0400390625,3098.113525390625,672.2713623046875,12191.041015625,2797.40673828125,1216.605224609375,71.56765747070312,409.89013671875,257.56317138671875,5557.90478515625,311.2506103515625,1332.5174560546875,1718.087158203125,774.8444213867188,24492.91796875,4580.98974609375,1863.8616943359373,1097.7564697265625,149.0103302001953,3824.75634765625,1572.8702392578125,3486.532470703125,2812.069091796875,11118.05078125,449.236083984375,246.9732208251953
2024-10-16,8563.271484375,2283.021240234375,3082.992431640625,1751.050048828125,1391.1405029296875,584.0107421875,7034.74658203125,1151.3272705078125,11172.5732421875,1859.5565185546875,687.1448364257812,190.99522399902344,1698.2021484375,322.8377380371094,5912.8466796875,1481.445068359375,1531.3221435546875,434.4285278320313,3355.389404296875,559.36376953125,6070.8583984375,867.43505859375,1325.3167724609375,4570.50390625,192.5723571777344,215.4169769287109,1313.8018798828125,2745.528076171875,1911.5660400390625,1721.515625,824.9214477539062,722.2224731445312,5014.685546875,723.986083984375,2672.248779296875,1223.3179931640625,2047.513671875,9.289999961853027,1344.1229248046875,1804.858154296875,156.5369873046875,437.72308349609375,981.057861328125,374.1918029785156,3466.103759765625,3011.918212890625,666.2418212890625,12129.482421875,2779.79052734375,1205.8310546875,71.35795593261719,407.6321411132813,259.10650634765625,5471.98291015625,308.75006103515625,1342.4814453125,1728.05419921875,775.61474609375,24216.513671875,4648.65673828125,1863.9107666015625,1096.4766845703125,148.6369171142578,3804.45654296875,1558.7408447265625,3449.267333984375,2753.071044921875,11025.9267578125,446.3472900390625,246.60250854492188
2024-10-17,8486.4697265625,2243.01513671875,3010.910400390625,1733.550048828125,1382.12255859375,566.363037109375,6953.169921875,1130.0120849609375,9732.3564453125,1813.368408203125,681.5292358398438,188.4683074951172,1666.0784912109375,315.4283447265625,5814.20361328125,1452.8675537109375,1527.891357421875,429.3021545410156,3234.419677734375,553.8021240234375,6025.00732421875,844.1497802734375,1323.9638671875,4517.35693359375,191.789794921875,206.2748260498047,1300.5772705078125,2687.669677734375,1779.7286376953125,1723.869384765625,811.988037109375,721.52685546875,4846.77685546875,725.6649780273438,2631.318359375,1211.60791015625,2012.8389892578125,9.050000190734863,1345.1712646484375,1849.9771728515625,152.71629333496094,433.9067687988281,971.2904663085938,371.7388916015625,3503.093994140625,2910.408447265625,653.05517578125,11894.265625,2941.010498046875,1164.9144287109375,69.08216094970703,401.38677978515625,255.65660095214844,5464.2353515625,312.4773254394531,1344.811279296875,1696.4085693359375,781.0072631835938,24023.837890625,4492.28125,1855.1240234375,1073.050048828125,145.91770935058594,3817.510009765625,1595.0733642578125,3382.041259765625,2658.89208984375,10728.91015625,433.0036315917969,245.0269012451172
2024-10-18,8576.6005859375,2263.36474609375,2999.171630859375,1736.050048828125,1392.9241943359375,569.0399780273438,6946.802734375,1194.906494140625,9678.9794921875,1817.462890625,681.5342407226562,190.2222900390625,1672.640380859375,315.2442321777344,5715.8525390625,1456.608154296875,1521.02978515625,431.3177185058594,3259.083740234375,552.6897583007812,5970.3330078125,858.0228881835938,1331.28076171875,4655.89111328125,193.4639129638672,205.7266540527344,1289.813720703125,2742.399169921875,1823.2471923828125,1714.54736328125,816.210205078125,737.77392578125,4845.61572265625,744.1325073242188,2610.613037109375,1244.327392578125,1993.60302734375,9.020000457763672,1345.0714111328125,1766.7889404296875,153.7109832763672,431.9542541503906,984.2806396484376,373.1348571777344,3510.45263671875,2910.064697265625,656.1925659179688,11856.41015625,2955.85791015625,1150.9815673828125,71.37030792236328,408.3047790527344,257.1999816894531,5434.77197265625,313.3265380859375,1347.66162109375,1700.4453125,790.010986328125,24103.25390625,4541.96142578125,1875.5450439453125,1076.1014404296875,148.780517578125,3839.908447265625,1584.6524658203125,3360.278076171875,2695.263427734375,10779.548828125,440.9822998046875,254.2487335205078
2024-10-21,8085.12841796875,2279.208740234375,2934.882080078125,1710.800048828125,1363.0955810546875,567.0075073242188,6950.28515625,1188.3671875,10098.830078125,1756.0452880859375,669.8140258789062,183.21627807617188,1657.6558837890625,305.2576599121094,5610.12158203125,1435.0626220703125,1493.6322021484375,425.35882568359375,3203.373291015625,549.5945434570312,5873.92138671875,843.9046630859375,1322.6505126953125,4699.6591796875,191.5718536376953,204.0728912353516,1267.9493408203125,2699.986328125,1786.7763671875,1701.533935546875,838.9466552734375,741.1524658203125,4869.81494140625,730.4052734375,2587.985595703125,1238.9644775390625,1996.95703125,8.5,1306.134521484375,1741.5504150390625,148.84912109375,429.2473449707031,973.22412109375,356.8118591308594,3518.10595703125,2943.39404296875,648.9865112304688,11925.755859375,2850.58984375,1153.136474609375,69.5663070678711,408.3527526855469,251.1172332763672,5179.623046875,312.4773254394531,1357.4769287109375,1706.2261962890625,783.7999267578125,24076.00390625,4354.88134765625,1862.438232421875,1001.0967407226562,148.4358367919922,3799.6748046875,1597.1387939453125,3342.19189453125,2716.89794921875,10584.7841796875,435.6173095703125,253.9938507080078
2024-10-22,7985.37841796875,2224.447998046875,2821.1396484375,1684.449951171875,1350.5596923828125,553.7221069335938,6856.32373046875,1173.8406982421875,9971.7353515625,1720.293212890625,659.6397094726562,172.22666931152344,1657.3619384765625,297.2039794921875,5560.31494140625,1407.6322021484375,1480.4970703125,410.4177856445313,3205.48486328125,540.79248046875,5767.7939453125,799.1971435546875,1315.7384033203125,4649.44287109375,187.5599365234375,197.0861968994141,1254.5311279296875,2637.509033203125,1745.4755859375,1693.3123779296875,832.0796508789062,723.6137084960938,4808.0859375,711.2958374023438,2576.60009765625,1247.279541015625,1959.37255859375,8.399999618530273,1272.289306640625,1740.4693603515625,144.377685546875,427.60540771484375,955.5733642578124,351.6168518066406,3445.793212890625,2834.423095703125,644.1333618164062,11678.3447265625,2843.094482421875,1150.9815673828125,66.42705535888672,399.4651184082031,245.8515625,5091.3330078125,304.55096435546875,1331.84814453125,1692.5711669921875,761.1222534179688,24211.41015625,4213.49462890625,1853.160400390625,982.5916748046876,143.9932098388672,3739.743896484375,1592.7733154296875,3308.951416015625,2642.26953125,10541.7900390625,422.548828125,252.76580810546875
2024-10-23,7522.76123046875,2234.7958984375,2832.87841796875,1702.0999755859375,1328.3616943359375,551.0947265625,6871.04736328125,1158.5157470703125,10181.7802734375,1737.3702392578125,691.0418090820312,180.6398162841797,1651.044921875,297.342041015625,5581.52880859375,1403.1434326171875,1456.236328125,415.4565734863281,3196.84765625,540.4056396484375,5678.22314453125,789.5889282226562,1304.975341796875,4570.015625,186.94577026367188,196.47300720214844,1247.53271484375,2615.507568359375,1724.77587890625,1714.67919921875,842.3924560546875,719.1917114257812,4780.12451171875,708.1849975585938,2555.078369140625,1231.6331787109375,1932.44189453125,8.25,1272.2393798828125,1760.9610595703125,142.17453002929688,426.3185424804688,946.450439453125,352.544189453125,3390.356689453125,2742.43603515625,643.7412719726562,11710.5693359375,2978.868896484375,1139.6689453125,67.31208801269531,392.3069152832031,245.89697265625,5644.61669921875,299.03082275390625,1327.064453125,1710.3626708984375,756.8851928710938,24484.7421875,4000.0751953125,1805.8385009765625,998.6359252929688,142.45169067382812,3787.009033203125,1629.76318359375,3268.009521484375,2543.475830078125,10471.576171875,424.6122741699219,253.5767822265625
2024-10-24,7468.37060546875,2248.065185546875,2827.533447265625,1692.4000244140625,1342.1859130859375,554.1187133789062,6918.20166015625,1165.454345703125,9908.404296875,1739.76708984375,695.4967041015625,179.0245819091797,1643.846435546875,295.8693542480469,5449.05029296875,1382.6456298828125,1462.803955078125,418.2169189453125,3083.21923828125,523.2852172851562,5687.19482421875,785.7162475585938,1299.998779296875,4560.97900390625,187.0844573974609,195.51605224609372,1211.5745849609375,2648.782470703125,1698.655029296875,1713.8895263671875,849.1138305664062,710.3477783203125,4750.30517578125,682.1132202148438,2406.92138671875,1232.764892578125,1929.285400390625,8.130000114440918,1277.9801025390625,1751.5142822265625,142.48130798339844,418.6414794921875,950.0697631835938,351.4273986816406,3377.8466796875,2774.685546875,621.8289184570312,11522.0244140625,2958.72216796875,1106.12255859375,66.56273651123047,395.7658996582031,244.3081970214844,5617.423828125,301.1539611816406,1328.3287353515625,1629.927734375,765.1185302734375,24836.552734375,3986.076171875,1815.2144775390625,980.8198852539062,142.64317321777344,3769.919189453125,1629.575439453125,3310.04443359375,2463.48828125,10754.5205078125,430.1606140136719,253.4377593994141
2024-10-25,7344.892578125,2215.981201171875,2690.912109375,1644.0,1306.807861328125,547.9718017578125,6908.94970703125,1187.4185791015625,9815.69140625,1705.1136474609375,682.581298828125,166.68728637695312,1631.653076171875,281.92498779296875,5504.39111328125,1368.730712890625,1459.4710693359375,404.0645446777344,2957.978759765625,521.0604858398438,5730.91455078125,761.793701171875,1286.5697021484375,4485.85009765625,184.4890899658203,191.4652557373047,1246.4708251953125,2597.62841796875,1670.7103271484375,1720.810546875,846.0806884765625,704.9818115234375,4619.97265625,670.3118286132812,2428.9716796875,1235.4217529296875,1903.0452880859373,7.659999847412109,1039.9156494140625,1750.292236328125,136.01121520996094,428.0491943359375,935.9392700195312,352.7535705566406,3263.784912109375,2671.114013671875,627.5643310546875,11266.5322265625,2903.629638671875,1107.12646484375,67.1733169555664,383.2751159667969,239.7234344482422,5597.38671875,297.9928283691406,1316.4808349609375,1611.4385986328125,752.0222778320312,24729.044921875,3944.428466796875,1826.5048828125,957.786865234375,139.6558837890625,3778.90673828125,1611.4560546875,3246.09765625,2431.185546875,10707.388671875,417.6423645019531,251.83897399902344
2024-10-28,7166.48583984375,2266.385009765625,2796.01318359375,1613.1500244140625,1340.0057373046875,564.5288696289062,6890.49609375,1169.697509765625,9628.2958984375,1728.1326904296875,682.6997680664062,183.1370086669922,1629.0577392578125,285.69873046875,5555.7509765625,1277.113037109375,1473.4393310546875,387.0204162597656,2979.71630859375,535.5693359375,5764.2744140625,806.79541015625,1295.0220947265625,4611.92724609375,183.25083923339844,192.1806488037109,1251.6837158203125,2629.165283203125,1644.5401611328125,1738.8328857421875,841.6158447265625,713.7263793945312,4577.705078125,684.285888671875,2474.850830078125,1272.2252197265625,1875.6915283203125,8.25,1053.0943603515625,1753.394287109375,136.67123413085938,429.6910705566406,959.1431274414062,348.9644775390625,3277.9140625,2730.16455078125,621.5838623046875,11247.3359375,2876.7041015625,1112.684814453125,70.29715728759766,388.0792236328125,239.0879364013672,5593.0439453125,300.3518981933594,1322.9251708984375,1600.624267578125,762.7111206054688,24827.486328125,3929.818359375,1868.230712890625,960.5922241210938,143.0261688232422,3809.91943359375,1598.4063720703125,3262.494140625,2443.64013671875,10802.23828125,430.25238037109375,258.8595886230469
2024-10-29,7316.42724609375,2305.945068359375,2845.916015625,1635.0999755859375,1360.32080078125,570.0809936523438,6951.32958984375,1184.9227294921875,9474.0302734375,1764.3341064453125,693.6791381835938,177.5084228515625,1603.348876953125,286.6651916503906,5502.54638671875,1289.1324462890625,1448.345458984375,390.43798828125,2968.82373046875,518.3038330078125,5753.31982421875,816.1585083007812,1258.6844482421875,4785.33935546875,198.8131256103516,190.5733337402344,1233.9700927734375,2667.952880859375,1648.28564453125,1738.8328857421875,850.1815185546875,737.7243041992188,4447.32666015625,684.9771118164062,2447.8037109375,1310.6029052734375,1892.80615234375,7.960000038146973,1036.4713134765625,1748.59326171875,133.97535705566406,433.0636596679688,950.7639770507812,351.028564453125,3317.259033203125,2696.687744140625,616.828857421875,10819.0693359375,2885.91796875,1110.40771484375,69.73591613769531,396.006103515625,240.5859375,5596.9921875,302.4750061035156,1328.52685546875,1655.89208984375,801.8554077148438,25100.5703125,4020.76806640625,1837.5008544921875,976.4888916015624,143.67724609375,3795.390380859375,1594.6041259765625,3262.842041015625,2428.605224609375,10821.228515625,433.1412048339844,260.5279235839844
2024-10-30,7252.36865234375,2309.16357421875,2966.502197265625,1634.199951171875,1383.60888671875,574.7407836914062,6946.4052734375,1168.49951171875,9560.396484375,1750.1031494140625,687.0115356445312,175.94273376464844,1599.67626953125,286.5270690917969,5614.19921875,1271.2777099609375,1390.217529296875,393.59271240234375,2966.568115234375,528.7501831054688,5835.8525390625,810.2269287109375,1234.1466064453125,4757.10498046875,201.32925415039065,189.28189086914065,1254.9658203125,2654.59326171875,1638.7244873046875,1708.22265625,841.8099365234375,722.470947265625,4560.51953125,679.841796875,2454.817626953125,1291.21728515625,1907.249755859375,7.679999828338623,1054.6917724609375,1713.2276611328125,133.30604553222656,436.2586975097656,949.2764892578124,345.9232788085937,3344.192626953125,2658.204345703125,638.39794921875,11025.1953125,2871.1181640625,1114.7664794921875,69.15617370605469,392.49908447265625,237.54454040527344,5545.0244140625,300.4934387207031,1332.3935546875,1618.8143310546875,791.9850463867188,25119.990234375,4033.835693359375,1818.3560791015625,1006.6581420898438,142.63360595703125,3804.145263671875,1581.8828125,3287.735107421875,2440.216064453125,10911.7939453125,429.6562805175781,261.9412841796875
2024-10-31,7254.85888671875,2297.77587890625,2944.47314453125,1598.300048828125,1363.54150390625,575.5834350585938,6986.3984375,1157.6671142578125,9460.037109375,1748.405517578125,680.566162109375,180.560546875,1579.35400390625,286.0208740234375,5560.21728515625,1269.5322265625,1521.078857421875,396.1339416503906,2939.072998046875,522.3179931640625,5838.87548828125,803.8051147460938,1258.190673828125,4781.919921875,201.9929656982422,185.80714416503903,1243.4342041015625,2677.737060546875,1614.96923828125,1640.638916015625,842.3438720703125,715.6143798828125,4635.06787109375,677.5210571289062,2429.1640625,1271.6346435546875,1896.812744140625,8.119999885559082,1053.8929443359375,1670.589599609375,132.58094787597656,433.8180236816406,955.5733642578124,345.22528076171875,3554.115234375,2678.673095703125,627.4663696289062,10848.8935546875,2749.427490234375,1108.228515625,68.41915893554688,394.57757568359375,241.62998962402344,5302.8544921875,302.7109069824219,1320.64501953125,1616.8209228515625,789.8184204101562,24843.337890625,4060.7568359375,1815.2144775390625,986.8241577148438,142.2410430908203,3695.92529296875,1523.8155517578125,3246.594482421875,2474.751953125,10775.9951171875,425.5751953125,255.70846557617188
2024-11-01,7255.78662109375,2305.1533203125,2946.72119140625,1632.6500244140625,1381.8251953125,577.4672241210938,6995.599609375,1167.65087890625,9498.1708984375,1752.3502197265625,683.9098510742188,181.9875030517578,1583.1246337890625,288.0918273925781,5527.3525390625,1279.9556884765625,1528.724609375,397.9742431640625,2942.431884765625,524.7843627929688,5852.65576171875,807.6288452148438,1243.774169921875,4839.5126953125,202.25051879882807,185.96507263183597,1235.633056640625,2680.76611328125,1623.7420654296875,1632.6031494140625,843.1203002929688,719.1420288085938,4663.81884765625,682.3107299804688,2438.051513671875,1271.19189453125,1895.7740478515625,8.449999809265137,1060.7818603515625,1674.011962890625,134.78411865234375,435.1492919921875,960.184326171875,347.8776550292969,3558.089111328125,2766.14453125,633.2998657226562,10881.75390625,2763.36767578125,1117.70458984375,68.71827697753906,397.6711730957031,246.71408081054688,5319.140625,303.8904113769531,1327.1884765625,1623.4989013671875,790.7813720703125,25010.697265625,4044.92431640625,1824.54150390625,988.349853515625,143.3804168701172,3710.593505859375,1519.0792236328125,3273.077392578125,2490.630126953125,10854.0458984375,428.60162353515625,255.49993896484372
2024-11-04,7187.87158203125,2267.12744140625,2894.669921875,1611.949951171875,1337.0823974609375,566.5117797851562,6922.43017578125,1137.4000244140625,9161.173828125,1710.2066650390625,676.017333984375,178.5489044189453,1558.4442138671875,279.3017883300781,5461.47802734375,1248.08642578125,1553.279541015625,388.46630859375,2886.91064453125,517.433349609375,5850.87158203125,774.4412841796875,1252.3648681640625,4720.56640625,202.369384765625,182.2766265869141,1232.7745361328125,2573.19384765625,1605.013671875,1637.759033203125,831.8612060546875,706.3729248046875,4464.60498046875,665.9170532226562,2425.849365234375,1256.82470703125,1850.810791015625,7.880000114440918,1062.079833984375,1676.674072265625,129.15066528320312,430.0904541015625,946.8966674804688,344.87628173828125,3507.165771484375,2831.232666015625,622.5152587890625,10825.38671875,2740.452392578125,1100.0255126953125,69.846923828125,387.6170349121094,240.85826110839844,5289.03662109375,297.6625671386719,1291.0009765625,1603.5147705078125,799.1109619140625,24638.376953125,4047.776611328125,1775.943359375,978.9989013671876,140.69952392578125,3691.92041015625,1551.9967041015625,3201.826416015625,2393.821533203125,10713.8642578125,420.7604675292969,250.61094665527344
2024-11-05,6965.22900390625,2296.785400390625,2912.802978515625,1644.25,1317.36181640625,567.1066284179688,6930.28857421875,1169.7972412109375,9497.1123046875,1733.3258056640625,684.5765991210938,179.62905883789062,1545.8592529296875,283.4436950683594,5441.962890625,1279.7562255859375,1569.5513916015625,395.1444091796875,2884.05712890625,517.3365478515625,5761.15185546875,783.4121704101562,1256.2158203125,4786.951171875,202.34957885742188,182.48101806640625,1227.0572509765625,2633.138427734375,1610.1884765625,1647.606201171875,853.0933227539062,712.732666015625,4478.21435546875,688.8780517578125,2422.534912109375,1276.013671875,1895.5267333984373,8.140000343322754,1088.337158203125,1667.68994140625,130.88906860351562,426.1854248046875,991.122802734375,350.4202880859375,3507.50927734375,2846.44921875,621.5838623046875,10940.6181640625,2728.56494140625,1107.9835205078125,72.38485717773438,389.6954956054688,242.7648162841797,5349.9365234375,298.74774169921875,1294.1240234375,1627.83447265625,817.7442016601562,24470.5234375,4049.9013671875,1770.7398681640625,985.0523681640624,145.8123779296875,3698.6259765625,1546.5499267578125,3210.02490234375,2439.719970703125,10883.7958984375,430.8484802246094,251.954833984375
2024-11-06,6995.69580078125,2336.544189453125,3043.3798828125,1721.1500244140625,1357.645263671875,577.6655883789062,6932.07958984375,1164.605712890625,9637.19140625,1746.358154296875,692.0690307617188,181.57130432128903,1565.838623046875,291.7734680175781,5529.14892578125,1301.251953125,1562.542724609375,395.9621276855469,2876.60888671875,521.9310302734375,5902.81982421875,811.9917602539062,1285.740234375,4803.90185546875,202.81517028808597,194.1038360595703,1235.6817626953125,2628.171875,1651.193603515625,1707.851318359375,851.83154296875,704.2365112304688,4545.19189453125,699.3956909179688,2430.650634765625,1281.5736083984375,1912.987548828125,8.170000076293945,1075.9073486328125,1733.762451171875,134.43087768554688,426.984130859375,1000.1961669921876,351.50714111328125,3576.829345703125,2880.90771484375,635.9959716796875,11120.9853515625,2765.515869140625,1114.4234619140625,74.33686828613281,395.3026428222656,244.26280212402344,5643.5302734375,300.5406188964844,1314.0023193359375,1598.6805419921875,823.13671875,24780.9140625,4104.00537109375,1794.1552734375,991.2536010742188,147.08580017089844,3855.36865234375,1604.23828125,3157.157958984375,2467.010986328125,10979.28125,434.70025634765625,261.3157043457031
2024-11-07,6835.25732421875,2297.92431640625,2967.3017578125,1642.699951171875,1340.897705078125,565.8177490234375,7386.46875,1158.0164794921875,9479.609375,1727.3836669921875,682.0231323242188,179.75787353515625,1543.312744140625,289.93267822265625,5523.3232421875,1279.7562255859375,1544.99658203125,395.5533142089844,2816.638427734375,516.9979858398438,5908.5703125,787.6771240234375,1271.1754150390625,4765.6533203125,204.07321166992188,195.5067443847656,1219.546875,2545.481201171875,1642.2237548828125,1701.859130859375,847.6094360351562,707.2175903320312,4473.84814453125,640.0427856445312,2406.15673828125,1258.30078125,1895.9718017578125,8.050000190734863,1055.091064453125,1714.1309814453125,134.00323486328125,424.1441040039063,981.504150390625,348.376220703125,3577.90869140625,2838.497314453125,619.2798461914062,11067.998046875,2710.85302734375,1108.179443359375,73.67386627197266,390.3722229003906,240.76751708984372,5663.02490234375,295.3035888671875,1294.4710693359375,1584.626953125,827.7589111328125,24552.517578125,4117.3056640625,1758.3201904296875,969.4017944335938,144.5293731689453,3865.845458984375,1563.93212890625,3101.309814453125,2460.610107421875,10761.533203125,419.9351196289063,261.0840148925781
2024-11-08,6879.88330078125,2269.058349609375,2926.34033203125,1598.550048828125,1349.8165283203125,560.0673828125,7383.03662109375,1159.064697265625,9531.3037109375,1737.4202880859375,681.1785888671875,176.07154846191406,1537.534423828125,285.7447204589844,5579.8779296875,1257.5126953125,1561.121337890625,385.2862548828125,2776.931884765625,516.7550048828125,5898.55712890625,770.6176147460938,1267.52197265625,4675.03955078125,204.8260803222656,189.69070434570312,1212.3277587890625,2527.751220703125,1636.9010009765625,1707.01513671875,851.4432373046875,704.0377197265625,4430.09423828125,642.3636474609375,2437.45458984375,1238.7674560546875,1889.6898193359373,7.880000114440918,1052.095947265625,1739.704345703125,130.46144104003906,424.2771911621094,988.0488891601562,348.1568298339844,3591.399658203125,2920.52001953125,617.5150756835938,11070.7890625,2729.185791015625,1124.242431640625,72.76725006103516,384.4267578125,238.3616180419922,5595.21533203125,298.41748046875,1272.7584228515625,1564.792236328125,811.9182739257812,24309.107421875,4176.03759765625,1776.6304931640625,977.3748168945312,141.29315185546875,3862.213623046875,1592.681640625,3166.30029296875,2449.14794921875,10754.27734375,419.9351196289063,263.6790771484375
2024-11-11,7067.7119140625,2250.590576171875,2900.914306640625,1557.4000244140625,1335.74462890625,555.6058959960938,7118.46142578125,1169.0985107421875,9539.91015625,1715.1500244140625,669.6066284179688,173.55453491210938,1528.377197265625,287.6775817871094,5276.4736328125,1259.35791015625,1522.1080322265625,383.0148010253906,2778.62451171875,508.2477722167969,5849.08740234375,762.283935546875,1271.7186279296875,4683.05126953125,205.7770538330078,188.53863525390625,1183.0623779296875,2502.57177734375,1618.271240234375,1734.6990966796875,857.1942138671875,700.9075317382812,4419.50439453125,647.2026977539062,2421.27099609375,1249.0509033203125,1900.5225830078125,7.829999923706055,1059.084716796875,1768.367431640625,129.61549377441406,423.3009643554688,970.794677734375,347.7978515625,3560.5419921875,2877.030029296875,605.0147705078125,11165.501953125,2732.193359375,1116.113037109375,71.82978057861328,379.4963073730469,233.232177734375,5647.47802734375,311.20343017578125,1261.802978515625,1560.8553466796875,816.2516479492188,24195.404296875,4101.35693359375,1761.9036865234375,960.6414794921876,138.842041015625,3910.36328125,1614.279296875,3186.523193359375,2441.80419921875,10683.2861328125,418.37603759765625,265.7643737792969
2024-11-12,6800.5908203125,2241.82666015625,2867.2958984375,1524.1500244140625,1314.0419921875,551.83837890625,6983.263671875,1156.2694091796875,9308.4658203125,1689.4844970703125,655.71826171875,171.02761840820312,1523.5782470703125,285.1464538574219,4881.2216796875,1236.6156005859375,1495.0045166015625,376.2004089355469,2698.0029296875,496.3375549316406,5760.6064453125,749.8814697265625,1248.0201416015625,4629.0732421875,205.3213653564453,180.38128662109372,1139.79443359375,2504.260009765625,1580.4697265625,1739.854736328125,833.8510131835938,695.59130859375,4388.56982421875,643.5487060546875,2392.548828125,1250.330078125,1871.981689453125,7.670000076293945,1057.836669921875,1776.638427734375,129.02053833007812,419.6621398925781,949.2269897460938,343.29083251953125,3523.747802734375,2845.565673828125,583.8868408203125,10914.173828125,2724.507080078125,1104.9228515625,69.31035614013672,367.6536560058594,232.55126953125,5606.5166015625,304.5038146972656,1263.33984375,1557.31689453125,796.0775756835938,24150.373046875,3957.81640625,1768.0400390625,952.3731689453124,138.0377655029297,3909.15234375,1598.03369140625,3178.423828125,2421.7578125,10606.8896484375,407.8753967285156,264.4436950683594
2024-11-13,6642.15380859375,2176.371337890625,2814.046142578125,1468.449951171875,1276.2857666015625,540.6846313476562,6823.39453125,1137.30029296875,9090.58203125,1662.2210693359375,648.5862426757812,163.60543823242188,1518.4853515625,281.51080322265625,4899.62060546875,1202.00341796875,1475.8409423828125,369.7040100097656,2672.466796875,496.6778564453125,5720.35693359375,733.9005126953125,1229.357666015625,4483.01708984375,197.50555419921875,176.033203125,1147.256103515625,2486.0830078125,1591.0166015625,1732.3299560546875,815.9674682617188,680.7354736328125,4198.505859375,618.8101196289062,2395.902099609375,1233.6995849609375,1848.189208984375,7.360000133514404,1035.0235595703125,1776.2581787109375,126.41764831542967,419.0852661132813,928.10546875,336.6001281738281,3481.16455078125,2747.786376953125,585.5045776367188,10822.5947265625,2716.773193359375,1094.6630859375,68.8323745727539,368.6687927246094,229.28294372558597,5567.47998046875,300.0687866210937,1241.3299560546875,1541.61865234375,778.6962890625,23829.724609375,3902.576904296875,1746.5880126953125,937.8053588867188,133.25042724609375,3865.33349609375,1587.23486328125,3167.890380859375,2367.622314453125,10499.9638671875,398.7044982910156,263.6790771484375
2024-11-14,6523.1669921875,2166.815185546875,2824.136474609375,1490.300048828125,1253.146240234375,539.8418579101562,6825.18505859375,1138.84765625,9120.2041015625,1637.6041259765625,646.921875,165.74586486816406,1518.5343017578125,274.4696044921875,4772.53076171875,1202.6517333984375,1470.1065673828125,372.2935180664063,2620.28271484375,494.004150390625,5700.529296875,747.7736206054688,1211.28759765625,4771.22265625,195.1280975341797,175.49432373046875,1138.728271484375,2506.99169921875,1595.6986083984375,1726.9417724609375,821.5,689.6290893554688,4276.90869140625,619.5507202148438,2322.27392578125,1236.897705078125,1843.4405517578125,7.340000152587891,1015.5051879882812,1772.5980224609375,125.27422332763672,413.5382995605469,931.1795043945312,340.5986022949219,3459.873291015625,2755.8857421875,580.6514282226562,10779.9384765625,2710.99658203125,1068.9769287109375,67.4724349975586,360.11309814453125,227.6941680908203,5639.73046875,298.7287902832031,1256.746826171875,1557.16748046875,774.459228515625,23871.837890625,3921.37841796875,1735.98486328125,910.4906005859376,132.11105346679688,3861.189208984375,1598.5074462890625,3163.76611328125,2377.94287109375,10447.669921875,397.4664611816406,262.6132202148437
2024-11-18,6470.19189453125,2166.072509765625,2816.044189453125,1456.949951171875,1267.7633056640625,545.840087890625,6707.048828125,1124.37109375,9152.4697265625,1613.8359375,648.7789306640625,164.19009399414062,1505.3126220703125,266.1858215332031,4768.404296875,1239.657958984375,1436.28857421875,375.564453125,2659.747314453125,494.3930358886719,5716.9365234375,744.7342529296875,1178.5540771484375,4763.357421875,198.36737060546875,172.3075714111328,1145.07568359375,2500.2373046875,1595.895751953125,1704.6927490234375,827.4934692382812,686.151123046875,4396.74462890625,642.9561157226562,2355.02978515625,1233.45361328125,1819.7471923828125,7.25,1002.9754638671876,1722.1165771484375,124.69786071777344,414.07080078125,941.888916015625,343.56005859375,3475.473876953125,2794.85986328125,583.4947509765625,10866.033203125,2633.51318359375,1083.8643798828125,68.67818450927734,354.5059814453125,227.5579833984375,5572.90869140625,298.680908203125,1249.9554443359375,1557.466552734375,784.136962890625,23716.6171875,3865.1201171875,1715.9073486328125,916.1504516601562,135.20367431640625,3743.4697265625,1573.21533203125,3152.437744140625,2397.642333984375,10352.625,410.39739990234375,256.19500732421875
2024-11-19,6544.11376953125,2164.38916015625,2818.841552734375,1412.699951171875,1278.0198974609375,544.8486938476562,6652.3330078125,1132.1085205078125,9180.552734375,1594.212158203125,651.4805297851562,166.09271240234375,1494.0496826171875,264.6210632324219,4750.29736328125,1232.8751220703125,1442.4639892578125,374.56494140625,2644.029052734375,494.1013793945313,5849.9794921875,748.21484375,1198.2039794921875,4851.08984375,204.7071990966797,173.4410400390625,1148.6126708984375,2491.2978515625,1609.3505859375,1691.2686767578125,845.5225830078125,676.11474609375,4436.50390625,632.0435180664062,2342.831787109375,1229.173095703125,1821.181640625,7.099999904632568,998.5826416015624,1734.7607421875,123.7496566772461,414.7807922363281,939.3603515625,344.55718994140625,3439.906005859375,2895.04443359375,579.376953125,10734.1494140625,2663.2080078125,1084.329833984375,68.21870422363281,354.5059814453125,230.67393493652344,5636.27587890625,301.5523681640625,1231.0189208984375,1517.89697265625,773.2555541992188,23886.3515625,3868.292724609375,1744.869873046875,902.7637939453124,133.52810668945312,3762.142578125,1610.0166015625,3204.509521484375,2410.79150390625,10487.6455078125,406.7748718261719,260.4351806640625
2024-11-21,6601.921875,2007.4344482421875,2181.592529296875,1145.699951171875,1104.5980224609375,480.0081787109375,6707.64599609375,1137.30029296875,9141.41015625,1567.1485595703125,638.6737670898438,164.35855102539062,1493.7069091796875,259.9269104003906,4663.5478515625,1201.853759765625,1436.5335693359375,368.8862609863281,2602.2431640625,491.7193298339844,5925.572265625,758.803466796875,1180.3314208984375,4769.6591796875,208.8974456787109,174.9461669921875,1142.217041015625,2517.818603515625,1612.701904296875,1705.9466552734375,845.0130004882812,670.1525268554688,4429.11865234375,639.993408203125,2316.053466796875,1230.5999755859375,1785.369384765625,6.909999847412109,979.8629150390624,1743.6021728515625,121.50930786132812,405.7281494140625,936.23681640625,346.4218444824219,3417.927734375,2882.57666015625,579.4749145507812,10638.310546875,2660.2958984375,1082.885009765625,67.11164855957031,344.3067626953125,225.23263549804688,5651.2783203125,311.93756103515625,1212.5286865234375,1473.0946044921875,751.8296508789062,23833.33984375,3865.96435546875,1747.56982421875,897.3992309570312,134.2557830810547,3793.15576171875,1612.4793701171875,3158.549072265625,2370.301513671875,10668.0947265625,406.0870666503906,258.1877136230469
2024-11-22,6742.3916015625,2069.22607421875,2225.900634765625,1051.800048828125,1126.498779296875,495.5738525390625,6899.25048828125,1140.544921875,9118.9541015625,1598.7061767578125,660.2373657226562,168.39169311523438,1536.94677734375,263.10235595703125,4707.23828125,1205.3448486328125,1457.1185302734375,376.2004089355469,2636.43603515625,498.7681884765625,5946.63916015625,787.6771240234375,1199.19140625,4871.36181640625,207.4016265869141,178.95050048828125,1155.3961181640625,2581.189697265625,1641.9774169921875,1763.5904541015625,847.1483154296875,683.8656005859375,4453.50439453125,643.9930419921875,2376.75390625,1257.6612548828125,1817.8179931640625,6.670000076293945,996.5858764648438,1808.4388427734373,123.27555084228516,421.2596740722656,969.158447265625,351.27783203125,3535.6689453125,2957.87451171875,587.4163208007812,10836.306640625,2753.2470703125,1100.5643310546875,68.07994079589844,353.29754638671875,228.44161987304688,5721.111328125,322.5141296386719,1254.5655517578125,1480.27099609375,785.8220825195312,24568.470703125,3986.89111328125,1762.591064453125,930.373779296875,136.70689392089844,3953.11083984375,1655.2957763671875,3287.983642578125,2395.905517578125,11077.5390625,408.4256591796875,264.9071350097656
2024-11-25,7089.244140625,2124.0859375,2255.372802734375,968.7999877929688,1156.27783203125,500.6302490234375,7038.42724609375,1154.02294921875,9060.5751953125,1602.7508544921875,660.3805541992188,169.59075927734375,1546.201904296875,272.9508972167969,4761.2197265625,1236.765380859375,1473.5865478515625,379.2896118164063,2741.771728515625,507.0323791503906,6085.53125,807.1875610351562,1194.106201171875,4887.14013671875,210.87863159179688,185.06385803222656,1180.9788818359375,2612.130615234375,1683.7216796875,1757.3662109375,866.560546875,680.4869995117188,4513.142578125,651.646728515625,2402.22021484375,1280.1959228515625,1817.224609375,6.96999979019165,1001.8772583007812,1796.507568359375,126.79877471923828,423.1678466796875,945.3099975585938,357.1210021972656,3682.35498046875,2989.927978515625,595.89697265625,10798.6474609375,2847.6298828125,1105.2900390625,69.93943786621094,356.1494140625,239.88229370117188,5840.9873046875,328.0656433105469,1275.9805908203125,1490.2879638671875,813.1701049804688,25234.8828125,4277.40673828125,1766.12548828125,940.7091064453124,137.55902099609375,4018.76904296875,1641.2288818359375,3288.38134765625,2439.670654296875,11157.5390625,407.0041198730469,269.91192626953125
2024-11-26,7157.45361328125,2095.566650390625,2148.4736328125,898.5499877929688,1118.669921875,489.47650146484375,7039.96923828125,1142.9410400390625,8787.919921875,1592.264892578125,653.7178955078125,168.8079071044922,1544.73291015625,270.4657287597656,4867.67822265625,1262.250732421875,1463.1959228515625,373.8835144042969,2855.9580078125,510.7755737304688,6020.1494140625,811.1583251953125,1193.4642333984375,4818.16552734375,211.6314849853516,180.2140655517578,1201.716552734375,2599.615234375,1686.72802734375,1764.658935546875,866.5363159179688,678.1021728515625,4494.935546875,657.8190307617188,2409.7529296875,1284.132080078125,1834.5865478515625,7.519999980926514,1007.9674072265624,1829.2587890625,127.31936645507812,423.3453674316406,955.5237426757812,355.69512939453125,3632.90380859375,2930.6318359375,616.04443359375,10719.115234375,2863.575439453125,1109.3548583984375,69.9147720336914,349.6239013671875,236.4873046875,5891.5732421875,324.2848205566406,1284.606201171875,1501.800048828125,808.3071899414062,24752.673828125,4215.7060546875,1729.505126953125,948.4359130859376,138.32501220703125,4053.787841796875,1653.3538818359375,3306.666015625,2406.17724609375,10829.9443359375,411.2227478027344,272.9472351074219
2024-11-27,7320.04052734375,2185.184326171875,2395.541015625,988.4000244140624,1189.1287841796875,510.5942687988281,6946.6044921875,1147.7830810546875,8838.7958984375,1597.9073486328125,662.33642578125,169.76913452148438,1545.1246337890625,270.0975952148437,4839.08544921875,1275.916015625,1461.6766357421875,379.0169982910156,2918.781982421875,512.865966796875,5947.48193359375,807.5797729492188,1184.82421875,4804.24365234375,210.87863159179688,181.0595245361328,1222.5511474609375,2604.283447265625,1704.0269775390625,1756.762451171875,879.5181884765625,676.2637329101562,4525.17333984375,652.8812255859375,2417.237060546875,1279.9498291015625,1843.7869873046875,8.34000015258789,1000.3297729492188,1829.591552734375,129.2157440185547,423.3009643554688,960.7296752929688,355.6153564453125,3629.076904296875,2949.87353515625,637.1724853515625,10831.1650390625,2880.66650390625,1113.6153564453125,70.22314453125,357.0194702148437,236.5338134765625,5834.275390625,324.7156066894531,1282.1275634765625,1500.4544677734375,803.2034912109375,25189.84765625,4328.80419921875,1717.576416015625,944.9907836914062,138.38246154785156,4035.02099609375,1664.1527099609375,3271.040283203125,2422.10498046875,10848.30078125,408.8382873535156,270.1204528808594
2024-11-28,7221.072265625,2167.21142578125,2434.803955078125,1087.199951171875,1157.0704345703125,508.6113586425781,6805.736328125,1130.6610107421875,8668.7119140625,1572.9407958984375,642.995361328125,169.41238403320312,1528.230224609375,267.7965087890625,4780.34619140625,1265.143310546875,1463.2449951171875,377.2453002929688,2902.918701171875,511.4075622558594,5900.490234375,797.9225463867188,1176.97412109375,4704.78857421875,209.0658416748047,182.75045776367188,1212.521484375,2553.17919921875,1693.036376953125,1710.173583984375,870.224609375,653.5576782226562,4443.65673828125,642.1660766601562,2393.22900390625,1265.8287353515625,1851.0582275390625,8.359999656677246,991.9932250976562,1765.087646484375,128.0537567138672,421.4815368652344,946.1529541015624,350.8291320800781,3597.041748046875,2845.713134765625,632.2213134765625,10724.8935546875,2823.95068359375,1095.1527099609375,70.22624206542969,350.01055908203125,234.58050537109372,5745.19482421875,319.3554992675781,1259.91943359375,1423.90673828125,807.7775268554688,25312.466796875,4319.025390625,1702.6533203125,926.288818359375,137.2909393310547,3953.39013671875,1622.9940185546875,3192.237060546875,2397.096435546875,10709.9208984375,414.38671875,265.1619567871094
2024-11-29,7246.8515625,2200.8798828125,2460.8291015625,1323.9000244140625,1179.318115234375,526.9530639648438,6793.59912109375,1134.454833984375,8688.0908203125,1577.834228515625,649.564208984375,167.54940795898438,1593.6041259765625,268.85504150390625,4797.3369140625,1230.830322265625,1503.5816650390625,378.3356323242188,2795.1650390625,512.5256958007812,6119.486328125,806.844482421875,1187.194091796875,4720.56640625,208.79837036132807,185.3147430419922,1206.1258544921875,2588.73876953125,1693.4307861328125,1716.81591796875,871.6320190429688,653.6073608398438,4423.40576171875,648.0421142578125,2426.228271484375,1279.3594970703125,1841.9072265625,8.359999656677246,994.2396240234376,1766.2283935546875,128.87181091308594,423.1234436035156,957.9036254882812,352.03564453125,3654.685791015625,2911.881103515625,632.3193969726562,10846.689453125,2840.134765625,1094.369140625,70.94782257080078,351.5573425292969,238.76614379882807,5829.09375,315.28759765625,1281.1361083984375,1433.0267333984375,807.8739013671875,25838.474609375,4401.01123046875,1748.4534912109375,943.61279296875,138.3920135498047,3977.557861328125,1621.99951171875,3228.6572265625,2415.9521484375,10908.921875,415.8999328613281,267.7801818847656
2024-12-02,7314.71875,2212.663818359375,2454.735107421875,1327.949951171875,1204.8358154296875,534.1906127929688,7029.27490234375,1135.2535400390625,8781.0908203125,1594.5118408203125,656.947998046875,169.24391174316406,1609.71484375,270.7419128417969,4764.42333984375,1246.041748046875,1477.8994140625,383.151123046875,2792.940185546875,509.3658752441406,6201.42333984375,832.482666015625,1206.399658203125,4709.673828125,207.1143493652344,184.4599609375,1189.16748046875,2675.452392578125,1714.475341796875,1738.6004638671875,875.8298950195312,636.1679077148438,4411.09765625,654.362548828125,2409.704345703125,1283.8369140625,1814.4544677734373,8.279999732971191,989.3475952148438,1787.095947265625,127.96077728271484,423.5228271484375,981.504150390625,349.7821350097656,3634.326171875,2961.26123046875,633.8880615234375,11008.396484375,2912.17529296875,1102.7926025390625,71.46589660644531,346.28863525390625,239.5567321777344,5855.49658203125,313.80401611328125,1297.941162109375,1417.3782958984375,805.4183959960938,26539.568359375,4402.37939453125,1775.599609375,941.9887084960938,140.1824951171875,3982.960205078125,1653.874755859375,3286.145263671875,2474.4541015625,11343.6357421875,422.3654174804688,270.8850402832031
2024-12-03,7360.41845703125,2269.35546875,2511.831298828125,1312.800048828125,1277.0289306640625,561.7032470703125,7089.7099609375,1158.615478515625,8811.337890625,1604.94775390625,659.397705078125,173.68336486816406,1587.1402587890625,270.8339233398437,4766.705078125,1250.4805908203125,1503.5816650390625,383.5144958496094,2801.4521484375,508.0532531738281,6157.00927734375,830.3748168945312,1209.1151123046875,4732.77880859375,207.986083984375,185.80714416503903,1192.3651123046875,2695.764892578125,1732.070068359375,1756.4837646484375,886.3124389648438,630.0069580078125,4363.30224609375,659.2509765625,2413.30078125,1287.527099609375,1876.0377197265625,8.210000038146973,996.735595703125,1798.789306640625,129.6898651123047,419.3958740234375,990.4287109375,348.9744873046875,3715.763916015625,2971.962158203125,629.133056640625,11047.52734375,2882.5283203125,1107.6162109375,72.67781066894531,355.23101806640625,244.0214080810547,5962.98486328125,315.52685546875,1311.9698486328125,1436.2161865234375,822.3182373046875,26911.4921875,4500.05224609375,1767.2547607421875,940.02001953125,140.3069610595703,4007.26806640625,1657.2376708984375,3311.883056640625,2536.77685546875,11542.1015625,429.5187072753906,270.3057861328125
2024-12-04,7484.09228515625,2218.75390625,2492.3994140625,1260.8499755859375,1258.10107421875,559.8690795898438,7194.9638671875,1157.5672607421875,8654.9111328125,1625.9197998046875,665.77392578125,176.43820190429688,1551.4415283203125,270.2816467285156,4710.3447265625,1288.9830322265625,1471.1849365234375,378.5627136230469,2820.31396484375,508.29632568359375,6202.5634765625,831.3551635742188,1200.277587890625,4686.56787109375,213.41456604003903,192.0691375732422,1190.4755859375,2699.042724609375,1707.8712158203125,1762.8936767578125,902.7157592773438,646.1546630859375,4306.4970703125,654.8069458007812,2395.464599609375,1295.0550537109375,1929.9539794921875,8.420000076293945,997.2347412109376,1796.0799560546875,130.01524353027344,414.5589599609375,986.5118408203124,350.4901123046875,3718.560302734375,2976.330810546875,619.2308349609375,10901.1953125,2881.334716796875,1105.7064208984375,72.18132781982422,360.3547668457031,242.48667907714844,5933.423828125,311.1239318847656,1297.74267578125,1447.827880859375,827.855224609375,27153.810546875,4510.64599609375,1767.4017333984375,946.122802734375,139.6463165283203,4055.37060546875,1666.804931640625,3343.384521484375,2499.561767578125,11458.791015625,429.5645446777344,272.4837951660156
2024-12-05,7312.42333984375,2245.2431640625,2520.17333984375,1229.5999755859375,1265.5335693359375,566.2142944335938,7237.14453125,1164.5059814453125,8551.8115234375,1641.8983154296875,676.6791381835938,175.83372497558594,1582.04736328125,273.3650817871094,4730.19921875,1288.1849365234375,1468.6363525390625,380.1527404785156,2818.62109375,508.6366271972656,6043.6455078125,833.6101684570312,1224.2723388671875,4726.13525390625,212.948974609375,194.0573883056641,1206.2227783203125,2688.613037109375,1721.7200927734375,1787.3724365234375,905.457763671875,639.099365234375,4314.392578125,662.510009765625,2424.7216796875,1315.1788330078125,1911.998291015625,8.079999923706055,996.5858764648438,1839.4310302734373,129.6248016357422,414.9139099121094,990.8253784179688,354.00994873046875,3759.426513671875,3015.45263671875,620.8485717773438,10952.51953125,2913.41650390625,1109.477294921875,72.5174560546875,356.8744812011719,243.04473876953125,6022.65185546875,314.2826232910156,1310.7305908203125,1427.1461181640625,833.3922729492188,26365.173828125,4535.8203125,1780.4102783203125,951.2904663085938,140.81442260742188,4157.4912109375,1692.712646484375,3419.5048828125,2493.111328125,11620.4453125,433.3246154785156,277.3959350585937
2024-12-06,7374.919921875,2236.330810546875,2504.038330078125,1210.6500244140625,1247.6959228515625,560.4639282226562,7195.90869140625,1182.62646484375,8751.806640625,1633.0101318359375,676.6693115234375,174.67431640625,1564.908203125,276.448486328125,4729.08349609375,1271.8763427734375,1448.1983642578125,379.0169982910156,2792.3115234375,509.2685852050781,6077.89697265625,840.0809936523438,1237.9482421875,4764.72509765625,211.3937225341797,195.4881896972656,1197.2103271484375,2683.74609375,1713.8839111328125,1786.1646728515625,900.6531982421875,632.4912109375,4300.6904296875,661.8187255859375,2414.22412109375,1307.552490234375,1929.01416015625,8.119999885559082,988.74853515625,1827.5950927734373,131.96739196777344,418.15338134765625,995.3867797851562,354.36895751953125,3793.91455078125,3016.826904296875,621.24072265625,11085.431640625,2915.946533203125,1110.6036376953125,73.59676361083984,357.2128601074219,241.882080078125,6094.2119140625,314.8090209960937,1300.3204345703125,1443.791259765625,831.6589965820312,26829.546875,4532.998046875,1771.9669189453125,959.1649780273438,141.98251342773438,4140.21435546875,1688.781494140625,3448.373046875,2502.39013671875,11538.3525390625,459.8284912109375,275.58868408203125
2024-12-09,7391.86181640625,2238.459716796875,2493.49853515625,1216.949951171875,1255.4254150390625,566.4126586914062,7156.6630859375,1161.361083984375,8730.2158203125,1634.8577880859375,678.4522705078125,172.96987915039062,1569.51123046875,279.3017883300781,4653.4990234375,1279.00830078125,1439.9644775390625,376.1549377441406,2712.46337890625,492.788818359375,5908.2724609375,845.8165283203125,1239.380126953125,4730.58056640625,211.76026916503903,193.8715667724609,1092.94091796875,2663.383544921875,1680.32080078125,1774.2740478515625,907.5203247070312,637.7578125,4269.431640625,662.5593872070312,2333.500244140625,1301.205322265625,1941.182373046875,8.09000015258789,981.0110473632812,1828.783447265625,132.3113555908203,412.6507568359375,1003.4189453125,356.2236022949219,3872.99755859375,2995.474365234375,595.847900390625,11048.0654296875,2964.307861328125,1091.52880859375,74.48180389404297,357.5511779785156,240.81243896484372,6153.43408203125,315.0004577636719,1284.0609130859375,1464.47314453125,826.266357421875,26467.48046875,4564.69189453125,1773.7342529296875,919.3002319335938,143.50489807128906,4146.408203125,1684.0926513671875,3446.485107421875,2469.93896484375,11505.5341796875,455.839111328125,281.5202331542969
2024-12-10,7512.45947265625,2227.517578125,2464.87548828125,1176.6500244140625,1237.4886474609375,568.5938110351562,7220.779296875,1151.776611328125,8668.5185546875,1661.1724853515625,685.1544799804688,173.8617401123047,1546.10400390625,279.3478088378906,4647.916015625,1332.921630859375,1426.4371337890625,376.2004089355469,2755.942138671875,492.8860473632813,5881.45556640625,851.405029296875,1224.7659912109375,4702.19921875,212.3249053955078,192.8217010498047,1098.7550048828125,2637.459228515625,1684.5594482421875,1798.8455810546875,906.5982055664062,629.3113403320312,4262.32470703125,660.584228515625,2330.196044921875,1309.2252197265625,1924.9581298828125,8.079999923706055,982.7083129882812,1852.45556640625,133.43617248535156,413.0945434570313,1004.4601440429688,357.9087219238281,3849.3017578125,3010.83837890625,601.8775024414062,10968.1416015625,3038.019287109375,1084.4766845703125,75.23424530029297,356.8744812011719,238.9521484375,6263.09375,313.8518371582031,1273.8489990234375,1457.0474853515625,835.3663330078125,26871.80859375,4592.83544921875,1776.97412109375,912.2131958007812,143.92617797851562,4128.154296875,1670.5467529296875,3453.98779296875,2501.050537109375,11438.3408203125,458.7738342285156,285.5519104003906
2024-12-11,7547.1259765625,2228.60693359375,2454.934814453125,1148.050048828125,1222.6734619140625,573.50146484375,7302.85302734375,1145.3870849609375,8722.9052734375,1684.2415771484375,702.8261108398438,172.841064453125,1553.3023681640625,282.98345947265625,4747.1904296875,1345.5394287109375,1425.35888671875,378.8352661132813,2798.8408203125,494.2471923828125,5876.845703125,858.6111450195312,1222.98876953125,4691.35498046875,212.6616973876953,191.22369384765625,1100.1602783203125,2652.805419921875,1727.19091796875,1793.7825927734375,904.1716918945312,630.6528930664062,4320.06005859375,662.1643676757812,2334.083984375,1306.3223876953125,1927.7774658203125,8.029999732971191,983.2573852539062,1876.79296875,133.11082458496094,412.9170227050781,991.8170166015624,357.9087219238281,3843.0224609375,3015.894287109375,620.50537109375,11046.0576171875,3040.64501953125,1097.50341796875,74.3646240234375,353.3458251953125,238.6731109619141,6277.30712890625,313.5168151855469,1267.2559814453125,1451.3662109375,829.684814453125,27056.306640625,4581.54296875,1780.9505615234375,920.3829956054688,144.19427490234375,4123.40478515625,1669.8363037109375,3451.354248046875,2512.215087890625,11587.04296875,471.7047424316406,286.38604736328125
2024-12-12,7477.1103515625,2207.712646484375,2501.74072265625,1217.949951171875,1232.781494140625,566.8587646484375,7189.7412109375,1143.7896728515625,8620.3837890625,1677.05126953125,703.883056640625,168.96644592285156,1577.3463134765625,278.1052551269531,4687.8203125,1339.6544189453125,1416.830810546875,371.702880859375,2749.80029296875,492.5943603515625,5900.39111328125,850.13037109375,1229.7525634765625,4696.923828125,210.6804962158203,190.66624450683597,1076.709228515625,2642.17724609375,1732.809326171875,1798.7060546875,902.3032836914062,622.6038818359375,4233.0166015625,660.38671875,2279.263671875,1308.04443359375,1940.341552734375,7.860000133514404,996.3362426757812,1889.00927734375,131.5211944580078,408.79010009765625,997.3700561523438,352.7236633300781,3787.242431640625,3011.378173828125,623.4465942382812,10937.974609375,3046.18310546875,1089.1781005859375,74.25360870361328,343.77508544921875,236.30126953125,6352.51953125,315.0961608886719,1252.0870361328125,1427.7938232421875,822.0775146484375,26980.2578125,4607.8818359375,1772.55615234375,906.7994384765624,144.36660766601562,4149.015625,1695.222900390625,3424.17529296875,2504.573486328125,11546.5810546875,478.7205505371094,286.4787292480469
2024-12-13,7522.224609375,2226.13134765625,2525.168701171875,1198.4000244140625,1248.587646484375,567.8502197265625,7221.923828125,1146.28564453125,8676.3095703125,1677.4505615234375,709.5134887695312,168.19351196289062,1647.078369140625,277.6910400390625,4708.93701171875,1301.5511474609375,1418.693359375,372.793212890625,2778.963134765625,498.57373046875,5826.03759765625,853.8070068359375,1230.6905517578125,4714.75341796875,211.1460876464844,190.36892700195312,1077.04833984375,2674.60791015625,1732.7108154296875,1828.9912109375,908.3695678710938,628.5660400390625,4250.3876953125,653.8687133789062,2323.14892578125,1323.44482421875,1962.1058349609373,7.989999771118164,985.0545654296876,1901.0830078125,134.0869140625,417.1327209472656,991.4699096679688,360.0924377441406,3813.83251953125,3025.0732421875,627.2702026367188,11040.9638671875,3051.0048828125,1103.6005859375,72.07649230957031,345.27349853515625,236.4873046875,6393.67822265625,319.5469665527344,1261.951904296875,1424.1060791015625,829.63671875,27339.646484375,4589.6044921875,1780.4102783203125,915.1168823242188,142.61444091796875,4166.6650390625,1701.664306640625,3486.880615234375,2502.737548828125,11767.5908203125,476.4278259277344,287.2665405273437
2024-12-16,7704.927734375,2225.190673828125,2510.03271484375,1168.050048828125,1231.939208984375,572.0143432617188,7221.6748046875,1149.0311279296875,8654.140625,1671.4088134765625,712.0422973632812,168.29261779785156,1628.2742919921875,274.239501953125,4705.44189453125,1282.449462890625,1419.820556640625,372.9295349121094,2739.208740234375,495.8028259277344,5805.9619140625,875.8176879882812,1253.994140625,4727.0634765625,211.3937225341797,189.3655242919922,1077.92041015625,2667.108642578125,1743.5042724609375,1815.6138916015625,905.1907958984376,630.9509887695312,4216.52734375,645.3756713867188,2299.869384765625,1324.6256103515625,1942.765380859375,7.989999771118164,997.7339477539062,1882.402099609375,133.08294677734375,417.2214660644531,982.049560546875,359.8531188964844,3804.854736328125,3028.46044921875,632.4664306640625,11045.3232421875,3052.819091796875,1096.3770751953125,71.7403564453125,341.1648254394531,234.20846557617188,6424.2275390625,320.6476745605469,1257.44091796875,1416.9796142578125,829.0589599609375,27834.88671875,4638.5576171875,1776.826904296875,905.9135131835938,141.5037841796875,4111.99560546875,1681.9139404296875,3416.672607421875,2508.69189453125,11629.8916015625,470.8794555664063,286.5714111328125
2024-12-17,7633.74072265625,2177.510009765625,2485.25634765625,1143.25,1220.7906494140625,566.2142944335938,7181.4345703125,1134.4049072265625,8554.7451171875,1640.94970703125,706.5501098632812,162.38656616210938,1581.9984130859375,269.68341064453125,4637.72216796875,1243.64794921875,1422.1732177734375,366.0696716308594,2683.54248046875,491.3790588378906,5796.990234375,855.375732421875,1231.974365234375,4633.4208984375,208.3129730224609,185.41693115234372,1055.584228515625,2582.23291015625,1707.6248779296875,1812.08349609375,889.6853637695312,622.8026123046875,4101.43017578125,631.5003662109375,2297.05078125,1312.47265625,1896.7633056640625,7.809999942779541,974.0723266601562,1879.1220703125,130.44284057617188,416.7333068847656,958.7465209960938,355.78485107421875,3735.534423828125,2985.902587890625,621.0446166992188,10880.333984375,3037.4462890625,1078.8447265625,70.15838623046875,337.4428405761719,230.1158599853516,6464.44873046875,315.67047119140625,1234.6376953125,1405.0687255859375,819.044189453125,28093.455078125,4534.77294921875,1756.4549560546875,890.7059326171875,139.48353576660156,4031.248779296875,1677.366943359375,3384.77392578125,2434.410888671875,11466.7275390625,461.4792785644531,286.2470397949219
2024-12-18,7477.2080078125,2120.669677734375,2455.084716796875,1105.5,1199.1376953125,559.7203369140625,7199.9873046875,1120.4276123046875,8614.1318359375,1628.566162109375,698.8107299804688,162.46583557128906,1568.874755859375,265.357421875,4643.44970703125,1239.6080322265625,1443.2972412109375,359.6186828613281,2685.573486328125,491.3790588378906,5799.31982421875,854.395263671875,1259.3756103515625,4640.455078125,198.14944458007807,179.81454467773438,1057.958251953125,2576.719970703125,1672.7802734375,1821.14111328125,878.7417602539062,620.616455078125,4077.602294921875,625.1305541992188,2293.1142578125,1293.1854248046875,1854.61962890625,7.789999961853027,963.6392211914062,1881.54638671875,127.08696746826172,417.5765075683594,938.9141235351562,354.9771728515625,3687.407958984375,2995.42529296875,628.2996826171875,10776.4130859375,3033.0068359375,1071.5478515625,65.87814331054688,330.3856506347656,227.0929107666016,6463.36279296875,307.7738952636719,1242.5196533203125,1393.4072265625,807.103515625,27654.1015625,4462.798828125,1768.2364501953125,895.0860595703125,138.3154296875,4049.27099609375,1685.087158203125,3380.599853515625,2460.41162109375,11456.015625,455.5640563964844,289.7226257324219
2024-12-19,7179.13134765625,2094.72509765625,2417.070556640625,1073.6500244140625,1194.13330078125,558.4810180664062,7259.82666015625,1107.099365234375,8639.0419921875,1587.42138671875,683.4109497070312,161.69290161132812,1567.3076171875,271.11004638671875,4646.4599609375,1210.681396484375,1476.7723388671875,356.1206359863281,2689.6845703125,489.9692687988281,5770.56982421875,847.4833374023438,1308.9449462890625,4662.04638671875,199.06077575683597,179.8888702392578,1045.0699462890625,2521.990234375,1668.93603515625,1796.8946533203125,870.3944702148438,619.6227416992188,4093.859375,621.5259399414062,2293.74609375,1266.3701171875,1877.669921875,7.690000057220459,962.8405151367188,1850.2213134765625,129.7921142578125,414.07080078125,918.1893310546876,351.407470703125,3646.394775390625,2959.54345703125,628.397705078125,10730.28125,2976.2431640625,1058.0068359375,66.02925109863281,326.1802978515625,224.9535980224609,6587.68115234375,307.8696594238281,1219.914794921875,1401.28125,801.95166015625,27365.060546875,4442.513671875,1790.0811767578125,892.8713989257812,137.1664581298828,3978.536376953125,1661.8319091796875,3335.832275390625,2440.960693359375,11365.3037109375,451.4829406738281,289.8616027832031
2024-12-20,6758.6015625,2043.5291748046875,2342.740478515625,1034.3499755859375,1171.7864990234375,544.1050415039062,7214.2138671875,1070.109375,8451.1162109375,1567.548095703125,676.4668579101562,157.61019897460938,1545.5653076171875,266.0477294921875,4561.36083984375,1186.54248046875,1442.9541015625,347.0802307128906,2660.8115234375,488.6081237792969,5796.345703125,814.4428100585938,1326.7681884765625,4625.45849609375,192.6318206787109,178.77398681640625,1036.49365234375,2471.978515625,1633.6973876953125,1775.6207275390625,859.7177734375,619.8712158203125,4031.619140625,614.9092407226562,2268.523193359375,1267.84619140625,1881.775634765625,7.400000095367432,927.947021484375,1827.3575439453125,127.430908203125,412.3845520019531,909.6613159179688,347.7080993652344,3561.523193359375,2853.22314453125,615.6522827148438,10677.095703125,2817.26708984375,1059.5250244140625,65.7301254272461,322.16827392578125,220.53546142578125,6286.140625,302.2702331542969,1194.980224609375,1395.998779296875,781.922119140625,26816.515625,3998.24169921875,1775.8941650390625,875.498291015625,134.6962127685547,3883.913330078125,1597.1337890625,3335.23583984375,2373.477294921875,11123.794921875,437.6807861328125,282.8641357421875
2024-12-23,6795.65966796875,2080.415771484375,2336.74609375,1034.6500244140625,1181.05224609375,545.9392700195312,7227.54443359375,1077.3975830078125,8433.03515625,1561.3065185546875,678.2892456054688,162.89195251464844,1554.183837890625,266.09375,4567.42919921875,1168.1390380859375,1446.8751220703125,347.943359375,2637.45166015625,495.36529541015625,5799.0224609375,827.7276000976562,1324.4970703125,4641.138671875,195.1677398681641,180.2140655517578,1040.5155029296875,2509.2265625,1637.097900390625,1767.86376953125,874.0342407226562,618.6290283203125,3969.0537109375,626.2662353515625,2273.3828125,1276.1121826171875,1842.1051025390625,7.46999979019165,944.1707153320312,1829.4013671875,128.08163452148438,420.9046936035156,929.1962280273438,348.06707763671875,3571.972412109375,2856.119140625,624.0838623046875,10599.669921875,2843.094482421875,1053.6973876953125,66.01074981689453,322.5549621582031,224.02345275878903,6320.14404296875,301.79168701171875,1211.834716796875,1400.683349609375,790.7332763671875,26951.671875,3970.214599609375,1781.5394287109375,888.5896606445312,135.6824188232422,3872.737548828125,1622.0941162109375,3375.680908203125,2370.15283203125,11172.291015625,433.9665832519531,285.3665466308594
2024-12-24,6716.56396484375,2059.62060546875,2370.214599609375,1031.050048828125,1171.538818359375,538.4537963867188,7202.57421875,1077.1480712890625,8442.2685546875,1562.4549560546875,672.5106811523438,165.0323944091797,1551.2457275390625,268.7629699707031,4606.0224609375,1182.4530029296875,1446.5810546875,349.35162353515625,2642.67529296875,495.8028259277344,5732.5009765625,825.2275390625,1333.927001953125,4682.51318359375,194.8705596923828,184.01400756835935,1044.4400634765625,2485.040283203125,1650.2080078125,1762.2432861328125,872.6268920898438,618.579345703125,3956.51318359375,619.6495361328125,2270.126953125,1276.5550537109375,1848.93115234375,7.460000038146973,933.7875366210938,1814.9034423828125,128.5371551513672,424.6322326660156,914.1235961914062,348.804931640625,3571.236572265625,2875.16455078125,620.946533203125,10516.0244140625,2798.21826171875,1061.0921630859375,65.51117706298828,324.15008544921875,222.2561798095703,6268.57177734375,296.8144836425781,1212.28076171875,1382.443359375,781.9702758789062,26463.9609375,3873.6767578125,1785.8592529296875,893.0682373046875,134.4089813232422,3892.481689453125,1614.98974609375,3332.403564453125,2408.70751953125,11092.1953125,431.5385437011719,282.9568176269531
2024-12-26,6782.0859375,2067.294921875,2397.988525390625,1064.25,1232.73193359375,544.1050415039062,7223.615234375,1074.9515380859375,8538.875,1557.2119140625,673.2564697265625,160.00828552246094,1566.524169921875,272.07647705078125,4623.0615234375,1186.343017578125,1461.0885009765625,351.2597351074219,2630.197265625,491.573486328125,5836.0009765625,822.2862548828125,1338.1236572265625,4690.76904296875,195.82151794433597,183.614501953125,1038.0443115234375,2465.373291015625,1652.4256591796875,1765.7735595703125,869.0598754882812,622.454833984375,3971.283447265625,620.933349609375,2267.4052734375,1276.6533203125,1841.21484375,7.559999942779541,930.4429931640624,1813.3348388671875,128.14671325683594,423.3009643554688,906.7857055664062,349.55279541015625,3561.1796875,2921.25634765625,620.2112426757812,10672.150390625,2777.021728515625,1052.86474609375,66.13101196289062,323.5216979980469,223.46536254882807,6312.88916015625,297.005859375,1206.1339111328125,1404.4210205078125,782.35546875,26102.29296875,3903.1591796875,1807.802001953125,886.81787109375,134.38983154296875,3882.7958984375,1609.11669921875,3302.24365234375,2420.021240234375,11160.6552734375,429.9976806640625,282.72509765625
2024-12-27,6685.99853515625,2045.4603271484373,2407.67919921875,1054.0,1219.6014404296875,543.2623901367188,7208.84130859375,1075.7003173828125,8586.76953125,1577.1851806640625,682.34423828125,159.33444213867188,1566.866943359375,270.1895751953125,4630.48828125,1190.8316650390625,1476.8212890625,345.7173156738281,2637.2099609375,493.08050537109375,5830.35009765625,818.5115356445312,1371.99267578125,4764.57861328125,194.8804626464844,178.8483123779297,1034.7496337890625,2463.635009765625,1626.3046875,1757.6448974609375,872.69970703125,617.983154296875,3936.865478515625,609.7244873046875,2275.667236328125,1286.6907958984375,1812.8221435546875,7.46999979019165,951.8582763671876,1822.2237548828125,126.65933990478516,424.765380859375,905.645263671875,350.96875,3540.1826171875,2993.707275390625,620.2112426757812,10716.2744140625,2753.628662109375,1060.5535888671875,64.1296615600586,323.8600769042969,220.3494110107422,6310.71826171875,296.1444396972656,1210.595458984375,1400.683349609375,770.0296630859375,25811.275390625,3810.288330078125,1827.339599609375,893.7080688476562,133.0015106201172,3878.837890625,1621.3837890625,3288.48046875,2402.05859375,11107.970703125,421.2660217285156,286.4787292480469
2024-12-30,6544.455078125,2039.8155517578125,2589.90771484375,1075.6500244140625,1207.511474609375,539.9409790039062,7276.4404296875,1068.2125244140625,8444.046875,1574.5885009765625,680.4180297851562,157.56065368652344,1554.183837890625,269.95953369140625,4659.76123046875,1209.334716796875,1491.3287353515625,343.35498046875,2669.806884765625,491.2332153320313,5992.88671875,804.6384887695312,1359.6004638671875,4743.96435546875,199.15985107421875,175.35496520996094,1027.7239990234375,2427.082275390625,1627.2904052734375,1791.9710693359375,862.82373046875,613.5115356445312,3890.092529296875,593.6270751953125,2277.854248046875,1273.9964599609375,1787.447021484375,7.769999980926514,961.9419555664062,1812.00390625,125.1347885131836,423.3453674316406,891.4155883789062,347.1397705078125,3511.5810546875,2948.008056640625,629.623291015625,10577.09375,2802.6103515625,1057.761962890625,61.87235641479492,320.3797607421875,216.39633178710935,6551.654296875,294.37371826171875,1200.333984375,1399.238037109375,759.1000366210938,25554.984375,3744.86279296875,1849.576904296875,889.3278198242188,131.05784606933594,3873.203125,1649.0438232421875,3236.955322265625,2335.716552734375,10992.865234375,410.57330322265625,281.47393798828125
2024-12-31,6749.8134765625,2032.4879150390625,2526.267333984375,1040.699951171875,1219.997802734375,531.2162475585938,7258.6328125,1062.970947265625,8462.0322265625,1566.0001220703125,673.9725952148438,157.62010192871094,1555.016357421875,269.1771850585937,4624.12890625,1182.9515380859375,1498.7784423828125,349.0336608886719,2592.908935546875,492.93463134765625,6046.22265625,808.75634765625,1371.0545654296875,4710.84521484375,198.13954162597656,177.43609619140625,1048.55859375,2426.28759765625,1651.1441650390625,1781.2412109375,860.3728637695312,613.1636962890625,3865.010986328125,594.9603271484375,2261.67041015625,1261.203857421875,1768.6009521484375,7.940000057220459,958.597412109375,1787.2860107421875,126.80807495117188,429.2473449707031,893.9442138671875,356.1836853027344,3539.74072265625,2952.131591796875,626.9761962890625,10635.3232421875,2718.539306640625,1062.7327880859375,60.98423385620117,322.2649841308594,222.5352325439453,6373.9873046875,295.4744873046875,1205.043212890625,1385.832275390625,765.5037231445312,25459.7109375,3804.49658203125,1851.9822998046875,900.3521728515625,132.17808532714844,3813.598388671875,1616.2210693359375,3232.78125,2350.503173828125,11127.2529296875,415.0558471679688,279.7593078613281
2025-01-01,6765.63232421875,2033.280029296875,2552.44287109375,1046.4000244140625,1207.7095947265625,533.9923095703125,7331.5537109375,1070.0596923828125,8406.203125,1574.2890625,685.0656127929688,158.4822235107422,1562.802490234375,271.80035400390625,4655.1982421875,1181.3555908203125,1498.87646484375,351.0780029296875,2613.270263671875,496.7751159667969,6020.64501953125,808.3641357421875,1351.7996826171875,4772.78515625,198.6249237060547,177.53831481933594,1046.1358642578125,2425.7412109375,1656.0726318359375,1776.1781005859375,865.1774291992188,613.3128051757812,3887.0732421875,585.5784301757812,2257.0537109375,1263.1719970703125,1790.0684814453125,8.010000228881836,967.8324584960938,1789.6627197265625,127.39371490478516,429.5135803222656,897.8611450195312,356.6523132324219,3598.464111328125,3025.662353515625,631.3880004882812,10978.0341796875,2725.8916015625,1062.3409423828125,61.03974533081055,322.5549621582031,220.39593505859372,6353.35791015625,297.10162353515625,1210.7935791015625,1395.7994384765625,763.8185424804688,25271.49609375,3862.1806640625,1855.5167236328125,905.8643188476562,130.92379760742188,3830.036376953125,1613.9949951171875,3233.47705078125,2388.313720703125,11147.361328125,415.0558471679688,278.3227233886719
2025-01-02,6729.74609375,2049.9658203125,2595.25244140625,1046.5,1214.94384765625,545.1461181640625,7383.28466796875,1084.83544921875,8732.1875,1698.37255859375,729.9015502929688,159.47317504882812,1576.5137939453125,273.2730407714844,4648.4501953125,1268.2852783203125,1507.502685546875,357.0292358398437,2689.587890625,499.1084899902344,6091.77685546875,819.0508422851562,1357.773681640625,5185.84765625,204.20199584960935,177.547607421875,1059.6055908203125,2526.857421875,1677.068115234375,1832.149658203125,870.5158081054688,616.2442016601562,4005.190185546875,591.55322265625,2303.612060546875,1270.0111083984375,1813.267333984375,8.140000343322754,989.7468872070312,1861.296875,128.2489776611328,434.0399475097656,904.8519897460938,366.3743286132813,3643.598388671875,3152.402587890625,640.5548706054688,11598.029296875,2767.712158203125,1077.4979248046875,62.621707916259766,326.76031494140625,228.8787841796875,6397.1328125,301.6481018066406,1231.167724609375,1417.57763671875,771.522216796875,26446.326171875,3899.055419921875,1843.784423828125,915.0676879882812,132.3025360107422,3888.9892578125,1635.8768310546875,3367.731201171875,2482.44287109375,11488.8818359375,420.00531005859375,281.56658935546875
2025-01-03,6640.34716796875,2034.913818359375,2562.18359375,1038.25,1188.732421875,544.0059204101562,7260.62255859375,1083.1383056640625,8622.740234375,1698.822021484375,731.6845703125,156.25259399414062,1565.8875732421875,272.81280517578125,4693.40283203125,1316.9122314453125,1481.37939453125,357.6651916503906,2728.906982421875,510.338134765625,5996.158203125,811.8446044921875,1335.655029296875,5188.43701171875,203.3203582763672,177.53831481933594,1082.0875244140625,2493.135498046875,1675.6881103515625,1808.4141845703125,848.8953857421875,619.0762329101562,3941.649658203125,583.8008422851562,2338.846435546875,1244.86865234375,1818.510498046875,8.270000457763672,996.2863159179688,1843.1387939453125,128.41629028320312,427.4279174804688,907.380615234375,366.6734924316406,3591.007080078125,3132.22802734375,648.006103515625,11689.0703125,2739.593017578125,1093.4141845703125,62.59395217895508,328.5487976074219,240.8031311035156,6322.908203125,302.5095520019531,1240.437744140625,1442.9439697265625,764.0111694335938,25858.091796875,3847.3671875,1815.950927734375,924.7139282226562,132.4748992919922,3818.34814453125,1600.3543701171875,3430.03857421875,2464.08349609375,11477.48828125,427.9431762695313,272.9009094238281
2025-01-06,6464.7236328125,1964.754638671875,2472.118408203125,982.5999755859376,1152.5615234375,525.3667602539062,7390.74658203125,1061.6732177734375,8486.3154296875,1682.343994140625,725.9652709960938,150.237548828125,1555.701904296875,262.18194580078125,4651.7998046875,1290.927978515625,1461.921630859375,344.1272888183594,2663.326416015625,490.8442993164063,5840.8583984375,790.0791015625,1333.3839111328125,5129.18408203125,195.6729431152344,171.57359313964844,1106.5074462890625,2444.017822265625,1622.6082763671875,1814.3597412109373,830.1141357421875,602.1336059570312,3904.21240234375,566.9627685546875,2309.63818359375,1243.933837890625,1793.3331298828125,7.880000114440918,968.4813232421876,1842.283203125,123.5265655517578,407.98931884765625,893.3493041992188,354.9073791503906,3535.37451171875,3048.928955078125,635.65283203125,11514.1396484375,2766.709716796875,1070.05419921875,60.04060745239258,316.6094970703125,236.5896148681641,6229.3369140625,292.8901062011719,1207.5714111328125,1429.9368896484375,747.6408081054688,25672.15625,3767.9130859375,1813.741943359375,932.047119140625,126.55775451660156,3813.78466796875,1597.37060546875,3448.6708984375,2395.5087890625,11202.4794921875,413.0480041503906,272.7618713378906
2025-01-07,6548.60546875,1999.06689453125,2518.17529296875,1005.5,1163.4127197265625,531.1666870117188,7398.3076171875,1065.7666015625,8473.2841796875,1680.49658203125,726.4196166992188,153.57704162597656,1558.0523681640625,260.2950439453125,4691.6064453125,1272.7740478515625,1467.8519287109375,345.0813293457031,2655.587890625,494.73333740234375,5857.01806640625,794.9321899414062,1334.5689697265625,5058.06005859375,195.45501708984372,172.8650360107422,1118.0877685546875,2450.672607421875,1612.65283203125,1779.8477783203125,831.521484375,615.946044921875,3866.357666015625,577.2334594726562,2323.829345703125,1258.8421630859375,1863.523193359375,8.0600004196167,982.0093994140624,1835.6282958984373,124.8744659423828,406.5607299804688,904.1578979492188,353.3917541503906,3574.7197265625,3052.021484375,630.9957885742188,11480.4951171875,2793.969482421875,1083.5950927734375,61.03049087524414,317.67291259765625,245.08175659179688,6252.18603515625,291.9808044433594,1230.2257080078125,1472.895263671875,749.9037475585938,25766.5859375,3773.122802734375,1819.632568359375,940.02001953125,127.70672607421876,3751.6650390625,1583.01953125,3483.154052734375,2366.3818359375,11314.421875,418.6045227050781,272.5301513671875
2025-01-08,6500.56201171875,1988.4217529296875,2512.880126953125,988.9500122070312,1141.9085693359375,533.4470825195312,7105.7275390625,1073.2044677734375,8311.662109375,1694.7275390625,726.5628051757812,150.3465576171875,1566.230224609375,263.9767761230469,4718.45166015625,1272.0260009765625,1465.3525390625,345.5810546875,2698.438232421875,499.4973754882813,5817.80908203125,786.8927001953125,1353.5277099609375,5044.28515625,193.6620330810547,177.06446838378906,1120.4617919921875,2419.38427734375,1620.1932373046875,1795.0364990234375,822.2522583007812,614.1077270507812,3844.109375,579.3568115234375,2333.74365234375,1243.58935546875,1839.28564453125,7.989999771118164,979.4635620117188,1837.81494140625,125.12548828125,414.34906005859375,894.737548828125,352.7137145996094,3528.653564453125,3029.6875,625.8977661132812,11579.1259765625,2792.6806640625,1087.145751953125,61.05824279785156,314.57928466796875,252.3740081787109,6149.4365234375,293.51226806640625,1254.664794921875,1458.34326171875,742.5853271484375,25789.91796875,3665.14697265625,1804.2677001953125,946.5164794921876,126.99819946289062,3826.264404296875,1576.009765625,3462.23583984375,2343.854248046875,11105.0498046875,416.87689208984375,275.77398681640625
2025-01-09,6330.11328125,1954.5552978515625,2475.565185546875,977.7000122070312,1122.1383056640625,520.756591796875,7054.8916015625,1060.02587890625,8497.8564453125,1688.0364990234375,718.8629760742188,147.56199645996094,1573.9185791015625,257.7178955078125,4782.9189453125,1284.9432373046875,1458.784912109375,338.17608642578125,2795.9873046875,506.692138671875,5774.3369140625,765.372314453125,1354.366943359375,5021.52197265625,191.62139892578125,170.04061889648438,1144.542724609375,2394.20458984375,1606.8863525390625,1797.405517578125,809.3916625976562,608.3442993164062,3847.035400390625,581.9244384765625,2367.1796875,1242.260986328125,1868.0244140625,7.920000076293945,979.3138427734376,1822.7467041015625,122.89440155029295,414.8559875488281,883.482666015625,357.0113220214844,3461.491943359375,3069.348876953125,653.839599609375,11499.349609375,2742.1708984375,1104.8492431640625,59.92033386230469,309.6972351074219,244.79339599609372,6099.24609375,292.1722412109375,1244.0067138671875,1463.625732421875,732.2816162109375,25724.869140625,3632.34716796875,1793.0753173828125,954.8831787109376,124.40345764160156,3761.49072265625,1556.16455078125,3465.217041015625,2308.772705078125,10965.0625,409.8728942871094,270.908203125
2025-01-10,6264.88330078125,1912.22216796875,2372.162841796875,943.0499877929688,1102.1700439453125,506.8763427734375,7000.375,1039.010009765625,8428.7548828125,1698.9718017578125,719.9100341796875,142.65679931640625,1582.5860595703125,255.5549468994141,4795.44384765625,1251.876953125,1439.7684326171875,334.8142395019531,2738.0478515625,503.53228759765625,5721.595703125,737.4300537109375,1337.3831787109375,4941.94775390625,187.32220458984372,166.84457397460938,1137.9532470703125,2348.216064453125,1577.36474609375,1853.4234619140625,804.0289916992188,604.816650390625,3829.339111328125,567.3084716796875,2373.6435546875,1229.9111328125,1857.488525390625,7.75,936.0838012695312,1869.9478759765625,121.10956573486328,410.0631408691406,892.555908203125,350.2308349609375,3469.586669921875,3036.31396484375,660.7024536132812,11392.1474609375,2783.275634765625,1100.858154296875,58.31987380981445,297.9996032714844,244.64459228515625,6237.7265625,286.8600158691406,1231.266845703125,1473.443603515625,715.71875,25503.41015625,3553.475341796875,1752.2823486328125,957.540771484375,122.00980377197266,3972.7158203125,1615.6527099609375,3418.7099609375,2265.90087890625,10580.7919921875,403.5693054199219,278.5544128417969
2025-01-13,5965.68359375,1841.320068359375,2223.053466796875,889.75,1057.0308837890625,488.9807434082031,6804.244140625,1047.5960693359375,8267.421875,1671.9080810546875,706.3673706054688,136.42373657226562,1564.271484375,244.1876983642578,4783.64697265625,1219.459228515625,1410.75341796875,329.7261657714844,2661.97216796875,496.5805969238281,5683.08056640625,696.8892822265625,1318.3255615234375,4825.3466796875,185.95518493652344,159.9414825439453,1123.126708984375,2272.776123046875,1510.14013671875,1848.128173828125,791.4596557617188,595.97265625,3756.369140625,556.741455078125,2382.343017578125,1210.1318359375,1817.27392578125,7.739999771118164,940.1771850585938,1865.4322509765625,113.40309143066406,404.6712036132813,876.3429565429688,346.6810913085937,3399.08935546875,2944.8173828125,655.3101806640625,11261.48828125,2651.989013671875,1095.6915283203125,55.50749206542969,288.2838134765625,237.8638916015625,5925.576171875,275.2784118652344,1229.234375,1462.5792236328125,702.4780883789062,24647.4921875,3377.978515625,1715.072998046875,950.3060913085938,117.70121002197266,3996.41845703125,1572.1259765625,3361.570068359375,2160.0615234375,10337.287109375,386.3395690917969,270.4911499023437
2025-01-14,6002.15625,1927.2738037109373,2378.30712890625,1006.8499755859376,1107.02587890625,510.9412536621094,6672.1806640625,1049.9423828125,8281.80078125,1711.205322265625,724.5477294921875,146.60076904296875,1567.1116943359375,248.69776916503903,4720.87890625,1267.4874267578125,1419.134521484375,335.4957275390625,2624.490478515625,498.2820739746094,5938.658203125,709.0956420898438,1320.744873046875,4913.712890625,190.74966430664065,163.48129272460938,1105.15087890625,2295.0751953125,1503.1907958984375,1684.7659912109375,799.1031494140625,596.6682739257812,3811.177734375,583.553955078125,2301.619140625,1220.5135498046875,1811.5855712890625,8.25,960.544189453125,1844.374755859375,117.71648406982422,402.4130859375,898.4561157226562,349.11407470703125,3397.421142578125,2993.756591796875,648.153076171875,11499.9375,2654.61474609375,1086.7293701171875,58.61591339111328,300.078125,242.1797332763672,5803.875,277.8148498535156,1228.143798828125,1494.32470703125,720.437255859375,24900.859375,3412.990234375,1738.58642578125,948.042236328125,121.53106689453124,3942.3544921875,1560.6168212890625,3301.697265625,2218.017822265625,10209.326171875,402.121826171875,271.41796875
2025-01-15,6048.19775390625,1950.4456787109373,2385.899658203125,1035.050048828125,1118.719482421875,514.8574829101562,6657.2578125,1025.132568359375,8249.87109375,1669.4114990234375,708.9800415039062,146.9376983642578,1574.3101806640625,245.75244140625,4735.05419921875,1250.679931640625,1418.59521484375,340.3566589355469,2577.529296875,501.1988220214844,5826.1865234375,720.4196166992188,1320.399169921875,4964.857421875,192.3148193359375,165.32086181640625,1093.8131103515625,2301.978515625,1505.11279296875,1696.0531005859375,797.38037109375,590.4576416015625,3819.7705078125,584.19580078125,2306.52783203125,1218.49609375,1874.257080078125,8.760000228881836,960.8936767578124,1853.501220703125,118.0139617919922,403.1043701171875,896.4728393554688,356.89166259765625,3435.49072265625,2906.137939453125,646.82958984375,11701.951171875,2654.13720703125,1077.228515625,58.47714614868164,310.6640014648437,240.1427154541016,6032.02783203125,285.85498046875,1241.478515625,1467.9117431640625,725.7816772460938,25063.7578125,3381.005126953125,1724.8416748046875,940.5614013671876,121.14807891845705,3957.768310546875,1587.5662841796875,3302.69091796875,2233.399658203125,10246.234375,406.46429443359375,271.23260498046875
2025-01-16,6160.0068359375,1968.5177001953125,2425.562744140625,1070.25,1140.3724365234375,535.5291137695312,6754.5517578125,1036.314453125,8253.6689453125,1695.0770263671875,717.1145629882812,149.80152893066406,1596.5911865234375,245.660400390625,4703.54833984375,1278.8585205078125,1414.9683837890625,344.2181701660156,2565.72900390625,507.9074401855469,5865.0478515625,726.3511962890625,1286.3819580078125,4931.54248046875,193.582763671875,167.71791076660156,1114.017578125,2334.90576171875,1535.96533203125,1664.978271484375,801.7481689453125,637.3604125976562,3784.65625,595.1084594726562,2279.312255859375,1229.173095703125,1887.464111328125,8.930000305175781,973.7727661132812,1833.3466796875,118.15340423583984,398.9567260742188,899.1997680664062,360.0724792480469,3441.868408203125,2926.115966796875,639.8195190429688,11843.873046875,2693.905029296875,1062.3653564453125,60.762203216552734,314.6759948730469,244.79339599609372,5992.89208984375,284.8978271484375,1255.6065673828125,1508.62744140625,737.9149169921875,25185.486328125,3498.3232421875,1731.174072265625,922.9913940429688,122.3736343383789,3917.44189453125,1598.6494140625,3296.132080078125,2260.740478515625,10357.7861328125,420.0987243652344,266.96923828125
2025-01-17,6374.10498046875,1995.2545166015625,2397.5390625,1078.199951171875,1153.007568359375,531.6624755859375,6792.8037109375,989.440673828125,8253.140625,1678.3994140625,709.4443359375,149.87091064453125,1593.9468994140625,251.8272399902344,4713.11181640625,1254.2210693359375,1413.7921142578125,352.2137145996094,2595.81103515625,511.4562072753906,5865.0478515625,734.3416748046875,1292.948486328125,4896.8603515625,189.7788848876953,168.11740112304688,1150.98681640625,2359.886962890625,1551.6871337890625,1678.726318359375,794.3229370117188,638.1553344726562,3806.858154296875,609.3294677734375,2288.060302734375,1205.9002685546875,1927.87646484375,9.109999656677246,969.3799438476562,1725.9193115234375,119.05513763427734,405.7312316894531,900.9846801757812,350.70947265625,3501.474853515625,2864.022216796875,651.3884887695312,11887.017578125,2689.89501953125,1085.8232421875,61.64106750488281,315.30438232421875,247.9466094970703,5883.923828125,289.6357727050781,1291.19921875,1535.439208984375,735.79638671875,25084.416015625,3599.139404296875,1754.00048828125,939.4786987304688,124.73857879638672,3911.75048828125,1572.7418212890625,3336.37841796875,2283.76416015625,10303.0576171875,424.02093505859375,261.3157043457031
2025-01-20,6371.9072265625,1986.14404296875,2440.498291015625,1066.75,1138.3409423828125,530.7701416015625,6745.7978515625,986.445556640625,8217.5556640625,1732.8763427734375,734.9295043945312,151.06004333496094,1607.3155517578125,255.23275756835935,4743.20947265625,1243.74755859375,1416.8798828125,351.6685485839844,2619.944091796875,507.129638671875,5948.86962890625,745.7146606445312,1285.987060546875,4901.2080078125,192.2058563232422,169.148681640625,1130.539794921875,2385.861083984375,1578.2025146484375,1685.5765380859375,801.35986328125,630.056640625,3801.37744140625,610.4652099609375,2279.506591796875,1213.28076171875,1902.10546875,9.9399995803833,969.1303100585938,1723.87548828125,121.31407928466795,403.4269409179688,911.495849609375,382.9964294433594,3525.36669921875,2835.306884765625,644.5745849609375,11773.107421875,2678.485107421875,1084.2562255859375,62.08513259887695,324.8751525878906,250.5416717529297,6011.9423828125,293.12939453125,1294.272705078125,1494.773193359375,750.38525390625,24916.513671875,3571.898193359375,1745.8516845703125,945.2368774414062,126.05987548828124,3867.647216796875,1586.28759765625,3361.0732421875,2275.52734375,10346.34375,430.464599609375,278.27642822265625
2025-01-21,6133.59326171875,1997.8291015625,2382.053466796875,1045.699951171875,1096.22412109375,527.200927734375,6883.38232421875,968.6245727539062,8144.60693359375,1714.70068359375,720.265625,148.91958618164062,1592.624755859375,257.9020080566406,4761.12255859375,1237.36376953125,1399.7747802734375,346.6712951660156,2642.433349609375,506.7893371582031,5768.73583984375,723.4589233398438,1271.9654541015625,4855.48583984375,190.5416412353516,167.15118408203125,1123.0782470703125,2351.5927734375,1554.003662109375,1691.394775390625,797.06494140625,620.0699462890625,3738.858642578125,607.304931640625,2274.93798828125,1177.0677490234375,1882.121826171875,9.359999656677246,958.8969116210938,1711.896728515625,121.8532485961914,403.2886657714844,919.0817260742188,377.5720825195313,3474.443603515625,2769.727783203125,653.3493041992188,11639.55859375,2648.2177734375,1075.6614990234375,61.33578109741211,313.5158996582031,247.23036193847656,5820.25927734375,289.396484375,1262.7945556640625,1461.732177734375,730.9334716796875,24857.8046875,3448.00244140625,1730.5849609375,956.851806640625,124.18324279785156,3827.85888671875,1553.98583984375,3332.354248046875,2274.485107421875,10388.55859375,423.8808288574219,276.5154724121094
2025-01-22,6132.07958984375,1981.242431640625,2374.31103515625,1031.699951171875,1092.309814453125,532.05908203125,6857.2685546875,957.7421875,8137.20068359375,1740.9654541015625,730.6869506835938,150.13844299316406,1598.1092529296875,255.5089111328125,4812.4345703125,1253.921875,1410.949462890625,344.5361328125,2680.833984375,506.0601501464844,5762.39111328125,699.83056640625,1279.9637451171875,4894.32080078125,188.3127899169922,163.94583129882812,1117.3125,2372.104248046875,1535.3265380859375,1715.1363525390625,808.5423583984375,614.3064575195312,3767.5634765625,605.8236083984375,2277.3193359375,1181.299072265625,1830.0853271484373,9.510000228881836,969.3799438476562,1764.8974609375,121.33267211914062,402.78173828125,911.6942138671876,382.3981628417969,3451.974609375,2774.78369140625,652.3198852539062,11773.4013671875,2682.017822265625,1081.219970703125,60.77145385742188,311.6790771484375,245.6026153564453,5609.4775390625,284.8021545410156,1266.1654052734375,1455.2535400390625,725.5409545898438,25061.728515625,3408.916015625,1766.174560546875,952.2255249023438,123.43641662597656,3942.385986328125,1595.1444091796875,3335.4345703125,2255.97705078125,10413.8291015625,421.63958740234375,286.4787292480469
2025-01-23,6181.48974609375,2025.259033203125,2382.7529296875,1030.25,1094.0439453125,544.1050415039062,6885.07373046875,949.505615234375,8078.63134765625,1743.8116455078125,735.2406005859375,149.7718048095703,1602.271728515625,249.66421508789065,4866.70703125,1242.899658203125,1422.46728515625,350.5328063964844,2649.30078125,510.04632568359375,5800.509765625,701.0560913085938,1273.1998291015625,4998.36767578125,188.9566802978516,166.9188995361328,1109.7537841796875,2444.613525390625,1576.4853515625,1695.7115478515625,807.9843139648438,617.0888671875,3809.04150390625,600.6882934570312,2256.664794921875,1182.5784912109375,1814.4544677734373,9.510000228881836,969.3799438476562,1773.45361328125,120.69124603271484,405.7312316894531,922.106201171875,377.8811645507813,3437.30615234375,2833.686767578125,654.8199462890625,11798.279296875,2787.047119140625,1076.8858642578125,62.99175262451172,312.8875427246094,244.6725006103516,6206.19091796875,281.7392578125,1252.83056640625,1445.0869140625,718.2706298828125,25690.189453125,3531.967529296875,1800.1932373046875,968.4667358398438,124.82473754882812,3931.81103515625,1623.0413818359375,3377.271240234375,2282.623046875,11121.9462890625,416.9702453613281,294.4493713378906
2025-01-24,6033.6962890625,2038.8748779296875,2312.9189453125,1012.0999755859376,1084.2828369140625,547.0794067382812,6710.18310546875,946.959716796875,8080.1220703125,1726.385009765625,734.78125,147.4827117919922,1610.8902587890625,242.8070831298828,4953.068359375,1219.9578857421875,1383.5029296875,348.0341796875,2661.826904296875,507.1782531738281,5712.92138671875,681.6436157226562,1209.016357421875,5086.39208984375,186.34149169921875,163.3697967529297,1095.363525390625,2474.014892578125,1505.235595703125,1682.4327392578125,800.6561889648438,617.1881713867188,3764.033203125,599.3551025390625,2301.76513671875,1189.90966796875,1796.2022705078125,9.460000038146973,949.262451171875,1782.96044921875,119.23174285888672,407.0215759277344,924.6348266601562,376.1561279296875,3393.10400390625,2750.19140625,653.1532592773438,11722.029296875,2873.314453125,1081.268798828125,61.77058792114258,312.8875427246094,238.5894012451172,6278.1953125,283.17498779296875,1235.6292724609375,1435.66796875,716.58544921875,25547.8515625,3422.44921875,1789.0008544921875,976.7841796875,124.22154998779295,3938.355224609375,1632.1826171875,3380.848388671875,2253.4462890625,10990.4306640625,412.7678833007813,296.6737060546875
2025-01-27,5940.34326171875,1975.944580078125,2257.57080078125,998.9500122070312,1072.242431640625,530.3240356445312,6660.83935546875,946.5604248046876,8063.8681640625,1709.3079833984375,720.6409301757812,148.1466522216797,1569.5601806640625,240.5060272216797,5025.59423828125,1172.37841796875,1368.5052490234375,341.40155029296875,2619.944091796875,509.3171997070313,5528.67333984375,690.1243286132812,1182.6025390625,5026.015625,189.343017578125,155.76060485839844,1091.7779541015625,2441.534423828125,1488.041015625,1606.51513671875,790.9500732421875,606.3568725585938,3730.637451171875,579.6036987304688,2325.82177734375,1208.3604736328125,1759.6478271484375,8.890000343322754,924.951904296875,1732.1463623046875,115.4296417236328,405.6390075683594,911.6445922851562,375.1989135742188,3392.564453125,2779.839599609375,643.790283203125,11747.4453125,2804.377197265625,1065.034423828125,59.60579681396485,311.4857482910156,233.2597198486328,5982.6767578125,274.7041320800781,1218.82421875,1419.720458984375,721.4483642578125,24902.048828125,3368.694091796875,1754.2950439453125,950.650634765625,120.99488830566406,3855.648681640625,1566.6793212890625,3298.567138671875,2214.44482421875,10945.2939453125,395.8649291992188,285.41290283203125
2025-01-28,5857.9755859375,1981.6881103515625,2283.89599609375,987.2999877929688,1070.9542236328125,538.50341796875,6674.26953125,982.202392578125,8077.14111328125,1766.5810546875,751.376220703125,149.75198364257812,1584.9854736328125,237.51466369628903,4913.4560546875,1238.5606689453125,1392.5211181640625,336.7677307128906,2591.699951171875,510.7755737304688,5363.5595703125,712.5271606445312,1166.4085693359375,4987.81591796875,182.36920166015625,154.3484344482422,1091.002685546875,2395.0986328125,1475.144775390625,1588.9669189453125,810.6534423828125,607.6983032226562,3740.298583984375,566.7158813476562,2321.933837890625,1227.0081787109375,1755.690673828125,9.0,932.639404296875,1739.5142822265625,113.95157623291016,401.3531188964844,908.4714965820312,376.46527099609375,3349.637939453125,2818.126708984375,650.9473266601562,11874.6767578125,2753.437744140625,1055.9990234375,59.10622787475586,307.6670837402344,231.3064117431641,5833.6826171875,271.7847900390625,1223.8311767578125,1414.836669921875,724.5298461914062,25795.419921875,3308.739990234375,1674.42724609375,946.1720581054688,123.14917755126952,3832.07958984375,1561.421875,3305.07568359375,2318.0517578125,11000.6552734375,397.2190551757813,286.9725341796875
2025-01-29,5967.24560546875,1982.38134765625,2316.41552734375,987.6500244140624,1087.0576171875,517.6334838867188,6749.2294921875,981.8031005859376,8295.8896484375,1788.00244140625,766.4945068359375,148.97903442382812,1567.4544677734375,241.22218322753903,4890.44580078125,1293.2720947265625,1395.8048095703125,344.7632751464844,2642.4814453125,503.7267150878906,5571.69921875,730.8121337890625,1166.3592529296875,5063.53125,184.4296417236328,153.50294494628906,1083.5411376953125,2437.163818359375,1510.1766357421875,1613.131103515625,814.0020141601562,624.3925170898438,3783.123291015625,576.8384399414062,2317.1708984375,1231.6824951171875,1821.7752685546875,8.9399995803833,946.7665405273438,1788.474365234375,114.93695831298828,399.4175415039063,929.7415771484376,382.966552734375,3384.763916015625,2870.894287109375,658.692626953125,11731.8232421875,2873.266845703125,1067.9482421875,60.83621597290039,310.5673217773437,233.8363800048828,6194.59326171875,275.5177307128906,1224.921630859375,1456.1005859375,730.355712890625,26408.126953125,3390.34765625,1703.7333984375,945.4337768554688,125.23645782470705,3888.512939453125,1592.4923095703125,3349.64501953125,2446.02197265625,11242.650390625,402.121826171875,295.3378295898437
2025-01-30,5584.9462890625,1974.0631103515625,2250.4775390625,971.8499755859376,1067.3370361328125,505.19085693359375,6789.37109375,983.1010131835938,8413.1748046875,1742.8629150390625,780.5211181640625,146.907958984375,1606.9237060546875,241.3629608154297,4927.630859375,1276.1654052734375,1428.6427001953125,349.85137939453125,2680.592041015625,518.8939208984375,5686.451171875,735.3711547851562,1179.4920654296875,5045.40869140625,183.2211151123047,155.25892639160156,1083.8802490234375,2474.958251953125,1525.7904052734375,1607.5943603515625,820.8933715820312,630.156005859375,3880.98876953125,580.5418701171875,2341.276611328125,1235.5693359375,1825.732421875,8.989999771118164,955.5023803710938,1768.224853515625,118.17200469970705,402.0444030761719,942.880615234375,379.2073364257813,3356.55517578125,2917.133056640625,658.9866943359375,11753.4697265625,2738.017578125,1085.8968505859375,60.17012786865234,312.2591247558594,238.78472900390625,5978.18505859375,282.6964111328125,1242.3214111328125,1468.061279296875,734.3519897460938,26585.642578125,3431.6123046875,1707.4149169921875,951.5365600585938,125.54283142089844,3888.750244140625,1582.0247802734375,3347.3095703125,2436.593994140625,11178.9140625,403.8494873046875,292.0767822265625
2025-01-31,5736.5966796875,1988.0751953125,2285.64453125,997.5499877929688,1089.4359130859375,508.4130554199219,6775.29443359375,984.4986572265624,8509.349609375,1733.7750244140625,778.8863525390625,150.00962829589844,1592.7716064453125,245.07046508789065,4980.3505859375,1282.59912109375,1450.158935546875,365.0181884765625,2729.197265625,515.1507568359375,5529.615234375,730.468994140625,1202.054931640625,5074.66845703125,185.4499664306641,164.55902099609375,1086.5452880859375,2491.9931640625,1547.7283935546875,1619.1839599609375,824.4118041992188,634.0314331054688,4030.87548828125,586.91162109375,2399.64453125,1232.814208984375,1838.5931396484373,9.050000190734863,989.59716796875,1787.095947265625,119.44556427001952,412.4595642089844,937.0796508789062,379.16748046875,3500.248291015625,2935.197021484375,657.51611328125,12057.7373046875,2738.351806640625,1132.837158203125,61.15075302124024,315.6691589355469,244.26321411132807,5974.12548828125,288.7264709472656,1254.2681884765625,1478.7259521484375,744.2705078125,27542.232421875,3547.6201171875,1712.176513671875,1008.5775756835938,128.89398193359375,3900.4638671875,1586.1455078125,3468.39697265625,2439.223876953125,11186.75390625,412.20751953125,294.81793212890625
2025-02-01,5370.2626953125,1981.53955078125,2267.861328125,996.5,1074.323486328125,497.2097473144531,6805.736328125,996.5291748046876,8805.375,1751.651123046875,790.2459716796875,150.01954650878906,1589.7845458984375,239.95504760742188,5049.9638671875,1262.3006591796875,1411.0474853515625,355.2450561523437,2803.725341796875,524.1441040039062,5570.11279296875,745.763671875,1189.810791015625,5266.0078125,182.3592834472656,163.14683532714844,1154.8145751953125,2424.350830078125,1636.6669921875,1589.6707763671875,820.62646484375,621.5604858398438,4089.3994140625,579.1593017578125,2435.85107421875,1235.520263671875,1859.8133544921875,9.600000381469728,1007.7677612304688,1760.0489501953125,116.59165954589844,426.3310852050781,926.4197387695312,379.52642822265625,3382.60546875,3020.508544921875,680.6048583984375,12651.140625,2672.0400390625,1139.6934814453125,59.55953979492188,309.5311584472656,239.5567321777344,5876.03515625,277.4320373535156,1253.7724609375,1449.572021484375,737.6260375976562,27114.025390625,3357.719970703125,1710.45849609375,1053.0684814453125,127.3141632080078,3863.236572265625,1559.5748291015625,3529.76025390625,2535.685546875,10964.4296875,410.8067626953125,288.1067810058594
2025-02-03,5075.212890625,1971.0924072265625,2259.71923828125,970.0999755859376,1075.0667724609375,490.9140625,6763.50537109375,987.7933959960938,8585.0869140625,1792.4464111328125,832.2964477539062,146.22421264648438,1618.2845458984375,234.22955322265625,4956.95166015625,1334.2681884765625,1392.47216796875,344.82647705078125,2673.047119140625,519.7203369140625,5833.3740234375,733.99853515625,1188.724609375,5358.91796875,178.8624725341797,161.97618103027344,1124.501708984375,2457.029541015625,1640.5704345703125,1587.7940673828125,814.3417358398438,617.486328125,3982.105224609375,566.9133911132812,2373.54638671875,1233.0108642578125,1865.155517578125,9.06999969482422,1011.0623779296876,1771.40966796875,112.44559478759766,418.773193359375,926.1222534179688,375.8171081542969,3227.285400390625,3115.29345703125,660.1632080078125,12870.0,2690.42041015625,1134.7470703125,57.62603378295898,303.2469787597656,231.6040802001953,6017.84716796875,271.6412048339844,1235.232666015625,1455.1536865234375,732.7631225585938,27303.876953125,3052.60009765625,1708.8876953125,1020.0448608398438,126.21307373046876,3858.968505859375,1567.43701171875,3557.883056640625,2633.585693359375,10882.1416015625,393.8104248046875,296.4248352050781
2025-02-04,5497.255859375,2006.5927734375,2299.33154296875,983.1500244140624,1114.9537353515625,509.3053894042969,6757.0888671875,1013.6513061523438,8570.517578125,1810.8218994140625,837.1909790039062,149.64297485351562,1627.1968994140625,240.23663330078125,4881.9990234375,1391.37353515625,1420.4088134765625,347.1776123046875,2629.85888671875,526.0399780273438,6043.69482421875,747.2833862304688,1204.622314453125,5324.5771484375,179.52618408203125,165.3766326904297,1104.7469482421875,2468.00537109375,1607.1690673828125,1625.8465576171875,835.161376953125,621.9579467773438,3936.075927734375,576.6903686523438,2369.755615234375,1247.9683837890625,1854.3228759765625,9.399999618530272,1045.4566650390625,1805.158935546875,115.69923400878906,419.5105285644531,936.3358764648438,384.59185791015625,3374.412353515625,3130.755615234375,663.790771484375,12840.6171875,2678.676025390625,1126.1033935546875,59.19874572753906,310.8951416015625,236.3477783203125,6052.65673828125,273.41192626953125,1274.196044921875,1467.5628662109375,750.3370971679688,27678.4765625,3166.301025390625,1733.088623046875,1017.9776611328124,127.7450180053711,3895.38916015625,1571.5577392578125,3575.174072265625,2624.306884765625,11217.6240234375,408.7522583007813,298.9296875
2025-02-05,5609.94482421875,2026.496826171875,2322.409912109375,1017.7999877929688,1134.0301513671875,517.3360595703125,6908.7509765625,1011.654541015625,8586.2900390625,1794.3438720703125,840.5593872070312,152.5662841796875,1626.217529296875,245.2112579345703,4789.08447265625,1384.4908447265625,1408.40087890625,352.9861755371094,2615.01123046875,516.7550048828125,6070.7099609375,748.4598999023438,1212.126953125,5292.43505859375,182.1413726806641,166.77024841308594,1088.6904296875,2473.269775390625,1588.936767578125,1607.35986328125,843.363037109375,623.8956909179688,3967.009765625,593.13330078125,2324.072265625,1247.476318359375,1834.784423828125,9.539999961853027,1059.48388671875,1803.4952392578125,117.5305633544922,413.0586853027344,941.9385986328124,381.2514953613281,3319.515625,3120.643798828125,655.6533203125,12817.9423828125,2713.478759765625,1101.372314453125,60.26263427734375,311.3822937011719,243.37026977539065,6129.455078125,272.98126220703125,1267.2559814453125,1464.323486328125,737.6741943359375,28193.36328125,3259.732421875,1720.81640625,999.3742065429688,128.68331909179688,3880.26171875,1573.4049072265625,3469.042724609375,2597.164794921875,11282.431640625,415.0558471679688,299.733154296875
2025-02-06,5547.8876953125,1974.40966796875,2310.271240234375,997.5999755859376,1153.5526123046875,509.7515563964844,6838.71533203125,1019.0425415039062,8507.955078125,1785.6055908203125,840.346923828125,150.9014892578125,1586.3565673828125,246.43142700195312,4811.80322265625,1378.40625,1442.4149169921875,349.9896850585937,2578.83544921875,511.6020202636719,6066.94287109375,749.09716796875,1221.112548828125,5218.966796875,181.89370727539065,165.75753784179688,1089.517333984375,2482.20947265625,1583.798095703125,1617.3538818359375,846.299072265625,627.9698486328125,3929.526611328125,588.04736328125,2306.236083984375,1252.101318359375,1808.3209228515625,9.270000457763672,1063.8270263671875,1821.1781005859373,117.14942169189452,406.5607299804688,940.451171875,382.0890502929688,3289.63916015625,3082.552978515625,648.5942993164062,12805.4052734375,2697.963134765625,1096.7197265625,60.25338363647461,304.7571105957031,238.2545623779297,6168.2255859375,269.1047668457031,1270.577392578125,1460.2867431640625,724.3853759765625,27618.076171875,3295.072265625,1720.5693359375,1007.2978515625,126.9024429321289,3872.342041015625,1581.55126953125,3389.394775390625,2571.66015625,11176.91796875,414.4021301269531,300.5365905761719
2025-02-07,5552.1357421875,1979.6085205078125,2336.596435546875,989.5,1135.764404296875,508.3634948730469,6755.447265625,1022.43701171875,8645.533203125,1795.9417724609375,837.0823364257812,150.99066162109375,1642.1815185546875,248.0739898681641,4728.7431640625,1377.95703125,1443.150146484375,348.7450256347656,2526.699462890625,512.4769897460938,6087.61279296875,742.6262817382812,1224.8154296875,5248.8134765625,186.3712310791016,164.92831420898438,1077.0128173828125,2470.88623046875,1595.0634765625,1619.37158203125,840.9122314453125,631.6962280273438,3970.9580078125,599.8488159179688,2297.634033203125,1236.8487548828125,1807.381103515625,9.470000267028809,1077.35498046875,1809.769775390625,116.30347442626952,397.1133117675781,972.5299682617188,384.7413940429688,3274.08740234375,3139.983642578125,639.9207763671875,12781.408203125,2738.876953125,1096.670654296875,61.66883087158203,308.8004455566406,236.12008666992188,6193.478515625,269.3468322753906,1255.8544921875,1466.1175537109375,709.8928833007812,28041.48828125,3215.922607421875,1728.2733154296875,1005.181640625,132.42701721191406,3821.741455078125,1602.8646240234375,3403.356689453125,2585.851318359375,11335.89453125,425.6551818847656,300.5838623046875
2025-02-10,5449.359375,1943.018798828125,2288.641845703125,954.0499877929688,1133.8814697265625,502.4148254394531,6726.298828125,1010.1070556640624,8540.8466796875,1789.999755859375,818.5660400390625,147.56199645996094,1658.1455078125,243.9441375732422,4766.75390625,1345.6083984375,1430.0150146484375,341.5995178222656,2494.586181640625,513.4492797851562,5887.60205078125,716.6449584960938,1205.609619140625,5212.47021484375,184.8060607910156,162.0839080810547,1061.92919921875,2456.63232421875,1579.0546875,1627.0665283203125,832.6619262695312,631.6962280273438,3898.31396484375,588.590576171875,2295.301025390625,1242.4576416015625,1808.864990234375,9.109999656677246,1066.27294921875,1787.5712890625,114.50933837890624,393.7491149902344,951.1110229492188,390.9036560058594,3265.99267578125,3079.90234375,634.8447875976562,12635.7138671875,2661.011962890625,1094.674560546875,59.31901168823242,302.5162658691406,230.00125122070312,5935.7998046875,260.1959228515625,1242.916259765625,1443.4422607421875,709.5076904296875,27837.94921875,3124.652587890625,1710.7911376953125,1011.3828125,128.33863830566406,3828.902099609375,1609.4482421875,3306.615966796875,2538.960205078125,11230.4287109375,406.9779052734375,301.5763244628906
2025-02-11,5309.0849609375,1916.4305419921875,2319.5625,946.2000122070312,1129.8184814453125,495.6234130859375,6284.693359375,1005.7640991210938,8426.83203125,1742.5133056640625,809.122802734375,143.1027374267578,1661.7691650390625,239.48573303222656,4761.31640625,1308.218017578125,1424.4276123046875,330.9965515136719,2467.018798828125,503.33782958984375,5895.48388671875,695.2225341796875,1194.599853515625,4857.83056640625,181.9432373046875,155.90330505371094,1042.4666748046875,2474.710205078125,1530.28662109375,1617.0723876953125,825.6978759765625,614.7039184570312,3795.292724609375,588.4423828125,2250.3955078125,1232.764892578125,1775.8721923828125,8.819999694824219,1052.4454345703125,1783.1507568359375,111.9900894165039,385.5459899902344,946.5,382.6175537109375,3178.66796875,3029.5400390625,625.579833984375,12462.9375,2590.976806640625,1082.081787109375,56.89517974853516,297.74224853515625,226.6809539794922,5771.85546875,253.17539978027344,1224.2772216796875,1414.33837890625,704.0187377929688,27784.046875,3040.304443359375,1678.839111328125,997.897705078125,124.5758056640625,3759.28515625,1581.07763671875,3261.251953125,2466.1181640625,11004.404296875,393.5769653320313,295.85772705078125
2025-02-12,5321.48583984375,1909.9444580078125,2351.232666015625,916.9000244140624,1118.76904296875,496.8131713867188,6341.59765625,1005.2649536132812,8378.359375,1786.3045654296875,811.3799438476562,141.14064025878906,1676.26416015625,239.9081268310547,4775.15185546875,1349.701904296875,1420.5556640625,332.24127197265625,2446.609619140625,511.1645202636719,5918.384765625,666.7410278320312,1200.5738525390625,4737.76123046875,182.2206115722656,154.04237365722656,1043.926513671875,2468.253662109375,1510.9178466796875,1611.535888671875,828.3184814453125,625.1875,3824.051025390625,591.4545288085938,2267.162109375,1231.8299560546875,1745.8968505859375,8.390000343322754,1037.9688720703125,1771.26708984375,111.94361114501952,383.7671508789063,948.3840942382812,387.6729736328125,3227.726806640625,2932.59521484375,623.0664672851562,12395.55078125,2546.1005859375,1081.21923828125,58.19960784912109,298.3755187988281,225.2105407714844,5649.89892578125,248.9146270751953,1206.1339111328125,1447.37939453125,705.992919921875,28027.54296875,3036.974853515625,1673.01171875,1013.5975341796876,126.65349578857422,3746.575439453125,1591.59228515625,3235.06689453125,2474.503662109375,11178.037109375,393.9971923828125,293.2110900878906
2025-02-13,5314.8466796875,1895.48681640625,2242.5849609375,913.75,1101.5260009765625,498.201171875,6339.2607421875,1006.5628051757812,8358.884765625,1846.7735595703125,830.636962890625,139.02001953125,1679.2510986328125,240.0489044189453,4746.41357421875,1388.5902099609375,1443.05224609375,333.4398498535156,2394.328857421875,505.4281311035156,5958.68408203125,667.329345703125,1208.2265625,4709.3798828125,180.0908203125,156.52040100097656,1024.5123291015625,2473.369384765625,1504.5933837890625,1598.210205078125,823.9022216796875,625.6346435546875,3767.67724609375,595.0097045898438,2256.470458984375,1228.976318359375,1757.817626953125,8.640000343322754,1045.5565185546875,1752.3485107421875,111.62754821777344,383.5798950195313,961.6718139648438,393.4263916015625,3202.216064453125,2923.5634765625,625.3827514648438,12410.9775390625,2484.371826171875,1073.2349853515625,58.44939041137695,298.8139953613281,222.88633728027344,5608.40478515625,250.94818115234372,1205.687744140625,1465.6690673828125,700.6965942382812,28017.56640625,2982.125,1724.8658447265625,1006.7565307617188,130.4546356201172,3708.63671875,1586.9508056640625,3211.26708984375,2456.5908203125,11244.208984375,396.4719543457031,291.65142822265625
2025-02-14,5140.052734375,1855.6787109375,2150.62158203125,884.4000244140625,1053.116455078125,485.3123779296875,6246.9091796875,995.8801879882812,8181.10595703125,1838.8343505859373,828.9873046875,134.15447998046875,1681.6507568359375,235.5905303955078,4795.88037109375,1373.8134765625,1430.6031494140625,326.5710144042969,2401.196533203125,505.4768371582031,5793.37158203125,660.1232299804688,1182.010009765625,4595.02587890625,179.30825805664062,156.48182678222656,1030.448486328125,2414.96435546875,1480.5799560546875,1605.8583984375,822.5191040039062,622.256103515625,3678.021728515625,598.6637573242188,2253.40869140625,1239.99755859375,1719.3343505859375,8.210000038146973,1022.7434692382812,1764.849853515625,108.99674987792967,384.0948486328125,956.5153198242188,389.3581237792969,3176.70556640625,2888.810546875,624.6434936523438,12419.744140625,2438.827392578125,1082.2542724609375,57.29298400878906,292.6272277832031,218.6648406982422,5508.7802734375,249.2051696777344,1206.827880859375,1460.6356201171875,695.400390625,28346.185546875,2915.30078125,1679.579833984375,1006.510498046875,128.75035095214844,3732.064208984375,1571.60498046875,3193.13134765625,2383.1533203125,10969.005859375,386.0126647949219,291.22607421875
2025-02-17,5118.7158203125,1892.8626708984373,2221.604736328125,890.3499755859375,1073.13427734375,484.1226501464844,6276.49755859375,991.3375854492188,8210.5830078125,1892.3125,832.37548828125,131.61764526367188,1641.0062255859375,236.8107147216797,4819.23095703125,1354.7939453125,1445.502685546875,332.0107727050781,2381.802734375,506.1087646484375,5872.681640625,661.5447998046875,1183.8861083984375,4635.912109375,179.833251953125,154.4376983642578,1011.326416015625,2447.295654296875,1514.475341796875,1604.591552734375,833.4384765625,619.32470703125,3691.400634765625,603.255859375,2264.14892578125,1231.1904296875,1706.572509765625,8.270000457763672,1046.554931640625,1751.4453125,110.1122817993164,382.5500183105469,965.3903198242188,387.9421691894531,3161.203125,2780.18310546875,615.7728271484375,12500.6962890625,2474.2509765625,1092.4320068359375,57.87581253051758,294.5758056640625,221.6530914306641,5477.68408203125,254.8699951171875,1214.412353515625,1471.3502197265625,700.7447509765625,28101.099609375,2838.458251953125,1693.1112060546875,1007.199462890625,128.5780029296875,3703.2783203125,1577.146484375,3212.956298828125,2347.724365234375,11189.3330078125,387.693603515625,288.626708984375
2025-02-18,5021.212890625,1862.06591796875,2218.208251953125,897.5499877929688,1075.364013671875,482.5859069824219,6352.859375,992.5357055664062,8123.49658203125,1891.1640625,836.2575073242188,129.13037109375,1634.493408203125,237.2330780029297,4748.84130859375,1348.25439453125,1452.805419921875,332.9327697753906,2369.80859375,500.8585510253906,5789.3564453125,658.9466552734375,1182.355712890625,4610.7060546875,178.9912567138672,158.19813537597656,988.26318359375,2446.64990234375,1493.1300048828125,1619.2308349609375,836.2047119140625,615.0517578125,3657.1669921875,603.8485107421875,2231.684814453125,1223.2196044921875,1719.779541015625,8.069999694824219,1022.4439086914062,1760.619384765625,110.6235580444336,379.4136352539063,970.5963134765624,391.5418395996094,3159.534912109375,2739.04931640625,617.1527099609375,12523.517578125,2462.4111328125,1095.33984375,58.34762573242188,303.1982727050781,224.45162963867188,5741.056640625,258.5013427734375,1214.908203125,1470.503173828125,698.9151000976562,28152.765625,2829.316650390625,1680.6663818359375,1010.8413696289062,128.8173828125,3673.59130859375,1615.08447265625,3201.677490234375,2335.76611328125,11012.876953125,390.5419006347656,295.1015319824219
2025-02-19,5003.4404296875,1848.8955078125,2178.745361328125,864.7000122070312,1073.084716796875,475.7945251464844,6398.486328125,1009.7077026367188,8155.1376953125,1872.838623046875,833.644775390625,132.27166748046875,1611.281982421875,239.9081268310547,4696.70361328125,1373.214599609375,1435.2103271484375,334.0391845703125,2379.91650390625,490.4554138183594,5883.73583984375,676.6434326171875,1151.2020263671875,4699.8056640625,179.47665405273438,157.6774444580078,996.9727172851562,2446.64990234375,1497.7747802734375,1606.84375,838.21875,618.9271850585938,3693.97216796875,618.5138549804688,2187.36181640625,1241.52294921875,1710.4307861328125,8.300000190734863,1034.1251220703125,1721.498779296875,111.4323272705078,380.49029541015625,969.158447265625,395.859375,3214.2353515625,2706.99560546875,625.8262939453125,12425.5234375,2493.251708984375,1086.7393798828125,60.08686065673828,306.7056884765625,226.06434631347656,5842.6123046875,254.72471618652344,1216.9405517578125,1470.7523193359375,700.3595581054688,28444.5546875,2894.301025390625,1655.9739990234375,1009.2173461914062,129.9854736328125,3589.0830078125,1596.89697265625,3190.19970703125,2363.80126953125,10995.9814453125,395.4913940429688,296.8974914550781
2025-02-20,5219.0517578125,1868.4530029296875,2176.947021484375,864.9500122070312,1101.674560546875,478.7192993164063,6366.90625,1015.5482177734376,8300.07421875,1878.7308349609373,829.693603515625,135.25442504882812,1609.616943359375,242.7239532470703,4691.751953125,1393.0328369140625,1450.452880859375,339.2484130859375,2400.6162109375,496.1917419433594,5926.76171875,681.3004760742188,1156.2379150390625,4775.81396484375,182.6465759277344,161.15826416015625,1045.7266845703125,2437.213623046875,1510.522705078125,1583.617919921875,818.7579956054688,616.0951538085938,3722.4921875,630.8584594726562,2185.077880859375,1230.009521484375,1708.7984619140625,8.270000457763672,1045.9559326171875,1735.14111328125,114.14678955078124,376.4176025390625,972.9266357421876,392.9776611328125,3214.137451171875,2787.546142578125,632.380615234375,12185.06640625,2518.07666015625,1087.62646484375,62.09438705444336,316.7895812988281,229.4794921875,5860.537109375,257.3392944335937,1222.4429931640625,1464.971435546875,702.6707153320312,28287.3203125,2935.7744140625,1648.7637939453125,993.0745849609376,132.1685028076172,3584.625244140625,1570.4210205078125,3171.4677734375,2400.86767578125,10992.134765625,404.8300476074219,296.1412353515625
2025-02-21,5167.052734375,1865.6307373046875,2131.09033203125,849.3499755859375,1073.4810791015625,477.8269958496094,6293.7822265625,1007.3116455078124,8180.67236328125,1876.833251953125,829.4219360351562,138.11827087402344,1605.45458984375,235.87210083007807,4691.2666015625,1381.9505615234375,1446.5810546875,341.0924377441406,2378.2724609375,494.5388488769531,5707.4189453125,672.8197631835938,1137.3287353515625,4848.1591796875,178.15916442871094,158.3331298828125,1023.9282836914062,2414.716064453125,1502.3699951171875,1595.9581298828125,821.378662109375,618.9271850585938,3668.689453125,645.425048828125,2178.857177734375,1213.28076171875,1714.5362548828125,8.039999961853027,1042.0621337890625,1725.49169921875,112.78955078125,375.3409423828125,973.6703491210938,389.48773193359375,3252.69775390625,2620.555419921875,615.8220825195312,12070.2744140625,2451.5263671875,1091.66796875,62.65871810913086,317.8612976074219,227.58218383789065,5654.94921875,253.61114501953125,1217.634521484375,1490.4874267578125,695.255859375,28196.9375,2874.70361328125,1623.528076171875,988.25146484375,134.77281188964844,3590.885009765625,1562.51123046875,3159.989990234375,2307.283935546875,10865.1962890625,409.2192077636719,289.5718994140625
2025-02-24,5263.28759765625,1833.051513671875,2113.156982421875,836.0499877929688,1060.7470703125,466.3757934570313,6227.880859375,1008.4097900390624,8123.83349609375,1855.3121337890625,825.2979125976562,137.82098388671875,1568.2869873046875,235.5905303955078,4664.4697265625,1375.0615234375,1447.5611572265625,336.3441467285156,2395.05419921875,491.6707458496094,5653.388671875,660.515380859375,1149.91845703125,4895.39501953125,179.5360870361328,158.68988037109375,1016.5325927734376,2377.61669921875,1504.889892578125,1542.79736328125,813.9049072265625,613.114013671875,3699.400146484375,633.919921875,2178.662841796875,1198.9136962890625,1692.524658203125,7.920000076293945,1027.48583984375,1677.1016845703125,111.7576904296875,376.2771911621094,958.6968994140624,392.0902404785156,3196.378173828125,2659.677001953125,612.3231201171875,12091.5771484375,2375.475341796875,1094.3541259765625,61.11375045776367,311.86944580078125,222.31716918945312,5585.13232421875,250.94818115234372,1204.1510009765625,1481.6165771484375,689.8633422851562,28084.47265625,2846.402587890625,1619.330322265625,986.6765747070312,131.7950897216797,3486.174560546875,1528.5992431640625,3153.133056640625,2344.4990234375,10753.5966796875,394.8843688964844,278.8907775878906
2025-02-25,5177.2080078125,1816.1678466796875,2127.84326171875,840.6500244140625,1070.607421875,465.2356567382813,6227.8310546875,1007.4613037109376,8095.89501953125,1872.5889892578125,838.51953125,134.1148223876953,1607.560302734375,233.19708251953125,4658.4013671875,1365.626708984375,1434.4261474609375,332.9788818359375,2437.517333984375,496.7751159667969,5677.033203125,643.946044921875,1113.975830078125,4874.87890625,177.02987670898438,154.9873046875,1028.6968994140625,2363.313720703125,1529.6444091796875,1535.3367919921875,816.4528198242188,618.2316284179688,3645.501708984375,611.7490234375,2196.0126953125,1204.6212158203125,1669.672119140625,7.909999847412109,1032.5775146484375,1680.524169921875,110.29820251464844,379.03912353515625,950.71435546875,392.3196105957031,3165.176513671875,2727.072265625,612.865234375,12220.033203125,2342.05712890625,1109.139892578125,59.95734405517578,310.5054016113281,221.03646850585935,5454.70947265625,247.65579223632807,1193.6912841796875,1466.9150390625,684.5670776367188,27990.21875,2825.87060546875,1593.7490234375,989.0880737304688,131.23976135253906,3442.498046875,1509.890869140625,3178.771728515625,2342.712890625,10677.15234375,382.183837890625,275.3461608886719
2025-02-27,5023.80078125,1807.5030517578125,2108.961181640625,811.75,1069.2198486328125,465.7809143066406,6161.93017578125,1015.0490112304688,7917.44189453125,1922.971435546875,859.9151611328125,135.6508026123047,1616.3748779296875,229.72422790527344,4643.59521484375,1436.364013671875,1412.6649169921875,335.4682922363281,2415.318603515625,489.2886962890625,5567.38671875,629.8279418945312,1111.408447265625,4821.8291015625,177.02987670898438,153.6663360595703,1023.1500854492188,2324.22802734375,1434.1341552734375,1528.8616943359375,825.3582153320312,614.5052490234375,3580.081298828125,624.0936279296875,2182.064453125,1202.9482421875,1682.9779052734375,7.800000190734863,1045.00732421875,1677.2918701171875,108.22517395019533,375.9963073730469,966.8281860351562,388.3908996582031,3149.08544921875,2676.7099609375,614.3436279296875,12126.25,2269.01416015625,1122.841552734375,60.308895111083984,307.58258056640625,219.13917541503903,5420.19677734375,248.13995361328125,1196.7647705078125,1464.921630859375,677.8263549804688,28098.3671875,2737.6083984375,1627.23193359375,992.188720703125,132.79086303710938,3426.3740234375,1504.491455078125,3202.919677734375,2321.177734375,10174.171875,377.794677734375,278.3709411621094
2025-02-28,4819.41845703125,1800.8189697265625,2094.025146484375,774.4000244140625,1059.756103515625,460.9724426269531,6029.82861328125,1013.90087890625,7600.5947265625,1869.792724609375,842.6189575195312,139.91188049316406,1537.8282470703125,222.7316131591797,4461.69921875,1398.5242919921875,1379.679931640625,340.53924560546875,2383.9306640625,479.61474609375,5433.00537109375,623.1119384765625,1102.47216796875,4663.65771484375,175.9501190185547,150.45550537109375,978.1427612304688,2291.151611328125,1405.0316162109375,1478.046630859375,840.7423706054688,604.6675415039062,3505.376220703125,626.4637451171875,2128.89697265625,1184.8909912109375,1672.837646484375,7.550000190734863,988.4989013671876,1604.469482421875,105.50141143798828,369.8170776367188,942.7318725585938,379.49652099609375,3104.294921875,2537.845703125,591.9697875976562,11700.4306640625,2145.7001953125,1079.1986083984375,57.80180358886719,303.4418334960937,213.6844024658203,5252.48828125,242.91087341308597,1189.82470703125,1425.800537109375,663.28564453125,27083.482421875,2700.720947265625,1573.6492919921875,948.5835571289062,131.36422729492188,3303.73779296875,1409.3861083984375,3057.982666015625,2208.58984375,9863.3271484375,368.6427917480469,262.4437255859375
2025-03-03,4968.7255859375,1807.94873046875,2115.10546875,804.0999755859375,1043.5535888671875,467.7637939453125,6147.38525390625,1005.6143188476562,7419.689453125,1836.0880126953125,852.2548217773438,138.96055603027344,1562.9005126953125,227.52789306640625,4462.81494140625,1417.494140625,1379.72900390625,332.24127197265625,2354.332275390625,478.1076965332031,5492.48828125,634.6319580078125,1105.533203125,4793.59521484375,177.79263305664062,148.53672790527344,971.5252685546876,2361.47607421875,1412.443115234375,1475.559814453125,825.7706909179688,614.1077270507812,3457.4296875,628.6364135742188,2115.87255859375,1186.9573974609375,1645.681884765625,7.460000038146973,982.4088134765624,1624.3387451171875,106.49609375,372.1109008789063,967.869384765625,381.8198547363281,3137.115234375,2564.155517578125,585.612548828125,11533.6787109375,2163.030029296875,1077.177734375,58.33837890625,306.31597900390625,213.5705718994141,5241.24853515625,244.50863647460935,1161.2216796875,1403.872802734375,669.544921875,27475.48046875,2825.257080078125,1565.599609375,938.9373779296876,132.67596435546875,3313.03271484375,1414.31201171875,3062.703125,2306.192626953125,10070.1171875,382.0904541015625,268.0205993652344
2025-03-04,5069.40283203125,1811.0184326171875,2142.779296875,768.5499877929688,1048.4093017578125,470.93646240234375,6164.86865234375,1000.1732177734376,7052.78271484375,1787.902587890625,848.115966796875,146.01611328125,1542.8720703125,234.57684326171875,4442.0380859375,1447.296630859375,1374.0926513671875,335.4682922363281,2311.91748046875,470.2810668945313,5470.1328125,630.7102661132812,1106.0762939453125,4704.2021484375,174.85055541992188,147.688232421875,963.6430053710938,2378.560302734375,1390.5050048828125,1440.9322509765625,829.8715209960938,612.6171264648438,3347.0625,633.6730346679688,2096.918701171875,1191.0904541015625,1622.13671875,7.429999828338623,986.0029296875,1605.0399169921875,109.73114013671876,369.6766662597656,965.9356689453124,380.4637145996094,3152.519775390625,2565.5791015625,579.304443359375,11377.6025390625,2145.07958984375,1057.931396484375,57.60752868652344,305.6827087402344,215.1168670654297,5103.0517578125,245.96116638183597,1151.9517822265625,1388.5234375,689.5262451171875,27162.248046875,2880.8662109375,1547.2283935546875,939.5770874023438,133.4132080078125,3350.022705078125,1409.7650146484375,3029.412841796875,2276.469970703125,10098.650390625,379.8491516113281,264.6650695800781
2025-03-05,5187.46142578125,1839.1416015625,2243.734130859375,848.7000122070312,1102.66552734375,486.8987121582031,6191.01953125,1012.802734375,7136.455078125,1799.38720703125,819.7415161132812,146.0953826904297,1584.8875732421875,240.1333923339844,4584.7109375,1444.600830078125,1391.6878662109375,339.5250244140625,2330.779296875,474.1700744628906,5468.9921875,648.4070434570312,1112.247802734375,4873.4130859375,179.8035430908203,153.2613525390625,964.7135009765624,2375.58056640625,1426.1790771484375,1476.075927734375,820.1654052734375,617.28759765625,3417.434814453125,649.1777954101562,2109.651611328125,1196.305908203125,1658.938232421875,7.860000133514404,970.2784423828124,1627.0958251953125,113.6447982788086,379.2263488769531,994.2960205078124,385.5091857910156,3178.66796875,2676.7587890625,580.6843872070312,11378.6796875,2203.56201171875,1082.8211669921875,60.54017639160156,317.8125915527344,217.18492126464844,5338.84375,256.0320129394531,1165.5345458984375,1416.0325927734375,703.2965698242188,27948.52734375,2970.734619140625,1562.9820556640625,941.7918090820312,139.88568115234375,3364.249755859375,1456.986083984375,3067.224609375,2312.990234375,10190.2880859375,400.5809631347656,269.4857482910156
2025-03-06,5243.80615234375,1851.6187744140625,2250.7275390625,845.9500122070312,1125.95361328125,494.23541259765625,6250.4951171875,1032.420654296875,7176.80029296875,1842.9786376953125,830.8197021484375,147.94845581054688,1593.3592529296875,248.76858520507807,4565.68115234375,1456.2823486328125,1432.8577880859375,352.75567626953125,2371.83984375,481.2675476074219,5520.693359375,652.2797241210938,1125.775634765625,4977.0693359375,180.03140258789062,155.68153381347656,1002.6170043945312,2377.567138671875,1433.64013671875,1487.80615234375,820.7477416992188,614.356201171875,3474.570556640625,673.4720458984375,2156.792724609375,1198.6185302734375,1684.0662841796875,7.730000019073486,970.1287231445312,1631.231201171875,116.98208618164062,379.8349609375,1002.6256103515624,383.2357482910156,3198.53662109375,2692.27001953125,598.9678344726562,11426.7236328125,2237.12353515625,1084.89111328125,61.8908576965332,329.21173095703125,220.65701293945312,5251.84521484375,258.2108154296875,1199.243408203125,1416.630859375,704.93359375,27855.515625,3014.28125,1594.14404296875,943.1206665039062,144.04107666015625,3415.98828125,1424.1634521484375,3101.55810546875,2301.87548828125,10218.8203125,413.6550598144531,270.2419128417969
2025-03-07,5201.37646484375,1867.3636474609373,2245.382568359375,837.2000122070312,1134.1788330078125,495.5242614746094,6192.71337890625,1035.965087890625,7284.99755859375,1842.8289794921875,830.1924438476562,148.57275390625,1597.0809326171875,245.2206573486328,4610.0517578125,1455.034423828125,1429.6229248046875,350.957763671875,2393.16796875,482.04534912109375,5530.65625,653.9954833984375,1119.0115966796875,4983.224609375,178.8129425048828,152.48036193847656,1017.2139892578124,2391.075927734375,1443.3245849609375,1461.999755859375,819.8013916015625,621.2623901367188,3478.141357421875,682.755126953125,2142.79638671875,1195.17431640625,1668.8807373046875,7.550000190734863,935.2352294921876,1602.853271484375,116.05248260498048,378.1496887207031,1002.6752319335938,385.9678649902344,3183.623046875,2677.986083984375,600.8898315429688,11424.51953125,2198.21484375,1103.250244140625,62.103633880615234,321.076416015625,220.93212890625,5227.6318359375,254.96682739257807,1239.0992431640625,1409.640380859375,705.6077270507812,27779.529296875,2982.62158203125,1589.501953125,946.9594116210938,145.11343383789062,3425.09375,1413.64892578125,3060.069580078125,2315.173583984375,10305.39453125,415.9897155761719,269.2021179199219
2025-03-10,5039.03369140625,1842.458984375,2226.20068359375,826.0499877929688,1132.59326171875,485.4115295410156,6126.46435546875,1034.1678466796875,7100.966796875,1837.885498046875,824.0780639648438,146.6304931640625,1597.32568359375,241.15646362304688,4599.80859375,1417.29443359375,1433.837890625,345.8868103027344,2360.571044921875,479.663330078125,5466.71240234375,634.4359130859375,1106.1256103515625,4875.611328125,177.43600463867188,149.5877227783203,1015.9489135742188,2367.932373046875,1451.773681640625,1453.882568359375,818.9521484375,621.9579467773438,3411.81640625,680.58251953125,2184.786376953125,1195.469482421875,1681.3951416015625,7.260000228881836,899.0438232421875,1617.5413818359375,113.03125,379.1795349121094,1005.0054931640624,383.2457275390625,3117.884033203125,2653.19775390625,598.5735473632812,11348.0234375,2162.64794921875,1108.154296875,60.99348449707031,320.9302673339844,211.7301788330078,5116.91552734375,262.7136535644531,1227.7967529296875,1417.4794921875,701.9003295898438,27678.724609375,2905.779296875,1591.6746826171875,942.2839965820312,144.62513732910156,3404.654052734375,1408.4388427734375,3007.8486328125,2240.0986328125,10244.724609375,408.4720764160156,265.5157470703125
2025-03-11,5008.76171875,1859.540771484375,2248.4794921875,824.2000122070312,1124.7645263671875,491.3106384277344,6111.7197265625,1023.9844360351562,7213.05859375,1802.9822998046875,823.8655395507812,138.84165954589844,1628.6658935546875,248.3368225097656,4623.44970703125,1446.4478759765625,1417.1739501953125,349.48260498046875,2377.93359375,483.7467956542969,5498.43603515625,660.9075317382812,1102.6202392578125,4870.7265625,177.43600463867188,151.1690216064453,1011.2291259765624,2397.333740234375,1452.7125244140625,1471.2899169921875,817.9815673828125,632.9383544921875,3476.379638671875,686.8535766601562,2154.84912109375,1225.5321044921875,1682.2359619140625,7.340000152587891,654.8892822265625,1579.6566162109375,116.0338897705078,380.3030700683594,1010.1123657226562,385.9280090332031,3135.300048828125,2597.239501953125,594.23681640625,11407.6728515625,2174.91748046875,1109.6328125,60.29964065551758,321.80712890625,215.0789337158203,5189.15869140625,258.8402404785156,1236.62060546875,1415.2825927734375,702.8150634765625,27731.68359375,2886.794921875,1634.9359130859375,944.7939453125,144.337890625,3391.0439453125,1401.1922607421875,3027.32568359375,2271.45849609375,10165.9912109375,412.34765625,262.5382385253906
2025-03-12,5018.91796875,1847.41015625,2239.687744140625,853.4500122070312,1118.125,485.0149841308594,6120.6357421875,1009.5579833984376,7227.58056640625,1817.013427734375,838.0899047851562,140.26861572265625,1608.9803466796875,249.9699859619141,4652.576171875,1449.193603515625,1425.5550537109375,351.0038757324219,2352.881591796875,486.0802307128906,5618.2939453125,655.6132202148438,1091.2647705078125,4901.89208984375,176.5444793701172,153.50242614746094,1015.3649291992188,2382.78173828125,1462.5946044921875,1445.7183837890625,830.4295654296875,628.0195922851562,3437.908447265625,681.2738037109375,2131.47265625,1224.105224609375,1647.8582763671875,7.070000171661377,683.5927734375,1512.3958740234375,116.47081756591795,386.1077575683594,1001.9315185546876,395.3707885742188,3133.53369140625,2604.798828125,591.7234497070312,11400.962890625,2124.50341796875,1082.081787109375,59.938846588134766,321.6610107421875,212.87803649902344,5134.939453125,258.64654541015625,1246.287109375,1407.0440673828125,696.2670288085938,27328.66796875,2865.59130859375,1656.2208251953125,930.619873046875,143.90704345703125,3325.5048828125,1362.4493408203125,3000.0478515625,2241.835205078125,10245.017578125,415.5227661132813,253.84214782714844
2025-03-13,4998.26513671875,1835.92333984375,2219.00732421875,873.6500244140625,1109.10693359375,481.64404296875,6082.67919921875,1008.5595703125,7217.626953125,1805.029541015625,831.7678833007812,138.5740966796875,1598.84375,248.17727661132807,4590.63330078125,1442.404296875,1433.0047607421875,348.7911071777344,2332.76220703125,487.052490234375,5571.99658203125,645.2205810546875,1094.0294189453125,4899.7421875,174.93972778320312,152.3068084716797,998.2378540039062,2354.274658203125,1441.4468994140625,1440.2286376953125,828.2214965820312,618.4800415039062,3360.6796875,668.9291381835938,2113.879638671875,1230.10791015625,1660.7685546875,6.949999809265137,671.2627563476562,1501.9381103515625,116.82406616210938,385.7800598144531,992.80859375,395.8793029785156,3127.303466796875,2595.177978515625,597.587890625,11277.2578125,2105.50244140625,1080.3321533203125,59.02296829223633,323.3659973144531,213.8551483154297,5076.0654296875,259.1791687011719,1237.215576171875,1383.6265869140625,700.88916015625,27293.080078125,2878.52978515625,1662.7396240234375,931.2596435546876,144.46237182617188,3330.10498046875,1364.67529296875,2991.302734375,2233.796875,10178.50390625,413.6550598144531,249.5413360595703
2025-03-17,5065.74072265625,1864.739501953125,2250.577392578125,896.4500122070312,1126.8951416015625,486.3533935546875,6133.48681640625,1032.470703125,7199.68994140625,1869.0936279296875,847.562744140625,137.08767700195312,1605.356689453125,245.37083435058597,4538.83642578125,1453.2869873046875,1463.097900390625,355.6599426269531,2305.4853515625,481.02447509765625,5621.9619140625,642.7205200195312,1136.2423095703125,4933.9365234375,175.67276000976562,150.97618103027344,1024.0257568359375,2383.22900390625,1444.9056396484375,1449.988037109375,830.0656127929688,625.8334350585938,3326.350830078125,672.2869262695312,2110.42919921875,1248.7557373046875,1706.8692626953125,6.940000057220459,676.3046264648438,1511.63525390625,115.37387084960938,381.94146728515625,997.2708740234376,397.4747314453125,3113.714111328125,2655.700927734375,598.8199462890625,11316.337890625,2100.776123046875,1071.6578369140625,60.04986190795898,323.1224365234375,217.94386291503903,5117.21240234375,258.888671875,1228.2427978515625,1432.259033203125,696.3633422851562,27530.771484375,2883.52392578125,1683.3331298828125,925.6983032226562,145.35279846191406,3317.443115234375,1364.154296875,2998.457763671875,2249.576171875,10271.017578125,417.3905029296875,245.6186370849609
2025-03-18,5065.74072265625,1864.739501953125,2250.577392578125,896.4500122070312,1126.8951416015625,486.3533935546875,6133.48681640625,1032.470703125,7199.68994140625,1869.0936279296875,847.562744140625,137.08767700195312,1605.356689453125,245.37083435058597,4538.83642578125,1453.2869873046875,1463.097900390625,355.6599426269531,2305.4853515625,481.02447509765625,5621.9619140625,642.7205200195312,1136.2423095703125,4933.9365234375,175.67276000976562,150.97618103027344,1024.0257568359375,2383.22900390625,1444.9056396484375,1449.988037109375,830.0656127929688,625.8334350585938,3326.350830078125,672.2869262695312,2110.42919921875,1248.7557373046875,1706.8692626953125,6.940000057220459,676.3046264648438,1511.63525390625,115.37387084960938,383.0181579589844,997.2708740234376,397.4747314453125,3113.714111328125,2655.700927734375,598.8199462890625,11316.337890625,2100.776123046875,1071.6578369140625,60.04986190795898,323.1224365234375,217.94386291503903,5117.21240234375,258.888671875,1228.2427978515625,1432.259033203125,696.3633422851562,27530.771484375,2883.52392578125,1683.3331298828125,925.6983032226562,145.35279846191406,3317.443115234375,1364.154296875,2998.457763671875,2249.576171875,10271.017578125,417.3905029296875,245.6186370849609
2025-03-19,5346.92431640625,1881.4747314453125,2316.46533203125,911.2000122070312,1162.9173583984375,502.7122497558594,6403.3681640625,1050.3416748046875,7426.47021484375,1839.782958984375,862.5032348632812,139.99114990234375,1603.3978271484375,248.9750823974609,4570.09912109375,1510.8455810546875,1469.5185546875,364.9721374511719,2334.841796875,481.7051086425781,5767.94287109375,683.8985595703125,1157.3734130859375,4983.419921875,184.43955993652344,160.02049255371094,1045.4346923828125,2441.68359375,1539.5758056640625,1449.3311767578125,846.42041015625,660.364501953125,3368.155029296875,689.8656616210938,2138.422607421875,1292.1519775390625,1737.6856689453125,7.440000057220459,691.5798950195312,1508.307861328125,118.75765228271484,377.3538208007813,1024.689208984375,403.14837646484375,3257.06396484375,2738.116455078125,610.2039794921875,11376.91796875,2182.55615234375,1076.4139404296875,63.63008880615234,332.5243225097656,220.6285552978516,5229.41455078125,268.4269104003906,1236.471923828125,1482.8387451171875,717.5001831054688,28318.19140625,3051.782470703125,1711.0380859375,934.9508056640624,151.85400390625,3316.8740234375,1322.5220947265625,3057.038818359375,2302.12353515625,10647.0595703125,430.0910339355469,251.1482391357422
2025-03-20,5332.37451171875,1871.1761474609373,2337.095947265625,923.4000244140624,1166.83154296875,500.3823852539063,6449.9921875,1052.637939453125,7617.04052734375,1849.3701171875,857.37158203125,140.2388916015625,1670.0938720703125,255.42330932617188,4690.490234375,1490.8272705078125,1482.16357421875,365.479248046875,2339.146240234375,485.1566162109375,5771.908203125,680.712158203125,1172.2838134765625,5108.91162109375,184.7862548828125,162.4310302734375,1071.90380859375,2451.566650390625,1483.643310546875,1465.80029296875,858.3831787109375,670.102783203125,3425.43359375,697.1736450195312,2179.5859375,1300.6148681640625,1706.2757568359375,7.260000228881836,682.9937133789062,1535.877685546875,120.1148910522461,378.1965026855469,1041.447509765625,405.9602661132813,3287.970947265625,2776.403564453125,623.2636108398438,11489.2119140625,2201.65234375,1094.9208984375,63.63933944702149,332.9627685546875,223.4934844970703,5143.703125,271.47723388671875,1258.2835693359375,1496.27001953125,721.7853393554688,28418.447265625,3034.02490234375,1728.7178955078125,950.6998291015624,152.2752685546875,3379.51953125,1336.1627197265625,3173.107421875,2328.96826171875,10661.5703125,439.6164855957031,253.3222503662109
2025-03-21,5329.24951171875,1896.97216796875,2360.573974609375,954.25,1178.079345703125,510.0985412597656,6586.67578125,1068.4122314453125,7759.23486328125,1844.7762451171875,880.72802734375,143.6477508544922,1690.2203369140625,262.49102783203125,4673.8876953125,1536.055419921875,1493.730224609375,373.7771911621094,2322.50927734375,492.7402038574219,5747.3720703125,682.2808837890625,1185.071044921875,5183.7470703125,185.53912353515625,168.78517150878906,1082.072998046875,2452.80810546875,1463.3358154296875,1470.210693359375,859.15966796875,675.3197631835938,3455.76318359375,686.7054443359375,2183.27978515625,1321.673583984375,1704.7423095703125,7.619999885559082,685.7892456054688,1514.011962890625,122.25298309326172,379.6944580078125,1049.82666015625,414.6053466796875,3351.6494140625,2750.63330078125,621.7359008789062,11491.7587890625,2320.144287109375,1118.2333984375,64.61561584472656,342.2671813964844,229.9727935791016,5224.4130859375,274.14019775390625,1265.4217529296875,1544.2532958984375,725.3001708984375,28774.365234375,3037.850830078125,1762.5465087890625,946.122802734375,150.5901336669922,3393.699951171875,1334.9312744140625,3142.897705078125,2395.5087890625,10689.4208984375,436.3946533203125,249.82489013671875
2025-03-24,5402.1943359375,1914.49951171875,2366.46826171875,952.9000244140624,1189.97119140625,514.8574829101562,6590.90966796875,1096.067138671875,7814.7275390625,1891.613525390625,897.9107666015625,146.03591918945312,1683.3646240234375,263.22314453125,4657.23681640625,1526.8699951171875,1493.9263916015625,374.3304138183594,2346.88427734375,493.1291198730469,5859.74462890625,692.1832275390625,1195.0936279296875,5299.27392578125,193.95921325683597,174.79220581054688,1076.574951171875,2496.31396484375,1465.707275390625,1505.3544921875,873.5489501953125,675.6178588867188,3453.239990234375,692.7789916992188,2192.99951171875,1336.4835205078125,1765.9298095703125,7.340000152587891,668.367431640625,1514.2021484375,124.26094818115234,384.703369140625,1052.4544677734375,433.97955322265625,3416.30908203125,2723.979736328125,623.8057250976562,11677.3173828125,2370.749267578125,1115.6212158203125,66.54900360107422,357.5148010253906,231.31040954589844,5368.75,282.61328125,1290.9512939453125,1567.620849609375,751.8778076171875,29226.26953125,3051.02294921875,1762.8427734375,955.2277221679688,151.681640625,3441.9287109375,1381.72607421875,3059.821044921875,2426.124267578125,10761.9228515625,441.0172424316406,254.6455841064453
2025-03-25,5286.91796875,1912.02392578125,2318.163818359375,923.4000244140624,1171.7864990234375,516.0967407226562,6619.701171875,1116.7337646484375,7699.7509765625,1942.4453125,895.6585693359375,146.4422149658203,1694.8233642578125,261.9747619628906,4704.1796875,1526.620361328125,1481.330322265625,367.2310180664063,2300.552001953125,495.1222229003906,5790.2978515625,681.5946044921875,1163.1007080078125,5306.16162109375,193.0181427001953,171.34031677246094,1099.4920654296875,2552.185791015625,1459.82763671875,1524.8265380859375,883.958740234375,668.8606567382812,3454.763427734375,684.8290405273438,2207.676513671875,1322.263916015625,1760.439453125,7.150000095367432,636.0198364257812,1548.1414794921875,121.8067626953125,383.6735229492188,1052.8013916015625,432.7530517578125,3404.28955078125,2685.987060546875,615.8220825195312,11625.0634765625,2419.874267578125,1111.333251953125,65.26646423339844,357.5148010253906,229.81153869628903,5504.42236328125,281.7901916503906,1274.4439697265625,1555.0382080078125,744.2222900390625,29326.921875,2990.21533203125,1743.0394287109375,955.4738159179688,150.0635223388672,3469.24462890625,1378.7421875,3034.580322265625,2403.1005859375,11122.23828125,431.2583618164063,256.157958984375
2025-03-26,5393.89404296875,1914.84619140625,2310.42138671875,912.0999755859376,1170.9442138671875,527.89501953125,6495.27099609375,1094.4698486328125,7671.95654296875,1940.797607421875,875.7840576171875,147.21514892578125,1702.70751953125,256.2492980957031,4708.548828125,1519.8311767578125,1447.02197265625,364.0040283203125,2314.529296875,494.73333740234375,5788.861328125,667.1332397460938,1149.9677734375,5278.85498046875,190.50201416015625,167.84024047851562,1099.9300537109375,2564.25439453125,1475.391845703125,1532.8031005859375,876.7277221679688,664.1903076171875,3471.904296875,682.705810546875,2183.03662109375,1314.58837890625,1753.4647216796875,7.039999961853027,654.2402954101562,1520.571533203125,120.00332641601562,381.3797302246094,1047.595458984375,427.74749755859375,3379.95654296875,2692.122802734375,630.5572509765625,11493.2275390625,2401.494140625,1105.714599609375,64.84532165527344,345.5310363769531,227.41143798828125,5463.52294921875,281.6449279785156,1262.150146484375,1539.160400390625,735.7001342773438,29711.12890625,3164.95751953125,1737.3106689453125,944.5971069335938,149.1826629638672,3448.42578125,1341.6094970703125,3038.3564453125,2420.73876953125,11103.63671875,433.4529418945313,252.755126953125
2025-03-27,5410.15234375,1944.94970703125,2361.12353515625,959.9000244140624,1185.9576416015625,538.1563720703125,6467.625,1096.56640625,7669.26318359375,2003.06396484375,889.3959350585938,146.6800537109375,1689.142822265625,259.1120300292969,4700.2958984375,1529.2662353515625,1453.5897216796875,365.8941650390625,2315.931884765625,498.6223449707031,5822.0224609375,675.0257568359375,1147.597900390625,5222.63037109375,195.72247314453125,175.0621795654297,1113.7972412109375,2601.10498046875,1497.4781494140625,1529.7530517578125,885.8514404296875,677.6052856445312,3591.984619140625,684.730224609375,2181.773193359375,1315.326416015625,1775.03125,6.920000076293945,672.4608154296875,1524.469482421875,121.1839370727539,383.3458557128906,1050.8677978515625,424.5068664550781,3435.687255859375,2683.0419921875,639.7236328125,11481.1318359375,2413.954345703125,1105.024658203125,65.61103057861328,351.37677001953125,229.7356414794922,5586.76708984375,286.14776611328125,1267.2559814453125,1542.75537109375,743.6926879882812,29924.89453125,3104.149658203125,1710.1490478515625,958.279052734375,148.8092498779297,3463.031982421875,1348.80859375,3068.3173828125,2447.0966796875,11295.966796875,441.1106567382813,257.292236328125
2025-03-28,5415.9140625,1923.708984375,2313.6181640625,948.6500244140624,1172.281982421875,533.7445068359375,6591.30908203125,1100.21044921875,7577.46435546875,2004.661865234375,883.6420288085938,144.95579528808594,1697.6636962890625,261.37408447265625,4793.21044921875,1517.534912109375,1413.694091796875,367.1388244628906,2311.578857421875,492.4485168457031,5725.66064453125,667.1823120117188,1129.8240966796875,5224.5361328125,190.91807556152344,176.48919677734375,1128.10205078125,2593.605712890625,1510.8685302734375,1494.421875,887.2345581054688,681.38134765625,3545.228515625,673.9658203125,2195.575439453125,1326.8397216796875,1773.646240234375,6.800000190734863,648.7991333007812,1493.1920166015625,118.71117401123048,383.626708984375,1054.2889404296875,432.9923706054688,3426.562255859375,2617.070556640625,642.2863159179688,11285.4365234375,2387.2197265625,1109.3125,65.93644714355469,348.4051818847656,233.7294769287109,5460.3046875,281.1607360839844,1264.1824951171875,1545.7012939453125,742.92236328125,30278.77734375,3081.4853515625,1713.359130859375,986.1843872070312,147.679443359375,3420.303466796875,1343.45654296875,3044.169921875,2411.42138671875,11208.2744140625,432.7525329589844,247.8871612548828
2025-04-01,5272.2705078125,1933.165771484375,2333.0498046875,919.1500244140624,1164.156005859375,525.3667602539062,6607.34765625,1083.8370361328125,7687.2958984375,1934.5059814453125,859.2039794921875,148.1268310546875,1688.6043701171875,267.12774658203125,4758.1611328125,1465.9169921875,1415.70361328125,366.6317443847656,2273.565185546875,483.6982116699219,5501.8564453125,650.122802734375,1137.7235107421875,5184.96875,190.6208953857422,179.65184020996094,1112.8726806640625,2601.403076171875,1483.593994140625,1436.0997314453125,857.9464111328125,688.5360107421875,3582.4619140625,655.498291015625,2171.27587890625,1297.416748046875,1772.70654296875,8.100000381469727,681.5960083007812,1451.21923828125,122.0019989013672,380.724365234375,1047.397216796875,427.9468994140625,3372.10693359375,2589.68017578125,638.2451782226562,11245.228515625,2336.18505859375,1101.05712890625,66.77871704101562,343.0953369140625,235.33270263671875,5161.03369140625,280.1439208984375,1241.8751220703125,1543.1048583984375,743.1149291992188,30024.111328125,3054.9658203125,1677.4564208984375,976.6857299804688,146.60707092285156,3367.806396484375,1321.57470703125,2968.248046875,2432.348388671875,11080.8017578125,427.14935302734375,248.218017578125
2025-04-02,5188.29150390625,1944.7022705078125,2367.16748046875,943.0499877929688,1184.6693115234375,529.4813232421875,6706.82177734375,1082.68896484375,7764.14013671875,1928.3642578125,856.34423828125,150.15826416015625,1718.426513671875,269.1926574707031,4890.78515625,1457.9296875,1423.6434326171875,366.493408203125,2287.2041015625,481.9967651367188,5617.15380859375,669.7803955078125,1135.5511474609375,5232.15576171875,190.30389404296875,177.4727020263672,1131.410888671875,2598.919921875,1492.635986328125,1433.47216796875,872.0444946289062,691.7655639648438,3603.31640625,652.97998046875,2175.212158203125,1310.0125732421875,1810.348876953125,8.220000267028809,701.3140869140625,1473.7030029296875,122.06705474853516,382.9713439941406,1047.0501708984375,429.6819458007813,3355.52490234375,2589.336669921875,647.017333984375,11475.4013671875,2362.58544921875,1089.5732421875,67.1998519897461,342.7055969238281,237.770751953125,5265.95703125,277.6746520996094,1240.437744140625,1557.6845703125,747.20751953125,30050.912109375,3085.866455078125,1692.568115234375,1046.0306396484375,148.1103057861328,3361.3095703125,1348.00341796875,3079.050048828125,2487.406005859375,10956.4443359375,427.3828125,249.16323852539065
2025-04-03,5202.10888671875,1975.39990234375,2408.528564453125,955.2999877929688,1189.0792236328125,536.0744018554688,6646.25048828125,1088.0802001953125,7609.5390625,1917.878173828125,848.970458984375,155.18238830566406,1710.00390625,269.1926574707031,4925.7861328125,1443.153076171875,1466.13671875,366.0784912109375,2330.972900390625,452.48870849609375,5713.3173828125,666.7410278320312,1136.9830322265625,5255.26123046875,192.3148193359375,177.05810546875,1130.826904296875,2634.08203125,1500.7886962890625,1379.560302734375,871.0496215820312,688.5360107421875,3574.17724609375,644.5363159179688,2181.676025390625,1308.3397216796875,1811.88232421875,8.1899995803833,708.2528686523438,1422.69873046875,121.83464813232422,383.2990112304688,1035.299560546875,425.2945556640625,3355.77001953125,2563.713623046875,651.4526977539062,11447.9765625,2266.770263671875,1106.798828125,67.4104232788086,349.6717834472656,230.8170928955078,4746.88720703125,289.6338195800781,1238.0086669921875,1540.1090087890625,750.3370971679688,30674.89453125,3065.830810546875,1748.224853515625,1054.200439453125,147.08580017089844,3227.765380859375,1297.1353759765625,3107.9677734375,2467.42578125,11302.7841796875,410.4331970214844,242.310302734375
2025-04-04,4976.14697265625,1947.1282958984373,2332.4501953125,923.7999877929688,1137.9940185546875,523.6813354492188,6689.28759765625,1089.5279541015625,7391.1259765625,1909.7392578125,861.2437744140625,151.66452026367188,1707.50634765625,262.2939453125,4877.19287109375,1450.9908447265625,1387.27685546875,355.0145568847656,2344.031005859375,448.9400024414063,5435.5830078125,641.15185546875,1096.00439453125,5127.0341796875,193.16673278808597,170.28933715820312,1125.523193359375,2599.317138671875,1451.9219970703125,1334.5164794921875,881.9447631835938,684.7102661132812,3484.521484375,592.491455078125,2181.676025390625,1313.998046875,1809.9532470703125,7.909999847412109,680.8971557617188,1380.0606689453125,120.97941589355467,383.5798950195313,997.3204956054688,425.16497802734375,3198.78173828125,2549.086181640625,667.5676879882812,11246.111328125,2128.4658203125,1114.93115234375,62.232364654541016,341.39031982421875,214.4053649902344,4565.26513671875,284.5983581542969,1194.38525390625,1510.500244140625,739.0223999023438,30468.91796875,2878.67578125,1688.3209228515625,1070.7861328125,134.41854858398438,3129.3623046875,1251.2877197265625,3056.939208984375,2456.3642578125,11197.66015625,374.8996887207031,232.8107147216797
2025-04-07,4846.90673828125,1910.2908935546875,2210.615234375,873.2999877929688,1100.6341552734375,520.70703125,6658.15576171875,1046.2481689453125,7027.29638671875,1850.1690673828125,846.3428344726562,143.6477508544922,1651.87744140625,256.8969421386719,4908.69873046875,1383.8974609375,1357.33056640625,348.0534973144531,2310.07958984375,438.8771057128906,5213.61328125,596.150146484375,1074.2315673828125,4948.59130859375,189.01611328125,162.98060607910156,1128.9293212890625,2492.241455078125,1438.9268798828125,1289.47265625,853.0205078125,661.7557373046875,3358.537109375,554.815673828125,2186.39013671875,1267.009765625,1725.71533203125,7.360000133514404,674.8070678710938,1327.8680419921875,119.07371520996094,380.16259765625,922.5028686523438,406.3990173339844,3010.73974609375,2445.711181640625,653.1282348632812,11096.98828125,2007.2047119140625,1108.449951171875,58.67185592651367,340.8057556152344,208.55218505859372,4529.2177734375,280.24078369140625,1155.7191162109375,1458.772216796875,719.2335815429688,29532.8984375,2798.697265625,1645.8499755859375,1030.9215087890625,123.97259521484376,3105.31884765625,1220.075439453125,3003.27734375,2359.9013671875,10898.6474609375,349.311767578125,229.596923828125
2025-04-08,4945.38720703125,1954.3077392578125,2283.54638671875,875.7999877929688,1121.1474609375,532.207763671875,6730.18408203125,1076.099609375,7211.23095703125,1900.6512451171875,871.4575805664062,148.64212036132812,1684.9315185546875,268.3479309082031,5028.60400390625,1460.9749755859375,1404.2349853515625,352.9861755371094,2360.0390625,446.2662963867188,5340.8564453125,609.3859252929688,1094.0294189453125,5110.865234375,188.7387542724609,166.3939208984375,1165.0810546875,2572.6474609375,1445.8939208984375,1316.9212646484375,858.5773315429688,681.4310302734375,3403.531494140625,561.2843017578125,2225.123779296875,1279.1627197265625,1757.817626953125,7.170000076293945,678.5509643554688,1358.3375244140625,121.7602767944336,386.2481689453125,946.5991821289062,409.84906005859375,3101.5966796875,2477.5185546875,668.356201171875,11223.4853515625,2070.890625,1121.4615478515625,58.93027877807617,343.8747863769531,215.0220184326172,4550.7568359375,279.8050537109375,1172.0780029296875,1485.934326171875,740.1296997070312,30209.537109375,2749.936767578125,1667.5794677734375,1052.9700927734375,124.73857879638672,3123.244873046875,1245.083251953125,3102.750732421875,2429.1591796875,10975.43359375,351.22625732421875,233.70867919921875
2025-04-09,4917.85009765625,1967.329345703125,2234.792236328125,860.75,1121.5933837890625,543.1136474609375,6808.388671875,1059.9261474609375,7282.640625,1893.161376953125,862.9180908203125,145.53054809570312,1680.181640625,270.2720947265625,5184.044921875,1428.3267822265625,1387.619873046875,345.3797302246094,2426.007080078125,452.3428955078125,5339.71630859375,600.856201171875,1080.30419921875,5137.19482421875,188.1741180419922,162.8166961669922,1208.9693603515625,2540.564453125,1452.3665771484375,1295.00927734375,856.5632934570312,680.4869995117188,3438.52734375,556.9884033203125,2284.17236328125,1280.04833984375,1767.3642578125,7.090000152587891,677.4526977539062,1334.47509765625,122.35523223876952,389.7591247558594,937.625,409.3605041503906,2996.65966796875,2476.97900390625,683.4856567382812,11222.017578125,2021.908935546875,1155.6910400390625,58.68143081665039,340.36737060546875,210.5443572998047,4360.07373046875,284.1141967773437,1175.2010498046875,1479.59326171875,714.7076416015625,30147.05078125,2702.569580078125,1631.8740234375,1072.6563720703125,121.77043151855467,3079.28369140625,1205.6297607421875,3154.27587890625,2466.62841796875,11098.7197265625,346.0432434082031,223.6892242431641
2025-04-11,5022.43310546875,1987.778076171875,2319.212890625,893.6500244140625,1154.048095703125,543.9563598632812,6755.4384765625,1067.214111328125,7471.67236328125,1943.693603515625,881.221923828125,148.32501220703125,1720.38525390625,275.1997985839844,5194.48193359375,1473.3551025390625,1434.132080078125,361.5146484375,2410.09521484375,448.5024719238281,5541.11474609375,611.3958129882812,1095.56005859375,5227.662109375,188.6496124267578,165.564697265625,1190.7230224609375,2633.4365234375,1514.7718505859375,1304.90966796875,876.8247680664062,681.2322998046875,3490.9970703125,592.8370971679688,2299.869384765625,1290.7252197265625,1700.1422119140625,7.170000076293945,688.385009765625,1339.941650390625,122.55046081542967,394.6744079589844,981.9503784179688,421.02685546875,3057.29638671875,2533.182373046875,699.7485961914062,11360.7568359375,2062.918212890625,1163.8477783203125,60.21282958984375,350.8409423828125,218.54150390625,4500.548828125,294.4755859375,1208.5133056640625,1519.787353515625,725.9260864257812,29886.6796875,2714.461181640625,1666.789306640625,1080.6785888671875,127.7450180053711,3064.9619140625,1214.628662109375,3214.645751953125,2504.5458984375,11201.5556640625,355.0083923339844,226.6194610595703
2025-04-15,5123.2080078125,2026.9425048828125,2415.92138671875,936.6500244140624,1199.8809814453125,553.2759399414062,6879.021484375,1110.9930419921875,7689.65234375,1965.3646240234373,902.9434814453124,152.67529296875,1761.71533203125,276.3260803222656,5234.38525390625,1557.82080078125,1452.511474609375,364.4189147949219,2431.42333984375,460.6071166992188,5685.0634765625,649.8286743164062,1140.3896484375,5401.66015625,190.0958709716797,172.5841522216797,1183.6192626953125,2700.333984375,1553.16357421875,1338.6455078125,905.0452270507812,700.2616577148438,3622.314208984375,609.9219360351562,2295.349853515625,1328.66015625,1803.07763671875,7.320000171661377,734.7100219726562,1355.675537109375,123.51725006103516,393.59771728515625,999.5515747070312,422.8216857910156,3196.2802734375,2597.632080078125,701.6212768554688,11611.4482421875,2167.1357421875,1167.051513671875,62.34722137451172,353.17919921875,220.7423858642578,4670.287109375,294.91131591796875,1229.4822998046875,1560.4307861328125,735.2186279296875,30896.25390625,2825.614990234375,1684.0245361328125,1086.09228515625,130.6078338623047,3080.801025390625,1233.052978515625,3252.904541015625,2577.490966796875,11412.2421875,369.6233520507813,230.63668823242188
2025-04-16,5253.08251953125,2039.2215576171875,2413.32421875,945.5999755859376,1221.7816162109375,560.9100952148438,6979.1435546875,1159.414306640625,7656.95263671875,1966.5628662109373,894.5966796875,156.9759979248047,1785.0245361328125,280.4090270996094,5258.560546875,1609.3387451171875,1466.82275390625,368.10693359375,2468.0830078125,467.9962768554688,5704.3955078125,643.4068603515625,1143.845703125,5486.16796875,193.0874786376953,178.08981323242188,1211.158935546875,2684.64013671875,1594.865966796875,1343.525146484375,911.4027099609376,711.5402221679688,3601.3642578125,602.3177490234375,2300.30712890625,1334.7613525390625,1792.393310546875,7.269999980926514,786.975341796875,1343.41162109375,124.40967559814452,397.3895568847656,1000.9398803710938,423.4598388671875,3166.94287109375,2586.44091796875,710.0977172851562,11424.3720703125,2164.6533203125,1174.6416015625,62.92149353027344,350.0614929199219,228.8344268798828,4659.88916015625,296.0733337402344,1228.689208984375,1563.2269287109375,743.1630859375,30573.642578125,2797.751953125,1672.2708740234375,1088.5531005859375,131.14402770996094,3105.08203125,1239.6837158203125,3251.613037109375,2605.094482421875,11421.0068359375,372.3315734863281,234.08677673339844
2025-04-17,5440.5703125,2041.59814453125,2415.822021484375,947.1500244140624,1248.042724609375,564.9254760742188,7046.88818359375,1188.8663330078125,7711.29150390625,2032.5745849609373,905.0672607421876,157.3525390625,1850.153564453125,280.0335998535156,5295.8427734375,1584.7779541015625,1485.251220703125,367.7380981445313,2486.364501953125,466.0031127929688,5591.3779296875,656.299560546875,1148.980224609375,5547.71728515625,193.0181427001953,180.2978515625,1206.001220703125,2742.151123046875,1619.1759033203125,1349.437255859375,925.3309326171876,715.5150146484375,3591.74658203125,601.9226684570312,2308.4716796875,1384.2587890625,1774.1904296875,7.309999942779541,793.4149169921875,1349.49609375,124.84658813476562,400.010986328125,998.75830078125,436.3626708984375,3186.174072265625,2630.421630859375,704.5288696289062,11454.7353515625,2170.954833984375,1191.0540771484375,63.045928955078125,354.640625,230.9878692626953,4789.1240234375,299.2204895019531,1263.5877685546875,1605.9674072265625,767.9111328125,30772.171875,2796.25927734375,1729.952392578125,1102.628662109375,131.30679321289062,3128.88818359375,1237.8841552734375,3306.666015625,2669.9677734375,11589.478515625,373.5922546386719,223.92552185058597
2025-04-21,5496.71875,2068.037841796875,2440.3984375,956.25,1231.8895263671875,573.9476318359375,7115.6279296875,1221.0140380859375,7932.01318359375,2100.68310546875,916.0317993164062,166.4197235107422,1844.5711669921875,285.3836669921875,5236.23046875,1657.1627197265625,1481.2322998046875,369.2594299316406,2460.731689453125,462.3571472167969,5840.7099609375,662.6723022460938,1162.6070556640625,5676.6767578125,200.1405334472656,188.32974243164065,1180.7972412109375,2738.37646484375,1627.773193359375,1390.7274169921875,935.231201171875,707.7144775390625,3730.01513671875,614.2672729492188,2285.143798828125,1387.3095703125,1821.3795166015625,8.069999694824219,826.8607788085938,1379.442626953125,128.91827392578125,395.89154052734375,1025.3336181640625,446.9920654296875,3218.7490234375,2713.47509765625,685.1612548828125,11503.7080078125,2273.119873046875,1182.57666015625,64.9218978881836,355.1764831542969,236.95489501953125,4852.9990234375,309.8723449707031,1284.4078369140625,1626.2393798828125,786.447998046875,30926.03515625,2813.176025390625,1723.4337158203125,1103.4161376953125,133.260009765625,3150.418701171875,1301.0665283203125,3315.212158203125,2726.07177734375,11621.6142578125,384.7052612304688,225.39064025878903
2025-04-22,5548.9619140625,2061.403076171875,2443.19580078125,943.2999877929688,1222.078857421875,572.9561767578125,7061.83154296875,1214.8240966796875,7829.5869140625,2074.21875,914.7476806640624,167.0142822265625,1814.0142822265625,287.3078308105469,5277.298828125,1563.9110107421875,1497.9942626953125,367.5076293945313,2571.774169921875,470.9616088867188,5860.537109375,671.59423828125,1160.2371826171875,5650.787109375,199.74429321289065,186.3241729736328,1198.3134765625,2730.9267578125,1645.0667724609375,1388.7567138671875,952.0227661132812,708.0621948242188,3650.5966796875,612.390869140625,2331.508056640625,1393.902587890625,1825.435546875,7.96999979019165,786.2265625,1352.63330078125,128.5743408203125,405.9561767578125,1035.4481201171875,452.4563293457031,3196.4765625,2765.604736328125,698.9600830078125,11492.93359375,2293.266357421875,1186.4703369140625,65.04631805419922,350.987060546875,235.05758666992188,4912.912109375,302.6581115722656,1280.144775390625,1616.7525634765625,791.9369506835938,30682.833984375,2842.53173828125,1725.9029541015625,1118.869873046875,132.2834014892578,3143.589111328125,1303.908447265625,3316.50390625,2728.96142578125,11645.9599609375,385.73248291015625,221.3261260986328
2025-04-23,5578.7451171875,2031.8935546875,2451.28857421875,952.5,1227.9256591796875,569.4364624023438,7115.1298828125,1204.940185546875,7945.4775390625,2097.98681640625,920.92138671875,169.0457305908203,1842.8082275390625,282.0046691894531,5382.93212890625,1564.3104248046875,1503.385498046875,367.830322265625,2600.598876953125,472.7117004394531,5873.42529296875,674.2413940429688,1171.098876953125,5607.80078125,197.8918914794922,186.5748748779297,1234.4168701171875,2667.5556640625,1592.98828125,1495.82958984375,933.6782836914062,704.6339111328125,3752.393310546875,621.279052734375,2355.90478515625,1401.676513671875,1859.86279296875,8.010000228881836,792.9157104492188,1402.1639404296875,127.96077728271484,403.3815002441406,1030.4901123046875,444.1203002929688,3238.863037109375,2864.464111328125,706.2537231445312,11662.3798828125,2393.9990234375,1199.333984375,65.18988800048828,354.44580078125,239.22216796875,5113.44970703125,304.9822082519531,1288.869384765625,1613.25732421875,783.3184204101562,30141.841796875,2857.9560546875,1766.7935791015625,1132.0596923828125,135.15579223632812,3237.1083984375,1363.6807861328125,3336.279296875,2796.923828125,11636.22265625,390.5419006347656,230.2585906982422
2025-04-24,5554.8212890625,2046.0543212890625,2440.19873046875,968.9500122070312,1225.2501220703125,567.1066284179688,7132.564453125,1205.1397705078125,7887.7724609375,2102.18115234375,918.7482299804688,169.18446350097656,1807.5504150390625,283.45953369140625,5302.9306640625,1545.4405517578125,1521.02978515625,368.6601257324219,2642.578369140625,478.0591125488281,6161.9169921875,667.1823120117188,1185.416748046875,5520.36181640625,200.00184631347656,186.3241729736328,1233.832763671875,2710.862548828125,1585.675537109375,1488.9791259765625,930.2326049804688,703.9384155273438,3765.724853515625,620.538330078125,2260.1640625,1380.3226318359375,1860.15966796875,7.929999828338623,818.4243774414062,1398.8365478515625,128.64869689941406,402.6324768066406,1035.7457275390625,443.3226013183594,3238.470703125,2848.363525390625,702.50830078125,11649.646484375,2356.570556640625,1199.2353515625,65.10374450683594,353.8612060546875,236.56594848632807,5106.51708984375,304.4495544433594,1290.4556884765625,1605.9674072265625,783.2703247070312,30479.33984375,2889.302001953125,1781.7078857421875,1143.0841064453125,135.50048828125,3226.29541015625,1368.9853515625,3361.421142578125,2764.238037109375,11840.724609375,392.4563293457031,229.4551239013672
2025-04-25,5369.77392578125,1919.104248046875,2352.081787109375,912.5499877929688,1182.241455078125,544.0059204101562,6926.8408203125,1164.4061279296875,7726.6796875,2042.7607421875,900.0789184570312,163.95225524902344,1779.73583984375,277.5462951660156,5262.7353515625,1541.0474853515625,1495.73974609375,362.4827270507813,2583.9619140625,471.1560974121094,5960.6669921875,640.7597045898438,1160.0396728515625,5447.08935546875,194.64273071289065,180.05679321289062,1232.470458984375,2716.425048828125,1580.9322509765625,1481.0025634765625,927.5148315429688,700.1126098632812,3709.54150390625,614.3660888671875,2266.870849609375,1382.38916015625,1834.240234375,7.46999979019165,821.0202026367188,1407.2025146484375,125.17194366455078,400.5259399414063,1019.7806396484376,439.6133117675781,3210.50732421875,2811.843505859375,700.192138671875,11457.673828125,2423.884521484375,1189.5260009765625,62.16536712646485,347.2847595214844,233.6820526123047,5222.3837890625,296.7995910644531,1289.2659912109375,1692.746826171875,769.0667114257812,30315.552734375,2819.644287109375,1765.410888671875,1137.5718994140625,132.94406127929688,3270.30419921875,1384.8994140625,3344.129638671875,2728.363525390625,11916.6826171875,385.9659423828125,227.7064514160156
2025-04-28,5405.90478515625,1906.3299560546875,2367.5673828125,941.0,1198.989013671875,540.2880249023438,7018.49462890625,1190.863037109375,7786.30810546875,2046.955078125,898.2020874023438,162.7730255126953,1784.2412109375,290.9684143066406,5270.7939453125,1523.3756103515625,1524.362548828125,366.1707153320313,2606.3056640625,468.8226623535156,5974.5458984375,650.9071655273438,1183.6392822265625,5492.51806640625,197.9513092041016,182.54446411132807,1231.88671875,2734.89990234375,1590.61669921875,1470.656005859375,931.882568359375,706.3729248046875,3724.96826171875,620.8346557617188,2253.65185546875,1406.00634765625,1830.3819580078125,7.449999809265137,829.2069091796875,1409.0087890625,126.88245391845705,401.4621887207031,1045.562744140625,443.8411254882813,3264.668212890625,2877.030029296875,705.1695556640625,11602.6328125,2390.275146484375,1185.82958984375,62.89278411865234,352.20489501953125,237.7327880859375,5235.75244140625,298.78472900390625,1357.0804443359375,1733.68994140625,787.073974609375,30176.58203125,2902.238525390625,1818.944091796875,1137.0797119140625,136.027099609375,3266.0361328125,1384.4256591796875,3348.00537109375,2783.371337890625,11796.90234375,388.580810546875,227.3283843994141
2025-04-29,5452.28857421875,1873.750732421875,2328.404296875,922.4000244140624,1205.430419921875,529.3821411132812,6966.1923828125,1185.3720703125,7769.4775390625,2064.132080078125,898.2020874023438,166.3800811767578,1786.199951171875,292.56402587890625,5309.14404296875,1482.1412353515625,1511.0313720703125,358.7486572265625,2557.652099609375,470.232421875,6055.34375,645.9559326171875,1161.2244873046875,5450.50830078125,201.507568359375,182.8144378662109,1228.7724609375,2727.251708984375,1603.6610107421875,1489.35595703125,926.3502197265624,710.5465087890625,3668.784423828125,614.8104858398438,2256.664794921875,1406.9903564453125,1836.2188720703125,7.239999771118164,835.5966186523438,1423.6494140625,126.222412109375,398.8406982421875,1026.920166015625,439.7329406738281,3259.76220703125,2856.413818359375,701.12841796875,11597.736328125,2398.39111328125,1176.711669921875,62.758785247802734,347.7719421386719,233.06539916992188,5351.61865234375,293.3619689941406,1387.7156982421875,1727.6982421875,782.4517211914062,29804.337890625,2915.67236328125,1783.2880859375,1150.5648193359375,135.48133850097656,3293.54150390625,1416.443359375,3357.446044921875,2693.1865234375,11558.31640625,388.7675476074219,228.17906188964844
2025-04-30,5392.72216796875,1869.5916748046875,2299.1318359375,900.7000122070312,1205.5294189453125,535.0830078125,6950.75048828125,1183.07568359375,7722.83251953125,1948.9864501953125,852.9117431640625,164.12071228027344,1826.060791015625,291.0152893066406,5280.599609375,1489.828857421875,1519.46142578125,355.2450561523437,2502.711181640625,474.2187194824219,6034.5244140625,661.1035766601562,1169.0252685546875,5438.78515625,194.83091735839844,182.32269287109372,1226.631591796875,2719.10693359375,1582.1180419921875,1487.93212890625,934.2120361328124,739.0160522460938,3644.6923828125,616.8843383789062,2276.493408203125,1404.235107421875,1856.4002685546875,7.119999885559082,837.0442504882812,1426.1212158203125,128.156005859375,398.6534729003906,1021.1689453125,440.3511657714844,3278.110107421875,2875.2626953125,700.2413940429688,12005.189453125,2357.4296875,1177.0565185546875,62.01222610473633,345.4336242675781,231.8985595703125,5269.91796875,297.71954345703125,1392.9703369140625,1763.3487548828125,759.4371337890625,29491.65234375,2887.311767578125,1809.758544921875,1147.5135498046875,134.12173461914062,3275.710205078125,1423.7371826171875,3358.5390625,2662.693115234375,11336.2841796875,391.4757690429688,228.27359008789065
2025-05-02,5345.56396484375,1846.3209228515625,2296.933837890625,905.7000122070312,1251.709228515625,523.92919921875,6901.93505859375,1181.4783935546875,7521.3466796875,1964.0662841796875,876.0260620117188,160.34521484375,1810.0968017578125,292.28240966796875,5146.71337890625,1489.7291259765625,1484.5650634765625,353.5854797363281,2454.92822265625,466.100341796875,6027.0888671875,671.8883666992188,1163.1007080078125,5314.7099609375,187.73825073242188,181.6766662597656,1224.685302734375,2705.697509765625,1543.1827392578125,1492.583251953125,932.7076416015624,724.5577392578125,3558.988525390625,622.6616821289062,2253.65185546875,1407.2855224609375,1833.5478515625,7.050000190734863,855.0650634765625,1432.5858154296875,132.91561889648438,402.1175537109375,959.3910522460938,435.0863342285156,3272.125,2863.874755859375,688.7587280273438,12150.1484375,2346.73583984375,1149.259033203125,62.40464401245117,339.7340393066406,230.2763671875,5354.09375,293.45880126953125,1407.6436767578125,1759.753662109375,767.1888427734375,29064.8125,2898.258056640625,1802.1531982421875,1136.5875244140625,135.3855743408203,3254.180419921875,1415.306396484375,3321.0751953125,2710.52587890625,11309.017578125,387.27337646484375,228.4437255859375
2025-05-05,5391.248046875,1863.9473876953125,2453.1865234375,965.7000122070312,1334.9517822265625,536.7683715820312,6947.76171875,1171.2947998046875,7617.521484375,2023.486572265625,882.2987060546875,162.91175842285156,1827.5299072265625,301.3399963378906,5203.025390625,1549.0347900390625,1512.40380859375,355.52166748046875,2535.211669921875,468.4823913574219,6071.701171875,680.1729736328125,1156.5836181640625,5334.73779296875,189.70953369140625,184.3475341796875,1228.1885986328125,2736.5888671875,1563.638671875,1488.976318359375,939.9386596679688,734.2462768554688,3587.7470703125,625.525634765625,2282.8115234375,1406.5968017578125,1832.4595947265625,7.150000095367432,845.3807373046875,1434.2020263671875,138.1028289794922,409.0926208496094,947.4916381835938,415.781982421875,3267.513427734375,2966.26806640625,712.26611328125,12202.060546875,2345.11279296875,1147.48486328125,63.12249374389648,339.6366271972656,226.91812133789065,5479.3681640625,298.44580078125,1419.0452880859375,1767.443115234375,760.737060546875,29253.41796875,2937.266357421875,1814.0054931640625,1143.2808837890625,136.0366668701172,3276.279541015625,1415.7801513671875,3301.001708984375,2772.907958984375,11364.5244140625,391.7559509277344,230.2302398681641
2025-05-06,5240.44091796875,1830.873046875,2351.7822265625,923.25,1308.8890380859375,530.5718994140625,6982.63037109375,1159.5140380859375,7641.56494140625,2033.0738525390625,869.0127563476562,156.02467346191406,1861.808349609375,292.3293762207031,5236.521484375,1528.1678466796875,1481.5263671875,348.7450256347656,2535.598388671875,467.2670593261719,6107.88671875,663.8978271484375,1145.8206787109375,5387.982421875,185.5292053222656,179.7386016845703,1217.1923828125,2710.365966796875,1561.7611083984375,1498.943115234375,937.4635620117188,718.0489501953125,3687.734619140625,622.2172241210938,2315.08154296875,1408.7615966796875,1775.8721923828125,6.880000114440918,830.4548950195312,1436.958984375,133.93817138671875,407.7818298339844,959.3910522460938,413.6082153320313,3271.241943359375,3012.310791015625,709.752685546875,12322.533203125,2251.1591796875,1161.4327392578125,61.60066604614258,333.0114440917969,224.8311004638672,5372.41455078125,297.86480712890625,1408.7342529296875,1723.60400390625,745.4259643554688,29268.30859375,2926.71826171875,1796.7208251953125,1137.17822265625,138.29629516601562,3281.68603515625,1417.2957763671875,3278.642333984375,2763.839599609375,11386.9228515625,383.7713928222656,227.9805908203125
2025-05-07,5302.8271484375,1826.912109375,2350.8828125,917.25,1326.132080078125,530.6214599609375,6956.72802734375,1159.414306640625,7548.75634765625,2027.581298828125,887.68212890625,158.11558532714844,1857.6949462890625,297.4447631835937,5195.25830078125,1571.9981689453125,1478.977783203125,353.4010925292969,2548.559814453125,468.7254638671875,6094.99853515625,665.9567260742188,1146.11669921875,5362.58154296875,189.37274169921875,182.45767211914065,1213.3970947265625,2681.759521484375,1560.4764404296875,1483.9453125,944.2092895507812,719.3407592773438,3683.354248046875,628.3895263671875,2304.3896484375,1412.5010986328125,1806.4412841796875,6.920000076293945,832.45166015625,1433.916748046875,134.3193359375,403.6623840332031,958.0027465820312,417.7762451171875,3258.879150390625,3062.86962890625,725.7691650390625,12373.46484375,2293.6484375,1152.5118408203125,62.92149353027344,333.2550048828125,226.41534423828125,5450.64892578125,301.2540283203125,1393.9617919921875,1742.0782470703125,747.3518676757812,29352.681640625,2952.6904296875,1759.3858642578125,1128.0240478515625,139.78993225097656,3267.553955078125,1416.3485107421875,3317.994384765625,2782.57421875,11352.8388671875,388.4874267578125,230.6744842529297
2025-05-08,5194.75634765625,1791.3619384765625,2283.14697265625,880.5,1321.0780029296875,519.913818359375,6825.72265625,1170.29638671875,7429.0185546875,2003.3135986328125,872.4700317382812,155.7670440673828,1836.246337890625,289.04425048828125,5234.09423828125,1529.06640625,1457.41259765625,355.38336181640625,2467.115966796875,455.69720458984375,5909.11474609375,642.2303466796875,1133.576416015625,5248.7646484375,184.97447204589844,177.67518615722656,1207.266357421875,2680.5673828125,1519.0704345703125,1500.4619140625,935.91064453125,718.396728515625,3619.076416015625,612.4896850585938,2288.9345703125,1412.5994873046875,1772.607666015625,6.690000057220459,825.4630126953125,1436.8638916015625,131.06568908691406,403.1474609375,945.2109375,421.3060607910156,3261.33203125,2977.656494140625,709.2105712890625,12137.416015625,2267.581787109375,1153.6455078125,61.05510330200195,331.2577209472656,221.24517822265625,5416.4833984375,298.49420166015625,1394.9532470703125,1729.0963134765625,740.5149536132812,29193.857421875,2824.719482421875,1745.459228515625,1098.49462890625,137.55902099609375,3271.15771484375,1423.5477294921875,3348.2041015625,2686.2109375,11326.5458984375,380.176025390625,228.33978271484372
2025-05-09,5345.07275390625,1793.9366455078125,2248.879150390625,879.4500122070312,1294.519775390625,522.937744140625,6696.71044921875,1149.230712890625,7388.62548828125,1967.3619384765625,854.7150268554688,154.84544372558594,1810.292724609375,288.01177978515625,5277.7841796875,1511.19482421875,1450.7469482421875,352.5712585449219,2467.018798828125,449.9122314453125,5973.55517578125,619.3373413085938,1141.3770751953125,5201.38134765625,185.6183624267578,175.1007537841797,1208.7259521484375,2617.096923828125,1530.03955078125,1489.7357177734375,917.0807495117188,709.1055908203125,3669.92724609375,619.353271484375,2267.551025390625,1366.742919921875,1763.1102294921875,6.699999809265137,816.8768920898438,1433.2513427734375,130.13607788085938,396.5469055175781,948.9790649414062,419.4114990234375,3379.072998046875,2927.588623046875,712.90673828125,11998.333984375,2279.421630859375,1146.104736328125,61.53366470336914,326.1427307128906,222.89584350585935,5390.240234375,289.82745361328125,1365.4083251953125,1697.4404296875,750.38525390625,29015.181640625,2843.228271484375,1723.3350830078125,1096.230712890625,136.70689392089844,3263.001220703125,1414.9276123046875,3488.3212890625,2654.421875,11066.53515625,380.9231262207031,228.7556610107422
2025-05-12,5489.0029296875,1840.676513671875,2423.014892578125,940.5499877929688,1349.8165283203125,537.0162963867188,6899.94287109375,1201.0465087890625,7731.96923828125,2047.6541748046875,892.0549926757812,162.08929443359375,1832.23095703125,290.07672119140625,5445.263671875,1576.690673828125,1481.722412109375,364.6494445800781,2526.119384765625,461.87103271484375,5890.7744140625,667.1823120117188,1180.5782470703125,5392.86767578125,192.6219024658203,181.0788726806641,1254.8525390625,2724.371337890625,1564.42919921875,1585.513916015625,949.8388671875,729.9733276367188,3794.673583984375,643.844970703125,2315.76171875,1425.39208984375,1817.026611328125,7.070000171661377,787.2249145507812,1546.66796875,132.3299560546875,407.7350463867188,996.7750854492188,427.7674255371094,3519.67578125,3047.947509765625,727.4940185546875,12356.814453125,2417.964599609375,1174.8880615234375,65.16117858886719,339.5878601074219,231.4906463623047,5819.5380859375,299.2688903808594,1424.2005615234375,1749.068603515625,771.9555053710938,29913.53125,2881.739013671875,1665.455810546875,1127.6302490234375,145.1804656982422,3433.819091796875,1490.140380859375,3540.592041015625,2751.084228515625,11428.796875,407.21136474609375,243.1893768310547
2025-05-13,5537.634765625,1835.3291015625,2438.89990234375,958.0499877929688,1356.8524169921875,532.3069458007812,6891.47509765625,1191.6617431640625,7754.5703125,2015.497314453125,894.3795166015625,160.91006469726562,1783.0657958984375,288.0586853027344,5325.3583984375,1576.2913818359375,1490.054443359375,364.3267211914063,2513.834716796875,460.6071166992188,6024.115234375,664.5841064453125,1191.933837890625,5294.19384765625,196.2276763916016,177.25094604492188,1237.0726318359375,2690.500244140625,1575.101806640625,1537.387451171875,933.04736328125,730.4204711914062,3869.616943359375,626.8588256835938,2293.89208984375,1407.777587890625,1846.507568359375,6.940000057220459,768.8546752929688,1491.2430419921875,131.71641540527344,400.61956787109375,981.6033325195312,421.9043273925781,3499.85595703125,2997.977783203125,717.1449584960938,12225.56640625,2378.0537109375,1168.18505859375,64.3284683227539,332.7191467285156,228.7774810791016,5705.15771484375,289.00439453125,1403.57861328125,1737.5845947265625,772.0518188476562,29923.45703125,2902.4375,1679.086181640625,1101.0538330078125,143.07403564453125,3333.851318359375,1489.5718994140625,3540.89013671875,2702.952392578125,11355.7607421875,406.6043701171875,237.79209899902344
2025-05-14,5536.16162109375,1842.85498046875,2459.580322265625,967.25,1359.4290771484375,538.9495849609375,6890.47802734375,1193.55859375,7792.5595703125,2017.6944580078125,898.2371215820312,165.51795959472656,1796.385498046875,293.3149108886719,5324.38720703125,1594.06298828125,1465.2545166015625,371.6565856933594,2522.443603515625,455.9402770996094,6161.9169921875,675.2218017578125,1204.6717529296875,5321.060546875,196.3663482666016,179.27577209472656,1252.4102783203125,2718.80908203125,1579.35107421875,1554.5684814453125,927.2236938476562,737.0286254882812,3873.045166015625,642.4623413085938,2284.657958984375,1403.44775390625,1831.074462890625,6.980000019073486,780.0864868164062,1513.869384765625,133.37110900878906,401.7430725097656,981.00830078125,417.2776794433594,3505.84130859375,3045.100341796875,712.1675415039062,12409.7041015625,2455.3935546875,1168.2835693359375,67.03713989257812,329.8450012207031,233.37844848632807,5702.6826171875,286.5835266113281,1412.204345703125,1752.763427734375,771.0407104492188,30394.96484375,2992.096923828125,1687.1851806640625,1102.8255615234375,148.70391845703125,3365.814453125,1518.6529541015625,3565.137451171875,2717.800537109375,11366.47265625,413.421630859375,239.0870513916016
2025-05-15,5634.40673828125,1865.234619140625,2517.625732421875,967.9000244140624,1393.5186767578125,542.8657836914062,7045.8916015625,1207.136474609375,8007.51025390625,2039.1656494140625,908.870361328125,167.46022033691406,1828.705078125,297.53863525390625,5305.9404296875,1606.64306640625,1472.5081787109375,373.085693359375,2568.485595703125,455.9888610839844,6160.92529296875,695.1735229492188,1220.7669677734375,5340.111328125,196.9706115722656,178.39834594726562,1260.6163330078125,2805.8203125,1574.4100341796875,1609.9093017578125,938.4827880859376,746.4688720703125,4118.53857421875,653.1281127929688,2289.226318359375,1427.6553955078125,1853.0367431640625,7.230000019073486,779.2378540039062,1533.4534912109375,134.79342651367188,405.0667419433594,1029.59765625,420.0696105957031,3550.092041015625,3086.823486328125,710.2455444335938,12685.9111328125,2505.7119140625,1181.93603515625,67.05628204345703,333.1576232910156,234.8963165283203,5598.7001953125,290.1663818359375,1441.7491455078125,1782.12255859375,777.82958984375,31169.232421875,2994.78369140625,1718.6927490234375,1129.2052001953125,150.65716552734375,3395.40673828125,1543.1871337890625,3614.029296875,2780.082763671875,11582.6611328125,414.4487915039063,242.5182647705078
2025-05-16,5717.916015625,1909.5977783203125,2552.5927734375,1020.0999755859376,1394.7080078125,558.6793212890625,6988.60791015625,1206.8370361328125,8158.02392578125,2030.876708984375,906.7437744140624,168.5502471923828,1776.601806640625,300.4483337402344,5341.3779296875,1616.72705078125,1470.253662109375,373.2239685058594,2601.662841796875,463.4266357421875,6225.36474609375,701.8894653320312,1215.2371826171875,5382.609375,197.15884399414065,179.61325073242188,1269.5062255859375,2785.358642578125,1558.7965087890625,1575.6417236328125,938.9195556640624,745.8228759765625,4137.869140625,649.3753051757812,2314.692626953125,1430.8043212890625,1829.7884521484373,7.369999885559082,778.9383544921875,1511.49267578125,134.5331268310547,407.9223327636719,1013.2359619140624,420.4285888671875,3536.84619140625,3078.282470703125,713.990966796875,12728.02734375,2482.891845703125,1187.20947265625,67.25727844238281,334.2780456542969,234.5737762451172,5643.75927734375,290.6990051269531,1443.9302978515625,1770.938232421875,778.0751342773438,31382.65234375,3054.490234375,1713.5567626953125,1149.678955078125,150.84864807128906,3377.765380859375,1531.725341796875,3610.94873046875,2831.602783203125,11593.373046875,412.0207824707031,240.38201904296875
2025-05-19,5735.6005859375,1911.1822509765625,2538.206298828125,1014.0,1385.6900634765625,560.7117919921875,6948.26025390625,1200.8468017578125,8512.427734375,2035.570556640625,915.4976196289062,169.006103515625,1780.813232421875,297.7263488769531,5358.85400390625,1631.8031005859375,1462.11767578125,371.2878112792969,2622.749267578125,470.03802490234375,6523.2744140625,723.2138671875,1203.684326171875,5402.63720703125,200.00184631347656,182.69873046875,1261.6907958984375,2708.677490234375,1566.3067626953125,1565.8646240234375,940.8607177734376,746.2203979492188,4178.24560546875,650.1654052734375,2315.9560546875,1425.8841552734375,1864.512451171875,6.71999979019165,782.7821044921875,1482.8770751953125,134.5052490234375,407.5946350097656,1011.0543823242188,421.02685546875,3532.43115234375,3070.821533203125,706.302978515625,12722.150390625,2419.969970703125,1186.7166748046875,67.24771118164062,336.2753295898437,233.9192047119141,5614.544921875,294.4271545410156,1428.4638671875,1767.5428466796875,780.9237670898438,31367.76171875,3089.219482421875,1708.9144287109375,1131.2723388671875,150.86781311035156,3337.455322265625,1513.537841796875,3595.048828125,2815.260009765625,11616.74609375,412.8145446777344,237.9622344970703
2025-05-20,5637.845703125,1901.477783203125,2499.2431640625,983.9500122070312,1372.113525390625,557.2417602539062,6885.9951171875,1193.858154296875,8237.3671875,2002.4149169921875,898.0393676757812,163.40724182128906,1771.6070556640625,293.6903686523437,5270.01708984375,1606.742919921875,1425.6529541015625,376.2666015625,2543.33642578125,462.4544067382813,6396.87353515625,738.753662109375,1208.8189697265625,5263.41943359375,196.29702758789065,184.26075744628903,1231.699462890625,2702.51904296875,1541.404052734375,1555.1383056640625,929.3104858398438,742.3449096679688,4039.1201171875,654.5106811523438,2275.521484375,1415.25634765625,1855.1142578125,6.550000190734863,780.9850463867188,1483.637451171875,131.9302215576172,407.1733093261719,1004.2122192382812,416.8189697265625,3500.640869140625,3007.500732421875,693.933349609375,12378.3623046875,2417.964599609375,1162.41845703125,66.30972290039062,333.7908935546875,236.4615936279297,5592.2626953125,288.4717712402344,1412.4024658203125,1755.35986328125,771.7393798828125,31293.314453125,3112.405517578125,1686.7901611328125,1110.798583984375,151.94015502929688,3318.01220703125,1492.8873291015625,3558.18115234375,2741.6171875,11390.818359375,406.55767822265625,236.03396606445312
2025-05-21,5783.25,1922.47119140625,2498.044189453125,996.5,1372.113525390625,562.9425659179688,6957.724609375,1195.85498046875,8355.181640625,2034.5718994140625,909.7605590820312,166.6971893310547,1784.9266357421875,296.459228515625,5333.61083984375,1653.36865234375,1453.0994873046875,373.7311096191406,2572.258056640625,468.3851318359375,6495.515625,759.97998046875,1209.3126220703125,5284.423828125,198.9320068359375,183.8172149658203,1250.456298828125,2688.71240234375,1558.5987548828125,1568.142822265625,935.0856323242188,754.915283203125,4060.26025390625,654.757568359375,2297.6826171875,1421.6527099609375,1857.983154296875,6.760000228881836,768.7049560546875,1491.14794921875,133.29673767089844,405.3944396972656,992.5111083984376,413.0697937011719,3521.44189453125,3034.203369140625,699.452880859375,12355.833984375,2442.026123046875,1179.2252197265625,67.1424331665039,337.2496032714844,235.91136169433597,5615.0400390625,286.77716064453125,1416.9630126953125,1761.451416015625,773.1636352539062,31258.5703125,3274.708251953125,1710.494873046875,1120.93701171875,154.76467895507812,3344.094970703125,1513.9166259765625,3558.081787109375,2757.6611328125,11360.6298828125,408.7989501953125,237.1776885986328
2025-05-22,5820.09228515625,1925.3428955078125,2485.25634765625,985.8499755859376,1359.03271484375,562.8930053710938,6928.33544921875,1186.5699462890625,8399.421875,1998.3203125,903.9741821289062,164.1009063720703,1793.6431884765625,293.83111572265625,5279.24072265625,1624.31494140625,1439.474365234375,367.7380981445313,2405.6943359375,463.8155212402344,6481.63623046875,760.6171875,1206.843994140625,5262.9306640625,199.2787170410156,185.7167205810547,1234.82568359375,2656.629638671875,1547.9261474609375,1550.107177734375,931.737060546875,751.0894775390625,4072.162841796875,641.4747924804688,2265.412841796875,1419.0941162109375,1848.5848388671875,6.75,783.7305908203125,1471.18359375,133.2037811279297,398.934326171875,997.1716918945312,411.9729614257813,3484.549560546875,2951.345947265625,688.2166748046875,12189.3271484375,2428.754150390625,1163.99560546875,68.1378402709961,332.62176513671875,229.26129150390625,5528.3876953125,281.6933288574219,1397.332763671875,1756.8577880859375,771.346435546875,31179.162109375,3288.440673828125,1697.555908203125,1109.02685546875,154.42958068847656,3297.809814453125,1483.0357666015625,3518.8291015625,2793.03759765625,11374.263671875,406.32421875,232.47042846679688
2025-05-23,5856.44287109375,1940.2955322265625,2537.606689453125,986.9500122070312,1382.8162841796875,566.0160522460938,7037.92138671875,1208.1348876953125,8406.634765625,2033.7728271484373,914.3106079101562,163.96217346191406,1793.9368896484375,299.3219909667969,5326.814453125,1625.4132080078125,1454.8638916015625,370.181396484375,2398.246337890625,468.5796203613281,6427.11083984375,761.303466796875,1214.644775390625,5275.63134765625,201.51747131347656,184.43431091308597,1247.91650390625,2641.531494140625,1561.0206298828125,1564.5357666015625,938.3856201171876,775.4849243164062,4103.11181640625,642.0179443359375,2293.1142578125,1426.67138671875,1874.8011474609373,6.760000228881836,792.1170654296875,1487.63037109375,133.91957092285156,408.4840393066406,1000.04736328125,418.9528503417969,3532.13671875,2957.629150390625,690.779296875,12197.1630859375,2426.55810546875,1189.9696044921875,69.3821029663086,335.7394714355469,231.6993560791016,5607.11767578125,288.6654663085937,1414.5838623046875,1796.2030029296875,776.5034790039062,31263.53515625,3261.274169921875,1662.8876953125,1122.9056396484375,156.03811645507812,3333.471923828125,1496.960693359375,3557.28662109375,2770.9150390625,11438.53515625,410.9468078613281,233.8126678466797
2025-05-26,5891.3203125,1939.305419921875,2545.299560546875,1011.8499755859376,1387.57275390625,562.298095703125,7069.8017578125,1213.2266845703125,8615.8154296875,2049.851318359375,916.8824462890624,164.12071228027344,1809.3133544921875,303.12335205078125,5364.19384765625,1642.1865234375,1454.8638916015625,371.2878112792969,2428.134765625,466.9753723144531,6678.9208984375,762.5780029296875,1225.3092041015625,5302.498046875,200.00184631347656,186.2373809814453,1254.8525390625,2638.551513671875,1554.8701171875,1588.646240234375,941.5886840820312,775.0874633789062,4151.29638671875,653.2268676757812,2327.037109375,1437.2989501953125,1823.5560302734373,6.929999828338623,798.80615234375,1502.55615234375,133.47337341308594,414.6632690429688,1023.6480102539062,416.659423828125,3580.01806640625,3023.895263671875,701.12841796875,12165.8203125,2430.9501953125,1209.487060546875,70.09994506835938,334.667724609375,233.3120574951172,5635.83642578125,287.30975341796875,1422.5152587890625,1799.0989990234375,780.33447265625,30871.4375,3232.81396484375,1655.47998046875,1128.3193359375,155.59767150878906,3355.002197265625,1516.9478759765625,3587.6953125,2767.128173828125,11383.0283203125,416.08306884765625,236.53494262695312
2025-05-27,5909.00439453125,1917.916015625,2537.90673828125,1013.0,1391.536865234375,557.88623046875,7046.88818359375,1193.6585693359375,8620.142578125,2027.181640625,907.139404296875,167.4205780029297,1805.78759765625,297.53863525390625,5336.5234375,1662.5540771484375,1451.237060546875,368.7523193359375,2430.843505859375,470.6699523925781,6640.25732421875,758.9014282226562,1227.5802001953125,5265.373046875,200.57640075683597,187.0376739501953,1240.29638671875,2596.63525390625,1560.22705078125,1568.2376708984375,934.843017578125,770.9138793945312,4131.10888671875,651.2517700195312,2313.526123046875,1423.3255615234375,1821.280517578125,6.960000038146973,819.3728637695312,1492.6690673828125,133.31533813476562,406.2370300292969,1005.203857421875,414.2862854003906,3571.48193359375,2984.233642578125,705.36669921875,12158.9638671875,2423.120849609375,1212.8878173828125,69.62137603759766,329.8450012207031,231.9839324951172,5590.77734375,285.2278137207031,1409.9239501953125,1800.7967529296875,779.6468505859375,30722.5390625,3282.967529296875,1662.6903076171875,1120.543212890625,154.78384399414062,3318.39111328125,1508.422607421875,3566.926025390625,2789.9482421875,11122.04296875,418.3710632324219,234.6539306640625
2025-05-28,5909.49609375,1901.3787841796875,2512.63037109375,1001.8499755859376,1398.2755126953125,556.8451538085938,6930.328125,1192.7598876953125,8510.50390625,2019.6917724609373,916.6846313476562,167.67823791503906,1817.8338623046875,301.9501037597656,5313.70751953125,1644.3829345703125,1439.474365234375,367.1388244628906,2451.083251953125,471.2532958984375,6578.79150390625,756.8916015625,1226.98779296875,5203.82421875,199.7244873046875,187.38479614257807,1229.94091796875,2560.281494140625,1536.4189453125,1573.173828125,933.484130859375,784.4779052734375,4153.962890625,641.869873046875,2295.8359375,1430.6075439453125,1828.4034423828125,7.119999885559082,803.8480224609375,1494.2852783203125,134.0497283935547,400.65911865234375,992.6102905273438,413.6680603027344,3577.663330078125,2943.00146484375,708.9642333984375,12077.6689453125,2417.10546875,1192.23681640625,67.82198333740234,331.3064270019531,230.2099609375,5529.8740234375,281.9353942871094,1400.8028564453125,1804.8909912109373,782.4463500976562,29675.294921875,3321.279296875,1645.8994140625,1103.8099365234375,154.3817138671875,3317.443115234375,1496.960693359375,3552.318115234375,2791.741943359375,10943.8330078125,417.297119140625,233.8788146972656
2025-05-29,5937.49609375,1898.606201171875,2538.40625,1019.0499877929688,1425.6265869140625,556.6468505859375,6896.9541015625,1199.74853515625,8535.0283203125,2008.2071533203125,910.403564453125,169.3826446533203,1825.1793212890625,299.556640625,5335.552734375,1605.2452392578125,1447.708251953125,367.1388244628906,2431.625244140625,468.7254638671875,6574.33056640625,778.2158813476562,1232.5174560546875,5255.11474609375,199.199462890625,184.88748168945312,1217.3387451171875,2556.308349609375,1538.3035888671875,1580.1981201171875,935.42529296875,775.9817504882812,4148.63037109375,641.9192504882812,2300.404296875,1433.264404296875,1835.3284912109373,7.139999866485596,822.8173217773438,1507.4046630859375,133.58494567871094,399.2765197753906,997.7667236328124,415.1239013671875,3586.494140625,2953.99658203125,713.0545654296875,12137.416015625,2450.42822265625,1200.1226806640625,69.190673828125,330.6244506835937,230.5609588623047,5615.0400390625,283.8236999511719,1405.660888671875,1822.466552734375,783.232177734375,29695.146484375,3332.822509765625,1678.8885498046875,1100.488037109375,156.18173217773438,3317.822265625,1515.621826171875,3565.8330078125,2798.8173828125,10974.0224609375,421.7796325683594,236.44039916992188
2025-05-30,5866.26806640625,1864.4425048828125,2517.525634765625,1014.3499755859376,1419.87890625,548.764892578125,6854.6142578125,1190.263916015625,8277.7607421875,2014.698486328125,912.4410400390624,168.64935302734375,1817.9317626953125,298.8526611328125,5350.11572265625,1598.4560546875,1436.7296142578125,366.3089904785156,2401.314453125,469.5518798828125,6554.99853515625,782.2356567382812,1235.479736328125,5210.66259765625,200.1603546142578,183.0072784423828,1202.97802734375,2528.69482421875,1514.793212890625,1553.5244140625,943.8696899414062,771.9572143554688,4103.58837890625,625.6243286132812,2282.519775390625,1422.7352294921875,1855.3121337890625,6.920000076293945,815.6289672851562,1506.5369873046875,131.97669982910156,398.6090698242188,985.1731567382812,413.7478332519531,3605.92138671875,2922.38525390625,706.1551513671875,12065.916015625,2443.171875,1180.9993896484375,68.11869049072266,325.3145751953125,227.10784912109372,5583.3505859375,280.5797119140625,1408.7342529296875,1809.684326171875,797.91748046875,29377.5,3249.63134765625,1656.961669921875,1097.0174560546875,154.1710662841797,3284.91015625,1490.898193359375,3532.741455078125,2771.1142578125,10916.5654296875,406.7444152832031,235.99615478515625
2025-06-02,5869.70556640625,1865.729736328125,2516.4267578125,1009.0999755859376,1454.761474609375,550.79736328125,6889.482421875,1192.46044921875,8187.83740234375,2026.282958984375,906.2788696289062,171.18617248535156,1815.8751220703125,297.1632080078125,5441.86572265625,1578.48779296875,1441.140625,368.5218200683594,2419.305419921875,471.0102233886719,6482.6279296875,794.834228515625,1232.0235595703125,5237.529296875,204.3109588623047,184.8489227294922,1236.8770751953125,2507.140625,1502.6907958984375,1548.683349609375,937.65771484375,761.8712158203125,4030.263671875,623.254150390625,2305.167236328125,1427.3602294921875,1843.7373046875,7.03000020980835,811.3858032226562,1497.9569091796875,133.28746032714844,399.8009338378906,970.5963134765624,411.5342102050781,3610.336669921875,2970.587646484375,694.22900390625,12037.5107421875,2378.531005859375,1185.9774169921875,67.73583984375,323.9992980957031,226.0738220214844,5465.50390625,283.7752685546875,1401.5958251953125,1799.997802734375,799.2435913085938,29193.857421875,3275.90234375,1653.9984130859375,1110.9991455078125,152.2752685546875,3272.011474609375,1467.4061279296875,3503.426025390625,2753.774658203125,10901.958984375,403.80279541015625,234.11512756347656
2025-06-03,5889.84619140625,1860.87744140625,2468.57177734375,992.5999755859376,1419.3834228515625,547.67431640625,6786.86962890625,1179.5814208984375,8235.4443359375,1989.232666015625,892.4141845703125,168.48089599609375,1803.339111328125,290.7337341308594,5413.22412109375,1563.811279296875,1444.0814208984375,362.20611572265625,2420.185546875,472.1769714355469,6473.705078125,788.8045654296875,1232.6160888671875,5230.69091796875,209.31349182128903,185.0417633056641,1209.9140625,2535.25048828125,1490.2906494140625,1547.6392822265625,934.0179443359376,753.1266479492188,4007.695068359375,624.1430053710938,2286.407958984375,1414.961181640625,1841.1651611328125,6.769999980926514,799.554931640625,1487.5450439453125,131.11215209960938,397.5602722167969,965.6382446289062,407.7251892089844,3609.54443359375,2990.811279296875,693.4898071289062,11878.83984375,2388.365478515625,1178.6336669921875,67.65927124023438,319.8098449707031,225.0872344970703,5431.83349609375,279.127197265625,1393.466064453125,1772.8355712890625,795.4617309570312,29159.115234375,3297.794677734375,1646.98583984375,1105.2476806640625,150.65716552734375,3229.709716796875,1462.3856201171875,3497.76171875,2735.239501953125,10746.146484375,405.2969665527344,232.73509216308597
2025-06-04,5935.53125,1858.6990966796875,2487.054443359375,1004.7999877929688,1423.248291015625,547.723876953125,6829.2099609375,1169.0985107421875,8235.92578125,1953.48046875,893.2092895507812,167.4899444580078,1836.736083984375,292.4232177734375,5380.69921875,1510.29638671875,1442.80712890625,363.8196716308594,2426.93212890625,478.2049560546875,6560.94677734375,787.6771240234375,1236.1710205078125,5196.98486328125,208.9865875244141,182.7373046875,1198.875,2532.56884765625,1488.009033203125,1543.5576171875,942.0740356445312,754.0209350585938,4000.077392578125,627.9451293945312,2298.26611328125,1408.1712646484375,1853.3336181640625,6.909999847412109,813.0330810546875,1495.4503173828125,130.76820373535156,397.60791015625,960.4321899414062,408.0841674804688,3591.42138671875,2997.585205078125,692.94775390625,11913.1201171875,2390.1796875,1181.6402587890625,67.33384704589844,320.7841491699219,225.82717895507807,5450.64892578125,279.4176940917969,1411.3118896484375,1773.4346923828125,792.2201538085938,29223.638671875,3293.11767578125,1644.4178466796875,1114.965576171875,151.45184326171875,3235.164306640625,1474.6051025390625,3477.88720703125,2750.78515625,10744.19921875,407.9584655761719,233.34002685546875
2025-06-05,5925.70654296875,1866.52197265625,2502.040283203125,1003.5999755859376,1443.563232421875,545.4435424804688,6850.130859375,1157.117919921875,8230.154296875,1941.3966064453125,887.941650390625,165.34950256347656,1840.06591796875,290.7806396484375,5437.0107421875,1509.1981201171875,1460.3533935546875,364.0962219238281,2398.67431640625,475.1423645019531,6571.3564453125,809.5407104492188,1274.384765625,5186.23876953125,205.12326049804688,183.7979278564453,1186.85888671875,2537.237060546875,1476.10498046875,1549.537841796875,946.1505737304688,756.8032836914062,3979.4130859375,629.3277587890625,2309.832763671875,1431.591552734375,1857.3896484375,6.820000171661377,801.9011840820312,1498.43896484375,129.43887329101562,399.6102600097656,960.6305541992188,406.8078308105469,3607.36572265625,2986.0009765625,693.0462646484375,11876.880859375,2415.482177734375,1183.5130615234375,67.76455688476562,320.1995544433594,225.5615692138672,5568.49560546875,284.9372863769531,1430.0501708984375,1772.3363037109375,791.72900390625,29298.0859375,3264.45849609375,1662.3939208984375,1102.5704345703125,151.25079345703125,3225.786865234375,1480.3836669921875,3482.060791015625,2708.13427734375,10866.900390625,410.1063537597656,234.3608856201172
2025-06-06,5945.35546875,1885.73291015625,2531.812255859375,1018.7999877929688,1458.4281005859375,550.4008178710938,6916.38037109375,1192.66015625,8306.61328125,1987.3350830078125,931.4243774414062,171.97894287109375,1831.643310546875,297.257080078125,5444.29248046875,1590.66845703125,1474.468505859375,367.830322265625,2378.4345703125,467.8990173339844,6488.08056640625,863.1210327148438,1304.303955078125,5269.76953125,205.8265686035156,184.3089599609375,1182.169677734375,2557.1025390625,1511.0234375,1554.5684814453125,960.2728881835938,750.34423828125,4064.259521484375,642.0673828125,2322.857177734375,1436.413330078125,1992.138427734375,6.920000076293945,821.5193481445312,1507.5975341796875,130.87046813964844,401.4695739746094,996.4776000976562,413.4885559082031,3620.93310546875,3049.71435546875,688.6109008789062,12205.9775390625,2430.186279296875,1191.349609375,69.3821029663086,324.2915954589844,227.7339630126953,5621.47705078125,286.438232421875,1431.140625,1778.128173828125,798.6541748046875,29382.462890625,3281.375244140625,1658.5419921875,1106.2393798828125,154.30775451660156,3238.32177734375,1488.245849609375,3537.61083984375,2738.229248046875,10958.4404296875,418.4177551269531,234.97528076171875
2025-06-09,6105.98779296875,1887.0201416015625,2579.667236328125,1034.300048828125,1453.8695068359375,555.209228515625,6905.919921875,1217.9190673828125,8310.4599609375,2014.698486328125,954.880126953125,184.55406188964844,1826.6484375,300.7298889160156,5531.1875,1641.98681640625,1476.8212890625,369.7203979492188,2396.523193359375,472.12835693359375,6575.8173828125,861.4053344726562,1302.526611328125,5266.83837890625,210.7003173828125,186.70985412597656,1189.49658203125,2590.9736328125,1531.4588623046875,1564.630615234375,960.3699951171876,755.6109008789062,4141.7734375,642.709228515625,2326.162109375,1411.9107666015625,2007.2320556640625,7.050000190734863,835.297119140625,1516.3704833984375,133.23167419433594,403.3765563964844,999.5515747070312,426.4113464355469,3643.314453125,3030.96337890625,694.22900390625,12377.3828125,2485.37451171875,1190.4132080078125,70.82736206054688,328.43231201171875,230.33328247070312,5734.3720703125,290.989501953125,1436.3953857421875,1788.3140869140625,805.5302734375,29605.80859375,3366.755859375,1673.554931640625,1111.7923583984375,154.1411895751953,3274.39697265625,1495.823974609375,3511.7734375,2733.64501953125,10965.2578125,427.6163024902344,237.5274353027344
2025-06-10,6059.81201171875,1894.4468994140625,2610.63818359375,1060.5,1460.5091552734375,556.2998657226562,6892.47119140625,1230.798095703125,8296.0341796875,1995.42431640625,943.9473266601562,179.45068359375,1818.813232421875,300.4483337402344,5502.06103515625,1635.09765625,1480.938232421875,368.3834838867188,2395.447509765625,475.96875,6616.4638671875,851.0128173828125,1331.853515625,5253.6494140625,209.02621459960935,188.6671905517578,1185.8822021484375,2689.80517578125,1557.0526123046875,1583.4256591796875,953.7698974609376,757.64794921875,4169.96044921875,650.1654052734375,2328.105712890625,1400.200439453125,1963.8382568359373,6.96999979019165,843.6834716796875,1538.6402587890625,132.1812286376953,407.1428833007813,994.6926879882812,428.9839172363281,3644.205810546875,3011.42724609375,688.6109008789062,12262.787109375,2550.683349609375,1198.348388671875,71.14321899414062,330.47833251953125,232.11676025390625,5888.36474609375,291.5220642089844,1426.1834716796875,1783.0213623046875,802.5833740234375,29605.80859375,3355.21240234375,1668.02392578125,1105.7435302734375,152.5343017578125,3313.62939453125,1525.9468994140625,3502.13427734375,2735.43896484375,11092.828125,431.02490234375,240.91134643554688
2025-06-11,5970.408203125,1887.21826171875,2578.76806640625,1046.800048828125,1443.26611328125,556.4486083984375,6901.43701171875,1229.400390625,8385.4765625,2010.2044677734373,936.7416381835938,180.8181915283203,1821.849365234375,313.35418701171875,5485.55615234375,1605.6446533203125,1491.6226806640625,370.734619140625,2378.043701171875,473.0033874511719,6661.076171875,851.5520629882812,1334.12451171875,5228.73681640625,206.1633758544922,192.92901611328125,1195.553466796875,2703.90966796875,1566.4766845703125,1634.49462890625,946.5388793945312,759.386962890625,4199.76611328125,647.0545654296875,2309.832763671875,1408.1712646484375,1928.3885498046875,6.940000057220459,834.9476318359375,1572.478759765625,134.93284606933594,406.3323974609375,998.6591186523438,427.8272705078125,3649.157470703125,3024.385986328125,690.1879272460938,12196.18359375,2558.79931640625,1192.33544921875,70.77950286865234,329.4066162109375,234.6212158203125,5907.67626953125,286.0993347167969,1436.4945068359375,1796.80224609375,800.6187744140625,29610.771484375,3333.51904296875,1669.8016357421875,1095.0341796875,153.24957275390625,3322.241455078125,1551.14404296875,3519.42529296875,2761.348388671875,11163.9169921875,438.2623291015625,244.73956298828125
2025-06-12,5915.390625,1847.3111572265625,2541.303466796875,1015.7999877929688,1432.76171875,543.658935546875,6970.177734375,1210.9305419921875,8239.291015625,2026.0831298828125,931.1261596679688,176.07154846191406,1806.17919921875,299.0873718261719,5407.3984375,1579.1866455078125,1473.0963134765625,362.06787109375,2352.91455078125,459.8292846679688,6667.0244140625,831.2571411132812,1345.5787353515625,5193.0771484375,204.5189971923828,185.30210876464844,1176.1129150390625,2671.031982421875,1544.35498046875,1614.84521484375,943.1416625976562,749.748046875,4154.53369140625,642.9561157226562,2267.356689453125,1402.4637451171875,1888.569580078125,6.78000020980835,828.5580444335938,1550.787353515625,132.92491149902344,401.421875,987.30517578125,424.1378784179688,3569.039794921875,2964.01025390625,682.5,12135.45703125,2543.904296875,1175.775146484375,69.31510162353516,325.1197509765625,235.15245056152344,5864.59765625,279.8534545898437,1429.2569580078125,1763.5484619140625,791.679931640625,29471.80078125,3251.52197265625,1666.64111328125,1075.9952392578125,149.80068969726562,3286.16650390625,1557.68017578125,3431.08203125,2729.858154296875,11026.607421875,430.04437255859375,245.39175415039065
2025-06-13,5893.7763671875,1835.5789794921875,2506.779052734375,989.5,1399.103515625,539.8279418945312,6968.18505859375,1203.8419189453125,8139.75048828125,2008.306884765625,927.3990478515624,173.60409545898438,1802.4576416015625,293.12713623046875,5407.88427734375,1551.3311767578125,1475.4488525390625,360.6848449707031,2318.4970703125,453.5581970214844,6609.5244140625,834.5906372070312,1345.38134765625,5196.49658203125,203.36990356445312,184.49215698242188,1161.3614501953125,2645.902099609375,1528.7803955078125,1609.244873046875,930.6207885742188,748.1083984375,4126.91845703125,633.8211669921875,2254.04052734375,1393.5089111328125,1927.09765625,6.670000076293945,815.529052734375,1544.424560546875,130.46144104003906,394.6520690917969,978.9755249023438,420.26904296875,3552.699462890625,2951.051513671875,681.2680053710938,12153.087890625,2524.712646484375,1171.4381103515625,67.35299682617188,323.41473388671875,238.5960693359375,5825.48046875,276.4642333984375,1415.67431640625,1752.763427734375,778.3206787109375,29392.388671875,3244.05859375,1667.0362548828125,1069.3515625,149.05604553222656,3297.1708984375,1571.51025390625,3400.474853515625,2731.35302734375,10930.19921875,427.8031005859375,245.9588928222656
2025-06-16,5908.51318359375,1861.926513671875,2542.863037109375,992.0,1394.7220458984375,547.4402465820312,7087.2353515625,1213.4263916015625,8203.2255859375,2025.48388671875,932.2691650390624,176.84449768066406,1822.9267578125,296.9754638671875,5398.66064453125,1564.1107177734375,1496.818115234375,363.5891418457031,2332.381103515625,458.6139526367188,6629.84765625,842.18896484375,1329.878662109375,5241.43701171875,203.67698669433597,184.77178955078125,1160.579833984375,2686.725830078125,1540.6844482421875,1635.53857421875,939.2592163085938,765.6969604492188,4156.15283203125,641.5241088867188,2262.205078125,1404.13671875,1931.069580078125,6.690000057220459,819.9219970703125,1565.441162109375,131.86514282226562,398.7521362304688,995.3867797851562,426.5708618164063,3593.599853515625,2968.330078125,680.8737182617188,12272.5810546875,2585.056640625,1177.84521484375,67.48699951171875,325.1197509765625,243.6049652099609,5960.65673828125,279.5145263671875,1425.489501953125,1795.3043212890625,778.4680786132812,29585.955078125,3255.50244140625,1664.56689453125,1074.3095703125,151.05482482910156,3345.590087890625,1604.5699462890625,3416.573486328125,2786.759521484375,11194.10546875,433.219482421875,248.4921112060547
2025-06-17,5928.654296875,1849.99560546875,2487.387939453125,977.5,1386.4569091796875,548.1865844726562,6980.1396484375,1213.1268310546875,8169.564453125,2000.6173095703125,917.3607788085938,173.42572021484375,1816.560791015625,293.59649658203125,5406.42822265625,1552.728759765625,1473.782470703125,360.7770080566406,2329.056884765625,458.9542541503906,6481.63623046875,834.7866821289062,1302.23046875,5217.990234375,202.84487915039065,183.6533050537109,1168.0042724609375,2653.450927734375,1516.38037109375,1641.8037109375,936.4444580078124,769.0755615234375,4162.3427734375,633.722412109375,2263.37158203125,1400.49560546875,1903.1666259765625,6.599999904632568,807.841552734375,1580.9625244140625,131.7071075439453,397.98931884765625,991.2716064453124,426.1321411132813,3587.261962890625,2952.2294921875,676.98046875,12336.24609375,2571.689208984375,1164.1436767578125,65.68759155273438,326.5811767578125,239.35498046875,6009.18212890625,279.4176940917969,1418.9459228515625,1797.700927734375,778.2716064453125,29402.31640625,3305.357666015625,1629.898681640625,1062.6085205078125,149.5165557861328,3363.770751953125,1627.9671630859375,3384.376220703125,2767.526611328125,11085.037109375,428.5968933105469,248.5110321044922
2025-06-18,5937.9873046875,1830.01123046875,2458.0009765625,968.9000244140624,1366.8394775390625,542.3653564453125,6907.41455078125,1219.0172119140625,8144.078125,1978.74658203125,913.38525390625,179.11375427246094,1827.4320068359373,296.459228515625,5410.3115234375,1584.27880859375,1468.4892578125,359.9011535644531,2345.092529296875,457.1555786132813,6492.5419921875,828.2667846679688,1296.799560546875,5268.7919921875,205.13316345214844,179.07330322265625,1168.981201171875,2657.424072265625,1523.4234619140625,1628.799072265625,938.5313110351562,761.3743896484375,4149.8681640625,637.3269653320312,2232.9482421875,1390.064697265625,1918.756591796875,6.559999942779541,849.1246948242188,1574.214111328125,130.90765380859375,396.5590515136719,978.0830688476562,425.2546691894531,3566.6630859375,2985.510009765625,679.78955078125,12486.1025390625,2565.96044921875,1153.6949462890625,65.56316375732422,323.8531494140625,237.50511169433597,5967.09423828125,278.207275390625,1417.85546875,1794.705078125,777.8787231445312,29089.62890625,3339.390380859375,1627.7257080078125,1056.26220703125,149.0364532470703,3302.625,1620.4837646484375,3446.08740234375,2766.231201171875,11107.435546875,426.3088684082031,247.2633056640625
2025-06-19,5766.056640625,1815.0975341796875,2419.518310546875,934.0,1332.384765625,530.1756591796875,6983.12841796875,1215.52294921875,8171.00732421875,1964.965087890625,894.9982299804688,176.63638305664062,1838.3031005859373,294.2065734863281,5396.2333984375,1541.946044921875,1454.6678466796875,354.2769775390625,2346.363525390625,452.1970520019531,6437.0244140625,823.4627685546875,1309.4385986328125,5366.97802734375,202.00286865234372,173.95333862304688,1166.441162109375,2675.1044921875,1506.1627197265625,1626.9007568359375,939.2107543945312,757.0516967773438,4175.0078125,633.376708984375,2229.93505859375,1388.78564453125,1913.9901123046875,6.329999923706055,836.1456909179688,1560.2352294921875,128.9089813232422,396.6544189453125,987.7017211914062,428.046630859375,3586.07373046875,3038.228271484375,680.6765747070312,12542.9111328125,2528.62744140625,1142.9010009765625,64.16576385498047,321.5635681152344,238.64349365234372,5841.32470703125,277.3841857910156,1421.028076171875,1786.916015625,771.1990356445312,29094.591796875,3268.737548828125,1627.3306884765625,1079.16845703125,147.94888305664062,3276.40625,1595.19189453125,3483.451904296875,2770.21728515625,11121.0693359375,410.4331970214844,251.0347900390625
2025-06-20,5863.8115234375,1812.5125732421875,2447.3056640625,947.7000122070312,1343.6373291015625,530.822509765625,7036.92529296875,1218.7176513671875,8254.8271484375,1983.5401611328125,899.4707641601562,178.42010498046875,1896.772216796875,294.2535095214844,5424.3896484375,1555.0252685546875,1470.0574951171875,358.7025451660156,2348.906005859375,453.9471130371094,6535.1708984375,837.5319213867188,1308.6488037109375,5397.75244140625,205.55911254882807,175.34181213378906,1161.9473876953125,2694.374267578125,1521.2412109375,1651.5809326171875,953.4786376953124,776.18359375,4131.39404296875,641.0797729492188,2241.59912109375,1404.33349609375,1957.185302734375,6.559999942779541,838.8912353515625,1564.573486328125,128.89039611816406,399.0858154296875,997.1221313476562,432.7131958007813,3626.577880859375,3126.1904296875,683.3378295898438,12528.21875,2574.267333984375,1163.35498046875,65.02717590332031,326.5811767578125,238.95654296875,6047.30908203125,283.8236999511719,1453.6463623046875,1808.3861083984373,782.053466796875,28662.791015625,3198.482666015625,1644.615478515625,1090.968505859375,148.89927673339844,3287.60205078125,1606.6536865234375,3496.966796875,2802.30517578125,11158.07421875,417.5305786132813,251.94223022460935
2025-06-23,5819.60107421875,1806.745849609375,2470.895263671875,960.5,1349.1142578125,532.9121704101562,6981.13623046875,1212.12841796875,8171.5,1994.9249267578125,909.9066162109376,178.5786590576172,1896.3804931640625,294.2065734863281,5407.3984375,1581.0836181640625,1469.469482421875,361.8834533691406,2356.239013671875,454.5304565429688,6578.79150390625,835.7671508789062,1301.3416748046875,5424.619140625,205.0043792724609,178.14764404296875,1143.97216796875,2705.3994140625,1550.6044921875,1616.7437744140625,945.5681762695312,771.400634765625,4050.07080078125,653.177490234375,2234.62548828125,1397.4451904296875,1958.77392578125,6.550000190734863,838.5418701171875,1527.071533203125,130.07101440429688,394.6520690917969,988.643798828125,435.5649719238281,3549.03515625,3077.693603515625,683.92919921875,12438.109375,2552.402099609375,1162.7142333984375,65.08460235595703,324.0480041503906,238.4727325439453,6021.06591796875,281.0638732910156,1444.326904296875,1816.075439453125,776.2088012695312,28355.068359375,3076.482177734375,1642.0474853515625,1100.0914306640625,149.3499755859375,3247.31689453125,1593.10791015625,3483.750244140625,2768.921875,11149.310546875,420.0987243652344,248.8229522705078
2025-06-24,5898.19775390625,1837.169921875,2504.480224609375,987.2999877929688,1383.6685791015625,551.4702758789062,6979.6416015625,1219.2169189453125,8260.744140625,2006.5093994140625,910.9005126953124,178.58856201171875,1893.7362060546875,299.6505126953125,5453.51611328125,1595.9599609375,1472.704345703125,362.0217590332031,2370.90576171875,461.9196472167969,6508.8994140625,832.8748779296875,1320.498046875,5499.357421875,207.25303649902344,178.85153198242188,1146.7076416015625,2762.21533203125,1560.72314453125,1605.9224853515625,951.634521484375,776.930908203125,4087.590087890625,661.0780639648438,2222.839111328125,1401.38134765625,1972.87451171875,6.860000133514404,830.6046752929688,1524.7576904296875,132.7854461669922,395.0811767578125,998.5599975585938,443.4422912597656,3569.93115234375,3092.517578125,693.3912353515625,12351.9169921875,2561.568603515625,1166.0164794921875,66.4915771484375,321.4661560058594,231.39578247070312,6023.54150390625,276.8999938964844,1438.378173828125,1840.4415283203125,781.3167114257812,28295.509765625,3144.3486328125,1641.2572021484375,1098.4056396484375,151.66229248046875,3244.254638671875,1588.65576171875,3503.923095703125,2827.21826171875,11275.9072265625,422.8971252441406,250.4582061767578
2025-06-25,5861.84619140625,1843.532958984375,2526.070556640625,981.0999755859376,1387.25341796875,556.6447143554688,7015.50634765625,1211.329833984375,8273.0703125,2009.10595703125,922.3302612304688,180.3425445556641,1925.076416015625,299.9790344238281,5541.86767578125,1606.24365234375,1480.154052734375,361.1919250488281,2366.016845703125,466.9267578125,6529.71826171875,837.6298828125,1324.743896484375,5447.57763671875,208.42193603515625,177.39556884765625,1157.942138671875,2812.773193359375,1556.7550048828125,1629.9381103515625,961.0009155273438,782.3117065429688,4095.493408203125,664.2876586914062,2238.1611328125,1403.05419921875,1996.7064208984373,7.130000114440918,828.4581298828125,1556.8609619140625,131.98599243164062,396.9881286621094,1015.8637084960938,438.3968200683594,3584.7861328125,3156.721923828125,694.7711791992188,12504.7119140625,2628.21435546875,1185.041015625,66.06086730957031,322.343017578125,229.48898315429688,6049.28955078125,281.257568359375,1454.737060546875,1840.1419677734373,785.8843383789062,28861.3203125,3133.701171875,1649.06005859375,1117.0479736328125,153.22996520996094,3296.309814453125,1615.08447265625,3629.332763671875,2906.640380859375,11425.8759765625,419.2449645996094,254.6550445556641
2025-06-26,5907.03955078125,1870.874755859375,2585.044189453125,992.0,1423.3016357421875,563.95849609375,7074.78271484375,1231.4970703125,8315.966796875,2050.849853515625,945.6866455078124,183.38473510742188,1972.7725830078125,309.5058898925781,5658.375,1624.4146728515625,1483.8790283203125,363.4047546386719,2322.896728515625,468.190673828125,6558.9638671875,830.5217895507812,1304.8963623046875,5482.259765625,208.0455322265625,180.10499572753906,1156.96533203125,2863.92724609375,1561.4173583984375,1636.5828857421875,981.1896362304688,796.6107788085938,4073.781982421875,682.0144653320312,2240.22412109375,1416.1419677734375,2002.8629150390625,7.239999771118164,834.7479248046875,1557.92138671875,135.9833221435547,400.7544250488281,1023.8958740234376,439.51361083984375,3624.201171875,3157.0166015625,715.8143310546875,12453.7802734375,2675.859130859375,1198.348388671875,67.52528381347656,328.48101806640625,232.1641998291016,5996.8037109375,284.2110290527344,1482.4971923828125,1858.2169189453125,782.9375,29883.751953125,3149.423583984375,1649.257568359375,1135.789306640625,157.29611206054688,3293.439208984375,1601.06494140625,3671.566650390625,2918.6982421875,11638.169921875,432.0988159179688,253.8137664794922
2025-06-27,5963.0400390625,1909.1533203125,2645.117431640625,1015.5999755859376,1434.15576171875,572.1181030273438,7281.00341796875,1223.110595703125,8318.92578125,2042.25732421875,941.2141723632812,183.9297637939453,1985.3084716796875,312.5563659667969,5625.849609375,1651.4716796875,1488.436279296875,363.4047546386719,2326.4169921875,472.8575439453125,6600.60205078125,829.2472534179688,1284.654052734375,5529.64306640625,206.4308319091797,184.18362426757807,1149.24755859375,2841.87646484375,1554.2750244140625,1635.8236083984375,988.5982666015624,804.0841674804688,4114.0625,688.6805419921875,2265.859375,1438.8734130859375,2002.9620361328125,7.380000114440918,856.3130493164062,1550.208984375,136.85716247558594,399.1811828613281,1020.2764892578124,440.311279296875,3643.611572265625,3144.7451171875,721.13671875,12382.279296875,2673.472412109375,1211.803466796875,66.9127197265625,329.6014404296875,230.3617401123047,5952.23974609375,289.779052734375,1502.425048828125,1848.031005859375,791.1396484375,30801.953125,3162.857666015625,1666.8385009765625,1114.866455078125,158.18772888183594,3292.769775390625,1586.09814453125,3643.2451171875,2929.06201171875,11893.3115234375,439.9249877929688,250.5338134765625
2025-06-30,5973.8466796875,1906.1705322265625,2618.229248046875,1025.5999755859375,1444.11376953125,574.6057739257812,7214.75390625,1197.2525634765625,8259.7578125,2054.2470703125,930.7783203125,187.92327880859372,1968.1693115234373,311.5708312988281,5680.70556640625,1625.4132080078125,1491.9036865234375,361.3763732910156,2353.59912109375,471.7880554199219,6750.7958984375,821.40380859375,1267.176513671875,5526.22412109375,211.11636352539065,184.0100555419922,1151.201416015625,2825.387939453125,1538.700439453125,1640.8546142578125,982.023681640625,811.4080200195312,4034.834716796875,684.2365112304688,2253.7783203125,1422.7352294921875,2025.9002685546875,7.429999828338623,870.689697265625,1544.2318115234375,136.61546325683594,397.08349609375,1011.94677734375,431.4568176269531,3634.302490234375,3125.012451171875,711.9703369140625,12145.2509765625,2716.82080078125,1215.0562744140625,66.99886322021484,326.28887939453125,231.6708984375,5982.93896484375,290.4084777832031,1487.7518310546875,1835.7481689453125,805.824951171875,30801.953125,3235.600341796875,1655.0849609375,1089.6795654296875,156.53187561035156,3312.768310546875,1598.03369140625,3667.094970703125,2907.836181640625,11776.453125,437.1739501953125,251.41290283203125
2025-07-01,5845.14501953125,1910.346435546875,2620.62841796875,1015.7000122070312,1440.92724609375,577.3919677734375,7467.79833984375,1171.394775390625,8282.4384765625,2052.049072265625,930.9274291992188,185.49546813964844,1977.767333984375,311.6646728515625,5576.33447265625,1597.258056640625,1501.612548828125,359.34796142578125,2356.14111328125,469.0171203613281,6797.390625,826.9432983398438,1260.758056640625,5583.86474609375,216.66372680664065,182.83372497558597,1141.6275634765625,2828.9638671875,1535.526123046875,1631.077392578125,987.2244873046876,807.023681640625,4024.2646484375,685.66845703125,2254.662353515625,1409.1552734375,2049.136474609375,7.449999809265137,877.6784057617188,1549.05224609375,136.7827911376953,395.7962646484375,1020.9705200195312,435.46527099609375,3631.232421875,3118.04248046875,706.992919921875,12186.388671875,2751.28955078125,1187.850341796875,65.0367431640625,324.0480041503906,230.8740081787109,5979.96826171875,288.13287353515625,1515.3138427734375,1859.91455078125,805.7758178710938,30955.8125,3306.850341796875,1646.689453125,1086.4071044921875,156.8258056640625,3281.8603515625,1583.06689453125,3677.33056640625,2883.521240234375,11890.3896484375,441.9645385742188,250.06118774414065
2025-07-02,5802.40771484375,1928.242919921875,2629.0244140625,1019.0,1437.84033203125,591.2733154296875,7413.00537109375,1173.3916015625,8240.5283203125,2006.1881103515625,917.3607788085938,186.17921447753903,1991.3807373046875,311.42999267578125,5621.48095703125,1552.1297607421875,1483.6807861328125,356.72027587890625,2380.488037109375,474.0242309570313,6800.36474609375,815.6193237304688,1254.83349609375,5590.70361328125,215.70285034179688,183.9329071044922,1147.489013671875,2830.65234375,1538.105224609375,1631.3621826171875,974.418701171875,786.8953857421875,4041.119873046875,689.6680908203125,2266.05615234375,1405.0223388671875,2030.0709228515625,7.519999980926514,856.2631225585938,1552.619140625,137.49859619140625,393.7462463378906,1051.0166015625,432.5735778808594,3562.008544921875,3107.34130859375,702.1633911132812,12362.6904296875,2757.97314453125,1176.9580078125,65.10374450683594,325.1684265136719,228.69212341308597,5956.20068359375,285.518310546875,1505.796142578125,1854.222412109375,798.5068969726562,31407.46875,3271.623291015625,1656.86279296875,1086.6055908203125,162.52821350097656,3275.736572265625,1588.65576171875,3684.783447265625,2888.204833984375,12110.4736328125,445.3321533203125,252.3770294189453
2025-07-03,5768.51318359375,1945.2445068359373,2610.032958984375,1008.5,1425.093994140625,585.85009765625,7536.5390625,1169.1982421875,8266.16796875,1979.01123046875,904.5892944335938,182.2649688720703,1977.66943359375,311.1484375,5625.849609375,1524.673583984375,1494.6776123046875,356.30535888671875,2390.949951171875,477.9618835449219,6816.72265625,813.46240234375,1275.075927734375,5584.353515625,214.9499969482422,185.84207153320312,1144.16748046875,2798.6689453125,1560.028564453125,1625.002197265625,974.9583740234376,783.0590209960938,4104.82568359375,684.2365112304688,2272.243896484375,1403.152587890625,2019.843017578125,7.489999771118164,861.0054321289062,1560.5244140625,137.46139526367188,394.1276550292969,1037.332275390625,424.0980224609375,3548.242919921875,3116.373291015625,703.0996704101562,12490.01953125,2752.53076171875,1177.1551513671875,66.09915924072266,325.99658203125,231.5191192626953,5892.8212890625,284.4047546386719,1504.8045654296875,1807.68701171875,792.8095092773438,31189.0859375,3295.505859375,1659.03564453125,1080.25927734375,162.5576171875,3254.20654296875,1583.7301025390625,3655.6669921875,2889.101806640625,12073.46875,434.75494384765625,252.4243011474609
2025-07-04,5759.17919921875,1953.6956787109373,2597.9384765625,996.7999877929688,1418.422119140625,592.8156127929688,7525.08203125,1176.6925048828125,8315.966796875,1992.6995849609373,919.646728515625,178.35072326660156,1975.6126708984373,324.94598388671875,5603.51953125,1524.2740478515625,1499.2349853515625,355.9826965332031,2392.31884765625,481.3648071289063,6846.9599609375,819.6390380859375,1290.9736328125,5499.357421875,213.2957000732422,186.4880828857422,1165.3665771484375,2787.04736328125,1564.9886474609375,1638.29150390625,976.037841796875,782.3117065429688,4137.583984375,690.7544555664062,2297.683349609375,1419.7830810546875,2021.1339111328125,7.360000133514404,854.8653564453125,1581.733642578125,140.9474334716797,393.3648376464844,1032.6717529296875,424.7361755371094,3559.830078125,3129.634033203125,718.1305541992188,12386.1982421875,2792.059814453125,1184.2823486328125,65.83116149902344,326.8734436035156,232.64801025390625,5838.849609375,284.6951904296875,1514.223388671875,1797.20166015625,797.4754028320312,31084.859375,3276.30029296875,1655.677734375,1080.556640625,159.71620178222656,3272.3876953125,1596.558837890625,3663.815673828125,2870.068359375,12178.6416015625,435.4664306640625,255.25999450683597
2025-07-07,5741.49560546875,1953.198486328125,2574.94873046875,991.0999755859376,1429.5750732421875,589.0841064453125,7587.3466796875,1174.1944580078125,8346.0439453125,2004.689453125,919.000732421875,175.88327026367188,1991.9683837890625,328.98199462890625,5712.7451171875,1511.8939208984375,1496.4609375,354.2769775390625,2410.60302734375,498.525146484375,6829.11474609375,816.2075805664062,1294.03466796875,5551.625,213.0282287597656,186.2373809814453,1239.1240234375,2760.427490234375,1525.308349609375,1623.5784912109375,975.1055908203124,786.6463012695312,4101.39794921875,683.4957885742188,2367.51806640625,1412.796142578125,2011.30322265625,7.289999961853027,853.0682983398438,1568.5262451171875,142.92752075195312,396.7974548339844,1033.861572265625,428.72467041015625,3546.757568359375,3127.35791015625,718.8697509765625,12262.787109375,2744.701416015625,1198.783935546875,65.36217498779297,328.7732849121094,229.1190185546875,5783.88720703125,286.5350646972656,1528.3016357421875,1805.789794921875,792.56396484375,30876.400390625,3262.169677734375,1664.6953125,1092.654296875,159.1185302734375,3264.636474609375,1566.36767578125,3643.145751953125,2866.87939453125,12021.85546875,430.8656005859375,253.0859375
2025-07-08,5737.56494140625,1968.609375,2590.141845703125,992.0,1442.4210205078125,588.6362915039062,7536.5390625,1164.501953125,8223.7646484375,2016.5792236328125,921.982421875,173.11851501464844,1988.148681640625,333.7688903808594,5669.05517578125,1519.281982421875,1474.46728515625,352.9861755371094,2396.523193359375,498.8654174804688,6878.18798828125,826.404052734375,1267.670166015625,5548.6943359375,211.4927978515625,185.73599243164065,1247.91650390625,2801.84716796875,1519.8524169921875,1621.39501953125,981.974609375,791.32958984375,4095.11279296875,677.0765991210938,2350.133056640625,1418.9957275390625,2022.6234130859373,7.289999961853027,848.9249877929688,1579.8055419921875,142.99258422851562,397.7986450195313,1039.031982421875,443.6217346191406,3571.515625,3125.081787109375,717.4899291992188,12158.9638671875,2778.119873046875,1196.705078125,65.36217498779297,334.37548828125,230.75070190429688,5727.93505859375,288.3265380859375,1524.43505859375,1814.3778076171875,798.2612915039062,31069.96875,3280.6787109375,1657.3623046875,1090.671142578125,158.6972198486328,3259.37353515625,1577.4603271484375,3430.045166015625,2820.84033203125,12119.23828125,432.8576965332031,254.8818817138672
2025-07-09,5794.54833984375,1979.1483154296875,2581.845703125,995.2000122070312,1436.944091796875,587.4421997070312,7440.900390625,1163.8023681640625,8244.9658203125,2024.67236328125,934.8532104492188,176.40847778320312,1978.06103515625,327.1047668457031,5710.80322265625,1560.6163330078125,1477.8355712890625,357.2273864746094,2384.399169921875,507.6643981933594,6923.2958984375,813.413330078125,1253.4510498046875,5563.8369140625,211.87913513183597,178.4080047607422,1263.9378662109375,2779.100830078125,1511.51953125,1589.0260009765625,986.7828369140624,783.5074462890625,4126.251953125,665.5714721679688,2380.286865234375,1409.0570068359375,2006.040283203125,7.260000228881836,839.3904418945312,1574.9853515625,139.6738739013672,399.9440002441406,1034.458251953125,444.5789794921875,3545.073974609375,3143.290771484375,719.8554077148438,12213.8134765625,2789.12451171875,1201.60498046875,64.9888916015625,335.1548767089844,230.8550567626953,5668.51611328125,290.1663818359375,1505.9942626953125,1812.380615234375,796.5913696289062,31382.65234375,3202.562744140625,1654.2904052734375,1088.6878662109375,155.7872314453125,3237.939453125,1557.5902099609375,3420.875244140625,2830.207763671875,12233.17578125,418.1065979003906,253.13319396972656
2025-07-10,5790.126953125,1989.985595703125,2579.846435546875,995.7999877929688,1437.0435791015625,582.5166625976562,7331.31396484375,1163.40283203125,8170.02099609375,2037.6612548828125,941.8602294921876,176.6462860107422,1923.9991455078125,329.4043884277344,5706.91943359375,1544.3421630859375,1464.06494140625,354.0925598144531,2357.705810546875,507.9074401855469,6785.494140625,815.276123046875,1254.6434326171875,5521.82763671875,208.99647521972656,179.02508544921875,1257.0015869140625,2756.454345703125,1517.471435546875,1579.2489013671875,984.3296508789062,768.5109252929688,4115.01513671875,666.6577758789062,2365.5537109375,1401.38134765625,1980.619873046875,7.329999923706055,851.4708251953125,1557.728759765625,141.6074676513672,397.46490478515625,1037.3416748046875,439.49365234375,3540.122314453125,3129.53515625,716.5043334960938,12390.115234375,2786.397705078125,1188.53857421875,65.7450180053711,332.67047119140625,230.6083984375,5625.4384765625,289.779052734375,1504.209716796875,1807.68701171875,793.693603515625,30945.888671875,3175.9931640625,1647.4527587890625,1079.763427734375,157.4136962890625,3236.216796875,1543.410888671875,3408.615478515625,2820.242431640625,12188.3798828125,416.6362609863281,250.5338134765625
2025-07-11,5655.52978515625,1971.094970703125,2557.556396484375,995.2000122070312,1425.69140625,584.2579956054688,7162.451171875,1172.8955078125,7955.04638671875,2015.4801025390625,927.796630859375,174.00045776367188,1882.27734375,323.6788635253906,5590.89794921875,1530.06494140625,1471.1978759765625,351.234375,2323.2880859375,516.1229858398438,6776.076171875,799.1480712890625,1246.793212890625,5483.23681640625,205.4303436279297,175.38037109375,1255.3409423828125,2743.442138671875,1515.5867919921875,1555.1383056640625,973.2902221679688,756.304443359375,4017.312744140625,662.6087646484375,2474.77587890625,1399.2164306640625,1998.096435546875,7.170000076293945,857.461181640625,1537.5797119140625,140.0457000732422,397.4172058105469,1031.2763671875,442.843994140625,3506.352294921875,3041.26220703125,715.2230224609375,12315.6767578125,2764.679931640625,1189.5780029296875,66.08959197998047,333.8883056640625,229.3466644287109,5524.42724609375,289.1011962890625,1482.3980712890625,1832.65234375,794.3321533203125,30980.62890625,3102.45458984375,1656.8668212890625,1067.7650146484375,156.61026000976562,3125.217041015625,1545.7259521484375,3350.605712890625,2744.90576171875,12167.9296875,420.00384521484375,244.1534881591797
2025-07-14,5548.44189453125,1966.521484375,2580.146484375,1025.9000244140625,1426.986083984375,587.2432250976562,7192.8369140625,1171.7962646484375,7975.26171875,2001.8917236328125,913.2361450195312,173.55453491210938,1881.2979736328125,323.2565002441406,5609.83056640625,1525.971435546875,1470.2071533203125,353.9081726074219,2325.24365234375,511.6020202636719,6720.06298828125,810.7172241210938,1242.7191162109375,5412.8955078125,208.59036254882807,177.06773376464844,1237.3656005859375,2765.691650390625,1514.1978759765625,1537.5772705078125,972.94677734375,762.0339965820312,4048.73779296875,658.214111328125,2471.828857421875,1400.2989501953125,2005.5439453125,7.710000038146973,866.197021484375,1513.8638916015625,139.53443908691406,399.8963012695313,1032.966796875,439.49365234375,3462.08447265625,3059.9658203125,717.5391845703125,12256.91015625,2755.622802734375,1184.3316650390625,66.10872650146484,333.30377197265625,231.68038940429688,5565.63525390625,288.7623291015625,1470.9964599609375,1848.7301025390625,794.528564453125,30871.4375,3137.18408203125,1667.370849609375,1062.806884765625,157.19813537597656,3083.783447265625,1520.83984375,3393.564697265625,2792.439453125,12188.3798828125,425.1738586425781,240.32530212402344
2025-07-15,5509.634765625,1968.5098876953125,2597.038818359375,1033.0999755859375,1439.0352783203125,590.1786499023438,7332.80810546875,1165.0015869140625,8195.66015625,2034.763671875,922.7278442382812,178.51918029785156,1894.32373046875,326.6824035644531,5617.1123046875,1554.52587890625,1477.0430908203125,356.30535888671875,2349.4921875,512.3798217773438,6731.46435546875,817.18798828125,1252.9542236328125,5462.232421875,209.67999267578125,178.09945678710938,1240.7847900390625,2759.930908203125,1525.7052001953125,1486.8880615234375,979.079833984375,754.1620483398438,4241.38037109375,662.510009765625,2481.94580078125,1407.9744873046875,1988.6630859375,7.659999847412109,879.5753784179688,1528.614013671875,140.742919921875,402.47076416015625,1029.0889892578125,436.3626708984375,3460.202880859375,3096.08642578125,729.5639038085938,12278.4580078125,2809.47900390625,1195.9132080078125,65.06546783447266,333.206298828125,231.1585998535156,5542.30078125,288.6170349121094,1472.6820068359375,1822.266845703125,801.9940185546875,30851.5859375,3131.412353515625,1711.864501953125,1072.7230224609375,155.7872314453125,3112.107666015625,1523.0584716796875,3403.8310546875,2874.951171875,12174.7470703125,426.8813781738281,243.30279541015625
2025-07-16,5453.63427734375,1980.44091796875,2607.334228515625,1038.5999755859375,1450.5865478515625,592.56689453125,7324.837890625,1167.4996337890625,8187.27783203125,2034.26416015625,916.118408203125,182.0172271728516,1896.67431640625,326.4946594238281,5618.08251953125,1556.5228271484375,1462.08349609375,356.30535888671875,2327.492431640625,513.303466796875,6772.11083984375,827.776611328125,1251.463623046875,5496.91455078125,212.67161560058597,177.73304748535156,1235.607177734375,2743.839599609375,1512.80908203125,1483.470703125,979.4722900390624,753.2652587890625,4213.28857421875,658.4609985351562,2472.811279296875,1403.6446533203125,1956.9866943359373,7.829999923706055,878.327392578125,1550.1126708984375,141.33786010742188,404.8544921875,1023.9187622070312,434.6276550292969,3469.908203125,3163.28076171875,721.13671875,12305.8828125,2801.687744140625,1217.5418701171875,65.6971664428711,333.644775390625,230.38072204589844,5553.2236328125,287.6486511230469,1472.8802490234375,1826.560791015625,816.9739990234375,30727.50390625,3074.193359375,1685.6043701171875,1072.425537109375,154.15097045898438,3104.234375,1550.9345703125,3406.12353515625,2887.20849609375,12127.029296875,424.46240234375,248.40704345703125
2025-07-17,5538.6171875,1967.416259765625,2615.4306640625,1050.0999755859375,1446.4041748046875,591.6712646484375,7322.845703125,1158.90625,8214.396484375,2024.772216796875,917.658935546875,183.51356506347656,1890.112548828125,325.46221923828125,5638.4716796875,1561.8143310546875,1468.6220703125,355.7982788085937,2344.701416015625,514.03271484375,6731.9599609375,830.4727783203125,1255.1402587890625,5519.87353515625,210.5913543701172,178.65867614746094,1248.69775390625,2747.71337890625,1520.3482666015625,1465.530029296875,974.8602294921876,749.1300048828125,4231.47705078125,666.1639404296875,2465.14990234375,1396.0675048828125,1935.240234375,7.760000228881836,863.7010498046875,1526.589599609375,140.33389282226562,404.2347106933594,1028.2935791015625,432.91259765625,3440.396484375,3161.79638671875,722.7630615234375,12219.6904296875,2769.744140625,1212.147216796875,66.57772064208984,333.839599609375,231.3483428955078,5455.9111328125,287.21295166015625,1463.759033203125,1800.29736328125,814.32177734375,30618.3125,3095.0908203125,1687.982666015625,1096.5216064453125,156.66903686523438,3081.287109375,1508.300537109375,3422.0712890625,2868.77294921875,12167.9296875,421.5216369628906,246.3275451660156
2025-07-18,5547.4599609375,1958.5675048828125,2594.93994140625,1030.199951171875,1437.0435791015625,593.760986328125,7276.0224609375,1098.452880859375,8231.6533203125,2027.86962890625,936.2446899414062,185.32699584960935,1877.372802734375,322.4117431640625,5568.56689453125,1552.1297607421875,1468.5230712890625,358.1954345703125,2340.98583984375,513.1979370117188,6673.46875,828.6589965820312,1249.5755615234375,5497.8916015625,210.4724884033203,178.600830078125,1222.4188232421875,2710.167236328125,1506.361083984375,1481.6978759765625,960.38623046875,736.8736572265625,4186.81591796875,667.4971923828125,2445.309326171875,1403.05419921875,1899.3931884765625,7.71999979019165,868.64306640625,1529.095947265625,139.49725341796875,403.0905151367188,1028.492431640625,427.3621826171875,3431.285400390625,3159.223388671875,709.8512573242188,12163.861328125,2758.7392578125,1223.580078125,68.37712097167969,333.30377197265625,233.66305541992188,5508.53955078125,284.8404541015625,1463.3624267578125,1785.9173583984375,808.7717895507812,30563.716796875,3113.10205078125,1678.271240234375,1086.7047119140625,159.08912658691406,3062.756103515625,1494.02490234375,3391.7705078125,2839.37548828125,12170.8515625,422.8971252441406,252.32977294921875
2025-07-21,5733.63525390625,1967.0185546875,2618.329345703125,1036.5999755859375,1444.41259765625,610.2294311523438,7227.20703125,1098.7525634765625,8321.390625,2052.148681640625,942.6553344726562,180.6001739501953,1885.4708251953125,321.5670166015625,5516.13916015625,1571.2991943359375,1460.2010498046875,356.6280212402344,2338.834716796875,505.2927551269531,6630.34375,835.9141845703125,1251.3642578125,5429.9921875,210.77957153320312,177.5305633544922,1210.1094970703125,2723.477294921875,1519.3563232421875,1464.094970703125,981.5330200195312,749.6282348632812,4197.76708984375,674.212646484375,2421.048828125,1442.4161376953125,1938.51708984375,7.630000114440918,857.4112548828125,1527.36083984375,140.4361572265625,400.5637512207031,1028.8902587890625,432.2936706542969,3468.91796875,3212.958984375,707.38720703125,12150.1484375,2729.71728515625,1223.7781982421875,68.82697296142578,332.76788330078125,232.4582672119141,5738.41357421875,287.6002502441406,1416.3682861328125,1802.1947021484373,809.6068115234375,31364.361328125,3139.373291015625,1676.983154296875,1081.1517333984375,159.72601318359375,3032.31982421875,1489.1055908203125,3421.772216796875,2825.62353515625,12247.783203125,430.5335998535156,246.0912322998047
2025-07-22,5654.056640625,1947.6307373046875,2586.6435546875,1013.7000122070312,1414.7376708984375,617.4934692382812,7219.23681640625,1097.15380859375,8179.88232421875,2037.861083984375,946.730224609375,179.3020477294922,1883.100830078125,319.45513916015625,5542.35302734375,1562.91259765625,1450.7894287109375,358.7486572265625,2326.612548828125,505.7837524414063,6555.98974609375,828.953125,1232.1859130859375,5314.22119140625,210.40313720703125,177.4437713623047,1213.72412109375,2704.40625,1565.9805908203125,1454.2412109375,984.771240234375,760.589111328125,4135.10791015625,681.4713134765625,2435.585205078125,1450.0916748046875,1948.54638671875,7.369999885559082,841.8364868164062,1514.4423828125,141.28208923339844,396.6544189453125,1024.8135986328125,431.29541015625,3431.08740234375,3223.349853515625,706.0565795898438,12235.3623046875,2704.688232421875,1209.37548828125,69.04711151123047,332.0859069824219,233.7579345703125,5673.37353515625,288.3749389648437,1400.70361328125,1806.48876953125,800.5697021484375,32169.9765625,3126.436767578125,1662.8125,1075.6978759765625,159.74559020996094,3033.664306640625,1492.385009765625,3461.043212890625,2785.6630859375,12126.0546875,427.4505615234375,245.47683715820312
2025-07-23,5610.828125,1938.7818603515625,2613.33154296875,1033.9000244140625,1414.8372802734375,617.34423828125,7345.7587890625,1103.9486083984375,8280.466796875,2058.7431640625,962.384033203125,179.78759765625,1919.640869140625,323.3034362792969,5553.03271484375,1553.6273193359375,1459.8048095703125,360.2699279785156,2234.506103515625,504.6053466796875,6595.64501953125,825.4725952148438,1239.539306640625,5316.17529296875,210.8092803955078,179.7193145751953,1204.052734375,2690.897705078125,1560.1278076171875,1463.52099609375,993.2103881835938,759.7919921875,4155.39111328125,686.7548217773438,2406.806640625,1464.852294921875,1923.22509765625,7.480000019073486,849.773681640625,1517.9129638671875,141.6260528564453,395.65325927734375,1027.89599609375,433.3318786621094,3451.19091796875,3234.82958984375,710.2455444335938,12367.587890625,2664.95361328125,1213.8299560546875,69.8510971069336,334.2292785644531,232.9420928955078,5566.1318359375,289.779052734375,1412.4024658203125,1806.988037109375,806.1196899414062,31941.22265625,3127.73046875,1667.271728515625,1053.68408203125,159.48106384277344,3052.386962890625,1491.806396484375,3460.04638671875,2792.83837890625,12048.1494140625,432.2411193847656,247.08370971679688
2025-07-24,5599.03857421875,1879.1270751953125,2607.234130859375,1020.7000122070312,1405.67578125,617.34423828125,7335.79638671875,1094.256103515625,8173.47216796875,2030.5673828125,953.0911865234376,182.48297119140625,1912.0364990234373,320.4406433105469,5507.88623046875,1549.6319580078125,1474.071044921875,355.4755859375,2209.279541015625,503.3287353515625,6561.4423828125,812.72705078125,1257.525146484375,5343.0419921875,210.7003173828125,181.24278259277344,1196.1397705078125,2717.517578125,1539.7916259765625,1441.9000244140625,988.2548217773438,754.6104736328125,4158.484375,686.9523315429688,2394.430908203125,1459.7353515625,1893.5345458984373,7.369999885559082,846.5289306640625,1496.70361328125,140.57559204101562,390.8857727050781,1027.89599609375,427.681640625,3443.862548828125,3227.011474609375,696.7423706054688,12299.0263671875,2584.218017578125,1149.290283203125,69.6309585571289,330.1860046386719,232.25906372070312,5137.662109375,289.8759155273437,1390.8883056640625,1791.110107421875,801.25732421875,31573.224609375,3113.69921875,1676.685791015625,1063.798583984375,160.17669677734375,3022.5263671875,1445.5069580078125,3473.00390625,2787.955322265625,11981.9296875,428.1620178222656,247.50909423828125
2025-07-25,5544.02099609375,1837.0704345703125,2548.96044921875,975.9000244140624,1390.4400634765625,610.0801391601562,7440.40185546875,1085.262939453125,7963.42822265625,1984.10693359375,908.1672973632812,176.57693481445312,1913.814208984375,312.4624938964844,5431.185546875,1502.086181640625,1518.2564697265625,351.0960693359375,2166.648681640625,502.1503601074219,6589.32763671875,810.12890625,1269.8470458984375,5307.87109375,206.1831970214844,176.9423828125,1189.0081787109375,2690.401123046875,1511.4202880859375,1425.541015625,985.9922485351562,759.6425170898438,4089.658447265625,684.8290405273438,2372.42919921875,1453.5357666015625,1907.8336181640625,7.199999809265137,822.3680419921875,1461.2261962890625,136.61546325683594,390.361328125,1021.0353393554688,424.1876831054688,3409.59716796875,3212.662109375,683.978515625,12149.169921875,2556.462158203125,1125.7808837890625,68.57811737060547,324.6325988769531,227.95216369628903,5114.32763671875,282.8553466796875,1379.7841796875,1829.556640625,792.269287109375,30782.525390625,3023.34326171875,1683.6224365234375,1045.5528564453125,158.16812133789062,3010.812744140625,1410.107177734375,3451.474609375,2764.736328125,12004.958984375,420.7627258300781,245.0042266845703
2025-07-28,5448.23095703125,1815.0975341796875,2521.1728515625,1003.9000244140624,1370.2252197265625,608.040283203125,7328.8232421875,1072.7725830078125,7977.23388671875,1976.11376953125,875.1204223632812,173.44554138183594,1866.805908203125,312.9317932128906,5460.7978515625,1488.6016845703125,1557.3892822265625,348.83721923828125,2156.7734375,512.6087036132812,6556.9609375,777.4393310546875,1279.2872314453125,5261.95361328125,204.06332397460935,174.16546630859375,1186.9566650390625,2708.876220703125,1495.7467041015625,1402.580810546875,987.9105224609376,758.4966430664062,4148.04443359375,680.7799682617188,2398.163330078125,1464.6556396484375,1890.754150390625,7.130000114440918,800.7529907226562,1461.515380859375,137.17323303222656,390.8381042480469,1022.9244995117188,392.6421203613281,3389.097412109375,3176.442626953125,688.3645629882812,12086.484375,2633.204833984375,1103.3603515625,67.9751205444336,324.3890075683594,227.69602966308597,5113.33447265625,282.66168212890625,1375.7193603515625,1847.93115234375,783.0357666015625,30528.90625,3046.62890625,1686.7933349609375,1051.0067138671875,156.4534912109375,2956.56494140625,1399.2073974609375,3381.903076171875,2789.151123046875,11995.1591796875,415.450439453125,241.0043487548828
2025-07-29,5481.1435546875,1816.88720703125,2546.76123046875,1015.5999755859376,1390.041748046875,607.045166015625,7427.94921875,1063.3798828125,8014.70654296875,1970.918212890625,881.1334838867188,171.86993408203125,1894.4578857421875,314.3866577148437,5462.25390625,1483.10791015625,1559.3707275390625,353.7237548828125,2165.7685546875,508.9752502441406,6649.0810546875,790.4262084960938,1291.609130859375,5344.5078125,203.2807464599609,176.4313507080078,1182.6580810546875,2724.570068359375,1498.2266845703125,1408.60791015625,994.3539428710938,753.663818359375,4181.0078125,684.08837890625,2409.949951171875,1462.4906005859375,1902.0743408203125,7.190000057220459,806.89306640625,1459.2979736328125,137.52647399902344,389.4555358886719,1028.9896240234375,393.8600463867188,3461.78759765625,3166.150634765625,688.1674194335938,12212.833984375,2701.864013671875,1100.588623046875,68.72168731689453,325.99658203125,229.04312133789065,5140.14453125,283.8236999511719,1404.966796875,1830.8548583984373,785.0494384765625,30245.44921875,3052.99755859375,1695.018310546875,1052.6925048828125,158.42288208007812,2934.193359375,1402.294189453125,3368.14794921875,2792.041015625,11976.5390625,416.9208068847656,242.6910400390625
2025-07-30,5456.58154296875,1800.7803955078125,2531.767822265625,1009.7000122070312,1388.149658203125,614.8067626953125,7421.97119140625,1072.472900390625,7931.87255859375,1958.129150390625,879.44384765625,166.74673461914062,1908.580078125,316.3576965332031,5579.732421875,1476.41552734375,1544.906494140625,350.26629638671875,2187.377685546875,512.6087036132812,6622.68994140625,779.0194702148438,1283.95751953125,5354.765625,202.75570678710935,174.1076202392578,1188.5196533203125,2740.065185546875,1515.78515625,1412.5301513671875,996.4197998046876,754.7599487304688,4109.57080078125,680.2368774414062,2394.037841796875,1458.7513427734375,1906.93994140625,7.0,800.603271484375,1464.40771484375,138.5490264892578,388.6450500488281,1031.9725341796875,391.2644958496094,3629.64794921875,3175.5517578125,692.94775390625,12358.7734375,2733.32080078125,1104.44921875,68.97053527832031,330.08856201171875,229.39410400390625,5126.2431640625,279.8050537109375,1398.0267333984375,1836.5469970703125,787.4560546875,30424.474609375,3056.380859375,1718.1075439453125,1064.095947265625,158.09954833984375,2931.888916015625,1411.361083984375,3365.45703125,2783.86962890625,12022.599609375,412.2725524902344,241.1489105224609
2025-07-31,5413.353515625,1778.111572265625,2429.613525390625,984.7000122070312,1367.33740234375,589.7807006835938,7469.791015625,1067.57666015625,7896.865234375,1946.339111328125,875.816162109375,166.55845642089844,1890.507568359375,313.7376403808594,5603.0341796875,1441.55517578125,1540.1510009765625,346.9931945800781,2195.395263671875,519.4827880859375,6568.4140625,774.52587890625,1262.2950439453125,5342.5537109375,200.52687072753903,171.321044921875,1229.94091796875,2727.947021484375,1488.604248046875,1404.302978515625,992.6815795898438,752.8168334960938,4118.658203125,674.558349609375,2476.34716796875,1457.767333984375,1913.49365234375,6.909999847412109,797.608154296875,1454.76708984375,135.36976623535156,392.7927856445313,1042.3131103515625,395.0379943847656,3601.324462890625,3169.812255859375,699.6007080078125,12348.978515625,2717.348876953125,1112.467041015625,67.75498962402344,325.6556091308594,228.62570190429688,5124.25732421875,281.7901916503906,1378.2969970703125,1838.1446533203125,782.4463500976562,30643.283203125,3018.566650390625,1691.252685546875,1064.195068359375,154.7486572265625,2915.7587890625,1411.84326171875,3336.3525390625,2792.041015625,12003.9794921875,403.7823486328125,239.31765747070312
2025-08-01,5293.001953125,1784.27587890625,2349.849365234375,972.5999755859376,1341.446533203125,604.95556640625,7323.84228515625,1061.581298828125,7932.8583984375,1914.666259765625,870.2503662109375,161.94064331054688,1860.9791259765625,302.82879638671875,5629.24853515625,1420.87890625,1488.83251953125,343.44354248046875,2207.81298828125,524.736572265625,6335.375,767.7608642578125,1212.9080810546875,5470.71142578125,194.21676635742188,168.14878845214844,1237.2679443359375,2703.90966796875,1470.748046875,1389.1875,989.7304077148438,739.0658569335938,4167.861328125,664.0901489257812,2508.268798828125,1448.12353515625,1854.212158203125,6.599999904632568,782.4327392578125,1416.782958984375,131.1028594970703,397.08349609375,1021.93017578125,397.7932434082031,3552.6005859375,3126.467529296875,707.9625244140625,12179.6787109375,2685.4052734375,1126.72119140625,67.43913269042969,322.3917236328125,224.63186645507807,5025.95263671875,282.0322265625,1381.76708984375,1793.7064208984375,779.9415283203125,30509.013671875,3008.814697265625,1614.94970703125,1061.418701171875,149.9182586669922,2883.3056640625,1387.82568359375,3305.15478515625,2848.24462890625,11870.7001953125,402.6440124511719,233.96841430664065
2025-08-04,5003.17626953125,1779.901123046875,2362.543701171875,989.7999877929688,1383.0711669921875,602.2688598632812,7280.505859375,1067.7764892578125,8073.8740234375,1931.951416015625,879.89111328125,166.5089111328125,1890.8037109375,302.82879638671875,5692.19970703125,1470.4222412109375,1501.0181884765625,345.471923828125,2204.097412109375,520.1211547851562,6462.84912109375,783.0192260742188,1217.2803955078125,5562.74755859375,194.61300659179688,169.26402282714844,1220.5625,2769.069091796875,1496.540283203125,1410.5213623046875,979.7947387695312,737.172607421875,4384.68359375,679.1505126953125,2498.44677734375,1439.8575439453125,1882.313720703125,6.840000152587891,802.749755859375,1427.291259765625,132.35784912109375,397.46490478515625,1049.8697509765625,398.7116394042969,3595.976806640625,3166.9423828125,720.0073852539062,12242.052734375,2675.569091796875,1127.1666259765625,68.74082946777344,323.46343994140625,222.7725067138672,5141.1376953125,278.8367004394531,1399.4146728515625,1828.95751953125,781.6113891601562,30479.177734375,2978.96142578125,1626.7418212890625,1063.60009765625,156.33590698242188,2951.85986328125,1422.7430419921875,3345.322998046875,2932.2509765625,12011.8193359375,409.2843933105469,237.1490478515625
2025-08-05,4994.82568359375,1791.4345703125,2327.159423828125,971.75,1352.400390625,599.7314453125,7246.6337890625,1069.974853515625,8116.27734375,1937.74658203125,886.4508056640625,164.38827514648438,1907.7900390625,300.2087707519531,5543.181640625,1470.4222412109375,1485.8603515625,349.8974914550781,2180.92431640625,515.2601928710938,6382.6796875,771.2667846679688,1207.144775390625,5622.1259765625,194.1969451904297,166.16075134277344,1191.2552490234375,2778.40576171875,1490.78662109375,1418.4615478515625,972.7118530273438,735.8772583007812,4395.2197265625,678.5579833984375,2489.60693359375,1421.357421875,1886.8814697265625,6.909999847412109,817.8253784179688,1407.8172607421875,131.3259735107422,394.8904418945313,1047.384033203125,399.9095764160156,3617.26904296875,3178.817626953125,712.7904052734375,12412.341796875,2634.568115234375,1122.1678466796875,68.83654022216797,325.0223083496094,222.4404754638672,5155.03955078125,276.94842529296875,1379.7841796875,1854.422119140625,786.4246215820312,30041.55859375,3065.93408203125,1617.327880859375,1055.667236328125,156.3946990966797,2941.7783203125,1432.7745361328125,3407.0205078125,2972.80908203125,12051.9990234375,415.9247741699219,237.0141143798828
2025-08-06,5007.59814453125,1819.8699951171875,2299.27197265625,957.5499877929688,1361.362548828125,586.9945068359375,7162.451171875,1070.1746826171875,8064.9990234375,1922.359619140625,871.2940063476562,163.0504913330078,1905.716064453125,300.8280334472656,5313.99853515625,1453.241943359375,1472.882080078125,352.5638122558594,2191.19091796875,504.7526550292969,6108.31103515625,755.020751953125,1189.15869140625,5609.2607421875,195.51443481445312,164.77398681640625,1174.8427734375,2747.216796875,1476.7991943359375,1399.806396484375,976.499267578125,749.8773193359375,4325.716796875,676.3359375,2490.4912109375,1420.5703125,1870.7950439453125,6.789999961853027,802.0509033203125,1385.0654296875,132.25558471679688,392.8404235839844,1046.5885009765625,399.789794921875,3593.302734375,3193.958740234375,711.3967895507812,12399.4716796875,2584.802490234375,1105.3399658203125,68.77911376953125,323.56085205078125,221.76693725585935,5011.55419921875,275.7863464355469,1380.8748779296875,1851.7259521484373,790.8941040039062,30404.583984375,3068.81982421875,1580.761962890625,1043.96630859375,155.4541015625,2911.43798828125,1407.309814453125,3406.522216796875,2942.415283203125,11981.439453125,417.9168701171875,231.27935791015625
2025-08-07,5028.72021484375,1807.342529296875,2248.794677734375,936.7000122070312,1339.753662109375,589.432373046875,7143.02490234375,1075.37060546875,8114.7978515625,1912.3681640625,873.72900390625,164.62611389160156,1898.704345703125,295.6832275390625,5386.78662109375,1486.30419921875,1477.1422119140625,355.08984375,2190.506591796875,507.8951110839844,6106.3193359375,750.23095703125,1193.23291015625,5622.62060546875,196.7626037597656,164.36668395996094,1191.84130859375,2725.26513671875,1482.751220703125,1411.573486328125,981.4671020507812,753.0161743164062,4505.3232421875,678.2616577148438,2472.712890625,1417.322998046875,1890.05908203125,6.71999979019165,806.04443359375,1385.2581787109375,131.6978302001953,394.3660278320313,1058.7188720703125,397.73333740234375,3606.375244140625,3177.729248046875,715.2789916992188,12506.3974609375,2632.133544921875,1105.9835205078125,68.4345474243164,321.2712707519531,221.9187164306641,5146.1025390625,276.5126342773437,1377.50390625,1858.516357421875,790.8941040039062,30489.123046875,3101.758056640625,1583.932861328125,1043.96630859375,156.44369506835938,2925.55224609375,1429.4949951171875,3404.528564453125,3002.90380859375,12027.4990234375,415.3081359863281,233.5540008544922
2025-08-08,4943.3486328125,1777.9127197265625,2177.126708984375,914.0499877929688,1319.4393310546875,577.1431884765625,7057.84619140625,1057.2845458984375,8109.8671875,1917.563720703125,871.7909545898438,163.69461059570312,1835.499755859375,304.3531799316406,5298.75244140625,1449.4462890625,1471.990478515625,355.23016357421875,2158.33740234375,498.12408447265625,5890.21044921875,737.935302734375,1203.76611328125,5604.3125,194.5040435791016,165.9764862060547,1158.7235107421875,2673.515380859375,1479.676025390625,1411.764892578125,970.8920288085938,758.8453369140625,4446.453125,669.2586669921875,2454.1494140625,1412.9931640625,1881.419921875,6.510000228881836,781.1847534179688,1371.9542236328125,132.87547302246094,395.2241821289063,1043.2078857421875,389.8669128417969,3572.7041015625,3111.524169921875,700.7454833984375,12464.8154296875,2625.510986328125,1085.39404296875,68.02297973632812,326.1427307128906,221.45388793945312,5069.6435546875,275.8348083496094,1356.0888671875,1831.0545654296875,790.0591430664062,30250.419921875,3016.974609375,1572.5369873046875,1042.181396484375,154.75843811035156,2915.374267578125,1427.9517822265625,3448.883056640625,2958.558837890625,11913.8193359375,409.2843933105469,230.40228271484372
2025-08-11,4967.95751953125,1775.9241943359375,2282.37939453125,929.0999755859376,1333.7789306640625,585.9495849609375,7231.68994140625,1072.472900390625,8160.15966796875,1921.16064453125,872.4369506835938,164.55673217773438,1834.314697265625,305.78228759765625,5293.3427734375,1481.3099365234375,1490.81396484375,357.8497009277344,2163.226318359375,500.8737182617188,5967.39208984375,755.4652099609375,1211.8150634765625,5612.72412109375,194.84083557128903,167.78997802734375,1172.3028564453125,2740.363037109375,1462.4151611328125,1423.5321044921875,981.5654296875,762.0339965820312,4410.10693359375,669.3580932617188,2473.596923828125,1413.681884765625,1888.370849609375,6.599999904632568,781.9833984375,1376.870849609375,134.300048828125,397.46490478515625,1046.6878662109375,394.4989013671875,3632.916015625,3153.087890625,703.7816162109375,12471.74609375,2602.4296875,1093.8079833984375,67.62098693847656,327.5067443847656,221.7859039306641,5134.68310546875,275.8348083496094,1374.331298828125,1848.430419921875,808.8700561523438,30474.205078125,3099.56884765625,1593.842529296875,1050.21337890625,155.3169403076172,2919.59912109375,1428.626953125,3456.557861328125,2970.816162109375,12156.8583984375,408.0037536621094,232.8793029785156
2025-08-12,4992.07373046875,1777.41552734375,2287.17724609375,930.9000244140624,1324.916259765625,584.2579956054688,7209.2744140625,1069.1754150390625,8082.7490234375,1906.373291015625,847.7884521484375,165.19094848632812,1827.302978515625,308.40234375,5250.55517578125,1449.046630859375,1507.457763671875,360.51605224609375,2152.666748046875,493.8523559570313,5936.51953125,748.0088500976562,1212.610107421875,5599.3642578125,194.1374969482422,169.03128051757812,1172.791259765625,2731.889404296875,1453.0904541015625,1434.151123046875,968.924560546875,763.4788818359375,4490.33984375,663.5882568359375,2439.612548828125,1410.112060546875,1889.5626220703125,6.46999979019165,781.7837524414062,1372.9183349609375,135.47769165039062,396.9881286621094,1042.213623046875,391.1247253417969,3650.44482421875,3202.864990234375,700.894775390625,12712.3291015625,2646.83935546875,1080.048828125,67.8985595703125,331.3551940917969,223.42709350585935,5195.75146484375,275.64111328125,1368.5810546875,1835.448486328125,806.0704956054688,30245.44921875,3119.76953125,1607.5174560546875,1038.0167236328125,156.92379760742188,2914.414306640625,1455.827880859375,3475.396240234375,2953.476806640625,12199.978515625,410.9918823242188,232.9756774902344
2025-08-13,5007.3310546875,1776.023681640625,2279.0810546875,924.1500244140624,1314.0618896484375,577.989013671875,7779.12255859375,1065.178466796875,8134.02734375,1912.767822265625,854.7456665039062,164.1999969482422,1844.1904296875,307.2590637207031,5287.44091796875,1458.8355712890625,1546.4915771484375,361.21771240234375,2123.43115234375,494.4415893554688,6075.44677734375,748.2557373046875,1245.50146484375,5655.27880859375,194.34555053710935,168.11968994140625,1176.0286865234375,2737.372314453125,1454.181640625,1436.0643310546875,974.0399169921876,773.8419189453125,4609.72265625,696.8646240234375,2450.71142578125,1408.922119140625,1899.2939453125,6.360000133514404,772.1992797851562,1375.3284912109375,135.26876831054688,394.8427734375,1047.68212890625,396.8548583984375,3657.97119140625,3248.090087890625,706.967041015625,12706.388671875,2624.829345703125,1085.7900390625,69.46824645996094,331.2090759277344,226.41534423828125,5210.64599609375,279.07879638671875,1370.7620849609375,1837.745361328125,807.29833984375,30245.44921875,3135.293212890625,1624.9583740234375,1047.2386474609375,156.94337463378906,2915.1826171875,1452.9342041015625,3455.461669921875,3008.683837890625,12152.9384765625,416.2093505859375,232.90821838378903
2025-08-14,4951.22412109375,1772.4443359375,2280.580322265625,917.5,1294.843017578125,575.2028198242188,7792.07373046875,1067.376708984375,8099.51318359375,1923.4586181640625,856.1868286132812,163.3800048828125,1850.5108642578125,303.0193176269531,5215.63671875,1459.8343505859375,1549.463623046875,359.6740417480469,2106.12451171875,491.8883361816406,6107.3154296875,742.2313232421875,1252.4573974609375,5704.265625,194.0186462402344,168.67245483398438,1162.3927001953125,2756.313232421875,1467.375244140625,1425.2540283203125,979.35205078125,785.9487915039062,4551.142578125,691.6419067382812,2436.469482421875,1415.3677978515625,1884.994873046875,6.150000095367432,768.5052490234375,1395.6700439453125,133.0844268798828,392.3160095214844,1039.529052734375,394.9581298828125,3641.432861328125,3231.464599609375,707.3154296875,12807.375,2649.176513671875,1078.365966796875,67.3525619506836,330.6244506835937,224.7741851806641,5251.85498046875,279.56298828125,1367.4774169921875,1838.044921875,811.9151611328125,30235.501953125,3153.503662109375,1626.5438232421875,1042.379638671875,152.16200256347656,2901.83642578125,1434.028564453125,3477.987548828125,3009.780029296875,12070.619140625,408.0986022949219,237.88156127929688
2025-08-18,4958.6064453125,1832.8946533203125,2332.55712890625,941.6500244140624,1321.6300048828125,587.1436767578125,7793.06982421875,1081.7657470703125,8469.30859375,1991.8004150390625,899.6695556640625,167.14999389648438,1868.781005859375,299.1607360839844,5349.90087890625,1520.86474609375,1550.6524658203125,362.8081665039063,2175.54638671875,509.7608947753906,6139.18408203125,759.3662109375,1254.7427978515625,5850.73193359375,193.9492950439453,168.41062927246094,1185.936767578125,2837.061767578125,1540.1884765625,1420.6619873046875,985.5003662109376,788.1907958984375,4817.8447265625,710.44384765625,2522.412841796875,1422.606689453125,1932.7576904296875,6.460000038146973,787.3746948242188,1384.19775390625,133.25535583496094,387.4054870605469,1073.6331787109375,399.5901184082031,3599.938232421875,3347.941650390625,717.12060546875,13928.119140625,2627.65380859375,1132.511962890625,67.52725219726562,327.4093017578125,225.93153381347656,5195.75146484375,281.1607360839844,1375.3409423828125,1860.413818359375,812.9957275390625,31170.41796875,3102.753173828125,1617.9224853515625,1062.3111572265625,154.76824951171875,2891.178955078125,1419.07763671875,3543.173828125,3208.4853515625,12509.6572265625,415.6876220703125,236.3394470214844
2025-08-19,4988.62890625,1848.8026123046875,2387.33251953125,973.4000244140624,1363.6529541015625,589.482177734375,7804.04248046875,1082.365234375,8673.4365234375,1970.5184326171875,896.7872314453125,174.00999450683594,1885.964599609375,306.2586669921875,5408.91796875,1526.1588134765625,1534.5040283203125,360.51605224609375,2222.968505859375,512.6578369140625,6054.53271484375,766.4769287109375,1236.359375,5876.95751953125,198.16925048828125,169.6034393310547,1195.550537109375,2819.5166015625,1557.449462890625,1412.1475830078125,979.35205078125,790.9310302734375,4947.57080078125,703.032470703125,2558.4599609375,1424.29248046875,1939.212158203125,6.579999923706055,784.2297973632812,1388.2469482421875,134.86988830566406,390.0752868652344,1067.269775390625,405.2803039550781,3578.052001953125,3319.14404296875,724.63623046875,14108.3095703125,2670.99169921875,1149.6368408203125,68.63361358642578,326.4350280761719,225.7228240966797,5199.72314453125,280.0909423828125,1413.564208984375,1851.526123046875,815.697021484375,30737.76953125,3117.878662109375,1611.8775634765625,1076.689453125,156.0125732421875,2895.9794921875,1443.6741943359375,3556.430419921875,3240.5732421875,12605.697265625,427.0711059570313,238.0261383056641
2025-08-20,5041.29052734375,1852.3818359375,2386.033203125,975.9500122070312,1364.847900390625,588.984619140625,7863.39453125,1079.3675537109375,8704.9921875,1956.8302001953125,882.3758544921875,174.27999877929688,1904.4322509765625,304.8295593261719,5607.60888671875,1521.1644287109375,1531.72998046875,359.9079284667969,2304.123779296875,525.3748779296875,5980.3388671875,760.9463500976562,1237.5518798828125,5875.9677734375,197.83245849609372,172.73580932617188,1223.2149658203125,2856.002685546875,1555.3662109375,1431.1854248046875,977.9256591796876,793.7210693359375,4964.77783203125,697.2128295898438,2622.303466796875,1418.64013671875,1954.7027587890625,6.789999961853027,776.9415893554688,1442.427001953125,134.32855224609375,387.1671142578125,1076.4171142578125,402.8045654296875,3557.55224609375,3360.311767578125,748.4274291992188,14079.59765625,2761.466064453125,1178.244140625,69.70116424560547,333.206298828125,225.7133331298828,5307.46142578125,280.4799499511719,1406.4969482421875,1855.9200439453125,814.272705078125,30523.93359375,3139.671875,1618.31884765625,1096.02587890625,158.64822387695312,2975.09521484375,1470.1033935546875,3583.242431640625,3218.55029296875,12616.4775390625,422.6125793457031,241.7657623291016
2025-08-21,5060.97705078125,1839.2578125,2376.137451171875,966.5999755859376,1356.0848388671875,585.85009765625,7906.7861328125,1078.068603515625,8563.9765625,1978.3118896484373,890.128173828125,176.82000732421875,1905.9136962890625,304.8295593261719,5505.80419921875,1516.56982421875,1577.99609375,358.58038330078125,2298.257080078125,506.4220886230469,6003.24462890625,763.6129150390625,1268.55517578125,5913.0791015625,197.5550842285156,172.39639282226562,1223.705322265625,2872.252197265625,1541.180419921875,1428.793701171875,979.4012451171876,792.625,4927.17431640625,703.6293334960938,2600.891357421875,1433.911376953125,1953.3126220703125,6.550000190734863,766.208984375,1442.619873046875,134.32855224609375,386.69036865234375,1065.678955078125,402.8644714355469,3577.65576171875,3340.02490234375,736.2830200195312,14138.01171875,2779.87255859375,1167.4544677734375,69.2547378540039,330.08856201171875,226.0548553466797,5309.94384765625,276.2007751464844,1418.24267578125,1874.6939697265625,811.0802612304688,30439.392578125,3181.565673828125,1625.3544921875,1078.9700927734375,158.2465057373047,2978.93603515625,1467.4027099609375,3604.47265625,3269.47216796875,12612.5576171875,423.9406127929688,240.86941528320312
2025-08-22,4983.70654296875,1810.6234130859373,2323.86083984375,957.2000122070312,1335.5712890625,574.3072509765625,7902.79638671875,1070.07470703125,8559.0458984375,1964.223876953125,889.034912109375,173.22999572753906,1909.2713623046875,301.4949645996094,5454.65625,1522.363037109375,1577.99609375,355.0718688964844,2248.195068359375,506.6676025390625,6126.2373046875,753.0949096679688,1269.5489501953125,5863.1025390625,195.6715087890625,171.4654083251953,1233.3192138671875,2805.0615234375,1543.5614013671875,1402.7720947265625,966.317626953125,785.9487915039062,4831.28125,700.5454711914062,2583.11328125,1424.3917236328125,1897.3077392578125,7.070000171661377,758.870849609375,1434.0396728515625,132.9134521484375,379.7774963378906,1048.5770263671875,396.63525390625,3561.018310546875,3367.634765625,727.3737182617188,14206.3251953125,2774.22412109375,1151.12158203125,68.09014129638672,328.3348693847656,224.1575469970703,5331.29296875,275.5686340332031,1402.71435546875,1856.4193115234373,801.7975463867188,29842.640625,3157.68310546875,1626.940185546875,1075.003662109375,155.34632873535156,2932.273193359375,1451.6802978515625,3609.1572265625,3283.12451171875,12337.177734375,421.4267883300781,239.64535522460935
2025-08-25,5020.619140625,1797.300537109375,2301.87060546875,964.0999755859376,1334.774658203125,578.1383056640625,7831.47412109375,1069.1754150390625,8629.060546875,1962.125732421875,895.29638671875,171.4499969482422,1906.70361328125,300.87567138671875,5459.57421875,1507.6798095703125,1586.31787109375,360.3346557617188,2232.061767578125,509.2698974609375,6222.8388671875,762.4277954101562,1275.809326171875,5928.41845703125,194.34603881835935,170.58290100097656,1237.73388671875,2802.6689453125,1549.513427734375,1439.0301513671875,966.0717163085938,784.2049560546875,4894.984375,712.1349487304688,2584.782958984375,1421.2183837890625,1905.5496826171875,7.400000095367432,769.6034545898438,1477.0367431640625,132.92295837402344,380.7787170410156,1051.7589111328125,395.9763793945313,3568.247802734375,3363.577392578125,719.1115112304688,14308.30078125,2841.519775390625,1141.3218994140625,68.59479522705078,329.1630249023437,224.60340881347656,5411.72412109375,276.3466796875,1406.0987548828125,1844.236328125,801.9940185546875,29852.5859375,3149.125244140625,1641.7052001953125,1072.524658203125,156.40451049804688,3015.421630859375,1472.9971923828125,3639.457763671875,3273.259033203125,12353.837890625,427.16595458984375,244.65724182128903
2025-08-26,4943.3486328125,1788.1534423828125,2270.984619140625,931.25,1309.879638671875,569.9786376953125,7774.1171875,1049.290771484375,8570.8798828125,1922.5594482421875,870.8964233398438,165.86000061035156,1881.0267333984373,297.3505249023437,5671.05224609375,1474.517578125,1565.1168212890625,353.1753845214844,2233.3330078125,513.0015869140625,6165.0771484375,745.2434692382812,1255.2396240234375,6087.2548828125,191.8047332763672,166.45167541503906,1234.692626953125,2787.51611328125,1505.7659912109375,1428.1240234375,957.5625,773.8419189453125,4904.2646484375,702.0376586914062,2644.697998046875,1404.7572021484375,1859.57421875,6.710000038146973,755.1768798828125,1474.6265869140625,131.97323608398438,384.59271240234375,1041.119873046875,392.4624633789063,3507.04541015625,3296.18505859375,714.482666015625,14567.6962890625,2798.181640625,1150.4285888671875,67.81839752197266,324.6325988769531,222.1653594970703,5338.740234375,272.21337890625,1378.5262451171875,1814.078125,793.5462646484375,29947.072265625,3033.095458984375,1585.8157958984375,1070.8389892578125,151.89744567871094,3031.359619140625,1448.9793701171875,3582.24560546875,3260.90234375,12357.7578125,421.1661682128906,242.9127197265625
2025-08-28,4922.18603515625,1790.6390380859375,2274.18310546875,921.1500244140624,1309.879638671875,559.0328369140625,7708.77978515625,1051.08935546875,8568.9072265625,1915.965087890625,871.4927368164062,162.92999267578125,1857.7200927734373,296.0167236328125,5627.28125,1438.1591796875,1565.6121826171875,354.9296264648437,2212.408447265625,504.6053466796875,6106.8173828125,740.1574096679688,1251.8612060546875,6069.44140625,191.1071014404297,166.0443878173828,1226.8446044921875,2775.653076171875,1507.25390625,1386.9869384765625,942.2162475585938,772.5963134765625,4921.95458984375,697.760009765625,2607.17724609375,1387.4034423828125,1847.26123046875,6.570000171661377,745.3926391601562,1446.1868896484375,131.52688598632812,382.2566223144531,1029.884521484375,388.2696838378906,3525.66357421875,3261.05419921875,708.3606567382812,14605.318359375,2757.86279296875,1150.6265869140625,66.70233154296875,322.2942810058594,221.4064483642578,5276.1826171875,266.9130554199219,1379.521728515625,1814.2779541015625,787.750732421875,29514.42578125,3028.31884765625,1571.347900390625,1053.48583984375,150.52574157714844,2970.390869140625,1442.6131591796875,3625.802490234375,3244.658935546875,12270.5380859375,417.5269470214844,241.58262634277344
2025-08-29,4920.708984375,1791.4345703125,2243.69677734375,913.5,1307.29052734375,560.4259643554688,7591.0732421875,1044.39453125,8511.7119140625,1911.8685302734373,872.4866333007812,161.8000030517578,1865.324462890625,293.6348571777344,5728.59375,1419.0809326171875,1574.6275634765625,355.4037475585937,2279.97265625,511.7249145507813,6106.3193359375,729.8862915039062,1252.1591796875,6039.75244140625,191.05728149414065,167.83847045898438,1218.9967041015625,2766.980224609375,1513.404296875,1391.7703857421875,936.1171264648438,769.3080444335938,4918.087890625,700.2967529296875,2612.4814453125,1386.1143798828125,1826.706298828125,6.489999771118164,738.30419921875,1416.782958984375,129.7509002685547,390.695068359375,1020.7369995117188,391.3843078613281,3566.16796875,3166.24951171875,722.5457763671875,14643.9306640625,2715.206298828125,1144.4893798828125,66.770263671875,319.1278381347656,221.71002197265625,5268.23876953125,267.6910705566406,1350.9537353515625,1802.99365234375,788.291015625,29116.591796875,3048.718505859375,1580.0682373046875,1056.4605712890625,151.35855102539062,2961.74951171875,1428.916259765625,3616.931884765625,3265.187255859375,12387.158203125,413.74017333984375,240.38751220703125
2025-09-01,5047.09814453125,1807.93896484375,2283.17919921875,931.5499877929688,1329.6961669921875,564.3067016601562,7652.42041015625,1060.6820068359375,8842.5556640625,1941.843017578125,883.9163818359375,161.33999633789062,1876.977783203125,299.87530517578125,5750.72509765625,1452.1431884765625,1572.447998046875,358.3432922363281,2307.741455078125,514.2290649414062,6067.9775390625,739.0216064453125,1271.83447265625,6214.91845703125,192.92091369628903,170.6217041015625,1232.9268798828125,2795.192138671875,1561.61572265625,1404.78125,935.1333618164062,779.0234375,5069.17724609375,715.865478515625,2602.364501953125,1399.2039794921875,1827.4013671875,6.539999961853027,751.632568359375,1445.5120849609375,132.54307556152344,386.9764404296875,1029.586181640625,393.04144287109375,3563.593017578125,3280.945068359375,728.070556640625,14738.9755859375,2845.220703125,1162.505126953125,67.56607055664062,322.1968994140625,226.46278381347656,5381.9345703125,272.1647644042969,1347.6689453125,1807.2877197265625,791.7781372070312,29708.37109375,3123.55078125,1549.150634765625,1066.674072265625,153.01441955566406,2988.537353515625,1452.1624755859375,3606.76513671875,3344.510009765625,12569.4375,423.920166015625,241.3031463623047
2025-09-02,5067.57275390625,1811.518310546875,2273.18359375,933.8499755859376,1330.59228515625,564.4559936523438,7662.89404296875,1055.385986328125,8905.1748046875,1954.232421875,884.6617431640625,162.0399932861328,1863.7442626953125,300.0658569335937,5794.98779296875,1429.7686767578125,1554.615234375,360.4294738769531,2360.05224609375,534.8021240234375,6095.36474609375,745.4410400390625,1245.799560546875,6283.203125,192.9009704589844,173.8704376220703,1259.4140625,2771.167236328125,1570.147216796875,1402.1981201171875,929.1326904296876,779.9700927734375,5134.90966796875,717.2085571289062,2629.37548828125,1382.54443359375,1809.924560546875,6.510000228881836,749.9852905273438,1444.837158203125,132.60006713867188,387.8345947265625,1038.03759765625,387.8304443359375,3540.3203125,3200.885986328125,738.5227661132812,14694.4228515625,2826.814208984375,1188.73681640625,70.65225219726562,327.6528625488281,227.19325256347656,5364.5576171875,278.8266296386719,1360.2109375,1811.9810791015625,789.666259765625,29832.6953125,3174.69970703125,1551.033447265625,1091.5635986328125,155.18955993652344,2987.4814453125,1459.203857421875,3608.7587890625,3357.86328125,12475.357421875,424.5103149414063,241.8524932861328
2025-09-03,5107.142578125,1832.496826171875,2287.677001953125,935.7000122070312,1326.8082275390625,570.9240112304688,7716.76025390625,1053.88720703125,8989.48828125,1964.4237060546875,890.8239135742188,164.72999572753906,1860.4853515625,299.9705810546875,5811.2177734375,1438.1591796875,1563.7298583984375,369.6275024414063,2328.959228515625,533.721923828125,6138.68603515625,754.9220581054688,1254.2459716796875,6305.47021484375,192.5720977783203,172.6388397216797,1251.2716064453125,2772.761962890625,1553.58056640625,1402.580810546875,938.9207763671876,773.6924438476562,5170.67626953125,739.0943603515625,2617.294189453125,1385.321044921875,1809.2296142578125,6.570000171661377,766.85791015625,1425.9415283203125,133.4263153076172,392.60205078125,1066.0765380859375,391.3643493652344,3565.969970703125,3251.8505859375,731.4052734375,14778.578125,2817.367431640625,1182.6986083984375,72.09829711914062,325.6556091308594,226.7947998046875,5329.30712890625,278.1944580078125,1366.2828369140625,1808.1864013671875,797.7701416015625,29777.9921875,3196.19384765625,1564.4112548828125,1095.1334228515625,164.4584197998047,2974.039306640625,1454.766845703125,3678.52978515625,3388.456298828125,12478.2978515625,432.23138427734375,240.53207397460935
2025-09-04,5081.94384765625,1829.8125,2277.78173828125,929.1500244140624,1322.6258544921875,564.90380859375,7880.35205078125,1049.590576171875,8945.1123046875,2000.492919921875,929.0390014648438,162.47999572753906,1857.0289306640625,298.1127319335937,5983.35107421875,1459.53466796875,1563.135498046875,371.1921081542969,2409.821044921875,542.7564086914062,6108.31103515625,748.7000732421875,1245.10400390625,6358.41552734375,189.25343322753903,169.38040161132812,1221.645263671875,2801.073974609375,1572.0318603515625,1380.768798828125,945.610107421875,751.5712890625,5172.60986328125,735.214599609375,2619.16064453125,1393.75,1858.3826904296875,6.610000133514404,753.6293334960938,1410.4202880859375,132.6570281982422,396.5590515136719,1066.2755126953125,389.2679443359375,3557.849365234375,3445.319091796875,735.2377319335938,14516.212890625,2786.4951171875,1200.318115234375,71.26366424560547,324.81903076171875,224.7921600341797,5256.3232421875,274.0611877441406,1353.0440673828125,1788.613525390625,795.06884765625,29782.96484375,3138.97509765625,1567.978759765625,1062.11279296875,163.43942260742188,2972.310791015625,1447.2431640625,3679.028076171875,3421.24169921875,12397.9384765625,428.5429992675781,236.10812377929688
2025-09-05,5037.25439453125,1818.47802734375,2280.38037109375,929.3499755859376,1316.2528076171875,563.9087524414062,7785.08984375,1055.0863037109375,8958.42578125,2012.6826171875,931.87158203125,163.33999633789062,1871.74365234375,297.73162841796875,5976.4658203125,1489.200927734375,1538.962158203125,372.33001708984375,2369.43896484375,536.8643798828125,5984.322265625,746.1817016601562,1260.1087646484375,6512.30419921875,189.871337890625,168.7112579345703,1208.1072998046875,2795.2919921875,1569.8494873046875,1357.521484375,947.7251586914062,756.8524780273438,5184.20947265625,739.93994140625,2586.551025390625,1391.0726318359375,1827.500732421875,7.230000019073486,755.8258056640625,1392.681396484375,132.62852478027344,388.40667724609375,1066.971435546875,388.4294128417969,3519.2265625,3524.289794921875,728.3692016601562,14746.896484375,2724.36083984375,1196.259765625,72.33121490478516,323.490478515625,223.27587890625,5095.95751953125,277.5137023925781,1368.671875,1802.7939453125,792.318359375,29877.451171875,3073.994384765625,1579.1763916015625,1063.40185546875,164.29183959960938,2926.80029296875,1425.5404052734375,3653.3125,3464.49072265625,12348.9384765625,438.1820068359375,234.8551483154297
2025-09-08,5028.296875,1827.724609375,2309.8671875,937.2000122070312,1342.6416015625,567.490966796875,7767.134765625,1054.6866455078125,9302.58203125,2006.687744140625,938.5306396484376,164.5399932861328,1864.238037109375,301.4949645996094,6015.318359375,1492.29736328125,1526.87548828125,367.0198059082031,2335.705810546875,536.3733520507812,6002.74658203125,748.1075439453125,1242.7191162109375,6744.3740234375,189.97097778320312,167.15960693359375,1206.537841796875,2795.391845703125,1566.5758056640625,1342.214599609375,950.2828369140624,751.0730590820312,5261.54296875,734.9161376953125,2577.219970703125,1390.973388671875,1820.1524658203125,7.289999961853027,749.5360107421875,1381.402099609375,133.81568908691406,388.5973815917969,1095.10986328125,389.3478088378906,3495.458740234375,3524.289794921875,727.274169921875,15106.287109375,2714.329833984375,1175.6702880859375,72.31180572509766,321.5221862792969,221.7500457763672,4975.80712890625,275.0337219238281,1372.15576171875,1778.427734375,794.4794311523438,30320.041015625,3106.335693359375,1566.6904296875,1065.1866455078125,165.4088134765625,2898.66796875,1408.94970703125,3646.036376953125,3578.791015625,12410.677734375,427.2643127441406,233.7467498779297
2025-09-09,5051.52734375,1839.5560302734373,2310.56689453125,943.7000122070312,1375.104736328125,564.8042602539062,7806.03759765625,1051.3890380859375,9252.783203125,2023.5733642578125,942.6056518554688,163.4600067138672,1870.1634521484373,299.1131286621094,6041.87646484375,1505.3824462890625,1537.1788330078125,367.8732604980469,2345.581298828125,534.4584350585938,5977.84912109375,741.786865234375,1283.1627197265625,6803.25732421875,190.97755432128903,167.73179626464844,1221.2528076171875,2787.217041015625,1574.4127197265625,1365.2705078125,949.4467163085938,758.3969116210938,5242.69287109375,739.0446166992188,2594.998291015625,1391.9649658203125,1822.0391845703125,7.269999980926514,744.9434204101562,1450.2359619140625,133.85369873046875,390.9811096191406,1098.192138671875,391.40423583984375,3490.903076171875,3657.88671875,729.16552734375,15212.22265625,2778.801513671875,1190.0235595703125,72.45738220214844,318.9633483886719,220.60568237304688,5094.96435546875,276.0549011230469,1369.8662109375,1803.1932373046875,794.528564453125,30026.638671875,3174.500732421875,1577.2935791015625,1074.40869140625,165.7321319580078,2927.856201171875,1445.12109375,3618.2275390625,3553.878173828125,12320.5185546875,425.6905822753906,240.1368865966797
2025-09-10,5081.0576171875,1838.1641845703125,2339.154052734375,963.3499755859376,1383.270263671875,564.0579833984375,7909.27978515625,1069.2752685546875,9115.7119140625,2036.462158203125,962.0361938476562,166.8000030517578,1867.8922119140625,302.924072265625,6097.45068359375,1520.6649169921875,1549.265625,371.6188049316406,2353.892333984375,537.6499633789062,6006.72998046875,744.9472045898438,1295.9813232421875,6765.65087890625,195.4123992919922,168.6433563232422,1232.3382568359375,2777.1484375,1562.80615234375,1400.4761962890625,950.1845092773438,774.8383178710938,5172.12646484375,739.2933349609375,2596.471435546875,1392.163330078125,1842.19677734375,7.320000171661377,750.03515625,1477.518798828125,134.0436248779297,393.8415832519531,1094.910888671875,393.9798278808594,3515.661376953125,3566.941650390625,731.2061767578125,14957.7783203125,2890.89599609375,1205.1685791015625,73.05908203125,320.4888000488281,220.9966735839844,5380.94140625,275.1796264648437,1370.66259765625,1831.1544189453125,803.7130126953125,29728.26171875,3127.332275390625,1578.978271484375,1091.7618408203125,166.0064697265625,2986.041259765625,1471.9361572265625,3608.7587890625,3483.12548828125,12228.3984375,426.5758361816406,246.4981384277344
2025-09-11,5136.3779296875,1833.6900634765625,2397.72802734375,976.3499755859376,1387.25341796875,557.6397705078125,7859.90283203125,1086.56201171875,8987.0234375,2036.0626220703125,964.3220825195312,166.58999633789062,1889.2236328125,304.877197265625,6197.2880859375,1493.995361328125,1546.29345703125,372.9937744140625,2321.821533203125,534.3110961914062,5990.7958984375,746.9718017578125,1294.88818359375,6687.96435546875,195.9804534912109,173.59889221191406,1242.442626953125,2790.307373046875,1561.814208984375,1404.1114501953125,952.0535278320312,771.500244140625,5125.24365234375,738.7958984375,2575.353759765625,1389.882568359375,1857.786865234375,7.409999847412109,747.389404296875,1455.4417724609375,136.69334411621094,395.7485961914063,1092.7235107421875,393.7801513671875,3505.4609375,3558.33203125,730.7582397460938,14944.9072265625,2849.1162109375,1208.4351806640625,73.63168334960938,325.8031921386719,222.92300415039065,5369.5224609375,278.92388916015625,1376.9337158203125,1811.6815185546875,809.0665283203125,29668.587890625,3169.72412109375,1595.130615234375,1096.02587890625,165.9868927001953,2999.6748046875,1467.30615234375,3572.4775390625,3499.866943359375,12144.119140625,430.5101318359375,244.72471618652344
2025-09-12,5166.400390625,1839.7548828125,2390.930908203125,981.7000122070312,1387.25341796875,557.7890014648438,7854.91552734375,1104.4482421875,8874.60546875,2079.725341796875,997.1204833984376,164.8699951171875,1878.952880859375,302.9717102050781,6144.66455078125,1510.5765380859375,1559.965087890625,373.9420166015625,2301.385986328125,529.155517578125,6001.75048828125,748.9963989257812,1308.4024658203125,6803.751953125,193.69825744628903,173.15281677246094,1225.9617919921875,2793.298095703125,1560.028564453125,1403.6331787109375,951.5617065429688,776.881103515625,5124.759765625,754.115966796875,2534.59228515625,1405.847900390625,1880.32763671875,7.659999847412109,739.3025512695312,1470.7703857421875,135.43972778320312,394.509033203125,1092.7235107421875,393.7801513671875,3545.173095703125,3552.59228515625,731.2061767578125,15172.62109375,2828.372314453125,1205.2674560546875,74.21398162841797,326.44293212890625,222.4366607666016,5372.998046875,279.7505187988281,1388.579833984375,1827.6593017578125,808.96826171875,29419.939453125,3186.34228515625,1601.9681396484375,1094.6375732421875,166.3494110107422,3008.508056640625,1471.453857421875,3560.2177734375,3480.2353515625,12122.55859375,443.4932861328125,242.82598876953125
2025-09-15,5255.1875,1850.0950927734373,2382.334716796875,986.7000122070312,1389.3446044921875,565.9486083984375,7797.0595703125,1103.5489501953125,8899.7509765625,2078.2265625,1003.6801147460938,162.13999938964844,1880.829345703125,302.7335205078125,6110.23779296875,1515.9703369140625,1533.90966796875,374.32135009765625,2313.021484375,531.168701171875,6032.12548828125,766.0819091796875,1292.602783203125,6730.51904296875,195.6017608642578,174.4910888671875,1233.7117919921875,2793.69677734375,1582.4478759765625,1402.9635009765625,951.3157348632812,774.4398193359375,5112.193359375,749.7388305664062,2535.083251953125,1407.5338134765625,1886.8814697265625,8.140000343322754,738.7035522460938,1454.1885986328125,136.75033569335938,393.460205078125,1094.6126708984375,393.4806823730469,3551.510986328125,3493.61181640625,724.1882934570312,15113.216796875,2862.45849609375,1200.21923828125,73.28230285644531,325.8524475097656,221.4925537109375,5325.83154296875,278.3890075683594,1392.8599853515625,1819.67041015625,810.1470336914062,29116.591796875,3277.593994140625,1587.5003662109375,1093.348388671875,165.81051635742188,2987.865234375,1465.9559326171875,3522.54150390625,3465.28759765625,12186.2587890625,446.935791015625,242.1898498535156
2025-09-16,5265.2275390625,1855.26513671875,2398.32763671875,987.8499755859376,1402.2900390625,570.8245239257812,7832.97021484375,1120.3359375,8946.591796875,2078.5263671875,997.1204833984376,162.6699981689453,1915.394287109375,303.2098693847656,6100.8935546875,1581.2957763671875,1544.5101318359375,375.3169860839844,2303.439453125,526.062255859375,6074.45068359375,776.994873046875,1302.142333984375,6855.7080078125,195.74127197265625,176.7312774658203,1206.0472412109375,2834.1708984375,1601.8912353515625,1418.8443603515625,951.1190185546876,771.5999145507812,5138.77685546875,752.0269165039062,2534.985107421875,1409.71533203125,1899.0953369140625,7.940000057220459,741.0497436523438,1456.9844970703125,137.6905517578125,393.8892822265625,1108.8309326171875,403.6431274414063,3632.32177734375,3570.50439453125,720.6046752929688,15418.154296875,2873.658203125,1192.003173828125,73.21437072753906,329.73980712890625,224.1913604736328,5451.93994140625,280.43133544921875,1398.8323974609375,1816.275146484375,816.82666015625,29414.966796875,3297.595703125,1595.9234619140625,1082.9365234375,168.54415893554688,3020.31787109375,1477.2413330078125,3545.167236328125,3487.709228515625,12326.3984375,453.7224426269531,244.82107543945312
2025-09-17,5301.451171875,1845.3226318359373,2400.926513671875,979.4500122070312,1400.1988525390625,579.18310546875,7868.3818359375,1125.13232421875,8957.9326171875,2055.246337890625,1001.3445434570312,164.27999877929688,1917.1719970703125,308.2594299316406,5997.61328125,1571.6068115234375,1545.1044921875,379.06256103515625,2295.6171875,525.522216796875,6026.64794921875,776.6986083984375,1303.135986328125,6819.09130859375,198.2925567626953,176.11062622070312,1219.781494140625,2856.501220703125,1580.7615966796875,1417.313720703125,950.7747192382812,765.322265625,5171.64306640625,746.2072143554688,2523.984130859375,1407.33544921875,1858.978515625,7.769999980926514,737.8549194335938,1467.685546875,138.602294921875,390.2659606933594,1104.655029296875,409.353271484375,3649.8505859375,3595.4423828125,708.6593017578125,15643.8876953125,2900.343017578125,1192.102294921875,73.45699310302734,331.06842041015625,225.89837646484372,5496.62353515625,279.2642517089844,1407.2933349609375,1801.4957275390625,841.973388671875,29524.37109375,3306.4521484375,1605.53564453125,1126.7657470703125,167.89749145507812,3046.337890625,1492.385009765625,3511.477783203125,3487.908935546875,12466.5380859375,448.6570434570313,244.9560089111328
2025-09-18,5350.865234375,1847.41064453125,2400.926513671875,978.9000244140624,1406.870849609375,578.1383056640625,7830.97509765625,1132.1268310546875,8949.0576171875,2067.435791015625,990.4117431640624,166.91000366210938,1916.974365234375,310.3078308105469,6000.564453125,1584.7918701171875,1563.5316162109375,372.80413818359375,2313.021484375,526.6514892578125,6086.8994140625,773.39013671875,1314.36474609375,6852.7392578125,197.75439453125,175.48025512695312,1214.8763427734375,2869.859619140625,1581.55517578125,1429.080810546875,961.0055541992188,781.8134765625,5190.9765625,746.2570190429688,2540.780029296875,1409.814453125,1872.3837890625,7.840000152587891,734.2607421875,1485.2313232421875,139.75143432617188,392.4113464355469,1114.697265625,410.2117919921875,3650.345703125,3604.348876953125,716.4735717773438,15659.728515625,2922.255615234375,1196.8536376953125,74.46630859375,331.6097106933594,224.66818237304688,5528.39892578125,281.1607360839844,1408.4876708984375,1819.27099609375,839.222900390625,29797.8828125,3301.576171875,1633.678466796875,1119.824462890625,168.55393981933594,3050.08251953125,1495.7611083984375,3499.816162109375,3534.246826171875,12373.4384765625,448.1652526855469,247.6354522705078
2025-09-19,5351.7509765625,1868.289794921875,2522.8720703125,1030.699951171875,1421.807861328125,579.5811767578125,7787.08447265625,1135.024658203125,8846.9931640625,2065.53759765625,986.386474609375,167.0800018310547,1938.009765625,313.9758605957031,5970.072265625,1589.0869140625,1561.154052734375,374.0842895507813,2285.93701171875,525.8167724609375,6174.5380859375,768.05712890625,1313.3709716796875,6901.2314453125,197.2461395263672,176.1591033935547,1215.366943359375,2868.96240234375,1578.083251953125,1403.824462890625,951.168212890625,779.4220581054688,5227.70947265625,739.4425048828125,2514.064208984375,1390.4775390625,1852.9212646484373,8.399999618530273,743.1962890625,1484.845703125,141.03358459472656,391.5531921386719,1116.3876953125,405.49993896484375,3639.84814453125,3554.769775390625,716.8717651367188,15706.26171875,2915.633056640625,1182.4014892578125,74.27220916748047,333.28277587890625,225.7171936035156,5467.3310546875,278.34039306640625,1400.9227294921875,1839.143310546875,847.081298828125,29718.318359375,3309.636474609375,1641.0115966796875,1117.345458984375,168.0150604248047,3042.88134765625,1498.7513427734375,3455.8603515625,3517.106689453125,12257.798828125,448.1160888671875,246.6234436035156
2025-09-22,5278.8115234375,1871.2724609375,2628.324951171875,1152.1500244140625,1438.1390380859375,587.3924560546875,7719.75244140625,1143.51806640625,8928.841796875,2067.735595703125,1000.3506469726562,163.19000244140625,1931.88671875,310.02197265625,5957.28515625,1628.142333984375,1527.8662109375,374.27392578125,2292.683837890625,512.6578369140625,6067.4794921875,764.1560668945312,1293.198974609375,6874.01611328125,194.3360748291016,175.48025512695312,1208.7940673828125,2845.236572265625,1568.6591796875,1377.515869140625,948.5121459960938,785.0021362304688,5248.49267578125,741.830078125,2526.439697265625,1389.783447265625,1873.0789794921875,8.390000343322754,733.112548828125,1445.6083984375,140.84364318847656,388.0252990722656,1110.6207275390625,403.6431274414063,3609.2470703125,3547.54541015625,713.5867309570312,15658.73828125,2777.9248046875,1176.2642822265625,74.59247589111328,333.8240661621094,226.4610290527344,5233.9814453125,278.7779846191406,1384.199951171875,1855.12109375,840.1069946289062,29544.263671875,3227.639404296875,1629.1202392578125,1120.61767578125,167.9268798828125,2951.283935546875,1452.0660400390625,3446.19189453125,3513.320068359375,12396.9580078125,450.9192810058594,241.2742156982422
2025-09-23,5215.7158203125,1867.7926025390625,2675.203857421875,1131.449951171875,1435.5499267578125,588.68603515625,7664.8896484375,1169.8978271484375,8859.8134765625,2082.622802734375,1019.2345581054688,162.08999633789062,1914.604248046875,314.78570556640625,5836.7919921875,1621.949462890625,1512.9066162109375,373.6575317382813,2273.22607421875,505.7346496582031,6026.14990234375,749.9840087890625,1300.1549072265625,6918.05517578125,194.46563720703125,173.25949096679688,1169.553955078125,2804.762451171875,1559.7310791015625,1367.8536376953125,941.6260375976562,772.2974243164062,5191.4599609375,742.029052734375,2477.3291015625,1382.6436767578125,1881.419921875,8.720000267028809,754.0286865234375,1443.6802978515625,140.78665161132812,384.4496765136719,1131.8985595703125,408.8341674804688,3622.220458984375,3577.035888671875,702.7861328125,15936.9443359375,2694.365234375,1156.5657958984375,75.79589080810547,337.5638427734375,225.68858337402344,5203.6953125,280.6744689941406,1383.40380859375,1816.8743896484373,855.1851806640625,29628.802734375,3224.554443359375,1616.43603515625,1119.0311279296875,169.78848266601562,2940.33837890625,1419.7529296875,3427.951904296875,3500.46484375,12152.9384765625,449.6898193359375,240.59954833984372
2025-09-24,5155.27685546875,1850.194580078125,2618.629150390625,1095.25,1425.5919189453125,579.7802124023438,7624.48974609375,1158.0069580078125,8716.33203125,2067.435791015625,1023.4585571289062,158.47000122070312,1907.0986328125,314.7380676269531,5872.69384765625,1628.3421630859375,1523.705322265625,372.5196838378906,2267.45703125,508.48431396484375,5959.42529296875,724.5532836914062,1289.919677734375,6938.83740234375,192.92091369628903,170.59262084960938,1163.4716796875,2798.681396484375,1532.1533203125,1379.81201171875,935.5761108398438,767.5144653320312,5101.0771484375,737.2041625976562,2504.143798828125,1371.1405029296875,1865.2342529296875,8.59000015258789,739.5521240234375,1440.884521484375,139.39056396484375,382.3519592285156,1142.537353515625,405.5598449707031,3638.263916015625,3537.748291015625,704.3291015625,16087.43359375,2669.3359375,1166.66259765625,74.92243957519531,342.0909118652344,227.46234130859372,5155.03955078125,285.245361328125,1376.635009765625,1814.5775146484373,850.8631591796875,29489.560546875,3185.34716796875,1612.3731689453125,1130.5338134765625,169.1712188720703,2914.414306640625,1400.9437255859375,3407.120361328125,3440.972900390625,11969.6796875,441.0835571289063,235.7418670654297
2025-09-25,5119.2509765625,1840.947998046875,2575.24853515625,1079.550048828125,1401.2943115234375,576.5462036132812,7605.03857421875,1165.700927734375,8719.7841796875,2033.864501953125,1006.5624389648438,157.27000427246094,1911.542724609375,314.0711364746094,5855.97216796875,1590.98486328125,1495.6683349609375,372.1877746582031,2223.65283203125,497.1911926269531,5872.7822265625,712.1094970703125,1267.1640625,6913.6015625,192.67176818847656,169.14764404296875,1166.61083984375,2769.970947265625,1527.2923583984375,1362.113525390625,934.3955688476562,762.3329467773438,5175.9931640625,741.7803344726562,2493.142822265625,1364.29833984375,1868.6104736328125,8.680000305175781,739.5521240234375,1431.436767578125,138.8682098388672,381.4938354492188,1141.9407958984375,402.0059814453125,3609.14794921875,3493.31494140625,700.3970336914062,16107.234375,2646.449462890625,1161.6141357421875,74.12663269042969,335.1034545898437,228.5590362548828,5066.66455078125,276.5897827148437,1366.0838623046875,1807.2877197265625,845.902587890625,29355.291015625,3140.865966796875,1612.67041015625,1124.6832275390625,168.89688110351562,2839.523193359375,1393.1307373046875,3367.450439453125,3396.528076171875,11898.1396484375,454.0667114257813,233.2455596923828
2025-09-26,5092.37744140625,1813.904541015625,2542.563232421875,1047.4000244140625,1386.1580810546875,562.4161376953125,7491.322265625,1153.1107177734375,8581.2333984375,2001.4920654296875,979.0813598632812,155.02000427246094,1892.7789306640625,309.0216064453125,5823.51318359375,1568.1109619140625,1485.464111328125,369.0111083984375,2174.862060546875,490.759033203125,5666.134765625,707.1715087890625,1245.203369140625,6973.9697265625,191.1669158935547,166.82020568847656,1141.79150390625,2738.26953125,1495.349853515625,1334.8482666015625,929.6737060546876,761.6852416992188,5150.376953125,739.9896240234375,2467.1142578125,1348.233642578125,1880.7249755859373,8.020000457763672,711.597412109375,1396.8270263671875,137.74754333496094,386.2612915039063,1124.3419189453125,398.27239990234375,3693.425048828125,3361.202392578125,695.1709594726562,16124.0654296875,2573.40771484375,1150.8245849609375,72.77764129638672,332.5446472167969,226.98553466796875,4916.228515625,274.49884033203125,1371.2598876953125,1796.302978515625,841.7769165039062,28753.564453125,3081.1591796875,1572.3387451171875,1109.61083984375,164.01748657226562,2783.54736328125,1357.827392578125,3316.41796875,3402.507080078125,11828.5595703125,440.5917663574219,227.22164916992188
2025-09-29,5126.23876953125,1797.300537109375,2508.37841796875,1035.3499755859375,1377.39501953125,559.3811645507812,7425.486328125,1131.327392578125,8596.5185546875,2022.9737548828125,984.8956298828124,162.17999267578125,1878.557861328125,322.1217956542969,5831.87353515625,1589.885986328125,1474.1700439453125,368.205078125,2169.093017578125,483.9831848144531,5674.1015625,713.1959228515625,1226.8199462890625,6912.6123046875,189.43283081054688,171.15509033203125,1155.231201171875,2738.369140625,1493.1673583984375,1327.29052734375,934.8382568359376,753.9129028320312,5123.79296875,749.8880004882812,2453.461669921875,1336.829833984375,1890.158447265625,8.239999771118164,722.230224609375,1389.982177734375,141.8028564453125,388.3113098144531,1115.791015625,397.6335144042969,3652.722412109375,3382.577880859375,695.5194091796875,15825.068359375,2608.17578125,1140.826904296875,72.81645965576172,335.5463256835937,228.8546600341797,4836.29345703125,272.8941650390625,1366.48193359375,1786.2169189453125,855.3325805664062,29574.1015625,3090.015625,1574.9154052734375,1113.6763916015625,165.56556701660156,2780.666748046875,1360.720947265625,3390.076171875,3427.61962890625,11800.1396484375,444.8211059570313,230.97093200683597
2025-09-30,5102.12255859375,1814.2027587890625,2504.780029296875,1026.8499755859375,1397.60986328125,567.1427001953125,7390.5732421875,1130.7279052734375,8558.0595703125,2004.689453125,992.797119140625,162.2100067138672,1855.0537109375,323.5985412597656,5892.85791015625,1608.9642333984375,1489.327880859375,369.7697448730469,2173.004150390625,482.4610595703125,5666.134765625,704.1593017578125,1215.988525390625,6932.8994140625,192.2731170654297,170.96112060546875,1144.7344970703125,2748.338134765625,1489.9930419921875,1325.090087890625,935.5269165039062,753.7634887695312,5290.0595703125,757.9957275390625,2469.66796875,1336.730712890625,1876.554443359375,8.130000114440918,734.3605346679688,1389.982177734375,142.2587127685547,382.8763732910156,1136.1739501953125,397.8531494140625,3623.60693359375,3391.38525390625,694.225341796875,15869.62109375,2585.484130859375,1141.222900390625,74.09751892089844,335.05426025390625,228.3969268798828,4788.63134765625,272.5537414550781,1357.722412109375,1788.1142578125,857.0025024414062,29106.64453125,3113.898193359375,1579.8701171875,1119.824462890625,165.3598175048828,2773.2734375,1350.6895751953125,3355.988037109375,3426.72265625,11977.51953125,458.1485290527344,230.710693359375
2025-10-01,5117.5771484375,1817.4837646484373,2591.541259765625,1064.699951171875,1416.729248046875,568.2870483398438,7422.49365234375,1158.6064453125,8506.78125,2005.288818359375,981.66552734375,163.5399932861328,1844.387939453125,323.6462097167969,5868.75927734375,1603.4705810546875,1498.9376220703125,368.3947448730469,2175.44873046875,486.1435852050781,5686.55029296875,713.343994140625,1236.856201171875,6948.73388671875,193.1002960205078,169.28341674804688,1126.781982421875,2781.036376953125,1473.3271484375,1329.299560546875,949.5450439453124,761.2866821289062,5251.392578125,761.9749755859375,2491.080322265625,1360.530029296875,1890.257568359375,8.520000457763672,741.9483032226562,1393.83837890625,142.17324829101562,386.7380676269531,1139.5545654296875,411.9487915039063,3634.797607421875,3427.406982421875,698.5554809570312,15806.2568359375,2620.739013671875,1154.586181640625,73.91313171386719,334.857421875,231.77279663085935,4920.59765625,272.9427795410156,1362.4007568359375,1798.5997314453125,848.80029296875,29136.482421875,3106.236083984375,1621.3907470703125,1135.1944580078125,164.12527465820312,2798.045166015625,1365.8333740234375,3397.153076171875,3445.756103515625,11853.0595703125,457.2141418457031,232.3491973876953
2025-10-03,5102.31982421875,1838.46240234375,2588.742431640625,1070.300048828125,1413.1444091796875,573.3121948242188,7430.97265625,1180.08984375,8559.0458984375,1999.194091796875,983.7029418945312,165.9600067138672,1873.126220703125,325.40875244140625,5894.33349609375,1569.10986328125,1503.593994140625,363.5112915039063,2164.693115234375,487.2237854003906,5841.90966796875,720.158447265625,1240.23486328125,6869.06787109375,191.71502685546875,171.998779296875,1127.1744384765625,2782.73095703125,1476.2039794921875,1333.126220703125,949.4467163085938,756.5037231445312,5365.458984375,776.3002319335938,2499.625244140625,1353.786865234375,1898.20166015625,8.819999694824219,746.19140625,1394.609619140625,142.82855224609375,385.4985046386719,1155.0654296875,419.3759765625,3696.990234375,3426.021728515625,707.713623046875,15648.837890625,2665.4404296875,1158.05078125,74.82539367675781,336.57965087890625,232.36407470703125,5033.201171875,281.7442626953125,1357.125244140625,1782.6219482421875,851.9436645507812,29022.10546875,3148.627685546875,1616.43603515625,1127.95556640625,169.71011352539062,2786.2353515625,1350.9788818359375,3442.005859375,3444.06201171875,11778.580078125,463.2139587402344,232.262451171875
2025-10-06,5136.279296875,1822.852783203125,2572.349853515625,1059.4000244140625,1394.6224365234375,570.9737548828125,7642.94384765625,1211.865478515625,8669.984375,2031.4664306640625,1002.7360229492188,164.7899932861328,1879.4466552734373,327.36187744140625,5912.5302734375,1632.2376708984375,1499.0367431640625,362.1363220214844,2179.26220703125,484.4741821289063,5802.57177734375,726.1334228515625,1240.731689453125,6808.7001953125,193.00064086914065,171.28114318847656,1125.8011474609375,2798.681396484375,1485.727294921875,1356.2777099609375,957.6116333007812,760.3400268554688,5395.42578125,772.669189453125,2496.58056640625,1352.001953125,1912.3021240234373,8.470000267028809,738.1044921875,1422.9530029296875,147.0548095703125,382.1135864257813,1153.2757568359375,428.4602966308594,3700.8525390625,3435.917724609375,712.2926635742188,15838.9287109375,2719.39404296875,1169.7310791015625,73.81607055664062,333.7256164550781,234.46206665039065,5152.85498046875,279.0211181640625,1368.671875,1768.441650390625,858.5741577148438,29136.482421875,3235.79931640625,1639.723388671875,1132.5169677734375,166.62374877929688,2869.28759765625,1388.307861328125,3414.197021484375,3498.671142578125,11813.8603515625,463.0663757324219,233.3708648681641
2025-10-07,5137.755859375,1846.9134521484373,2541.063720703125,1060.699951171875,1393.6265869140625,567.1427001953125,7680.849609375,1185.885498046875,8780.4306640625,2030.8670654296875,1010.3392333984376,164.47000122070312,1905.0247802734373,325.7422180175781,5790.5615234375,1629.740478515625,1499.2349853515625,364.79144287109375,2181.80419921875,483.3939514160156,6079.43017578125,728.0098876953125,1240.63232421875,6884.90234375,198.49188232421875,174.4619903564453,1130.9024658203125,2799.279541015625,1490.2906494140625,1371.297607421875,966.514404296875,752.91650390625,5427.80859375,763.8153686523438,2472.418212890625,1364.3974609375,1892.640869140625,9.18000030517578,747.788818359375,1406.0819091796875,146.6084442138672,381.2077941894531,1150.1934814453125,424.6468811035156,3693.623046875,3456.50146484375,711.6954345703125,15947.8349609375,2744.130859375,1164.880859375,73.84518432617188,332.64306640625,233.94711303710935,5234.1796875,281.0634460449219,1378.4267578125,1781.623291015625,849.3897094726562,29370.2109375,3234.90380859375,1638.1378173828125,1110.6024169921875,167.966064453125,2855.173583984375,1387.9219970703125,3407.0205078125,3501.261962890625,11940.279296875,464.0991516113281,234.72021484375
2025-10-08,5048.18115234375,1854.867431640625,2522.971923828125,1045.0999755859375,1388.448486328125,563.5106811523438,7642.94384765625,1179.690185546875,8669.984375,2011.8831787109373,1016.89892578125,160.74000549316406,1919.3446044921875,328.7909851074219,5740.39697265625,1605.46826171875,1480.7086181640625,362.3259887695313,2168.31103515625,471.5116271972656,6095.36474609375,715.9118041992188,1226.7205810546875,6830.96728515625,201.920166015625,172.15394592285156,1109.22216796875,2769.572021484375,1491.4810791015625,1390.2396240234375,962.7762451171876,744.6459350585938,5328.72607421875,764.2133178710938,2455.62255859375,1358.8443603515625,1864.9364013671875,9.039999961853027,739.7518310546875,1441.2701416015625,145.8486785888672,381.16009521484375,1138.65966796875,422.83001708984375,3693.72216796875,3390.890625,707.5642700195312,15852.7900390625,2726.6982421875,1168.5433349609375,73.98106384277344,328.5096435546875,230.59982299804688,5226.63330078125,277.4650573730469,1361.1068115234375,1770.4388427734375,843.0538940429688,29126.53515625,3201.070068359375,1616.8323974609375,1110.80078125,168.46575927734375,2906.541259765625,1406.5382080078125,3553.9384765625,3470.868408203125,11751.140625,464.9352111816406,235.43344116210935
2025-10-09,5065.8994140625,1864.0145263671875,2541.263671875,1051.5,1389.742919921875,563.1126708984375,7675.8623046875,1166.5003662109375,8687.7353515625,2012.88232421875,1017.8430786132812,163.3000030517578,1917.86328125,327.7429504394531,5779.74169921875,1619.55224609375,1499.0367431640625,363.5112915039063,2159.51123046875,476.6672058105469,6106.8173828125,719.9609375,1238.2474365234375,6825.029296875,206.63406372070312,173.0558319091797,1107.3582763671875,2801.87158203125,1473.922607421875,1422.0970458984375,961.2022094726562,751.6708984375,5328.2421875,770.0826416015625,2472.811279296875,1364.69482421875,1869.504150390625,9.029999732971191,747.9385986328125,1455.0562744140625,147.44419860839844,381.3031005859375,1168.48828125,428.1807861328125,3732.740966796875,3407.1201171875,712.59130859375,15826.05859375,2733.905029296875,1175.7694091796875,76.4752426147461,330.5271301269531,232.1065826416016,5307.75927734375,278.2917175292969,1371.458984375,1807.2877197265625,846.835693359375,29325.455078125,3162.857666015625,1643.489013671875,1108.6192626953125,172.85523986816406,2939.666015625,1414.640625,3538.987548828125,3474.455810546875,11948.119140625,476.2463073730469,237.4863739013672
2025-10-10,5104.7802734375,1874.7523193359373,2549.759765625,1064.300048828125,1403.485107421875,566.4461669921875,7661.89697265625,1179.4903564453125,8822.3408203125,2002.5911865234373,1017.5946044921876,169.32000732421875,1915.789306640625,322.6934509277344,5775.3154296875,1612.3603515625,1547.2841796875,364.6017761230469,2178.2841796875,480.8898620605469,6447.91064453125,731.0220947265625,1256.43212890625,6892.8193359375,207.59078979492188,173.79286193847656,1108.33935546875,2802.270263671875,1483.94189453125,1430.7071533203125,964.9404296875,744.6459350585938,5316.642578125,769.9334716796875,2483.909912109375,1368.7607421875,1849.7437744140625,9.039999961853027,762.1156005859375,1460.4549560546875,146.36151123046875,384.0682678222656,1161.130615234375,429.2788696289063,3747.397705078125,3418.995361328125,711.04833984375,16103.2744140625,2710.531494140625,1187.350830078125,74.85450744628906,334.3161315917969,234.91981506347656,5320.072265625,281.2093505859375,1375.3409423828125,1807.8868408203125,865.0573120117188,29285.669921875,3132.00927734375,1655.7767333984375,1117.0479736328125,170.3469696044922,2907.59716796875,1405.5736083984375,3520.3486328125,3478.142822265625,12035.3388671875,474.2791442871094,239.70318603515625
2025-10-13,5066.88330078125,1859.341552734375,2526.270263671875,1051.300048828125,1431.7659912109375,563.95849609375,7651.921875,1188.6832275390625,8940.1826171875,2018.677490234375,1030.415771484375,168.47999572753906,1930.6029052734373,321.9788818359375,5765.97119140625,1645.32275390625,1549.0673828125,361.8044128417969,2171.8310546875,478.9749450683594,6529.076171875,732.0097045898438,1254.4447021484375,6840.36865234375,212.2947235107422,174.87899780273438,1089.7001953125,2789.310546875,1461.323974609375,1429.941650390625,961.1038818359376,743.8986206054688,5373.67578125,766.2029418945312,2448.452392578125,1367.8681640625,1820.5498046875,8.729999542236328,758.6712036132812,1439.5347900390625,147.4536895751953,380.683349609375,1154.7672119140625,429.6781921386719,3733.0380859375,3423.745361328125,710.1026611328125,16160.697265625,2678.393310546875,1176.0662841796875,74.87391662597656,336.2844543457031,232.7741241455078,5292.26904296875,278.2917175292969,1368.671875,1812.780029296875,867.3165893554688,29454.75,3062.451171875,1653.29931640625,1107.627685546875,169.5337371826172,2887.338134765625,1399.496826171875,3522.043212890625,3490.997802734375,11928.51953125,471.4267578125,236.2623291015625
2025-10-14,5039.322265625,1851.7852783203125,2515.875,1036.199951171875,1423.0028076171875,560.823974609375,7739.70263671875,1175.8931884765625,8976.17578125,2017.6783447265625,1012.92333984375,162.58999633789062,1922.406005859375,316.73883056640625,5705.478515625,1643.824462890625,1537.8724365234375,361.2355041503906,2153.44873046875,478.5821228027344,6534.0556640625,731.7134399414062,1229.5029296875,6815.62744140625,214.70648193359372,170.0689239501953,1080.478759765625,2767.1796875,1437.515869140625,1430.611328125,961.25146484375,740.9093017578125,5385.7587890625,756.1553344726562,2457.783447265625,1372.52880859375,1841.7998046875,8.359999656677246,749.1865844726562,1436.353515625,145.12686157226562,378.3472595214844,1141.244873046875,429.6182861328125,3708.081787109375,3423.844482421875,704.9761352539062,16099.3134765625,2673.621337890625,1163.593994140625,73.8840103149414,331.314453125,233.3463134765625,5300.4111328125,279.60467529296875,1369.5677490234375,1813.6787109375,861.4227905273438,29454.75,3092.10546875,1639.4261474609375,1109.51171875,167.0646514892578,2842.3076171875,1415.9910888671875,3525.83056640625,3492.791748046875,11828.5595703125,472.1644592285156,239.4333038330078
2025-10-15,5092.47607421875,1846.714599609375,2531.668212890625,1043.800048828125,1444.6116943359375,564.207275390625,7806.53662109375,1168.6986083984375,8873.1259765625,2082.3232421875,1053.4244384765625,163.1999969482422,1944.0338134765625,321.9312438964844,5761.544921875,1696.46435546875,1544.212890625,364.36468505859375,2177.599853515625,484.2777404785156,6546.00634765625,746.9224243164062,1224.6337890625,6823.544921875,215.5934600830078,172.0084686279297,1089.5040283203125,2808.05224609375,1452.4951171875,1430.8983154296875,962.3335571289062,758.4468383789062,5352.892578125,760.2838134765625,2474.186279296875,1386.7093505859375,2006.1397705078125,8.75,738.9031982421875,1421.41064453125,145.96263122558594,381.3031005859375,1154.170654296875,429.1790466308594,3791.665283203125,3460.855712890625,706.967041015625,16050.80078125,2709.265625,1209.029052734375,74.4468994140625,333.8732604980469,236.23585510253903,5684.3955078125,282.9599304199219,1367.97509765625,1838.044921875,870.4107666015625,29777.9921875,3103.350341796875,1640.1197509765625,1104.85107421875,169.739501953125,2862.064208984375,1407.309814453125,3537.392822265625,3562.447998046875,12064.7392578125,475.11517333984375,241.1585693359375
2025-10-16,5130.373046875,1849.3990478515625,2556.45703125,1060.300048828125,1473.2908935546875,566.8939819335938,7814.017578125,1195.378173828125,9024.4951171875,2088.41796875,1059.2386474609375,161.55999755859375,1942.947509765625,320.0257568359375,5926.79296875,1666.198974609375,1554.8134765625,367.5413513183594,2234.9951171875,491.7410583496094,6573.3935546875,760.1563110351562,1232.384521484375,6915.5810546875,213.76968383789065,173.75405883789062,1098.823486328125,2850.918701171875,1464.00244140625,1449.3623046875,978.1715698242188,740.2117309570312,5393.4921875,776.051513671875,2515.93017578125,1405.451416015625,1996.0111083984373,8.850000381469727,738.30419921875,1418.61474609375,145.94363403320312,386.3089904785156,1165.406005859375,440.3197937011719,3824.4453125,3523.794921875,722.396484375,16135.9462890625,2710.92138671875,1263.669921875,73.6413803100586,336.08758544921875,236.83663940429688,5800.474609375,283.8352355957031,1391.8646240234375,1833.151611328125,871.2457275390625,29847.61328125,3103.748291015625,1643.984375,1139.6566162109375,170.48414611816406,2862.931396484375,1411.9398193359375,3628.394287109375,3564.042724609375,12110.798828125,471.2300720214844,244.6283264160156
2025-10-17,5120.5302734375,1822.15673828125,2548.260498046875,1036.699951171875,1473.1912841796875,560.823974609375,7881.8486328125,1199.2750244140625,9023.509765625,2081.92333984375,1063.56201171875,160.97999572753906,1986.9931640625,319.9781494140625,5983.35107421875,1652.4146728515625,1562.937255859375,368.6792297363281,2244.283935546875,499.2043151855469,6594.30712890625,758.427978515625,1247.9857177734375,6969.51611328125,211.6569061279297,172.23153686523438,1110.693603515625,2827.391845703125,1479.576904296875,1433.1617431640625,986.2381591796876,743.30078125,5406.05859375,768.7894287109375,2557.37939453125,1424.5899658203125,1986.9749755859373,8.699999809265137,749.7855834960938,1389.307373046875,145.2218475341797,392.9834289550781,1156.6563720703125,440.3996887207031,3802.261962890625,3609.296875,731.803466796875,16237.921875,2623.368408203125,1276.439208984375,72.70000457763672,335.59552001953125,236.20724487304688,5715.27734375,281.7928771972656,1410.279541015625,1841.5400390625,873.4067993164062,29529.345703125,3105.9375,1663.902587890625,1156.2164306640625,168.7401123046875,2854.73974609375,1396.3138427734375,3662.78125,3641.272705078125,12122.55859375,466.2630004882813,232.1853485107422
2025-10-20,5149.568359375,1820.3670654296875,2546.96142578125,1034.0999755859375,1460.8433837890625,562.7146606445312,7990.078125,1225.05517578125,8997.8701171875,2137.9755859375,1074.3955078125,166.99000549316406,2026.0023193359373,321.74072265625,5970.56396484375,1671.39306640625,1623.8656005859375,370.3861083984375,2194.31982421875,495.47265625,6576.87890625,764.3536376953125,1273.9212646484375,6940.81689453125,226.30685424804688,173.0267333984375,1114.9119873046875,2845.13671875,1473.525634765625,1442.0335693359375,986.6316528320312,739.6138916015625,5452.94189453125,782.2691040039062,2548.244873046875,1378.6771240234375,1997.004150390625,8.9399995803833,758.5214233398438,1408.395751953125,146.11459350585938,393.8415832519531,1138.65966796875,441.9969177246094,3835.23974609375,3561.697021484375,724.0389404296875,16260.693359375,2675.763671875,1272.380859375,73.020263671875,336.5304870605469,237.2085723876953,5803.65234375,280.2854309082031,1460.04931640625,1837.1461181640625,891.431884765625,28723.728515625,3081.65673828125,1673.3165283203125,1166.529296875,168.47555541992188,2905.81689453125,1407.81494140625,3724.977294921875,3639.279541015625,12099.0390625,466.115478515625,232.5130615234375
2025-10-21,5157.93505859375,1838.2635498046875,2548.76025390625,1040.0,1467.3160400390625,564.7047729492188,7992.07373046875,1236.3465576171875,8991.4609375,2167.250732421875,1079.86181640625,165.99000549316406,2018.1016845703125,323.0268859863281,5975.48193359375,1668.396484375,1648.137939453125,370.8602294921875,2210.355224609375,497.2893981933594,6559.94873046875,762.1808471679688,1280.5789794921875,6945.76513671875,226.66563415527344,172.99765014648438,1112.26318359375,2861.78466796875,1472.236083984375,1432.96875,991.3043823242188,741.0587768554688,5458.2587890625,780.8764038085938,2545.5927734375,1370.4464111328125,1992.932861328125,9.0,757.2235717773438,1419.482421875,146.38052368164062,393.6509094238281,1145.91796875,438.6427001953125,3850.58984375,3583.567138671875,718.7630615234375,16232.9716796875,2669.141357421875,1274.26171875,73.37934875488281,336.57965087890625,236.61729431152344,5759.365234375,280.6744689941406,1458.4566650390625,1838.4443359375,891.775634765625,28793.349609375,3087.726806640625,1675.1993408203125,1164.7442626953125,169.28878784179688,2897.625244140625,1412.0059814453125,3716.803955078125,3645.557861328125,12095.119140625,467.8367309570313,232.6287078857422
2025-10-23,5100.35107421875,1845.0244140625,2544.662353515625,1044.699951171875,1447.001708984375,561.5702514648438,7948.681640625,1257.8299560546875,8921.4462890625,2174.744384765625,1087.465087890625,171.30999755859375,1982.9442138671875,315.64312744140625,5968.5966796875,1682.7799072265625,1629.809814453125,372.33001708984375,2236.070556640625,502.1994323730469,6538.537109375,764.69921875,1271.337646484375,6813.15380859375,227.08419799804688,174.63656616210938,1110.7918701171875,2855.703857421875,1484.437744140625,1469.5164794921875,992.386474609375,741.0089721679688,5402.1923828125,788.2877197265625,2555.31689453125,1352.2994384765625,1971.7135009765625,9.520000457763672,758.3716430664062,1473.566162109375,142.57211303710938,396.6067504882813,1131.6995849609375,444.3528442382813,3880.794921875,3585.9423828125,721.5005493164062,16230.0009765625,2726.11376953125,1259.9085693359375,72.0012435913086,337.2193603515625,240.6130523681641,5794.91357421875,281.69561767578125,1441.7340087890625,1850.1280517578125,895.41015625,28813.240234375,3134.4970703125,1674.6048583984375,1151.2584228515625,170.6409149169922,2961.713134765625,1426.3336181640625,3759.96240234375,3584.67041015625,11902.0595703125,475.3118896484375,235.4623565673828
2025-10-24,5099.85888671875,1839.4566650390625,2503.080810546875,1031.0999755859375,1423.0028076171875,552.266357421875,7818.00732421875,1240.9429931640625,8950.5361328125,2157.658935546875,1083.092041015625,170.0,2004.0782470703125,314.8333435058594,5953.84228515625,1731.624267578125,1569.674072265625,373.6575317382813,2189.626220703125,499.3025207519531,6565.92431640625,762.8721923828125,1275.5111083984375,6769.11474609375,226.62576293945312,175.54815673828125,1108.9278564453125,2832.47607421875,1482.94970703125,1469.419921875,978.5650634765624,732.33984375,5355.7919921875,820.17138671875,2471.632568359375,1366.182373046875,1986.35791015625,9.619999885559082,753.8290405273438,1470.57763671875,142.80955505371094,397.4172058105469,1134.88134765625,436.6461486816406,3867.128173828125,3587.32763671875,722.5457763671875,16112.1845703125,2745.299560546875,1269.0152587890625,72.0012435913086,334.2177124023437,243.1402130126953,5785.0830078125,280.5771789550781,1444.9193115234375,1837.24609375,888.4849853515625,28549.673828125,3136.785888671875,1683.6224365234375,1145.6063232421875,170.91525268554688,2952.07568359375,1416.8792724609375,3702.75,3587.261474609375,11679.6005859375,487.45904541015625,234.19009399414065
2025-10-27,5155.9658203125,1851.984130859375,2491.68603515625,1017.0999755859376,1414.6380615234375,557.490478515625,7825.98779296875,1253.133544921875,8969.2724609375,2168.349609375,1077.774658203125,172.0399932861328,2054.246826171875,326.79022216796875,5815.15234375,1730.4256591796875,1569.27783203125,376.17041015625,2167.235595703125,497.9277038574219,6463.34716796875,769.8347778320312,1276.206787109375,6834.92578125,233.2431488037109,174.7238311767578,1103.3360595703125,2914.819580078125,1480.668212890625,1478.7738037109375,986.6316528320312,734.6316528320312,5458.2587890625,836.4862670898438,2467.1142578125,1366.083251953125,1978.8863525390625,9.970000267028809,768.8047485351562,1472.633056640625,147.39671325683594,401.0881652832031,1144.02880859375,428.9794006347656,3885.845703125,3574.067138671875,720.3060302734375,16225.05078125,2813.277099609375,1270.005126953125,72.17593383789062,336.3336486816406,241.52854919433597,5836.8173828125,283.0571594238281,1477.2696533203125,1900.4581298828125,906.411865234375,28435.296875,3144.447998046875,1678.271240234375,1160.083740234375,173.09039306640625,2972.98828125,1425.7489013671875,3727.56884765625,3627.2216796875,11774.66015625,496.9505004882813,235.0864715576172
2025-10-28,5094.4453125,1849.99560546875,2493.28515625,1004.2000122070312,1411.949462890625,552.1668701171875,7860.90087890625,1245.339599609375,8931.7998046875,2138.375244140625,1066.1959228515625,175.6199951171875,2064.22119140625,324.5513000488281,5764.98779296875,1721.2362060546875,1553.5255126953125,371.1446838378906,2183.075439453125,494.3433532714844,6412.05859375,764.4523315429688,1281.274658203125,6929.9306640625,234.97723388671875,173.06553649902344,1094.3109130859375,2923.79150390625,1468.7640380859375,1467.7806396484375,987.2218627929688,744.3470458984375,5422.49169921875,844.5442504882812,2452.676025390625,1351.7044677734375,2011.363037109375,9.4399995803833,798.4567260742188,1468.4241943359375,146.7509002685547,398.466064453125,1177.4368896484375,431.4151916503906,3934.37158203125,3541.90478515625,716.772216796875,16148.81640625,2756.986083984375,1258.1265869140625,72.42826080322266,333.7748413085937,238.92510986328125,5785.97705078125,280.3340759277344,1480.056884765625,1934.1114501953125,913.779052734375,28430.322265625,3094.49365234375,1671.73095703125,1159.0921630859375,178.13632202148438,2946.968017578125,1410.7388916015625,3704.84326171875,3549.593017578125,11692.3408203125,494.1965026855469,233.61181640625
2025-10-29,5206.16748046875,1868.4886474609373,2536.265869140625,1112.5999755859375,1448.694580078125,568.933837890625,7838.955078125,1247.837646484375,8908.6259765625,2135.177978515625,1056.4556884765625,172.22999572753906,2074.4921875,331.64923095703125,5756.626953125,1708.4508056640625,1566.4046630859375,362.2311401367188,2217.29736328125,498.9096984863281,6485.2568359375,769.0447387695312,1243.0172119140625,6879.9541015625,234.11019897460935,179.0587158203125,1085.776123046875,2949.511474609375,1497.3338623046875,1501.7244873046875,991.451904296875,758.5962524414062,5366.42529296875,851.8063354492188,2443.836181640625,1358.9434814453125,2022.2218017578125,9.359999656677246,806.144287109375,1478.408203125,154.88999938964844,401.9940185546875,1201.0015869140625,429.3587341308594,3919.81396484375,3497.966064453125,718.5142211914062,15977.537109375,2799.54541015625,1260.1064453125,74.43719482421875,341.99249267578125,243.7886657714844,5849.72607421875,287.23907470703125,1497.277099609375,1967.6646728515625,923.11083984375,29051.94140625,3133.302978515625,1700.3695068359375,1167.2232666015625,181.44802856445312,2946.67919921875,1415.417236328125,3736.041015625,3486.712890625,11758.98046875,507.72064208984375,233.5154266357422
2025-10-30,5196.32373046875,1848.703125,2525.7705078125,1140.0999755859375,1451.7816162109375,565.1028442382812,7770.62548828125,1237.6455078125,8799.1669921875,2112.797119140625,1045.870849609375,170.5800018310547,2040.618408203125,340.70025634765625,5763.51220703125,1709.84912109375,1525.7857666015625,367.63616943359375,2205.173095703125,492.5266418457031,6627.66943359375,766.9213256835938,1194.6240234375,6817.60693359375,234.01052856445312,177.55557250976562,1091.9564208984375,2941.2373046875,1494.2586669921875,1494.4921875,981.9097900390624,743.9484252929688,5331.142578125,856.8798828125,2425.665283203125,1351.0103759765625,2006.4814453125,8.729999542236328,799.6548461914062,1462.1597900390625,155.2888946533203,399.2765197753906,1203.089599609375,426.7033081054688,3948.929443359375,3465.705078125,718.215576171875,16044.8603515625,2818.146484375,1266.9366455078125,73.65109252929688,339.67974853515625,242.73013305664065,5919.830078125,283.49481201171875,1481.6494140625,1965.66748046875,917.8064575195312,28584.486328125,3111.510009765625,1687.982666015625,1166.7275390625,180.62501525878903,2925.187744140625,1397.4833984375,3738.43310546875,3479.537841796875,11811.900390625,498.6225891113281,233.1684417724609
2025-10-31,5138.248046875,1870.676025390625,2479.89111328125,1140.0,1445.408447265625,562.6151733398438,7661.89697265625,1231.8499755859375,8769.08984375,2086.51953125,1036.428955078125,156.55999755859375,2028.9649658203125,339.93804931640625,5740.88916015625,1694.8663330078125,1487.346435546875,368.5370178222656,2193.146240234375,478.7785034179688,6710.32861328125,746.873046875,1190.0531005859375,6934.38427734375,235.80441284179688,177.2355499267578,1097.3519287109375,2882.719482421875,1481.957763671875,1486.48828125,971.2362670898438,729.2507934570312,5359.17578125,843.449951171875,2421.63818359375,1334.0533447265625,1986.15869140625,8.729999542236328,793.5147094726562,1450.9034423828125,157.5587158203125,400.8021545410156,1199.1124267578125,419.7153930664063,3991.909423828125,3450.959716796875,716.6726684570312,16025.0595703125,2692.222412109375,1258.7205810546875,73.55403900146484,331.6097106933594,243.53118896484372,5875.046875,280.23681640625,1479.5592041015625,1952.985107421875,920.4095458984376,28156.8125,3081.1591796875,1675.3974609375,1155.224853515625,179.1455078125,2947.064208984375,1388.321533203125,3734.446044921875,3496.478759765625,11708.0205078125,485.4426879882813,231.9636688232422
2025-11-03,5173.68408203125,1859.7392578125,2465.8974609375,1105.199951171875,1438.6368408203125,574.3569946289062,7805.0400390625,1232.749267578125,8798.673828125,2079.825439453125,1036.72705078125,157.60000610351562,2048.22265625,349.9418334960937,5725.15087890625,1716.54150390625,1497.45166015625,368.442138671875,2174.762939453125,494.2451477050781,6776.0576171875,767.5632934570312,1188.463134765625,6950.712890625,237.08004760742188,178.13743591308594,1156.212158203125,2890.89404296875,1485.3306884765625,1488.4168701171875,976.499267578125,733.3861083984375,5354.34228515625,842.8033447265625,2416.23583984375,1335.14404296875,2000.006103515625,9.539999961853027,795.6113891601562,1454.0355224609375,159.2967071533203,394.6997680664063,1188.17529296875,421.9714965820313,3941.9970703125,3512.018310546875,718.9124145507812,15495.37890625,2711.505615234375,1253.8702392578125,73.68020629882812,329.887451171875,245.6101226806641,5889.345703125,280.0909423828125,1477.866943359375,1966.8658447265625,932.8847045898438,27902.47265625,3112.20654296875,1690.9554443359375,1187.4521484375,178.9789581298828,2907.35888671875,1383.8380126953125,3712.31884765625,3498.2724609375,11710.9599609375,504.5732116699219,231.79983520507807
2025-11-04,5161.8720703125,1822.0572509765625,2418.718505859375,1086.4000244140625,1438.3382568359375,564.6052856445312,7791.07470703125,1225.6546630859375,8629.5537109375,2071.432373046875,1050.5421142578125,156.16000366210938,2087.0341796875,355.3248596191406,5795.9716796875,1743.910400390625,1489.327880859375,367.7117004394531,2165.27490234375,507.7477722167969,6776.5556640625,764.9954833984375,1192.43798828125,6858.18212890625,237.04019165039065,176.1300048828125,1141.301025390625,2873.0498046875,1474.517822265625,1474.53076171875,969.2196655273438,739.813232421875,5132.01025390625,827.0853271484375,2402.1904296875,1325.7235107421875,2032.2835693359373,9.40999984741211,788.9221801757812,1436.808349609375,160.7402801513672,389.8845825195313,1174.6529541015625,418.5973205566406,3886.439697265625,3543.98291015625,714.0347290039062,15221.1337890625,2694.365234375,1252.1873779296875,72.0788803100586,325.3603515625,240.6511993408203,5817.35498046875,271.38671875,1466.3203125,1968.76318359375,940.644775390625,27528.4453125,3104.345458984375,1674.7039794921875,1169.4049072265625,175.667236328125,2881.723876953125,1373.5064697265625,3801.027587890625,3461.0029296875,11582.5810546875,499.8028564453125,229.3131561279297
2025-11-06,5146.123046875,1821.8585205078125,2313.265869140625,1060.5,1430.7701416015625,555.649658203125,7762.6455078125,1227.55322265625,8599.4765625,2061.44091796875,1035.534423828125,152.92999267578125,2068.86279296875,350.5611572265625,5914.9892578125,1681.4815673828125,1487.5445556640625,363.4263610839844,2148.275390625,514.2781982421875,6855.23095703125,748.947021484375,1197.6051025390625,6735.9619140625,235.02706909179688,173.56980895996094,1124.2315673828125,2691.714599609375,1430.770263671875,1471.92724609375,968.6294555664062,733.4359130859375,5148.443359375,784.3084716796875,2392.662841796875,1309.3614501953125,1993.4310302734373,9.270000457763672,784.9286499023438,1435.6336669921875,159.90452575683594,388.5496826171875,1162.125,415.92193603515625,3844.053955078125,3580.895263671875,709.9036254882812,15298.357421875,2701.474365234375,1253.2762451171875,70.96281433105469,321.4729309082031,239.84060668945312,5800.970703125,262.7797546386719,1489.2144775390625,1968.064208984375,943.739013671875,27378.833984375,3068.421875,1670.6409912109375,1180.4117431640625,173.6880645751953,2901.6728515625,1377.7950439453125,3762.055419921875,3434.79443359375,11671.7607421875,496.6554565429688,231.36610412597656
2025-11-07,4937.93505859375,1829.911865234375,2368.341064453125,1059.800048828125,1442.221923828125,556.047607421875,7622.994140625,1221.857666015625,8600.462890625,2100.307861328125,1060.0833740234375,153.7100067138672,1976.327392578125,357.0773010253906,6056.63037109375,1701.958251953125,1491.7054443359375,366.2021179199219,2141.94970703125,512.0076293945312,6629.16357421875,750.0333862304688,1197.803955078125,6814.63818359375,236.4521942138672,175.0147705078125,1105.313720703125,2716.138671875,1436.920654296875,1458.4268798828125,966.317626953125,746.5890502929688,5119.443359375,786.298095703125,2389.693115234375,1331.7724609375,2012.558349609375,9.609999656677246,795.9608154296875,1445.5198974609375,160.65481567382812,385.2601318359375,1165.00830078125,416.940185546875,3844.945068359375,3651.85009765625,708.3606567382812,15325.08984375,2664.56396484375,1249.9107666015625,72.04976654052734,323.6564636230469,240.50816345214844,5740.39892578125,264.53033447265625,1471.19775390625,1996.1251220703125,938.92578125,27304.029296875,3018.566650390625,1676.0911865234375,1157.4063720703125,177.70521545410156,2883.265869140625,1351.5762939453125,3756.972412109375,3444.759521484375,11611.98046875,506.5895080566406,227.9348907470703
2025-11-10,4913.81884765625,1834.385986328125,2297.3310546875,1041.300048828125,1438.836181640625,553.3609008789062,7510.77392578125,1216.0621337890625,8650.2626953125,2116.493896484375,1078.3709716796875,152.5,1994.6962890625,355.1321716308594,6033.02392578125,1752.400634765625,1497.45166015625,371.4126892089844,2145.9033203125,508.8486022949219,6664.01953125,750.5765380859375,1191.1461181640625,6795.34033203125,237.6481170654297,176.0330352783203,1110.1417236328125,2754.319580078125,1446.047119140625,1485.52392578125,968.4818725585938,748.033935546875,5180.826171875,781.1251220703125,2384.54541015625,1336.730712890625,2017.73876953125,9.5,798.057373046875,1481.4425048828125,160.8732452392578,386.69036865234375,1172.56494140625,417.8186645507813,3880.596923828125,3625.8232421875,715.975830078125,15428.0556640625,2703.71435546875,1250.1087646484375,72.864990234375,323.0113525390625,239.7452392578125,5823.3125,265.2225646972656,1482.44580078125,1986.53857421875,934.3090209960938,27019.767578125,3039.464111328125,1682.433349609375,1133.1119384765625,177.81298828125,2915.4541015625,1362.395263671875,3790.56201171875,3478.64111328125,11493.4013671875,511.0647583007813,231.1636962890625
2025-11-11,4900.5302734375,1834.684326171875,2293.5517578125,1044.199951171875,1468.2122802734375,554.8037719726562,7482.3447265625,1221.557861328125,8771.5556640625,1987.703857421875,999.05859375,150.94000244140625,2016.9166259765625,363.88525390625,5853.021484375,1739.8150634765625,1500.820068359375,372.8249206542969,2156.67626953125,513.2909545898438,6512.64404296875,755.761474609375,1203.865478515625,6801.77294921875,235.08685302734372,176.8282470703125,1121.6697998046875,2767.1796875,1432.059814453125,1513.9710693359375,975.564697265625,761.1870727539062,5236.892578125,789.6307373046875,2403.05712890625,1346.944580078125,1988.549560546875,10.239999771118164,824.7640991210938,1497.88671875,163.7698974609375,387.929931640625,1184.6951904296875,416.6606750488281,3916.74365234375,3710.13818359375,709.7542724609375,15489.4384765625,2704.98046875,1255.2559814453125,73.55403900146484,324.20233154296875,237.88563537597656,5988.6435546875,264.6786499023437,1486.5269775390625,1994.5274658203125,936.4209594726562,26964.91015625,3007.222412109375,1700.567626953125,1146.4986572265625,177.3818817138672,2936.46337890625,1372.3369140625,3799.93115234375,3462.098876953125,11588.4609375,515.2449340820312,232.94677734375
2025-11-12,4846.8837890625,1842.2406005859373,2407.609130859375,1070.800048828125,1500.575927734375,559.7791748046875,7479.35205078125,1220.6585693359375,8744.9296875,2033.7645263671875,1007.0097045898438,155.85000610351562,2048.025146484375,365.1495971679688,5783.67626953125,1716.84130859375,1505.17919921875,376.4284973144531,2152.031005859375,515.61083984375,6493.22412109375,751.76171875,1221.8514404296875,6807.71044921875,238.12648010253903,176.93492126464844,1119.20654296875,2758.805419921875,1446.3447265625,1537.1146240234375,973.4005126953124,780.3187866210938,5349.50927734375,790.27734375,2400.08740234375,1347.53955078125,2020.9266357421875,10.369999885559082,863.002197265625,1518.8333740234375,163.63693237304688,388.0729370117188,1175.0506591796875,416.1814880371094,3916.34765625,3715.283935546875,717.6680908203125,15539.931640625,2752.01953125,1265.253662109375,74.90303039550781,324.6986083984375,242.0816650390625,6091.4169921875,264.134765625,1504.5435791015625,1993.9281005859373,940.2028198242188,27024.75390625,3041.6533203125,1716.4228515625,1152.25,175.00099182128906,3018.18701171875,1419.218505859375,3838.5048828125,3442.467529296875,11682.5400390625,512.04833984375,236.3490753173828
2025-11-13,4836.05615234375,1834.1871337890625,2411.194580078125,1076.800048828125,1492.7091064453125,556.5949096679688,7421.9951171875,1224.2557373046875,8744.4365234375,2054.44677734375,999.2573852539062,154.1300048828125,2065.801513671875,364.663330078125,5755.64306640625,1708.6505126953125,1511.6187744140625,373.2145080566406,2148.670654296875,515.5121459960938,6566.421875,755.3170166015625,1227.1180419921875,6783.95947265625,234.98719787597656,178.1180419921875,1116.7432861328125,2769.17333984375,1454.3798828125,1541.4541015625,970.596923828125,779.4220581054688,5324.85888671875,807.7362670898438,2383.357666015625,1374.3138427734375,2026.1070556640625,10.470000267028809,862.0537719726562,1509.14306640625,163.77940368652344,386.83343505859375,1177.138671875,414.32470703125,3963.7841796875,3661.053466796875,718.7133178710938,15592.404296875,2748.318603515625,1262.2841796875,75.1068344116211,324.5001220703125,239.2207489013672,6093.89892578125,266.854248046875,1503.9464111328125,1985.140380859375,937.1085815429688,26925.013671875,3051.10693359375,1721.6748046875,1145.1104736328125,173.08058166503906,2993.033935546875,1414.6375732421875,3826.6435546875,3438.581298828125,11695.2802734375,520.9005126953125,236.45509338378903
2025-11-14,4874.9375,1829.7130126953125,2438.909423828125,1068.800048828125,1506.3515625,560.4259643554688,7402.04443359375,1240.6431884765625,8720.27734375,2064.038818359375,1012.27734375,154.58999633789062,2074.5908203125,360.9675598144531,5708.4296875,1712.6458740234375,1517.860107421875,376.8667907714844,2147.3857421875,518.2763061523438,6484.7587890625,755.3663940429688,1238.1480712890625,6625.61767578125,235.45559692382807,177.86590576171875,1129.650634765625,2774.755859375,1457.653564453125,1537.693359375,973.4988403320312,770.9522094726562,5353.859375,799.4793701171875,2403.255126953125,1361.521728515625,1997.5155029296875,10.9399995803833,846.8782958984375,1470.9691162109375,162.63973999023438,389.1694641113281,1161.130615234375,415.22314453125,3965.665771484375,3660.162841796875,735.3373413085938,15528.05078125,2699.7216796875,1258.7205810546875,74.2916259765625,325.9888610839844,241.9075164794922,6058.15185546875,268.2881164550781,1511.9095458984375,1998.1224365234373,950.7133178710938,26630.779296875,3069.118408203125,1741.196533203125,1148.0853271484375,170.73887634277344,2993.322998046875,1402.74658203125,3816.67626953125,3374.704345703125,11636.48046875,516.7203369140625,235.52981567382807
2025-11-17,4962.5439453125,1836.076171875,2460.899658203125,1088.5999755859375,1501.27294921875,557.5402221679688,7468.87841796875,1248.636962890625,8821.3544921875,2077.8271484375,1020.5266723632812,154.77999877929688,2085.94775390625,363.9825134277344,5734.9873046875,1697.7628173828125,1521.32763671875,377.7433471679688,2161.1240234375,517.535888671875,6491.72998046875,758.97119140625,1236.5582275390625,6728.53955078125,238.24606323242188,179.6987762451172,1135.365478515625,2781.634521484375,1468.565673828125,1549.072265625,980.3357543945312,767.5144653320312,5605.19091796875,802.961181640625,2400.582275390625,1367.4715576171875,2035.172607421875,10.93000030517578,852.6689453125,1475.66748046875,164.41571044921875,388.1683044433594,1168.78662109375,419.8551330566406,3988.740478515625,3696.08544921875,757.2371826171875,15720.1220703125,2618.4990234375,1257.433837890625,74.28191375732422,327.72576904296875,242.34716796875,6073.54296875,270.5131530761719,1511.3123779296875,1993.2291259765625,956.1159057617188,26610.830078125,3216.792724609375,1747.9349365234375,1169.00830078125,169.67091369628906,2989.660888671875,1416.002197265625,3855.947509765625,3463.294677734375,11542.4013671875,512.2450561523438,235.22140502929688
2025-11-18,5000.9326171875,1828.1221923828125,2435.7109375,1077.5999755859375,1488.725830078125,555.0525512695312,7367.1318359375,1264.4249267578125,8797.1943359375,2048.451904296875,1007.4072265625,153.16000366210938,2122.488037109375,361.64837646484375,5744.33154296875,1693.367919921875,1500.4237060546875,373.9449768066406,2155.29248046875,514.179443359375,6446.9150390625,741.0462036132812,1235.9620361328125,6743.87890625,243.6775054931641,178.7386932373047,1125.3154296875,2753.42236328125,1456.2647705078125,1538.2718505859375,976.302490234375,759.094482421875,5606.15771484375,793.0130615234375,2379.793701171875,1361.9183349609375,2018.1373291015625,10.739999771118164,846.5787963867188,1454.91650390625,162.96263122558594,386.9764404296875,1156.3580322265625,417.8985290527344,3960.912353515625,3656.40234375,753.0065307617188,15771.60546875,2589.087646484375,1252.2864990234375,73.4861068725586,325.9888610839844,241.2724609375,6036.802734375,271.15594482421875,1512.4072265625,1990.532958984375,955.2318725585938,26351.50390625,3233.610107421875,1742.8812255859375,1144.416259765625,168.9654541015625,2975.10888671875,1385.9822998046875,3866.5126953125,3467.779052734375,11472.8212890625,502.3110046386719,232.1853485107422
2025-11-19,5003.3935546875,1826.3326416015625,2432.0126953125,1069.9000244140625,1477.9710693359375,552.5648803710938,7440.44921875,1269.4210205078125,8761.201171875,2048.451904296875,999.4561157226562,152.8800048828125,2132.956298828125,355.6184387207031,5778.2666015625,1676.1876220703125,1512.6094970703125,369.1726379394531,2157.9609375,510.9216918945313,6427.4951171875,734.4293212890625,1242.321533203125,6825.029296875,245.182373046875,178.48655700683594,1123.147705078125,2736.176025390625,1428.885498046875,1603.2664794921875,978.41748046875,758.3969116210938,5680.5908203125,786.8452758789062,2417.015380859375,1371.5372314453125,2033.97705078125,10.6899995803833,838.2423095703125,1508.4578857421875,160.81626892089844,384.7833862304688,1158.2471923828125,420.4541015625,3980.718994140625,3683.814453125,744.7443237304688,15611.2158203125,2642.84619140625,1266.045654296875,73.03968048095703,324.1527404785156,243.27532958984372,6271.64208984375,272.09539794921875,1511.9095458984375,2002.0169677734373,965.3494873046876,26441.271484375,3195.7958984375,1767.9521484375,1152.3492431640625,169.71011352539062,3033.510009765625,1397.580810546875,3920.236572265625,3465.586669921875,11432.6416015625,503.3929138183594,237.16831970214844
2025-11-20,5066.3916015625,1840.7491455078125,2445.0068359375,1060.0,1484.8421630859375,553.0126342773438,7404.53857421875,1284.2095947265625,8854.8828125,2093.8134765625,1022.3156127929688,151.22000122070312,2131.474853515625,355.034912109375,5723.67578125,1701.2589111328125,1514.987060546875,369.7569885253906,2154.30419921875,518.3256225585938,6435.9599609375,731.910888671875,1240.731689453125,7051.65625,244.0960693359375,178.7386932373047,1110.73291015625,2740.064208984375,1436.920654296875,1586.6805419921875,992.4356689453124,759.4930419921875,5799.490234375,795.6492919921875,2403.947998046875,1371.4381103515625,2029.892578125,10.170000076293944,828.058837890625,1503.955322265625,160.21795654296875,386.5950317382813,1163.3179931640625,419.0165710449219,3998.3466796875,3678.07470703125,732.7989501953125,15643.8876953125,2668.84912109375,1266.2435302734375,72.26327514648438,324.1527404785156,242.34716796875,6305.8994140625,274.1226501464844,1541.9705810546875,2024.2860107421875,964.1707153320312,26411.349609375,3200.572509765625,1761.3128662109375,1164.0501708984375,168.9752655029297,3030.715576171875,1419.12109375,3889.636962890625,3474.25634765625,11517.9013671875,501.3765869140625,237.3514404296875
2025-11-21,5012.25244140625,1819.5716552734373,2421.217529296875,1030.5,1473.5897216796875,544.85302734375,7372.61767578125,1274.81689453125,8768.5966796875,2050.650146484375,997.9652709960938,149.11000061035156,2135.820068359375,354.5486145019531,5717.77392578125,1657.8084716796875,1497.7489013671875,368.34478759765625,2155.19384765625,509.0460510253906,6346.82763671875,716.356201171875,1236.061279296875,7060.56298828125,244.2256317138672,177.45860290527344,1108.6636962890625,2726.306884765625,1429.579833984375,1550.6151123046875,981.8114013671876,761.2866821289062,5802.39013671875,773.6640014648438,2409.19482421875,1358.0509033203125,1996.519287109375,9.970000267028809,845.1810302734375,1512.2752685546875,158.93580627441406,388.8834228515625,1133.7877197265625,416.84033203125,3985.967529296875,3710.6328125,736.5318603515625,15818.1376953125,2675.374267578125,1267.7283935546875,71.34130859375,324.20233154296875,241.2724609375,6252.27880859375,274.5181884765625,1539.4820556640625,2019.6923828125,955.3792114257812,26411.349609375,3157.981689453125,1763.5919189453125,1173.1729736328125,164.60537719726562,3036.30517578125,1424.4818115234375,3891.430908203125,3429.911376953125,11494.380859375,488.2458801269531,235.6454925537109
2025-11-24,4977.80078125,1902.690673828125,2398.127685546875,1009.4000244140624,1479.6640625,541.9175415039062,7336.20849609375,1268.0220947265625,8882.494140625,2029.068603515625,987.927001953125,149.91000366210938,2125.35205078125,349.7830505371094,5720.23291015625,1649.817626953125,1490.0213623046875,362.8420104980469,2131.572265625,505.8376770019531,6332.88525390625,708.8010864257812,1218.4727783203125,7183.27783203125,247.32504272460935,175.61602783203125,1095.066650390625,2680.35009765625,1413.2117919921875,1552.929443359375,982.8934936523438,758.9450073242188,5782.57373046875,770.6298828125,2399.790283203125,1356.960205078125,1989.9443359375,9.979999542236328,834.6980590820312,1515.2117919921875,157.3592987060547,384.7833862304688,1099.68359375,416.7405090332031,3974.47998046875,3652.44384765625,732.599853515625,15799.326171875,2693.09912109375,1256.3448486328125,70.3999252319336,321.0263366699219,240.1000518798828,6329.73095703125,272.7381591796875,1528.831298828125,2012.003173828125,953.4146118164062,26421.322265625,3148.428466796875,1764.68212890625,1176.0487060546875,162.0187225341797,3027.24609375,1456.8408203125,3861.62890625,3429.512939453125,11352.28125,487.0164184570313,238.32492065429688
2025-11-25,4991.08935546875,1858.3472900390625,2331.857177734375,1011.5999755859376,1477.6724853515625,543.161376953125,7312.2685546875,1265.32421875,8922.431640625,2028.468994140625,980.1746826171876,149.6300048828125,2134.73388671875,346.0873107910156,5770.88916015625,1683.479248046875,1493.48876953125,360.40716552734375,2142.444091796875,507.8120727539063,6385.66748046875,712.3563842773438,1228.3104248046875,7143.6923828125,255.1184234619141,174.77232360839844,1127.6800537109375,2678.4560546875,1408.0533447265625,1543.9613037109375,973.6956176757812,763.8275756835938,5878.75634765625,785.2535400390625,2389.792236328125,1346.4488525390625,1991.4385986328125,10.050000190734863,838.5418701171875,1498.1802978515625,155.8682098388672,382.1612548828125,1105.6492919921875,413.26654052734375,3958.040283203125,3631.167236328125,728.020751953125,15731.0126953125,2724.166015625,1250.4056396484375,70.5551986694336,321.27447509765625,239.70925903320312,6325.75927734375,270.4142761230469,1532.61376953125,2028.1805419921875,966.1844482421876,26386.4140625,3165.544677734375,1760.71826171875,1167.8182373046875,162.9691162109375,3006.044189453125,1456.8408203125,3842.49169921875,3435.791015625,11348.361328125,496.3603515625,236.7538909912109
2025-11-26,5116.10009765625,1873.65869140625,2313.96533203125,1034.4000244140625,1499.8787841796875,547.2909545898438,7374.61328125,1289.2056884765625,9036.822265625,2083.322265625,1004.5249633789062,151.17999267578125,2100.366455078125,357.5635681152344,5784.16845703125,1710.947998046875,1509.6373291015625,367.5169372558594,2159.54248046875,510.5762023925781,6483.26513671875,721.6892700195312,1240.135498046875,7123.8994140625,255.4971160888672,179.56300354003906,1137.2374267578125,2735.478271484375,1428.290283203125,1560.161865234375,987.5662231445312,784.7529907226562,5931.92333984375,796.6441040039062,2400.7802734375,1363.5050048828125,2002.6959228515625,10.079999923706056,849.3243408203125,1524.902099609375,157.26431274414062,383.5915222167969,1147.80712890625,420.0348510742188,4022.708740234375,3648.089599609375,730.7582397460938,15995.357421875,2727.087646484375,1263.867919921875,72.09829711914062,323.6564636230469,242.00521850585935,6369.94677734375,271.9964904785156,1562.6748046875,2026.283203125,966.4791870117188,26865.169921875,3302.5712890625,1788.56396484375,1175.3546142578125,166.2416229248047,3048.158935546875,1481.889892578125,3884.9521484375,3526.274658203125,11523.78125,507.8189697265625,241.1392822265625
2025-11-27,5158.42724609375,1859.44091796875,2253.9921875,1031.0999755859375,1502.7666015625,545.9973754882812,7304.28857421875,1286.3079833984375,8897.2861328125,2101.40673828125,1027.48388671875,149.63999938964844,2089.3056640625,354.69451904296875,5731.052734375,1722.634521484375,1511.0242919921875,368.19866943359375,2146.002197265625,512.501220703125,6463.84521484375,716.4055786132812,1241.4273681640625,6926.466796875,254.00222778320312,178.24411010742188,1127.778564453125,2731.49072265625,1423.1317138671875,1570.86572265625,993.0750732421876,775.0376586914062,5945.939453125,803.3590698242188,2427.013427734375,1380.5611572265625,1973.207763671875,10.109999656677246,856.0634765625,1533.2220458984375,155.5738067626953,385.4985046386719,1153.9716796875,421.3126220703125,4041.822021484375,3642.943603515625,724.0887451171875,15744.873046875,2718.614990234375,1253.5733642578125,72.0206527709961,324.8970947265625,238.39028930664065,6386.8271484375,270.6614990234375,1556.2047119140625,2001.7174072265625,955.624755859375,26685.63671875,3295.904052734375,1793.9150390625,1167.8182373046875,164.73275756835938,3022.81298828125,1471.5584716796875,3890.533935546875,3505.746337890625,11384.62109375,510.5729675292969,240.53207397460935
2025-11-28,5093.95263671875,1839.9537353515625,2279.180908203125,1048.199951171875,1510.533935546875,547.489990234375,7317.25634765625,1278.7137451171875,8947.578125,2092.214599609375,1031.1612548828125,150.36000061035156,2075.479736328125,349.2481689453125,5750.2333984375,1734.021484375,1517.067626953125,366.3482055664063,2143.333740234375,510.7736511230469,6450.400390625,714.6278686523438,1250.867431640625,6980.40234375,257.0418701171875,170.7671661376953,1128.763916015625,2730.892578125,1430.37353515625,1566.2369384765625,991.2059936523438,761.5855712890625,5968.65625,804.2047119140625,2441.763671875,1377.189697265625,1963.04638671875,9.960000038146973,857.16162109375,1527.055419921875,153.6173858642578,385.4508361816406,1153.6734619140625,424.1477355957031,4030.2353515625,3718.252685546875,714.13427734375,15741.9033203125,2737.995361328125,1248.326904296875,71.73920440673828,324.0038452148437,237.65753173828125,6308.38232421875,266.953125,1560.285888671875,1963.2708740234373,961.6658935546876,26331.556640625,3280.877685546875,1815.022216796875,1162.5628662109375,164.56619262695312,3023.68017578125,1478.868408203125,3894.919677734375,3519.199462890625,11367.9619140625,517.3596801757812,240.50315856933597
2025-12-01,5108.2255859375,1839.8543701171875,2260.989013671875,1039.5999755859375,1524.076904296875,540.6737060546875,7269.37548828125,1274.7169189453125,8969.765625,2080.025146484375,1014.8613891601562,150.0500030517578,2063.7275390625,344.2880859375,5718.265625,1722.9342041015625,1508.9437255859375,369.7569885253906,2127.81640625,508.6511535644531,6396.12451171875,703.66552734375,1252.1591796875,7051.65625,255.72634887695312,170.10772705078125,1112.802001953125,2723.01708984375,1423.8262939453125,1584.2696533203125,985.7954711914062,764.0269165039062,6085.62255859375,806.5922241210938,2439.6845703125,1378.478759765625,1983.867431640625,9.93000030517578,845.7800903320312,1530.872802734375,154.7760467529297,385.4508361816406,1161.7271728515625,428.77972412109375,4033.80029296875,3702.716064453125,715.67724609375,15936.9443359375,2758.349609375,1247.83203125,73.16584014892578,324.64898681640625,239.20120239257807,6361.009765625,266.65643310546875,1558.892333984375,1968.863037109375,955.870361328125,26346.517578125,3294.01318359375,1791.0413818359375,1154.0350341796875,165.22265625,3019.72900390625,1490.7593994140625,3882.161376953125,3649.045654296875,11428.7216796875,524.5397338867188,241.2260284423828
2025-12-02,5101.82763671875,1841.246337890625,2238.59912109375,1022.5999755859376,1511.7288818359375,540.325439453125,7223.98828125,1257.030517578125,8959.4111328125,2064.138427734375,1019.2345581054688,149.77999877929688,2077.849853515625,348.9077453613281,5779.25,1709.6494140625,1502.504150390625,369.07525634765625,2133.0546875,501.4446716308594,6391.14501953125,703.3692626953125,1267.1640625,7038.79052734375,257.570068359375,169.71011352539062,1115.4622802734375,2726.50634765625,1411.1285400390625,1577.1336669921875,973.6956176757812,756.304443359375,6061.4560546875,802.6627197265625,2452.850830078125,1361.521728515625,1979.18505859375,10.130000114440918,848.9249877929688,1527.9364013671875,154.17770385742188,382.3043212890625,1155.36376953125,427.7415466308594,3991.513427734375,3677.876708984375,714.08447265625,16077.5322265625,2763.998291015625,1246.1492919921875,73.84518432617188,326.13775634765625,237.94085693359372,6348.59765625,264.4808959960937,1539.1834716796875,1978.749267578125,950.1730346679688,26476.1796875,3344.56494140625,1783.2127685546875,1152.4483642578125,164.3898162841797,3021.945556640625,1497.7769775390625,3873.09130859375,3657.91455078125,11432.6416015625,529.5559692382812,241.12001037597656
2025-12-03,5027.017578125,1829.613525390625,2188.8212890625,1012.5999755859376,1491.4144287109375,532.713134765625,7166.1328125,1269.720703125,8875.5908203125,2044.255615234375,1015.1596069335938,146.77999877929688,2060.073486328125,348.5673522949219,5729.08544921875,1666.998046875,1493.984130859375,365.4716491699219,2077.41064453125,499.5196228027344,6428.49072265625,699.2213134765625,1272.62939453125,7008.11181640625,257.3707275390625,165.1230926513672,1104.229736328125,2711.85205078125,1409.24365234375,1581.955322265625,984.2214965820312,749.2794799804688,6004.4228515625,812.0636596679688,2423.350830078125,1379.8670654296875,1964.9393310546875,10.550000190734863,845.530517578125,1545.261474609375,155.8587188720703,381.875244140625,1137.0687255859375,428.4802551269531,3949.424560546875,3611.473876953125,707.4150390625,15922.09375,2786.30029296875,1229.3214111328125,73.8063735961914,320.53009033203125,234.5017852783203,6286.53662109375,265.46978759765625,1531.718017578125,1970.0614013671875,934.2107543945312,26231.81640625,3313.61669921875,1790.34765625,1130.4346923828125,163.5471954345703,3064.638427734375,1502.650390625,3805.313720703125,3619.150146484375,11359.1416015625,524.0479736328125,245.47650146484372
2025-12-04,5091.4921875,1804.75732421875,2216.90869140625,1013.4000244140624,1499.2813720703125,534.2555541992188,7183.0908203125,1279.0135498046875,8958.9189453125,2047.452880859375,1022.8125,146.1199951171875,2077.65234375,346.23321533203125,5780.23388671875,1673.7901611328125,1506.86328125,369.1726379394531,2113.18896484375,501.5927429199219,6442.43359375,700.5545654296875,1269.5489501953125,7026.42041015625,257.76934814453125,165.4722137451172,1115.9549560546875,2721.92041015625,1422.0406494140625,1595.552001953125,980.9752197265624,758.0980224609375,6128.63916015625,806.5922241210938,2437.40771484375,1375.1070556640625,1975.4991455078125,10.68000030517578,861.6044921875,1563.7611083984375,154.57659912109375,384.3066101074219,1144.02880859375,426.3439331054688,3945.067138671875,3633.443359375,711.3967895507812,15834.96875,2832.462646484375,1229.81640625,73.72872924804688,320.53009033203125,236.6609649658203,6406.68701171875,266.1125793457031,1528.53271484375,2000.11962890625,931.31298828125,26381.42578125,3346.057373046875,1801.8426513671875,1138.76416015625,163.40023803710938,3112.053466796875,1522.7286376953125,3787.970458984375,3633.698974609375,11375.8017578125,520.94970703125,247.6354522705078
2025-12-05,5092.47607421875,1787.8551025390625,2264.387451171875,1017.7000122070312,1503.0654296875,531.1707763671875,7171.619140625,1281.51171875,8982.5849609375,2094.712646484375,1041.5970458984375,140.0800018310547,2082.590087890625,350.41522216796875,5863.349609375,1728.427978515625,1506.665283203125,370.0491943359375,2139.182373046875,503.5671081542969,6446.9150390625,710.8256225585938,1267.1640625,7133.30126953125,258.3175048828125,164.84185791015625,1119.3050537109375,2738.468994140625,1425.0166015625,1622.9385986328125,986.9759521484376,765.5714111328125,6138.78857421875,818.9776000976562,2315.052490234375,1380.858642578125,1966.9317626953125,10.800000190734863,868.6929321289062,1581.9671630859375,155.4313507080078,386.1182861328125,1155.5625,430.23724365234375,3999.138916015625,3678.470703125,733.296630859375,16120.10546875,2876.482666015625,1234.2708740234375,74.20427703857422,320.87744140625,235.6839599609375,6474.70556640625,266.8047790527344,1533.5096435546875,2020.890625,954.2987060546876,26007.3984375,3309.636474609375,1788.96044921875,1153.142578125,163.7333526611328,3120.72705078125,1531.0133056640625,3800.828369140625,3652.6328125,11365.021484375,515.88427734375,250.50765991210935
2025-12-08,4978.29296875,1785.6678466796875,2215.20947265625,993.7999877929688,1474.2867431640625,526.3446655273438,7078.3515625,1272.8184814453125,8900.7373046875,2057.4443359375,1020.1290893554688,135.47000122070312,2060.27099609375,347.7406616210937,5751.708984375,1722.434814453125,1483.6807861328125,367.5169372558594,2121.39208984375,497.9894714355469,6302.51025390625,678.9261474609375,1258.5189208984375,7067.98486328125,256.5734558105469,161.76768493652344,1105.1165771484375,2735.677734375,1396.0501708984375,1628.338623046875,986.7791748046876,761.3364868164062,5961.40625,815.1973266601562,2290.699951171875,1377.98291015625,1953.6820068359373,10.289999961853027,840.0394287109375,1576.681640625,153.9497833251953,383.5915222167969,1112.708740234375,425.5852661132813,3958.040283203125,3643.4384765625,725.9801025390625,16026.0498046875,2821.165771484375,1202.4959716796875,72.45738220214844,317.1059265136719,233.0362701416016,6302.42431640625,262.255859375,1535.898681640625,2017.894775390625,939.466064453125,26067.244140625,3188.531494140625,1779.942626953125,1136.18603515625,160.1669158935547,3119.088623046875,1551.4814453125,3754.6796875,3600.116455078125,11309.162109375,502.8519592285156,251.9244842529297
2025-12-09,5036.861328125,1774.731201171875,2244.196533203125,998.9000244140624,1490.91650390625,530.4244384765625,7073.3642578125,1274.916748046875,8836.6396484375,2067.735595703125,1010.4883422851562,141.0,2063.7275390625,345.30926513671875,5787.61083984375,1729.22705078125,1476.745849609375,369.4648132324219,2133.74658203125,497.1503601074219,6268.15185546875,681.493896484375,1238.3468017578125,7049.18212890625,259.9618835449219,162.81503295898438,1112.2109375,2737.47216796875,1408.4501953125,1598.4449462890625,980.8768310546876,760.1906127929688,5800.9404296875,808.6813354492188,2283.275634765625,1363.7032470703125,1937.9417724609373,10.739999771118164,842.984619140625,1565.1314697265625,154.81402587890625,382.399658203125,1101.4732666015625,424.8066101074219,3958.832763671875,3598.1142578125,727.1746215820312,15860.7099609375,2803.6357421875,1203.48583984375,72.62236785888672,317.45330810546875,234.325927734375,6257.740234375,261.6130676269531,1522.3612060546875,2003.4149169921875,942.3638305664062,26032.333984375,3127.431884765625,1759.925537109375,1137.078369140625,157.42349243164062,3091.912109375,1522.0462646484375,3836.41162109375,3601.91015625,11185.681640625,507.6714782714844,248.0980987548828
2025-12-10,5071.31298828125,1772.0467529296875,2210.61181640625,989.7999877929688,1491.812744140625,527.0910034179688,7001.044921875,1277.6146240234375,8866.22265625,2064.038818359375,1004.1273803710938,141.33999633789062,2041.3095703125,345.4065246582031,5733.02001953125,1742.012451171875,1477.0430908203125,372.19183349609375,2118.03173828125,496.1138000488281,6268.64990234375,676.3089599609375,1242.9178466796875,7153.58837890625,258.71612548828125,162.9411163330078,1113.8858642578125,2738.26953125,1378.7890625,1606.545166015625,973.6956176757812,768.3116455078125,5747.29052734375,817.4854125976562,2278.52392578125,1352.2001953125,1927.4815673828125,10.720000267028809,832.5015869140625,1551.2322998046875,154.8710174560547,384.4019775390625,1090.5361328125,425.16595458984375,3952.692626953125,3592.275634765625,721.4508056640625,15859.7197265625,2782.8916015625,1197.0516357421875,72.21475982666016,319.190185546875,233.7885589599609,5991.1259765625,262.5525207519531,1529.8267822265625,2011.7034912109373,942.7567749023438,25817.890625,3164.350341796875,1769.3394775390625,1130.5338134765625,158.95196533203125,3073.5048828125,1511.5198974609375,3833.122314453125,3594.037841796875,11090.6220703125,515.5892333984375,248.64749145507807
2025-12-11,5160.39599609375,1768.666259765625,2276.68212890625,1018.7999877929688,1497.6881103515625,533.4594116210938,6992.06689453125,1271.7191162109375,8927.85546875,2064.038818359375,1000.2512817382812,145.2899932861328,2027.68115234375,341.6621398925781,5751.216796875,1717.4405517578125,1498.2442626953125,373.99365234375,2129.002685546875,495.3240661621094,6403.59375,685.0492553710938,1265.4747314453125,7180.8037109375,260.0116882324219,163.84298706054688,1131.0301513671875,2789.111328125,1391.1893310546875,1612.7169189453125,984.0247802734376,772.4468994140625,5780.1572265625,820.0718994140625,2282.384765625,1348.63037109375,1932.3629150390625,11.25,834.1988525390625,1564.1527099609375,153.6173858642578,384.1636047363281,1099.0870361328125,435.28851318359375,3965.170654296875,3627.10986328125,721.4010620117188,16086.443359375,2819.315185546875,1202.69384765625,73.08819580078125,320.1827087402344,232.9288024902344,6160.4287109375,261.8602905273437,1537.889404296875,2004.114013671875,946.1947631835938,26012.38671875,3180.869140625,1790.843017578125,1132.5169677734375,163.0181121826172,3076.10693359375,1528.4791259765625,3832.225341796875,3624.73046875,11242.521484375,520.3595581054688,249.87152099609372
2025-12-12,5195.33984375,1761.507568359375,2281.3798828125,1040.199951171875,1516.4091796875,545.4501342773438,7083.33935546875,1285.10888671875,8889.8896484375,2081.323974609375,1011.0846557617188,149.57000732421875,2057.505615234375,355.034912109375,5818.5947265625,1733.6220703125,1503.2967529296875,373.3605651855469,2136.11865234375,488.6604919433594,6400.10791015625,690.7279663085938,1271.23828125,7154.08349609375,260.4601745605469,165.5498046875,1136.843505859375,2827.890380859375,1398.3316650390625,1613.48828125,985.2052612304688,774.7387084960938,5761.30712890625,847.6778564453125,2237.837890625,1354.5802001953125,1930.56982421875,11.640000343322754,844.78173828125,1564.348388671875,155.4408416748047,381.4938354492188,1119.0721435546875,434.5697326660156,4034.69189453125,3641.3603515625,723.7402954101562,16357.71875,2836.650390625,1225.7579345703125,75.64061737060547,322.61431884765625,232.5477752685547,6291.998046875,260.6736145019531,1549.3365478515625,2023.087646484375,946.0965576171876,26216.853515625,3129.22314453125,1777.26708984375,1139.6566162109375,168.41677856445312,3103.669189453125,1538.4207763671875,3867.509521484375,3642.468505859375,11488.5009765625,534.6705322265625,251.17269897460935
2025-12-15,5202.22998046875,1767.3736572265625,2277.88134765625,1047.5999755859375,1506.251953125,550.7239990234375,7068.87548828125,1283.8099365234375,8815.9306640625,2068.734619140625,1006.5127563476562,151.7899932861328,2043.97607421875,356.9314270019531,5939.087890625,1731.72412109375,1493.984130859375,374.4319152832031,2139.182373046875,490.8323364257813,6321.43212890625,689.24658203125,1272.530029296875,7047.697265625,264.3468933105469,164.72549438476562,1148.9625244140625,2812.2392578125,1401.010009765625,1623.90283203125,979.89306640625,769.955810546875,5760.82373046875,843.449951171875,2270.406494140625,1353.786865234375,1944.417236328125,11.350000381469728,849.8734741210938,1572.766357421875,160.0754852294922,383.5915222167969,1108.433349609375,435.5081176757813,4052.7158203125,3570.50439453125,734.2921142578125,16251.7822265625,2822.23681640625,1230.9051513671875,76.23262023925781,321.5225830078125,229.9391632080078,6253.27197265625,259.2891845703125,1549.037841796875,2032.0751953125,950.1239624023438,26555.97265625,3142.3583984375,1780.83447265625,1147.688720703125,169.37696838378906,3113.017333984375,1535.496826171875,3853.55517578125,3626.6240234375,11493.4013671875,540.3753051757812,252.2714385986328
2025-12-16,5159.9033203125,1761.2093505859375,2246.895263671875,1028.199951171875,1492.7091064453125,545.9973754882812,7033.96240234375,1218.66015625,8882.9873046875,2033.4647216796875,992.3001708984376,149.49000549316406,2075.87451171875,358.04986572265625,5966.62939453125,1713.445068359375,1485.6622314453125,371.6562194824219,2135.22900390625,490.8323364257813,6309.4814453125,683.370361328125,1268.8533935546875,6988.3193359375,261.3072814941406,163.23204040527344,1165.023193359375,2790.4072265625,1400.7125244140625,1592.7554931640625,978.1223754882812,761.6353759765625,5748.25732421875,832.8054809570312,2258.13134765625,1354.5802001953125,1943.8194580078125,11.25,843.6834716796875,1559.1607666015625,159.3062286376953,383.0194091796875,1076.4171142578125,435.7277526855469,4024.491455078125,3583.369140625,735.4368286132812,16191.388671875,2788.345703125,1228.0345458984375,74.87391662597656,318.5946960449219,226.8713531494141,6219.01416015625,257.459716796875,1535.201904296875,2033.173583984375,944.1319580078124,25922.619140625,3145.940673828125,1765.177490234375,1160.083740234375,166.39840698242188,3088.828125,1538.225830078125,3916.648193359375,3606.99267578125,11297.4013671875,560.1450805664062,249.84262084960935
2025-12-17,5090.01513671875,1748.7813720703125,2231.502197265625,1020.7000122070312,1480.0623779296875,538.6338500976562,6904.2861328125,1223.756103515625,8771.5556640625,2019.4766845703125,993.4927368164062,147.83999633789062,2081.800048828125,358.244384765625,5996.13818359375,1671.5928955078125,1482.9873046875,374.72412109375,2063.07958984375,487.8213806152344,6267.15625,674.6300659179688,1263.9842529296875,7060.56298828125,262.7025146484375,163.95938110351562,1162.3626708984375,2797.884033203125,1385.8323974609375,1595.937744140625,967.989990234375,750.823974609375,5623.07470703125,844.39501953125,2252.686767578125,1341.0938720703125,1939.6353759765625,11.130000114440918,832.5015869140625,1568.0679931640625,159.70509338378906,381.2077941894531,1073.1361083984375,433.8909301757813,4023.104736328125,3575.25439453125,734.7898559570312,16234.951171875,2790.488037109375,1222.0953369140625,75.00008392333984,318.8428039550781,227.5552520751953,6238.376953125,258.2013854980469,1537.292236328125,2007.409423828125,958.5716552734376,25977.4765625,3124.7451171875,1776.6724853515625,1169.9007568359375,166.89808654785156,3101.067138671875,1539.3955078125,3895.118896484375,3626.22509765625,11309.162109375,560.440185546875,251.69317626953125
2025-12-18,5017.66650390625,1744.8043212890625,2228.3037109375,1011.0,1489.4228515625,533.160888671875,6901.29345703125,1228.852294921875,8708.443359375,2024.572509765625,994.1884765625,145.3300018310547,2065.9990234375,353.3815612792969,5941.54736328125,1677.0865478515625,1484.96875,375.259765625,2065.6494140625,486.2418518066406,6353.798828125,670.6302490234375,1271.933837890625,7032.85302734375,264.4963684082031,162.48532104492188,1169.3585205078125,2798.880859375,1389.9986572265625,1602.109375,963.7599487304688,754.3115234375,5556.85791015625,852.2540283203125,2242.6884765625,1345.4571533203125,1942.4248046875,11.300000190734863,833.5499267578125,1592.3427734375,158.324951171875,381.7798767089844,1076.0194091796875,432.17388916015625,3992.107666015625,3549.326904296875,739.0702514648438,16166.6376953125,2812.497802734375,1221.0064697265625,74.25279998779297,316.1134033203125,226.66616821289065,6274.1240234375,255.0863494873047,1537.292236328125,2011.6036376953125,960.2415771484376,25578.513671875,3058.96826171875,1730.097900390625,1161.6702880859375,164.7229461669922,3161.78173828125,1564.931884765625,3906.481689453125,3579.68798828125,11231.7421875,569.6365966796875,254.30514526367188
2025-12-19,5095.92138671875,1741.423828125,2237.999267578125,1020.9000244140624,1490.1199951171875,536.9920043945312,6995.0595703125,1229.651611328125,8877.0703125,2042.0574951171875,1002.1396484375,150.08999633789062,2071.6279296875,355.9102478027344,6003.0234375,1646.2216796875,1502.99951171875,375.5519409179688,2086.503662109375,487.62396240234375,6451.89453125,682.629638671875,1270.1451416015625,7142.2080078125,266.93804931640625,164.62850952148438,1168.7672119140625,2803.765625,1405.5732421875,1583.7874755859375,969.465576171875,763.7279663085938,5588.2744140625,847.5784301757812,2257.04248046875,1342.7796630859375,1946.90771484375,11.960000038146973,843.3340454101562,1603.9906005859375,159.15695190429688,382.399658203125,1073.434326171875,431.1556396484375,4034.097412109375,3566.150146484375,737.825927734375,16250.79296875,2814.73779296875,1231.796142578125,74.04899597167969,317.5029296875,227.53570556640625,6313.3466796875,260.5252990722656,1557.8968505859375,2025.584228515625,962.94287109375,25533.630859375,3096.384521484375,1729.1070556640625,1174.0654296875,165.28143310546875,3162.938232421875,1571.6571044921875,3917.246337890625,3653.23095703125,11266.0419921875,572.0463256835938,254.8834381103516
2025-12-22,5099.85888671875,1772.2454833984375,2262.488525390625,1020.7999877929688,1502.3682861328125,537.2904663085938,7036.4560546875,1232.2496337890625,9036.822265625,2048.052490234375,1001.6427001953124,148.97000122070312,2120.907958984375,359.7518615722656,5983.35107421875,1583.09375,1498.838623046875,376.1850280761719,2083.63720703125,487.3771667480469,6484.7587890625,683.4690551757812,1275.3123779296875,7215.935546875,268.2336120605469,166.52926635742188,1167.97900390625,2800.97412109375,1419.7589111328125,1610.6917724609375,971.6298217773438,759.094482421875,5509.49169921875,860.0632934570312,2266.44677734375,1357.059326171875,1943.2216796875,11.850000381469728,855.01513671875,1653.8125,160.1945037841797,383.9729309082031,1088.64697265625,429.1990051269531,4033.008056640625,3579.11376953125,735.8848266601562,16483.455078125,2811.62158203125,1244.4664306640625,76.20349884033203,318.29693603515625,228.79605102539065,6517.40380859375,262.0580749511719,1568.1495361328125,2019.49267578125,957.0491333007812,25643.345703125,3124.6455078125,1753.7816162109375,1168.9091796875,165.80072021484375,3204.281982421875,1604.9908447265625,3920.934326171875,3696.67919921875,11301.3212890625,576.0298461914062,262.8060913085937
2025-12-23,5122.49853515625,1744.1082763671875,2247.794921875,1016.9000244140624,1487.3316650390625,544.206298828125,7055.90771484375,1224.0560302734375,8972.724609375,2045.854248046875,1005.220703125,149.33999633789062,2096.5146484375,359.84912109375,5961.71142578125,1676.5870361328125,1486.751953125,389.9662780761719,2081.66064453125,486.8341979980469,6449.90234375,685.641845703125,1275.4117431640625,7227.31640625,264.5462341308594,166.83958435058594,1178.9158935546875,2821.011962890625,1415.3941650390625,1619.94921875,980.3849487304688,761.2368774414062,5552.5078125,859.3668823242188,2279.414794921875,1351.605224609375,1952.685791015625,12.010000228881836,848.5256958007812,1632.9637451171875,159.81277465820312,388.40667724609375,1090.5361328125,431.7945251464844,4019.539794921875,3587.4267578125,733.993408203125,16420.091796875,2861.679443359375,1243.7735595703125,79.12469482421875,320.82781982421875,230.0759429931641,6443.42724609375,264.0358581542969,1563.4710693359375,2021.9892578125,954.691650390625,25872.748046875,3118.873779296875,1740.0074462890625,1175.6519775390625,167.44677734375,3189.92236328125,1591.6378173828125,3912.96044921875,3673.659423828125,11444.4013671875,576.7675170898438,261.5820007324219
2025-12-24,5133.326171875,1729.3935546875,2221.70654296875,1015.0,1488.02880859375,545.4003295898438,7154.16259765625,1225.35498046875,9042.7392578125,2033.96435546875,1005.5188598632812,146.3300018310547,2097.304931640625,355.8616027832031,5931.21923828125,1695.8651123046875,1482.3929443359375,391.865478515625,2068.910888671875,484.2674865722656,6469.8203125,686.2837524414062,1257.8233642578125,7236.71826171875,260.8587951660156,165.83102416992188,1174.6790771484375,2818.120849609375,1413.013427734375,1614.9346923828125,980.9752197265624,752.6673583984375,5508.52490234375,859.9638061523438,2259.22021484375,1348.43212890625,1951.888916015625,12.020000457763672,846.6786499023438,1628.16748046875,157.75723266601562,387.6915588378906,1085.0675048828125,431.9941711425781,4014.39013671875,3598.906005859375,731.4052734375,16536.91796875,2816.3935546875,1246.9410400390625,79.02764892578125,320.133056640625,228.39547729492188,6307.88525390625,265.0741882324219,1551.0286865234375,2022.58837890625,951.7938842773438,26077.216796875,3082.850830078125,1721.278564453125,1169.3056640625,166.63356018066406,3198.595947265625,1590.1759033203125,3896.514404296875,3652.43359375,11528.6806640625,588.3245239257812,258.3628234863281
2025-12-26,5101.82763671875,1725.317138671875,2228.9033203125,1018.0999755859376,1480.8590087890625,551.9180908203125,7138.20263671875,1227.25341796875,8938.703125,2015.8797607421875,993.8903198242188,144.8800048828125,2079.232177734375,355.9588623046875,5933.67822265625,1696.06494140625,1492.002685546875,391.6706848144531,2063.07958984375,481.9476013183594,6401.10400390625,686.3825073242188,1261.30126953125,7248.09912109375,261.10797119140625,165.85043334960938,1188.473388671875,2808.949462890625,1406.8629150390625,1601.6273193359375,975.9581909179688,745.7919311523438,5449.0751953125,868.3699951171875,2262.387939453125,1339.110595703125,1942.6240234375,11.9399995803833,848.4757080078125,1621.0220947265625,156.90565490722656,385.3554992675781,1088.1497802734375,432.0940246582031,4008.15087890625,3585.447509765625,739.9163208007812,16430.982421875,2776.171875,1259.71044921875,80.17283630371094,321.67144775390625,229.13800048828125,6256.2509765625,262.5030822753906,1552.0240478515625,2016.297119140625,949.1907348632812,26351.50390625,3085.736572265625,1703.9368896484375,1165.8350830078125,165.70274353027344,3161.0107421875,1571.462158203125,3978.94384765625,3621.442138671875,11558.0810546875,591.0784912109375,256.6664733886719
2025-12-29,5084.109375,1715.275146484375,2202.21533203125,1001.9000244140624,1448.2962646484375,549.380615234375,7066.88037109375,1231.050537109375,8960.890625,2010.384521484375,991.902587890625,146.0500030517578,2055.728271484375,361.40521240234375,5942.53076171875,1696.864013671875,1480.1142578125,390.2097778320313,2045.9813232421875,483.0334777832031,6364.255859375,680.2100219726562,1260.6055908203125,7196.6376953125,262.0048828125,165.2685546875,1188.5718994140625,2833.572509765625,1403.8868408203125,1572.6015625,975.564697265625,743.7990112304688,5380.4423828125,860.5109252929688,2270.20849609375,1332.070068359375,1935.849609375,11.960000038146973,838.2423095703125,1609.863525390625,158.55007934570312,383.8775634765625,1086.360107421875,430.9759521484375,3999.634033203125,3554.769775390625,749.6717529296875,16377.51953125,2738.871826171875,1267.0355224609375,78.4550552368164,323.0609741210937,229.4213409423828,6184.75634765625,257.7069396972656,1538.4866943359375,2007.010009765625,947.962890625,26206.880859375,3039.36474609375,1701.6575927734375,1185.17138671875,168.81849670410156,3133.544677734375,1571.5596923828125,3970.6708984375,3561.75048828125,11562.98046875,583.357421875,254.68101501464844
2025-12-30,5058.0244140625,1722.135498046875,2213.710205078125,1007.0999755859376,1455.067626953125,547.2909545898438,6972.615234375,1245.039794921875,9153.1845703125,2024.67236328125,983.2556762695312,145.82000732421875,2073.701904296875,359.3628234863281,5914.49755859375,1699.560791015625,1478.628173828125,387.6288146972656,2029.4757080078125,489.3021545410156,6334.37890625,672.21044921875,1257.8233642578125,7117.9619140625,266.6889038085937,165.4722137451172,1194.385009765625,2832.874755859375,1401.7044677734375,1557.55810546875,974.7777709960938,740.3612670898438,5520.60791015625,879.5615844726562,2267.1396484375,1331.276611328125,1947.6051025390625,12.0600004196167,840.1392211914062,1587.2528076171875,158.14877319335938,381.9705810546875,1105.2515869140625,429.7979736328125,4012.805419921875,3622.260986328125,735.7354736328125,16481.4765625,2722.705322265625,1261.1953125,80.9492416381836,322.4654541015625,229.2845458984375,6139.576171875,257.459716796875,1532.71337890625,1992.7298583984373,956.2141723632812,26271.7109375,3014.685791015625,1704.6304931640625,1169.107421875,172.24777221679688,3129.01513671875,1563.9571533203125,3961.1025390625,3621.9404296875,11470.861328125,595.6029052734375,254.11236572265625
2025-12-31,5089.03125,1727.7032470703125,2238.698974609375,1015.0999755859376,1463.631591796875,553.6096801757812,7024.98486328125,1268.4217529296875,9213.337890625,2038.160888671875,980.77099609375,145.82000732421875,2079.429931640625,373.4650268554688,5932.20263671875,1700.260009765625,1497.2535400390625,388.602783203125,2051.515869140625,497.1503601074219,6366.24755859375,678.8767700195312,1263.3880615234375,7236.71826171875,266.19061279296875,166.95596313476562,1204.238037109375,2820.21435546875,1413.50927734375,1565.369140625,975.0728759765624,747.1868896484375,5578.60791015625,882.0983276367188,2292.580810546875,1331.67333984375,1954.67822265625,10.760000228881836,862.8025512695312,1581.1842041015625,162.9352264404297,384.2589721679688,1158.1478271484375,439.4613037109375,4044.000732421875,3670.652587890625,747.18310546875,16530.978515625,2718.32275390625,1274.9544677734375,80.71631622314453,327.0805969238281,234.853515625,6227.951171875,261.6625366210937,1563.172607421875,2032.0751953125,964.8092651367188,26506.103515625,3048.320556640625,1704.135009765625,1181.998291015625,176.4412841796875,3089.887939453125,1550.604248046875,4038.249267578125,3706.843505859375,11548.28125,594.4718627929688,253.75575256347656
2026-01-01,5095.42919921875,1730.3876953125,2258.989990234375,1025.9000244140625,1474.8841552734375,556.8934936523438,7093.81298828125,1273.41796875,9425.3544921875,2035.2633056640625,967.1546630859376,144.17999267578125,2084.170166015625,371.0335998535156,5911.05517578125,1722.0352783203125,1486.9501953125,390.0150146484375,2069.405029296875,493.547119140625,6317.94677734375,682.8271484375,1245.50146484375,7271.85009765625,265.3434753417969,166.5777587890625,1225.1265869140625,2842.84375,1406.16845703125,1576.1693115234375,975.023681640625,747.43603515625,5646.75732421875,890.3055419921875,2299.609375,1326.8143310546875,1949.4979248046875,11.600000381469728,888.760498046875,1595.2791748046875,162.3675079345703,346.9295959472656,1164.8094482421875,442.7955322265625,4100.35009765625,3721.914306640625,756.98828125,16541.869140625,2754.746337890625,1281.8836669921875,81.19186401367188,333.780029296875,232.4696044921875,6238.376953125,263.83807373046875,1568.3485107421875,2037.5675048828125,967.3140869140624,26765.427734375,3076.18359375,1705.5223388671875,1167.0250244140625,178.21470642089844,3110.31884765625,1566.9786376953125,4036.056640625,3781.18359375,11662.9404296875,592.7506103515625,257.67852783203125
2026-01-02,5123.9755859375,1738.739501953125,2278.78125,1038.800048828125,1483.2489013671875,562.6151733398438,7111.7685546875,1265.9237060546875,9370.6240234375,2036.662109375,984.398681640625,144.4600067138672,2080.121337890625,370.9849853515625,5886.46435546875,1779.070068359375,1497.5506591796875,416.7496948242188,2065.748291015625,515.906982421875,6366.24755859375,689.5428466796875,1248.1844482421875,7258.490234375,266.0411071777344,170.07862854003906,1217.0469970703125,2847.529052734375,1428.389404296875,1581.6658935546875,985.3035888671876,752.1691284179688,5735.20751953125,920.8959350585938,2324.357666015625,1344.06884765625,1966.43359375,11.779999732971191,900.9906616210938,1605.6546630859375,163.2582244873047,333.77130126953125,1173.9569091796875,438.2633666992188,4123.1279296875,3762.884033203125,754.3005981445312,16791.36328125,2733.905029296875,1266.738525390625,82.03619384765625,349.4616394042969,235.90869140625,6245.328125,267.9420471191406,1584.9718017578125,2064.530029296875,981.2626953125,26974.884765625,3082.55224609375,1712.35986328125,1160.876953125,179.18470764160156,3132.773681640625,1571.1697998046875,4038.448486328125,3834.397705078125,11660.98046875,606.815673828125,259.268798828125
2026-01-05,5087.5546875,1761.408203125,2278.481201171875,1030.5,1486.7342529296875,568.4363403320312,7065.38427734375,1284.8092041015625,9365.693359375,2037.4613037109373,972.7702026367188,147.19000244140625,2078.83740234375,367.5323791503906,5927.7763671875,1770.380126953125,1505.674560546875,416.3114013671875,2066.934326171875,514.5249633789062,6337.36669921875,702.52978515625,1242.1229248046875,7404.95654296875,262.8519897460937,167.81906127929688,1226.0135498046875,2840.052490234375,1439.797607421875,1550.2293701171875,961.5957641601562,756.6033325195312,5785.95703125,926.8648071289062,2360.09423828125,1360.0341796875,1972.410888671875,11.43000030517578,898.4947509765625,1572.374755859375,161.5159149169922,333.4376220703125,1179.127197265625,437.4248046875,4110.25341796875,3750.909912109375,769.5309448242188,16984.423828125,2728.743408203125,1301.28515625,81.43448638916016,347.972900390625,232.61614990234372,6160.4287109375,268.6342468261719,1570.8370361328125,2072.71875,987.7457885742188,27573.328125,3071.5068359375,1713.2518310546875,1172.181396484375,181.9673309326172,3099.428955078125,1556.4522705078125,4066.35693359375,3850.740478515625,11845.2197265625,605.5370483398438,253.77500915527344
2026-01-06,5142.677734375,1741.9210205078125,2258.090576171875,1019.4000244140624,1467.017333984375,560.7742309570312,7329.72509765625,1292.802978515625,9526.9248046875,2042.8568115234373,971.3787231445312,147.6699981689453,2079.133544921875,360.6271667480469,6029.08935546875,1803.342529296875,1516.572265625,415.92181396484375,2064.760009765625,513.685791015625,6615.220703125,697.5424194335938,1248.2838134765625,7444.5419921875,255.82601928710935,164.2696990966797,1235.5709228515625,2856.401611328125,1489.6953125,1558.618896484375,946.544677734375,775.0874633789062,5799.9736328125,937.3600463867188,2400.285400390625,1399.4022216796875,2002.39697265625,11.59000015258789,912.7716064453124,1578.0518798828125,160.52731323242188,326.5248107910156,1169.5821533203125,428.5401611328125,4100.54833984375,3746.2587890625,775.5036010742188,17120.0625,2742.475341796875,1306.5313720703125,81.39566802978516,348.17138671875,236.32879638671875,6205.1123046875,265.56866455078125,1500.6614990234375,2092.890625,1000.8594360351562,27598.263671875,3112.8037109375,1744.2684326171875,1200.2440185546875,182.4376220703125,3137.688720703125,1561.2281494140625,4098.35205078125,3852.634033203125,11959.8798828125,611.5368041992188,255.9918212890625
2026-01-07,5216.01123046875,1745.3013916015625,2273.083740234375,1019.2000122070312,1459.1505126953125,559.2318725585938,7428.9775390625,1294.501708984375,9653.6416015625,2030.1676025390625,962.8809814453124,147.63999938964844,2058.2958984375,358.0985107421875,6083.68017578125,1784.4639892578125,1454.2568359375,420.4019775390625,2052.405517578125,514.2288208007812,6615.220703125,694.5302124023438,1234.96826171875,7503.919921875,257.6697082519531,163.38719177246094,1229.3634033203125,2828.289306640625,1484.2392578125,1588.898193359375,933.608642578125,769.6069946289062,5781.60693359375,933.5797729492188,2375.239990234375,1415.7642822265625,1958.7626953125,11.460000038146973,896.3980712890625,1604.2843017578125,159.2254638671875,325.3805847167969,1183.0050048828125,428.06097412109375,4116.7900390625,3709.841064453125,770.2775268554688,16641.865234375,2799.739990234375,1301.483154296875,83.61811065673828,346.2359924316406,233.56385803222656,6467.7548828125,261.1680603027344,1497.277099609375,2067.92529296875,989.3175048828124,27249.171875,3118.27685546875,1766.4658203125,1202.4254150390625,180.08612060546875,3176.044921875,1584.035400390625,4259.224609375,3826.823974609375,11940.279296875,611.9794311523438,261.0036926269531
2026-01-08,4942.36474609375,1713.485595703125,2213.010498046875,988.7999877929688,1459.0509033203125,544.0072631835938,7346.18408203125,1285.808349609375,9625.0439453125,2007.187255859375,966.01171875,144.97999572753906,2040.618408203125,344.8229675292969,5934.66162109375,1752.0010986328125,1447.024658203125,414.1687316894531,2022.7550048828125,512.79736328125,6573.3935546875,683.8147583007812,1199.2945556640625,7472.74658203125,254.87924194335935,158.5868377685547,1224.929443359375,2783.3291015625,1471.8392333984375,1587.9339599609375,931.296875,755.4574584960938,5654.974609375,899.2588500976562,2362.66796875,1423.00341796875,1900.9820556640625,11.5,882.0214233398438,1579.128662109375,153.05886840820312,325.0468444824219,1149.298583984375,425.8647766113281,3989.43359375,3685.298828125,755.3457641601562,16498.306640625,2743.643798828125,1293.6630859375,79.18292236328125,341.8193359375,226.09950256347656,6399.2392578125,256.4213562011719,1463.831787109375,2080.008544921875,980.3294677734376,26780.390625,2994.78369140625,1744.763916015625,1187.35302734375,176.48046875,3087.671142578125,1537.9334716796875,4235.103515625,3788.458251953125,11822.6796875,593.5866088867188,252.7148284912109
2026-01-09,5013.23681640625,1693.4017333984375,2152.737548828125,946.0999755859376,1429.8739013671875,534.3052978515625,7238.45263671875,1271.019775390625,9429.7919921875,1990.7012939453125,953.7371215820312,144.02999877929688,2001.905517578125,344.4339599609375,5879.5791015625,1715.14306640625,1452.0772705078125,407.4485473632813,2032.04541015625,515.7095947265625,6589.32763671875,662.5813598632812,1202.4742431640625,7429.20263671875,254.43077087402344,159.39173889160156,1211.5294189453125,2768.276123046875,1453.1895751953125,1602.109375,923.72216796875,747.2367553710938,5580.54150390625,896.2744140625,2348.7099609375,1392.56005859375,1888.9278564453125,11.260000228881836,880.8233642578125,1579.91162109375,154.27261352539062,321.47125244140625,1152.1820068359375,424.62689208984375,3986.2646484375,3639.084228515625,750.0201416015625,16336.927734375,2764.095703125,1285.9420166015625,78.10568237304688,333.4822998046875,228.70811462402344,6371.9326171875,255.1357879638672,1468.51025390625,2067.12646484375,982.7852172851562,26880.130859375,3028.916015625,1714.2427978515625,1166.033447265625,174.79522705078125,3091.43017578125,1542.12451171875,4188.0576171875,3746.106201171875,11698.220703125,599.832275390625,252.473876953125
2026-01-12,4968.94140625,1696.881591796875,2170.629638671875,942.2000122070312,1437.4420166015625,536.046630859375,7250.4228515625,1273.218017578125,9359.2841796875,1997.19580078125,946.084228515625,143.74000549316406,2018.595458984375,348.9077453613281,5846.13623046875,1708.850341796875,1451.5819091796875,421.0350341796875,2072.073486328125,517.2891235351562,6458.86572265625,651.4708251953125,1207.84033203125,7358.93798828125,252.0389404296875,161.5155487060547,1218.0323486328125,2797.9833984375,1438.805419921875,1608.088134765625,921.7055053710938,751.9699096679688,5535.59130859375,915.374755859375,2381.9716796875,1401.286376953125,1903.07421875,11.25,903.98583984375,1562.09716796875,154.8892822265625,322.6631164550781,1175.9454345703125,425.9246826171875,3980.124755859375,3643.7353515625,752.7576293945312,16417.12109375,2758.252197265625,1299.107421875,79.34791564941406,334.9214172363281,230.29087829589844,6281.0751953125,255.6796722412109,1476.373779296875,2095.087646484375,997.1758422851562,27094.572265625,2966.22412109375,1720.2874755859375,1182.2958984375,179.53744506835938,3122.076416015625,1545.92578125,4217.76025390625,3741.7216796875,11856.0,617.0447998046875,253.58226013183597
2026-01-13,4888.2255859375,1697.4781494140625,2157.535400390625,936.7000122070312,1422.6044921875,535.0018310546875,7293.31591796875,1261.0274658203125,9421.41015625,2009.4852294921875,943.2019653320312,143.3699951171875,2001.7080078125,345.35791015625,5821.0537109375,1699.161376953125,1434.839111328125,417.7236328125,2082.15478515625,515.3640747070312,6410.06689453125,644.3107299804688,1183.7928466796875,7327.27001953125,248.45120239257807,160.2645263671875,1221.1854248046875,2765.58447265625,1420.2548828125,1605.5809326171875,922.0989990234376,745.8417358398438,5543.32470703125,931.44091796875,2365.439697265625,1424.9866943359375,1878.367919921875,10.800000190734863,909.0775756835938,1565.1314697265625,154.06704711914062,319.1351928710937,1171.3717041015625,425.7848815917969,3849.797607421875,3623.4482421875,752.6083374023438,16262.6728515625,2798.668701171875,1305.343505859375,79.69729614257812,335.3680419921875,238.1753387451172,6312.8505859375,255.9268951416016,1446.11376953125,2079.509033203125,1010.2402954101562,27084.599609375,2933.285888671875,1713.053466796875,1179.420166015625,178.8809814453125,3149.446044921875,1573.89892578125,4225.33544921875,3742.3193359375,11803.080078125,626.7330322265625,254.64247131347656
2026-01-14,4857.71142578125,1718.158447265625,2152.337646484375,935.2999877929688,1423.9986572265625,546.8432006835938,7254.4130859375,1297.7991943359375,9446.5556640625,1999.194091796875,940.1705932617188,145.32000732421875,1997.3626708984373,347.1084899902344,5809.7421875,1687.5745849609375,1421.167236328125,420.9376525878906,2067.922607421875,507.1703796386719,6329.3994140625,642.9774780273438,1179.0230712890625,7281.74658203125,246.00955200195312,160.17726135253906,1208.869140625,2787.117431640625,1425.61181640625,1608.9560546875,910.3926391601562,740.560546875,5487.25830078125,950.3920288085938,2329.80224609375,1406.5421142578125,1850.673095703125,11.079999923706056,942.97265625,1565.91455078125,155.789794921875,319.182861328125,1175.0506591796875,420.2744140625,3828.40673828125,3611.572998046875,746.3867797851562,15991.3974609375,2715.985595703125,1293.861083984375,81.37625122070312,346.484130859375,242.5230255126953,6229.93701171875,255.48190307617188,1452.086181640625,2065.92822265625,1010.14208984375,27478.57421875,2956.27294921875,1685.3070068359375,1161.5711669921875,185.42599487304688,3076.684814453125,1548.2650146484375,4207.693359375,3677.5458984375,12009.859375,664.6497802734375,250.7871856689453
2026-01-15,4857.71142578125,1718.158447265625,2152.337646484375,935.2999877929688,1423.9986572265625,546.8432006835938,7254.4130859375,1297.7991943359375,9446.5556640625,1999.194091796875,940.1705932617188,145.32000732421875,1997.3626708984373,347.1084899902344,5809.7421875,1687.5745849609375,1421.167236328125,420.9376525878906,2067.922607421875,507.1703796386719,6329.3994140625,642.9774780273438,1179.0230712890625,7281.74658203125,246.00955200195312,160.17726135253906,1208.869140625,2787.117431640625,1425.61181640625,1608.9560546875,910.3926391601562,740.560546875,5487.25830078125,950.3920288085938,2329.80224609375,1406.5421142578125,1850.673095703125,11.079999923706056,942.97265625,1565.91455078125,155.789794921875,319.182861328125,1175.0506591796875,420.2744140625,3828.40673828125,3611.572998046875,746.3867797851562,15991.3974609375,2715.985595703125,1293.861083984375,81.37625122070312,346.484130859375,242.5230255126953,6229.93701171875,255.48190307617188,1452.086181640625,2065.92822265625,1010.14208984375,27478.57421875,2956.27294921875,1685.3070068359375,1161.5711669921875,185.42599487304688,3076.684814453125,1548.2650146484375,4207.693359375,3677.5458984375,12009.859375,664.6497802734375,250.7871856689453
2026-01-16,4796.18994140625,1745.500244140625,2156.3359375,930.0999755859376,1415.9326171875,551.0225219726562,7217.5048828125,1293.20263671875,9357.3115234375,2000.792724609375,944.4442749023438,144.83999633789062,1991.3385009765625,353.2356872558594,5801.87353515625,1697.263427734375,1384.51123046875,419.7689208984375,2080.27685546875,507.9601135253906,6210.39013671875,641.7922973632812,1168.0924072265625,7239.1923828125,269.3298645019531,159.27537536621094,1218.72216796875,2800.874755859375,1414.69970703125,1649.264892578125,915.95068359375,729.9483642578125,5463.091796875,929.7994995117188,2336.6328125,1399.0057373046875,1863.125732421875,10.81999969482422,952.3075561523438,1654.00830078125,157.90406799316406,313.8909606933594,1180.519287109375,417.479248046875,3819.097412109375,3620.1826171875,756.689697265625,15701.310546875,2811.134521484375,1302.572021484375,80.29899597167969,343.7547302246094,241.4873962402344,6358.03076171875,254.44354248046875,1451.1903076171875,2078.111083984375,1023.8451538085938,27767.822265625,2904.925048828125,1653.794921875,1179.1226806640625,184.40701293945312,3146.54931640625,1628.18798828125,4183.173828125,3655.024658203125,12130.3984375,671.4856567382812,257.77490234375
2026-01-19,4789.30029296875,1723.7261962890625,2133.64599609375,914.0,1397.1119384765625,549.430419921875,7115.259765625,1306.492431640625,9298.6376953125,2016.0797119140625,963.5269775390624,142.63999938964844,1985.01806640625,351.33917236328125,5846.13623046875,1698.462158203125,1379.3594970703125,418.9410400390625,2152.6240234375,506.1831665039063,6114.78466796875,633.8915405273438,1159.8446044921875,7247.60400390625,278.7477111816406,159.74085998535156,1214.091064453125,2771.366455078125,1435.53173828125,1667.525390625,912.8027954101562,734.1832275390625,5570.3916015625,935.072021484375,2389.593994140625,1369.05810546875,1877.670654296875,10.59000015258789,948.2640991210938,1645.59033203125,157.49293518066406,317.7049255371094,1177.3375244140625,426.1642456054688,3832.367919921875,3619.390869140625,757.1375732421875,16015.1591796875,2814.348388671875,1302.27490234375,78.98883056640625,340.7772216796875,237.520751953125,6392.78515625,254.7896728515625,1407.0941162109375,2070.8212890625,1020.0142211914062,27438.677734375,2938.161865234375,1660.2359619140625,1170.2972412109375,184.4658050537109,3104.258056640625,1674.77734375,4130.54638671875,3689.005859375,12051.01953125,663.7153930664062,237.0526580810547
2026-01-20,4618.02490234375,1687.03857421875,2054.181640625,883.2000122070312,1361.8604736328125,533.658447265625,6895.30810546875,1292.503173828125,9052.599609375,1957.030029296875,927.4984741210938,139.38999938964844,1971.1920166015625,345.4551696777344,5787.61083984375,1648.0196533203125,1365.5887451171875,404.47802734375,2089.270751953125,498.6311645507813,5988.30615234375,605.300537109375,1159.3477783203125,7099.15869140625,272.31964111328125,156.3369598388672,1216.160400390625,2705.1728515625,1335.5377197265625,1638.8720703125,916.049072265625,729.4999389648438,5394.458984375,923.283447265625,2355.14453125,1364.29833984375,1854.657958984375,10.130000114440918,903.6863403320312,1623.7628173828125,155.0752410888672,311.12579345703125,1153.3751220703125,423.069580078125,3773.6416015625,3520.529052734375,746.1378784179688,15721.1123046875,2742.18310546875,1282.576416015625,76.51405334472656,336.211669921875,234.86328125,6297.95556640625,251.22964477539065,1387.5843505859375,2046.2554931640625,1018.0496215820312,27154.41796875,2834.670654296875,1599.193603515625,1175.0570068359375,179.85096740722656,3044.10791015625,1635.9853515625,4062.1708984375,3603.10595703125,11817.7802734375,660.7646484375,231.2215118408203
2026-01-21,4633.7744140625,1706.823974609375,2031.291748046875,878.7000122070312,1372.8143310546875,535.9968872070312,6809.52197265625,1283.9097900390625,9051.6142578125,1958.22900390625,930.5298461914062,137.97999572753906,1971.290771484375,342.2943115234375,5707.44580078125,1625.94482421875,1356.8704833984375,403.2605895996094,2098.36376953125,509.5889892578125,5985.318359375,609.9916381835938,1149.9075927734375,7066.005859375,275.15997314453125,157.76251220703125,1204.5338134765625,2727.1044921875,1305.4798583984375,1634.209716796875,905.3755493164062,721.7774658203125,5353.859375,934.3258666992188,2344.15625,1337.7222900390625,1827.6605224609373,10.119999885559082,905.68310546875,1619.358154296875,155.45700073242188,309.6478881835937,1167.8917236328125,420.8733825683594,3730.067138671875,3516.372802734375,744.5452270507812,15613.1962890625,2725.821533203125,1270.2030029296875,76.31996154785156,336.1620788574219,236.7977600097656,6198.162109375,252.9602203369141,1398.1356201171875,2052.546630859375,1010.4368286132812,27299.041015625,2870.394775390625,1598.3017578125,1153.8365478515625,180.6837921142578,3064.027099609375,1643.9776611328125,4065.858642578125,3589.453857421875,11986.33984375,665.5350341796875,230.8842010498047
2026-01-22,4681.0224609375,1718.2578125,2085.467529296875,904.2999877929688,1408.264892578125,543.90771484375,6780.09521484375,1293.80224609375,9239.962890625,1991.400634765625,937.0894775390624,142.4600067138672,1977.31494140625,344.4339599609375,5834.82470703125,1662.1036376953125,1357.6630859375,412.1721496582031,2154.20556640625,518.6217651367188,6046.06787109375,605.6954956054688,1209.82763671875,6975.94873046875,281.2391967773437,158.62562561035156,1227.6883544921875,2778.94287109375,1301.3134765625,1654.218505859375,903.75244140625,722.5247802734375,5305.52587890625,939.5486450195312,2366.52880859375,1334.2515869140625,1817.7978515625,10.18000030517578,900.9906616210938,1628.265380859375,155.68212890625,309.7432556152344,1177.6358642578125,425.2658081054688,3757.10302734375,3536.560791015625,748.327880859375,15608.24609375,2736.7294921875,1292.772216796875,75.92205810546875,339.88397216796875,238.40005493164065,6276.1103515625,256.3719177246094,1396.0452880859375,2019.193115234375,1029.7879638671875,27358.88671875,2913.881103515625,1619.408935546875,1165.3392333984375,185.27903747558597,3091.305419921875,1644.6600341796875,4005.45703125,3557.6650390625,12116.6787109375,667.502197265625,231.9443817138672
2026-01-23,4620.97802734375,1659.4979248046875,1863.3668212890625,772.7999877929688,1302.908935546875,516.0455932617188,6786.08056640625,1257.030517578125,9282.859375,1947.3382568359373,922.18115234375,149.3300018310547,1960.032470703125,339.5711364746094,5739.41357421875,1641.3272705078125,1302.7779541015625,407.4972534179688,2141.060302734375,512.3531494140625,5986.81201171875,581.1536865234375,1227.8135986328125,6900.736328125,277.6015930175781,155.9490509033203,1222.1707763671875,2750.431640625,1280.6165771484375,1658.006591796875,901.1947021484376,709.5709838867188,5204.509765625,945.3682861328124,2385.238525390625,1332.169189453125,1788.9075927734375,9.93000030517578,891.0068359375,1635.4107666015625,152.72607421875,308.36065673828125,1163.3179931640625,422.0713195800781,3707.586669921875,3506.57568359375,737.5770874023438,15315.1884765625,2680.925537109375,1280.69580078125,74.10722351074219,334.17706298828125,239.8264923095703,6111.7724609375,251.3285217285156,1379.720703125,1999.8199462890625,1011.271728515625,26930.0,2886.217041015625,1617.1297607421875,1143.8214111328125,183.8191375732422,3103.178466796875,1658.012939453125,4008.646484375,3537.435791015625,12121.5791015625,672.9118041992188,229.77577209472656
2026-01-27,4633.7744140625,1678.1898193359375,1958.624267578125,799.0999755859375,1358.176025390625,529.62841796875,6776.60400390625,1314.7860107421875,9360.2705078125,1916.06494140625,909.1115112304688,149.02000427246094,1948.873046875,347.59478759765625,5789.578125,1637.831298828125,1300.7965087890625,411.8799743652344,2128.8046875,506.8248596191406,6031.12939453125,601.9920043945312,1231.9871826171875,7090.251953125,283.9798278808594,155.14413452148438,1156.6480712890625,2847.329833984375,1282.5072021484375,1670.82763671875,911.3272094726562,717.4927368164062,5200.64306640625,956.8582763671876,2376.724853515625,1350.0186767578125,1799.069091796875,9.829999923706056,893.3031005859375,1647.05859375,155.53529357910156,303.83154296875,1215.0211181640625,407.9956359863281,3751.1611328125,3358.2333984375,742.4049682617188,15093.416015625,2732.833740234375,1290.0994873046875,76.51405334472656,342.1170959472656,242.2494659423828,6194.4853515625,251.52630615234372,1374.146484375,2035.3704833984373,1034.5030517578125,27149.4296875,2879.848388671875,1624.06640625,1177.4368896484375,188.394775390625,3098.762939453125,1700.8984375,3983.927490234375,3555.572265625,12337.177734375,693.8619384765625,232.148681640625
2026-01-28,4964.51220703125,1674.6104736328125,1993.8084716796875,822.9000244140625,1376.1004638671875,531.320068359375,6860.39501953125,1318.782958984375,9302.58203125,1938.645751953125,929.4365844726562,153.35000610351562,1933.3680419921875,352.40899658203125,5654.33056640625,1634.9346923828125,1316.053466796875,432.4788208007813,2129.298828125,509.1447448730469,6162.58740234375,617.7936401367188,1214.796142578125,6997.720703125,283.4815368652344,163.05747985839844,1154.5789794921875,2830.282958984375,1280.417724609375,1679.9578857421875,917.524658203125,726.0123901367188,5328.72607421875,993.0197143554688,2354.451416015625,1356.2659912109375,1815.307373046875,9.949999809265137,900.2418823242188,1631.2017822265625,159.4016571044922,306.2153015136719,1211.7398681640625,411.6892395019531,3757.301025390625,3413.3544921875,733.296630859375,14729.0751953125,2759.713134765625,1279.3099365234375,79.114990234375,345.4419860839844,262.4051513671875,6191.49560546875,256.9158020019531,1390.2718505859375,2050.349609375,1044.6697998046875,27408.755859375,2966.22412109375,1596.0224609375,1122.303466796875,189.9330596923828,3140.073486328125,1718.2476806640625,3962.19873046875,3715.413330078125,12511.6171875,724.9920043945312,234.66989135742188
2026-01-29,5388.27001953125,1668.8438720703125,2018.2974853515625,858.7999877929688,1411.849853515625,533.40966796875,6784.08544921875,1362.6490478515625,9379.9921875,1946.4390869140625,929.4365844726562,151.99000549316406,1943.44140625,356.8828125,5629.24853515625,1647.0208740234375,1308.6231689453125,443.87396240234375,2088.084716796875,503.9126281738281,6016.19091796875,630.6324462890625,1201.2818603515625,6983.37109375,286.6208190917969,162.32046508789062,1138.3214111328125,2822.90576171875,1267.5816650390625,1672.1875,920.2791137695312,724.5177001953125,5393.9755859375,1018.735595703125,2328.911376953125,1372.0330810546875,1818.6944580078125,10.050000190734863,896.947265625,1624.35009765625,159.63656616210938,303.7839050292969,1230.4324951171875,411.6892395019531,3894.857421875,3349.22802734375,726.6271362304688,14357.8037109375,2700.4033203125,1274.8555908203125,82.1041259765625,355.46630859375,269.0586242675781,6048.99072265625,257.6080322265625,1384.59814453125,1993.52880859375,1047.3218994140625,26984.857421875,3081.1591796875,1574.9154052734375,1097.9097900390625,198.23190307617188,3085.41796875,1723.6082763671875,3926.81494140625,3642.269287109375,12462.6181640625,753.7615356445312,237.09222412109372
2026-01-30,5491.13330078125,1627.483154296875,2019.4970703125,852.2999877929688,1413.8414306640625,507.6372680664063,6943.18896484375,1369.343994140625,9464.3056640625,1950.9351806640625,924.1688842773438,154.64999389648438,1944.2313232421875,354.5,5764.49609375,1629.740478515625,1311.6943359375,429.2648315429688,2089.5673828125,500.1119384765625,6026.14990234375,627.8671875,1210.423828125,7048.68701171875,286.7702941894531,162.23316955566406,1142.081787109375,2810.245361328125,1278.6265869140625,1646.9337158203125,914.1307983398438,728.4038696289062,5349.50927734375,957.6044311523438,2349.10595703125,1343.672119140625,1807.238037109375,11.170000076293944,894.6509399414062,1606.241943359375,159.7834014892578,307.1687927246094,1207.4644775390625,407.29681396484375,3894.263427734375,3396.135498046875,726.477783203125,14453.83984375,2686.963623046875,1318.90478515625,78.81414031982422,353.3324279785156,262.77642822265625,6014.11181640625,253.6524353027344,1388.9779052734375,1995.7257080078125,1058.078125,26915.0390625,3086.134765625,1580.8609619140625,1124.3858642578125,189.22760009765625,3065.302734375,1698.9490966796875,3964.3916015625,3664.591064453125,12440.078125,670.3544921875,234.22496032714844
2026-02-02,5382.3642578125,1626.58837890625,1994.50830078125,843.9500122070312,1397.2115478515625,507.9855346679688,6916.255859375,1310.4893798828125,9364.7080078125,1928.454345703125,898.1787109375,148.55999755859375,1940.972412109375,366.7000122070313,5792.037109375,1592.4830322265625,1299.4095458984375,412.46435546875,2102.613525390625,492.6092834472656,5928.0546875,618.5343627929688,1175.0482177734375,6913.10693359375,280.3422241210937,155.541748046875,1157.9151611328125,2765.9833984375,1272.1588134765625,1628.67333984375,912.9994506835938,714.9517822265625,5435.5419921875,925.6710205078124,2333.56396484375,1341.4906005859375,1819.790283203125,10.8100004196167,908.778076171875,1594.8875732421875,161.1243896484375,300.06524658203125,1192.3511962890625,407.4964904785156,3883.369873046875,3427.208984375,719.1115112304688,14240.9775390625,2689.30078125,1295.0489501953125,79.037353515625,347.7247619628906,248.1115264892578,6061.447265625,267.39813232421875,1384.0009765625,1998.22216796875,1010.4859008789062,26730.51953125,3074.790283203125,1613.166015625,1115.9571533203125,184.7009429931641,3110.1455078125,1680.3328857421875,3940.270751953125,3633.101318359375,12284.2587890625,649.7978515625,239.56399536132807
2026-02-03,5579.72412109375,1659.299072265625,2201.61572265625,932.0999755859376,1524.3756103515625,525.6481323242188,7070.87060546875,1355.15478515625,9462.333984375,2010.9840087890625,958.5078735351562,155.0,1972.4759521484373,373.4500122070313,5785.6435546875,1692.468994140625,1310.5054931640625,418.2106018066406,2113.781982421875,494.0900573730469,6183.5009765625,642.3355712890625,1227.6148681640625,7140.228515625,284.5279541015625,157.87890625,1134.4620361328125,2800.1767578125,1311.462890625,1646.6424560546875,933.2643432617188,717.5924072265625,5570.87451171875,950.34228515625,2344.750244140625,1378.08203125,1854.458740234375,11.40999984741211,920.908447265625,1620.9241943359375,164.03150939941406,301.924560546875,1222.3787841796875,415.0833740234375,3999.733154296875,3491.236572265625,729.513916015625,14635.01953125,2745.689208984375,1294.751953125,79.24115753173828,355.8633117675781,251.0914001464844,6256.76904296875,280.0560302734375,1430.4859619140625,1999.3206787109373,1045.3572998046875,26949.94921875,3195.994873046875,1686.6943359375,1145.7054443359375,189.03163146972656,3164.80078125,1673.0228271484375,4055.29345703125,3713.32080078125,12338.158203125,664.5514526367188,239.94960021972656
2026-02-04,5664.86962890625,1682.3656005859375,2227.2041015625,954.4500122070312,1561.3199462890625,534.3052978515625,7098.3017578125,1337.6683349609375,9505.23046875,2017.8780517578125,957.41455078125,157.33999633789062,2000.6217041015625,382.4500122070313,5782.69287109375,1737.517578125,1314.369140625,423.5672607421875,2091.5439453125,494.7810974121094,6029.6357421875,651.6683349609375,1232.384521484375,7202.08056640625,286.4214782714844,160.41000366210938,1143.6651611328125,2836.06494140625,1337.5328369140625,1575.2520751953125,937.5927124023438,719.93408203125,5656.42431640625,959.9422607421876,2347.1259765625,1396.625732421875,1846.987060546875,11.350000381469728,919.8101806640624,1503.2701416015625,169.12139892578125,305.5264587402344,1221.185546875,411.6393432617188,4047.566162109375,3536.857666015625,730.0614624023438,14921.146484375,2617.914794921875,1290.00048828125,83.34635925292969,364.49810791015625,260.8126525878906,5965.28125,286.18719482421875,1450.095458984375,2038.86572265625,1049.2864990234375,27279.09375,3274.40966796875,1688.9735107421875,1143.3255615234375,191.45172119140625,2942.84375,1603.6263427734375,4130.44677734375,3714.4169921875,12549.837890625,676.5018310546875,230.7051696777344
2026-02-05,5679.63427734375,1666.5570068359375,2235.6005859375,967.1500244140624,1563.6102294921875,530.4244384765625,7104.287109375,1329.5745849609375,9513.119140625,1998.394775390625,958.855712890625,157.8000030517578,1967.6368408203125,382.0499877929688,5774.33203125,1721.6239013671875,1320.907958984375,420.5967712402344,2089.666259765625,497.8413696289063,6116.2783203125,653.100341796875,1237.0550537109375,7134.78564453125,286.6208190917969,160.17999267578125,1158.0140380859375,2855.005859375,1343.503173828125,1563.7906494140625,934.248046875,718.1404418945312,5573.77490234375,930.5953369140624,2330.693115234375,1384.8251953125,1867.1107177734373,11.239999771118164,912.92138671875,1488.00048828125,172.04808044433594,301.9732666015625,1232.719482421875,408.0455322265625,4023.996337890625,3534.87841796875,744.8936157226562,14909.265625,2579.54345703125,1290.297607421875,82.1041259765625,364.25,263.01092529296875,5959.80029296875,286.13775634765625,1436.757080078125,2014.9989013671875,1054.49267578125,27154.41796875,3283.863037109375,1698.1494140625,1146.2012939453125,193.7640380859375,2935.38623046875,1604.50341796875,4084.19873046875,3699.76806640625,12517.498046875,644.4373779296875,230.75460815429688
2026-02-06,5724.9140625,1657.8077392578125,2225.40478515625,971.8499755859376,1544.1920166015625,526.8422241210938,7134.7109375,1340.5660400390625,9386.40234375,2022.47412109375,975.7021484375,159.0399932861328,2013.0650634765625,386.3500061035156,5814.16845703125,1741.5159912109375,1317.6385498046875,421.52197265625,2108.345947265625,501.7901611328125,5999.7587890625,655.52001953125,1233.3782958984375,7103.1171875,285.8235168457031,162.99000549316406,1169.493408203125,2828.089599609375,1348.2794189453125,1547.9583740234375,925.7879638671876,701.0015258789062,5561.69140625,937.658447265625,2399.790283203125,1394.344970703125,1854.558349609375,11.119999885559082,902.1387939453124,1475.177978515625,171.49014282226562,317.1595153808594,1229.139892578125,421.6221008300781,4028.749755859375,3540.816162109375,749.3233642578125,14847.8818359375,2542.3408203125,1297.06494140625,81.59947204589844,365.0499877929688,262.7666931152344,5831.7451171875,289.5,1444.123046875,1993.9281005859373,1047.5184326171875,27259.14453125,3160.66845703125,1690.6690673828125,1149.57275390625,193.07818603515625,2886.422119140625,1578.86962890625,4127.45654296875,3745.40869140625,12467.517578125,660.0269775390625,228.11476135253903
2026-02-09,5724.421875,1696.2850341796875,2249.094482421875,982.6500244140624,1555.1458740234375,539.7781982421875,7193.06591796875,1340.3663330078125,9456.91015625,2022.873779296875,977.143310546875,162.07000732421875,2012.8675537109373,388.2999877929688,5747.28271484375,1769.5048828125,1330.0223388671875,420.4506530761719,2130.485107421875,507.8120727539063,6088.3935546875,662.8282470703125,1267.462158203125,7120.9306640625,285.67401123046875,163.63999938964844,1185.227783203125,2917.212158203125,1365.0955810546875,1556.020263671875,922.0006103515624,705.3859252929688,5564.59130859375,959.245849609375,2410.481689453125,1384.626953125,1881.0577392578125,11.579999923706056,926.3995361328124,1465.4876708984375,172.42984008789062,314.23907470703125,1237.8896484375,428.06097412109375,4073.809814453125,3572.087890625,751.4137573242188,14829.0712890625,2546.82080078125,1289.4017333984375,81.97796630859375,361.8999938964844,260.470703125,5854.66552734375,289.75,1454.873291015625,2021.1903076171875,1125.708984375,27074.625,3093.797119140625,1700.1441650390625,1157.4063720703125,197.9183654785156,2892.8984375,1580.6240234375,4243.87451171875,3751.587158203125,12786.9970703125,668.5841064453125,227.4819793701172
2026-02-10,5778.068359375,1685.6466064453125,2227.404052734375,978.2999877929688,1548.17529296875,535.8475952148438,7201.0458984375,1355.6544189453125,9638.3564453125,2026.1710205078125,959.7005004882812,166.69000244140625,1986.302001953125,386.3500061035156,5777.28271484375,1725.522216796875,1329.6260986328125,419.72021484375,2157.565673828125,513.044189453125,6150.138671875,663.4701538085938,1248.0850830078125,7220.38916015625,281.2890014648437,164.5500030517578,1194.0350341796875,2944.726318359375,1366.28955078125,1527.94970703125,917.2295532226562,701.449951171875,5561.69140625,963.8717651367188,2428.89453125,1394.7415771484375,1902.3768310546875,11.479999542236328,926.0999755859376,1466.0750732421875,174.43641662597656,312.876220703125,1236.994873046875,428.5600891113281,4128.673828125,3637.599853515625,761.3682250976562,14995.400390625,2545.846923828125,1302.339599609375,82.56026458740234,366.8999938964844,265.8930969238281,5852.17431640625,294.3500061035156,1451.7874755859375,2015.498291015625,1123.8426513671875,26456.232421875,3096.284912109375,1703.3359375,1142.5322265625,203.8069305419922,2928.61572265625,1602.9439697265625,4255.1376953125,3749.294921875,12762.4970703125,678.8132934570312,228.85629272460935
2026-02-11,5734.26513671875,1688.231689453125,2233.4013671875,994.75,1546.8807373046875,538.5841064453125,7488.32958984375,1346.2618408203125,9732.53125,2025.2718505859373,963.0300903320312,168.25999450683594,1987.0919189453125,387.6000061035156,5920.3994140625,1722.323486328125,1337.3536376953125,412.2208557128906,2148.07763671875,515.6602172851562,6360.27197265625,663.717041015625,1262.2950439453125,7690.46630859375,289.51092529296875,163.47000122070312,1196.0142822265625,2923.49267578125,1376.9365234375,1507.066650390625,912.0157470703124,698.6100463867188,5600.1259765625,960.9370727539062,2438.1005859375,1394.344970703125,1924.3931884765625,11.850000381469728,923.5042114257812,1440.7236328125,177.47076416015625,309.80975341796875,1242.065673828125,428.8096618652344,4130.06005859375,3636.708984375,766.8930053710938,15258.755859375,2520.623046875,1299.055419921875,82.93875885009766,368.4500122070313,268.2867736816406,5704.18798828125,294.45001220703125,1461.9405517578125,2023.4871826171875,1161.9556884765625,26735.505859375,3136.18896484375,1706.627197265625,1142.928955078125,203.3954162597656,2855.21875,1593.00244140625,4235.203125,3851.637451171875,12709.5771484375,689.632568359375,227.21502685546875
2026-02-12,5697.8447265625,1661.685302734375,2210.8115234375,997.6500244140624,1537.221435546875,530.2254028320312,7520.25,1338.9674072265625,9703.4404296875,2035.3631591796875,992.995849609375,169.5399932861328,1989.462158203125,377.7000122070313,6002.03955078125,1731.1201171875,1317.6385498046875,408.2276916503906,2113.9794921875,512.8960571289062,6159.599609375,643.7181396484375,1266.865966796875,7860.68408203125,286.1224975585937,163.72000122070312,1191.7591552734375,2916.41455078125,1393.5537109375,1433.7337646484375,905.6215209960938,700.2044067382812,5649.89404296875,959.3951416015624,2385.436279296875,1418.045166015625,1912.538330078125,11.550000190734863,921.2079467773438,1356.64306640625,174.33853149414062,309.0309753417969,1240.773193359375,425.515380859375,4145.41015625,3555.75927734375,767.1419067382812,15173.6103515625,2399.665771484375,1299.25439453125,82.23999786376953,368.25,269.9965515136719,5433.12939453125,293.8999938964844,1442.231689453125,2019.29296875,1171.2874755859375,26271.7109375,3133.10400390625,1710.4173583984375,1139.6566162109375,203.9049072265625,2698.514404296875,1497.6795654296875,4261.8154296875,3867.681396484375,12768.376953125,691.206298828125,216.606201171875
2026-02-13,5689.97021484375,1627.6820068359375,2135.645263671875,950.5,1512.6251220703125,516.8914794921875,7523.7412109375,1331.2733154296875,9624.55078125,2021.4749755859373,1018.4891357421876,165.44000244140625,1979.783935546875,374.1000061035156,5882.5302734375,1708.7288818359375,1319.1246337890625,398.2935180664063,2097.47412109375,505.8870239257813,6143.16748046875,618.6331176757812,1260.1087646484375,7981.41943359375,287.3183898925781,161.69000244140625,1182.9517822265625,2879.031005859375,1397.036376953125,1413.4334716796875,889.1932373046875,694.3253173828125,5503.0537109375,904.2825927734376,2281.988525390625,1402.77392578125,1908.8521728515625,11.300000190734863,924.552490234375,1340.1009521484375,173.02691650390625,305.4291076660156,1224.9639892578125,419.9250183105469,4133.5263671875,3496.679443359375,756.689697265625,15085.49609375,2394.2119140625,1276.4639892578125,79.43000030517578,363.0,261.2522888183594,5460.0361328125,287.20001220703125,1413.0665283203125,2031.3760986328125,1177.377685546875,26062.255859375,3101.260498046875,1693.062744140625,1122.7000732421875,199.07452392578125,2641.700439453125,1495.5352783203125,4165.53173828125,3851.13916015625,12703.697265625,662.5842895507812,211.6725311279297
2026-02-16,5795.7861328125,1622.8101806640625,2183.623779296875,991.25,1533.6365966796875,522.1156005859375,7609.14208984375,1357.2532958984375,9562.91796875,2049.1513671875,1006.5624389648438,167.92999267578125,2004.177001953125,374.3500061035156,6005.97412109375,1714.1268310546875,1343.793212890625,411.4904174804688,2093.916259765625,507.6639709472656,6124.24560546875,635.8173217773438,1261.400634765625,7927.484375,288.0160217285156,164.82000732421875,1191.2642822265625,2903.654296875,1413.6534423828125,1419.84423828125,910.7368774414062,701.400146484375,5412.3876953125,902.7406616210938,2295.649658203125,1399.7989501953125,1914.7298583984373,11.43000030517578,930.39306640625,1336.6751708984375,171.4412078857422,309.5177307128906,1241.0714111328125,424.8664855957031,4160.859375,3473.225830078125,769.3318481445312,14901.3447265625,2397.231201171875,1283.629638671875,80.45999908447266,369.1000061035156,265.306884765625,5562.6796875,300.5,1430.4859619140625,2039.5648193359373,1186.70947265625,26246.77734375,3199.8759765625,1696.054931640625,1129.641357421875,201.65138244628903,2655.830322265625,1474.3848876953125,4167.42529296875,3794.13818359375,12721.3369140625,668.6332397460938,210.85189819335935
2026-02-17,5744.6005859375,1629.96875,2241.8974609375,1016.7999877929688,1559.7266845703125,519.4288940429688,7592.6611328125,1356.154052734375,9690.1279296875,2042.656982421875,1007.9539184570312,168.42999267578125,1995.1900634765625,374.9500122070313,6044.8271484375,1731.419921875,1331.409423828125,410.5651550292969,2125.938720703125,510.1813049316406,6162.08935546875,631.126220703125,1276.70361328125,7951.73046875,287.8665466308594,165.75,1202.1497802734375,2891.392578125,1427.2855224609375,1440.047119140625,910.6385498046876,703.2933349609375,5496.1552734375,885.4806518554688,2289.01708984375,1395.7332763671875,1920.9063720703125,11.380000114440918,942.2738037109376,1361.73291015625,172.0872344970703,316.8188171386719,1237.491943359375,423.7184753417969,4238.40185546875,3452.93896484375,771.0738525390625,15028.072265625,2400.83447265625,1279.151123046875,79.02999877929688,368.3999938964844,265.6000061035156,5608.5205078125,300.75,1416.450927734375,2036.6688232421875,1191.9156494140625,26301.634765625,3170.818603515625,1712.611572265625,1138.86328125,198.9765472412109,2666.427490234375,1485.203857421875,4222.54443359375,3864.293212890625,12724.27734375,657.2238159179688,213.2544708251953
2026-02-18,5789.38818359375,1631.161865234375,2210.211669921875,1000.0999755859376,1544.291748046875,520.4239501953125,7638.60791015625,1375.9388427734375,9841.498046875,2058.84326171875,1017.544921875,171.74000549316406,1996.6715087890625,380.8999938964844,6074.82763671875,1716.325927734375,1337.2545166015625,412.4894714355469,2178.22216796875,504.0607299804688,6257.6953125,634.484130859375,1272.23193359375,7926.49462890625,289.8597412109375,167.30999755859375,1204.9205322265625,2924.68896484375,1427.68359375,1425.089111328125,909.6548461914062,727.0087890625,5510.93798828125,894.5831909179688,2300.1044921875,1396.4273681640625,1952.2872314453125,11.5600004196167,943.1224365234376,1344.603515625,174.95518493652344,323.6331787109375,1244.05419921875,425.6152038574219,4284.05615234375,3493.809814453125,792.3267211914062,15013.2216796875,2372.2021484375,1294.676513671875,80.08999633789062,368.3999938964844,264.6000061035156,5501.890625,300.54998779296875,1434.666748046875,2056.740966796875,1197.3182373046875,26565.947265625,3172.311279296875,1719.8924560546875,1159.8853759765625,204.8063201904297,2644.349609375,1466.68505859375,4234.70458984375,3871.667236328125,12790.9169921875,666.8628540039062,209.55670166015625
2026-02-19,5629.92529296875,1608.294189453125,2155.736083984375,976.5,1506.9490966796875,509.62744140625,7583.671875,1355.5545654296875,9593.9814453125,2031.4664306640625,1010.836181640625,169.47000122070312,1963.884033203125,367.6499938964844,6008.43310546875,1675.9417724609375,1316.548828125,410.6638488769531,2141.94970703125,495.225341796875,6271.6376953125,612.8062744140625,1274.2193603515625,7815.16064453125,287.3183898925781,166.8800048828125,1176.2225341796875,2855.40478515625,1389.175537109375,1408.771484375,900.702880859375,730.5462646484375,5336.0107421875,900.9500122070312,2256.349365234375,1377.189697265625,1928.677001953125,11.260000228881836,925.8504028320312,1341.471435546875,170.6092071533203,317.3542175292969,1221.384521484375,415.6823425292969,4239.09521484375,3396.135498046875,776.5986328125,14754.81640625,2314.645263671875,1272.383544921875,79.22000122070312,363.2000122070313,274.6499938964844,5247.7734375,294.6499938964844,1403.0130615234375,2040.1639404296875,1184.3519287109375,26147.03515625,3091.906494140625,1708.9212646484375,1150.7625732421875,201.2594757080078,2627.66845703125,1441.8309326171875,4184.4697265625,3816.759521484375,12434.1982421875,665.0432739257812,208.82505798339844
2026-02-20,5893.23583984375,1603.3228759765625,2159.83447265625,968.25,1505.1566162109375,509.4781494140625,7606.64501953125,1367.24560546875,9670.8984375,2056.744873046875,1023.90576171875,171.35000610351562,1952.8232421875,366.2999877929688,5998.59716796875,1668.9444580078125,1328.6353759765625,417.9662780761719,2172.2919921875,503.1722412109375,6265.16455078125,621.4971313476562,1272.331298828125,7854.25146484375,291.6037902832031,168.47000122070312,1193.3424072265625,2824.00244140625,1405.8922119140625,1395.2703857421875,897.0138549804688,726.062255859375,5385.77880859375,930.8440551757812,2291.195068359375,1382.8419189453125,1928.7764892578125,11.15999984741211,924.552490234375,1324.5377197265625,170.11000061035156,318.32769775390625,1228.7423095703125,420.6238098144531,4338.22705078125,3377.3330078125,784.6119995117188,14828.0810546875,2311.821044921875,1287.6104736328125,80.12999725341797,372.9500122070313,278.6499938964844,5074.37548828125,298.95001220703125,1412.8675537109375,2077.112548828125,1194.5677490234375,26441.271484375,3190.521728515625,1719.8924560546875,1146.4986572265625,204.1498565673828,2635.81298828125,1419.998291015625,4222.54443359375,3802.90771484375,12510.6376953125,671.23974609375,207.4903106689453
2026-02-23,5824.82421875,1609.4873046875,2190.020751953125,970.3499755859376,1549.270751953125,512.7619018554688,7684.0546875,1385.63134765625,9768.03125,2049.850830078125,1024.700927734375,173.64999389648438,1972.4759521484373,372.1000061035156,6022.2041015625,1689.1365966796875,1314.1710205078125,420.3840026855469,2170.414306640625,507.7626647949219,6267.654296875,618.5343627929688,1299.1611328125,7955.1943359375,295.1915283203125,167.1300048828125,1210.1654052734375,2864.476318359375,1405.792724609375,1385.265869140625,908.5726928710938,739.813232421875,5408.93798828125,911.4452514648438,2321.78369140625,1387.7010498046875,1946.40966796875,10.979999542236328,918.2626953125,1299.3822021484375,172.72348022460938,316.7701416015625,1233.4154052734375,429.9577026367188,4375.3642578125,3411.276611328125,797.8016357421875,14922.13671875,2249.491943359375,1308.8084716796875,78.91000366210938,375.4500122070313,275.6499938964844,4960.27197265625,303.3500061035156,1421.4278564453125,2106.671630859375,1206.0606689453125,26481.16796875,3286.05224609375,1727.7718505859375,1161.9678955078125,203.93429565429688,2626.0986328125,1404.403564453125,4258.72607421875,3815.762939453125,12716.4365234375,670.0594482421875,203.56512451171875
2026-02-24,5961.1552734375,1609.7855224609375,2182.0244140625,981.3499755859376,1548.8724365234375,511.9658508300781,7711.52294921875,1386.5306396484375,9692.5927734375,2041.5579833984373,1017.2964477539062,180.5500030517578,1916.8756103515625,374.4500122070313,6061.548828125,1734.418701171875,1314.369140625,425.2687377929688,2210.244873046875,511.415283203125,6229.81005859375,604.0660400390625,1292.0064697265625,7846.8291015625,294.64337158203125,167.86000061035156,1221.7435302734375,2870.358154296875,1396.83740234375,1300.762939453125,895.6858520507812,732.1405639648438,5431.11181640625,918.0607299804688,2334.85107421875,1373.2230224609375,1896.6983642578125,10.90999984741211,929.8938598632812,1248.4835205078125,176.37448120117188,314.9205322265625,1247.33544921875,426.962890625,4218.00146484375,3397.52099609375,806.6611328125,14777.587890625,2164.958251953125,1313.68505859375,80.80000305175781,382.75,276.5,4645.86376953125,304.79998779296875,1422.2242431640625,2080.008544921875,1201.640380859375,26456.232421875,3349.142333984375,1727.273193359375,1168.1158447265625,204.904296875,2525.423095703125,1311.322509765625,4280.45458984375,3802.90771484375,12700.7568359375,683.681884765625,197.8800506591797
2026-02-25,6070.90869140625,1614.5579833984375,2230.70263671875,964.1500244140624,1522.2843017578125,508.5825805664063,7773.9501953125,1401.9188232421875,9956.8740234375,2047.5528564453125,1014.8117065429688,182.8800048828125,1889.6187744140625,381.0499877929688,6057.12255859375,1753.8111572265625,1333.5888671875,432.8179016113281,2243.947265625,512.0076293945312,6369.2353515625,603.62158203125,1298.266845703125,7925.01025390625,298.0816345214844,170.0,1224.514404296875,2869.460693359375,1410.56884765625,1338.6435546875,892.8330078125,732.6387939453125,5654.32861328125,932.5352172851562,2350.98681640625,1388.791748046875,1931.9644775390625,10.729999542236328,935.834228515625,1262.7742919921875,179.15435791015625,311.2699890136719,1267.7183837890625,424.2176208496094,4256.9208984375,3455.01708984375,802.6793212890625,14920.15625,2198.655029296875,1317.06884765625,81.86000061035156,384.8999938964844,277.45001220703125,4714.625,307.25,1392.063720703125,2070.721435546875,1178.85107421875,26795.3515625,3334.414794921875,1759.58837890625,1162.463623046875,210.30296325683597,2579.980224609375,1327.30712890625,4310.85498046875,3918.304443359375,12780.13671875,715.8447875976562,199.63995361328125
2026-02-26,6036.94921875,1603.820068359375,2215.409423828125,965.9500122070312,1544.092529296875,509.62744140625,7765.95947265625,1394.424560546875,9969.693359375,2039.5596923828125,1006.76123046875,186.1000061035156,1905.6173095703125,386.0,6036.46630859375,1747.4136962890625,1345.477294921875,427.7851257324219,2268.557373046875,517.7333374023438,6447.41259765625,603.2265014648438,1310.9862060546875,8105.1240234375,298.48028564453125,169.9600067138672,1226.2955322265625,2854.607177734375,1406.6881103515625,1334.0784912109375,883.9794311523438,731.3931884765625,5703.111328125,936.4149780273438,2359.30224609375,1393.155029296875,1939.13720703125,10.850000381469728,963.0401611328124,1261.7955322265625,182.52151489257807,309.8584289550781,1273.286376953125,423.81829833984375,4245.037109375,3448.386962890625,802.0820922851562,15061.734375,2202.453125,1311.694580078125,82.55999755859375,381.8999938964844,280.1000061035156,4764.9501953125,303.25,1400.3255615234375,2079.90869140625,1188.084716796875,26675.662109375,3320.58251953125,1781.0322265625,1149.77099609375,211.16519165039065,2598.03515625,1327.30712890625,4328.3974609375,3940.427001953125,12678.216796875,725.3363037109375,198.8094482421875
2026-02-27,5977.88916015625,1583.2391357421875,2160.833984375,947.3499755859376,1514.61669921875,497.9352722167969,7812.4052734375,1382.83349609375,9834.1015625,1991.700439453125,989.8154296875,181.97999572753903,1855.942626953125,385.3999938964844,5904.16943359375,1730.1204833984375,1335.6693115234375,424.9726867675781,2228.232666015625,511.8595275878906,6382.181640625,596.3626708984375,1278.1942138671875,7927.484375,298.8291015625,169.52999877929688,1204.8216552734375,2791.10498046875,1390.1705322265625,1349.2308349609375,873.3060302734375,712.7595825195312,5627.2275390625,919.901123046875,2314.557373046875,1367.3724365234375,1894.3074951171875,10.59000015258789,955.202880859375,1272.5625,183.50033569335935,305.2830810546875,1257.4771728515625,414.48443603515625,4236.91650390625,3362.0927734375,785.0599365234375,14709.2744140625,2236.539306640625,1285.5203857421875,81.73999786376953,381.8999938964844,279.70001220703125,4716.6181640625,298.6499938964844,1387.48486328125,2034.3719482421875,1180.4227294921875,26007.3984375,3401.88330078125,1732.4595947265625,1131.42626953125,208.0396423339844,2587.92822265625,1323.408447265625,4313.3466796875,3856.221435546875,12423.41796875,706.5992431640625,198.69081115722656
2026-03-02,5889.298828125,1544.2646484375,2123.650634765625,903.5499877929688,1464.1295166015625,488.3328247070313,7782.4404296875,1371.2425537109375,9640.3291015625,1940.244384765625,972.2732543945312,177.66000366210938,1849.9183349609373,374.7999877929688,5861.38232421875,1703.031005859375,1339.0377197265625,420.6307067871094,2189.093994140625,501.0991516113281,6377.2021484375,582.8819580078125,1286.2430419921875,7744.896484375,293.9457702636719,165.07000732421875,1163.7537841796875,2768.6748046875,1347.2843017578125,1331.6502685546875,865.0918579101562,704.7880249023438,5510.4453125,935.1217041015624,2297.233642578125,1362.5133056640625,1888.330078125,10.289999961853027,940.9758911132812,1261.5997314453125,175.31735229492188,306.548583984375,1260.0623779296875,412.3880310058594,4027.36328125,3299.648681640625,775.6032104492188,14244.9375,2196.609619140625,1273.5777587890625,81.26000213623047,377.5499877929688,282.20001220703125,4657.224609375,296.79998779296875,1351.75,2029.37890625,1168.831787109375,26057.26953125,3325.259765625,1747.9190673828125,1115.7587890625,206.74630737304688,2564.4765625,1311.322509765625,4256.33349609375,3799.818603515625,12270.5380859375,711.4678344726562,196.32778930664065
2026-03-04,5739.18701171875,1520.8997802734375,2075.572021484375,871.9500122070312,1428.380126953125,473.8047180175781,7657.08642578125,1350.2586669921875,9518.54296875,1887.689208984375,939.3257446289062,177.41000366210938,1882.2119140625,356.3999938964844,5793.02099609375,1652.9508056640625,1300.99462890625,429.4133605957031,2158.257568359375,481.1578369140625,6290.0615234375,561.9942016601562,1283.063232421875,7547.4638671875,285.4747314453125,154.61000061035156,1125.6546630859375,2674.866943359375,1312.1593017578125,1324.8511962890625,854.5167846679688,682.1686401367188,5420.271484375,917.0161743164062,2238.53076171875,1353.9852294921875,1848.4814453125,9.989999771118164,926.050048828125,1279.7078857421875,166.83094787597656,303.6768493652344,1206.072509765625,402.6548461914063,3845.044189453125,3230.376220703125,768.3363647460938,14017.224609375,2208.004150390625,1239.342529296875,76.70999908447266,365.7999877929688,276.95001220703125,4692.80126953125,291.95001220703125,1338.8099365234375,1927.919921875,1153.704345703125,25289.265625,3145.542724609375,1745.92431640625,1101.28125,192.75485229492188,2539.2587890625,1316.9754638671875,4190.64892578125,3733.649658203125,11864.8193359375,689.4850463867188,193.3418884277344
2026-03-05,5836.14404296875,1514.8349609375,2088.266357421875,884.5499877929688,1493.0078125,477.6357727050781,7765.95947265625,1348.060302734375,9668.43359375,1910.1700439453125,956.5200805664062,185.02999877929688,1883.2982177734373,360.3500061035156,5865.31689453125,1668.3447265625,1314.072021484375,443.4754943847656,2174.9609375,481.65142822265625,6338.3623046875,577.8945922851562,1305.22265625,7674.63232421875,288.7136535644531,156.72999572753906,1120.6077880859375,2715.64013671875,1345.791748046875,1315.2352294921875,863.4686889648438,681.8696899414062,5507.48876953125,949.994140625,2232.294189453125,1346.2503662109375,1868.10693359375,10.220000267028809,935.6845092773438,1278.141845703125,167.9076385498047,303.23876953125,1240.971923828125,406.5980224609375,3999.634033203125,3313.206298828125,775.3045043945312,14271.6689453125,2173.333740234375,1244.9156494140625,78.44000244140625,378.0499877929688,276.3500061035156,4625.63427734375,299.45001220703125,1383.005615234375,1942.2999267578125,1148.79296875,25134.66796875,3199.975341796875,1779.8353271484375,1109.7099609375,196.51727294921875,2530.427490234375,1299.5289306640625,4261.2177734375,3805.099853515625,12042.19921875,699.566650390625,193.4704132080078
2026-03-06,5967.0615234375,1492.563720703125,2038.9884033203125,858.4000244140625,1471.29931640625,464.4510192871094,7715.51806640625,1314.7860107421875,9679.7734375,1867.306640625,944.3945922851562,183.02999877929688,1847.5482177734373,352.75,5884.9892578125,1625.6614990234375,1308.9202880859375,434.64349365234375,2178.914306640625,472.4705505371094,6303.00830078125,570.3887939453125,1295.5838623046875,7541.5263671875,285.5245361328125,155.7100067138672,1104.9722900390625,2709.957763671875,1342.508056640625,1317.7606201171875,843.10546875,666.1756591796875,5432.59033203125,953.9236450195312,2203.2890625,1302.419921875,1873.1876220703125,10.0600004196167,916.36572265625,1280.686767578125,165.1082000732422,301.48651123046875,1226.6541748046875,399.1109313964844,3911.593994140625,3297.867431640625,781.6754150390625,14018.21484375,2156.972412109375,1246.408447265625,79.79000091552734,380.6000061035156,278.95001220703125,4760.96435546875,299.1499938964844,1398.334716796875,1941.5999755859373,1122.7620849609375,24810.509765625,3252.9150390625,1794.6964111328125,1107.330078125,194.4499053955078,2509.625244140625,1297.9693603515625,4230.7177734375,3770.81982421875,11747.220703125,709.156494140625,193.19357299804688
2026-03-09,5888.806640625,1442.155517578125,1998.3065185546875,854.1500244140625,1415.335205078125,449.7239379882813,7769.95458984375,1287.3072509765625,9252.783203125,1839.929931640625,932.31884765625,174.1199951171875,1843.4990234375,331.1499938964844,5793.5126953125,1582.3785400390625,1312.68505859375,431.8804016113281,2131.177001953125,460.7229614257813,6304.00439453125,567.821044921875,1278.8897705078125,7190.7001953125,272.3694763183594,148.97999572753906,1069.0504150390625,2672.873291015625,1324.79638671875,1319.606201171875,827.0215454101562,651.42822265625,5400.5615234375,940.4439086914062,2172.50244140625,1267.7125244140625,1882.552001953125,9.90999984741211,879.7750244140625,1287.14697265625,157.80616760253906,297.8846435546875,1185.7889404296875,385.6841430664063,3804.93603515625,3154.473388671875,774.4583740234375,13373.6875,2130.579833984375,1229.887939453125,79.12999725341797,376.25,270.79998779296875,4766.544921875,295.20001220703125,1417.4462890625,1912.5,1079.050048828125,23528.841796875,3213.110595703125,1802.675537109375,1093.249267578125,187.15042114257807,2479.99169921875,1302.4530029296875,4145.59716796875,3615.1640625,11150.40234375,697.7470703125,196.50575256347656
2026-03-10,6127.01611328125,1465.520263671875,1995.6077880859373,856.9000244140625,1418.1234130859375,459.8239440917969,7793.9267578125,1313.686767578125,9476.6328125,1866.2076416015625,934.05810546875,182.25999450683597,1827.4017333984373,325.8999938964844,5870.23486328125,1621.26318359375,1321.10595703125,437.7026062011719,2172.6875,474.7410583496094,6345.83154296875,577.302001953125,1306.3157958984375,7458.396484375,275.060302734375,150.2899932861328,1100.0244140625,2735.37841796875,1351.2645263671875,1322.4229736328125,835.629150390625,653.7698364257812,5628.70556640625,951.6355590820312,2168.146484375,1300.9324951171875,1882.1536865234373,10.010000228881836,897.2467651367188,1268.1578369140625,156.55328369140625,300.8537292480469,1207.3651123046875,391.1746520996094,3838.5078125,3259.470703125,786.3042602539062,13729.1181640625,2144.701416015625,1235.261962890625,79.66999816894531,377.2999877929688,269.20001220703125,4811.189453125,298.6499938964844,1402.3162841796875,1963.699951171875,1092.5074462890625,23897.8828125,3258.8857421875,1808.0614013671875,1090.2744140625,191.059814453125,2465.9599609375,1302.745361328125,4206.2978515625,3771.916259765625,11420.880859375,710.1400756835938,198.6611328125
2026-03-11,6181.64697265625,1448.0216064453125,1973.8173828125,849.6500244140625,1404.8792724609375,455.5451049804688,7675.0654296875,1254.832275390625,9198.052734375,1793.7694091796875,888.1901245117188,182.47000122070312,1784.5411376953125,325.04998779296875,5824.49658203125,1556.78857421875,1317.1431884765625,440.8604431152344,2031.6502685546875,465.8069763183594,6326.41162109375,566.0927734375,1317.1470947265625,7178.32958984375,268.5325927734375,147.97000122070312,1080.0347900390625,2727.1044921875,1358.727294921875,1311.54443359375,820.38134765625,645.5989990234375,5494.18408203125,954.12255859375,2139.636474609375,1283.777099609375,1868.10693359375,9.710000038146973,875.7316284179688,1249.2667236328125,157.2286834716797,300.8050842285156,1172.06787109375,382.5395812988281,3801.667724609375,3135.27490234375,758.133056640625,13362.796875,2127.85302734375,1227.7978515625,79.7300033569336,379.8999938964844,270.75,4731.267578125,298.79998779296875,1383.8017578125,1938.5999755859373,1071.781005859375,23678.453125,3256.198974609375,1821.127197265625,1064.3934326171875,190.80506896972656,2418.6640625,1300.60107421875,4126.7587890625,3588.258056640625,11232.7216796875,709.6974487304688,199.9464569091797
2026-03-12,6308.626953125,1425.1539306640625,2001.105224609375,866.5499877929688,1385.66015625,444.25103759765625,7565.6923828125,1233.5487060546875,9034.849609375,1769.290283203125,857.8267211914062,178.00999450683594,1778.9119873046875,326.3500061035156,5692.19970703125,1525.5008544921875,1311.9915771484375,463.9026184082031,1952.7799072265625,453.4670715332031,6256.201171875,551.179931640625,1310.6881103515625,6903.21044921875,269.3298645019531,152.35000610351562,1041.3419189453125,2664.798583984375,1347.2843017578125,1319.1204833984375,819.2008666992188,643.4067993164062,5316.30078125,964.7173461914062,2115.383056640625,1255.9119873046875,1848.2822265625,9.5600004196167,830.005615234375,1238.9891357421875,158.7451629638672,296.0350341796875,1165.9031982421875,374.6531677246094,3683.521728515625,2999.698486328125,753.7033081054688,12881.62890625,2128.145263671875,1214.959716796875,80.87000274658203,390.5499877929688,270.54998779296875,4698.08251953125,303.6000061035156,1385.7926025390625,1939.4000244140625,1065.9854736328125,23439.07421875,3308.4423828125,1820.52880859375,1048.9244384765625,189.56072998046875,2396.5859375,1315.611083984375,4116.09375,3410.6787109375,10867.18359375,707.7794799804688,200.22329711914065
2026-03-13,6292.38525390625,1368.4818115234375,1960.2235107421875,861.3499755859375,1357.4788818359375,423.25494384765625,7541.22119140625,1196.3773193359375,8751.8330078125,1736.5181884765625,849.825927734375,175.5,1780.98583984375,319.29998779296875,5713.34765625,1513.4056396484375,1302.480712890625,460.8434753417969,1934.396484375,447.6919860839844,6046.06787109375,536.0203247070312,1284.1563720703125,6671.140625,262.15435791015625,147.77999877929688,1017.196044921875,2560.623046875,1303.7015380859375,1287.3590087890625,803.7071533203125,623.5276489257812,5130.533203125,905.3271484375,2138.250732421875,1244.3099365234375,1830.1510009765625,9.270000457763672,813.0830688476562,1221.8597412109375,155.15713500976562,293.455322265625,1112.9075927734375,366.2177429199219,3405.73486328125,2900.638916015625,748.9749755859375,12465.8056640625,2059.58349609375,1196.4486083984375,78.58999633789062,384.4500122070313,264.1000061035156,4622.744140625,300.95001220703125,1374.3455810546875,1904.4000244140625,1028.4619140625,22905.4609375,3191.9150390625,1796.890625,1074.5078125,179.80197143554688,2365.284423828125,1299.0416259765625,4059.878173828125,3312.92041015625,10403.64453125,678.2230834960938,195.34896850585935
2026-03-16,6120.6181640625,1365.3001708984375,1977.115966796875,866.9500122070312,1368.134033203125,426.886962890625,7481.291015625,1213.763916015625,8947.0849609375,1772.3875732421875,872.7848510742188,162.5399932861328,1766.5673828125,304.95001220703125,5746.298828125,1526.5003662109375,1287.9173583984375,454.2318115234375,1918.484130859375,452.9734802246094,6046.06787109375,523.7740478515625,1268.8533935546875,6756.744140625,259.9618835449219,146.05999755859375,1030.258544921875,2646.156494140625,1290.8656005859375,1290.4671630859375,826.9231567382812,623.7767944335938,5201.982421875,916.3695678710938,2153.79248046875,1262.258544921875,1843.5003662109373,9.390000343322754,823.7158203125,1223.3280029296875,147.64410400390625,300.0749816894531,1139.057373046875,369.2125854492188,3435.8408203125,3004.5478515625,746.6853637695312,12630.154296875,2026.7633056640625,1207.5950927734375,77.55999755859375,382.3999938964844,260.45001220703125,4622.744140625,297.75,1388.6793212890625,1909.199951171875,1047.8131103515625,23254.5546875,3134.19873046875,1778.5386962890625,1083.531494140625,183.1626739501953,2364.0087890625,1305.5718994140625,4077.4208984375,3363.045166015625,10876.9833984375,674.3379516601562,192.9068603515625
2026-03-17,6211.66943359375,1377.0322265625,1974.5172119140625,868.6500244140625,1359.769287109375,432.0613708496094,7491.279296875,1227.153564453125,8983.5712890625,1773.1868896484375,863.2931518554688,159.5800018310547,1804.2926025390625,300.04998779296875,5761.544921875,1528.399658203125,1269.985595703125,456.1560974121094,1910.3797607421875,446.8035278320313,6061.50439453125,541.0076904296875,1275.7099609375,6838.38916015625,263.6492614746094,147.7100067138672,1030.258544921875,2674.966796875,1310.5672607421875,1283.182373046875,831.5958251953125,640.0188598632812,5277.37353515625,931.7891235351562,2136.46875,1277.9263916015625,1828.85595703125,9.25,819.5225830078125,1206.785888671875,145.3842315673828,296.76513671875,1160.533935546875,373.5550842285156,3508.531005859375,3096.38330078125,751.314208984375,12843.0166015625,2019.946044921875,1201.1260986328125,79.22000122070312,383.3500061035156,264.75,4513.72265625,298.5,1391.167724609375,1932.0999755859373,1045.8485107421875,23613.62109375,3157.981689453125,1789.70947265625,1068.954833984375,191.48110961914065,2346.837158203125,1307.813720703125,4077.121826171875,3479.8369140625,10893.6435546875,687.8621215820312,189.1596527099609
2026-03-18,6238.24658203125,1397.1160888671875,2006.3028564453125,891.2999877929688,1396.0166015625,439.0766296386719,7462.31298828125,1252.2342529296875,9142.3369140625,1790.2723388671875,874.7228393554688,163.5,1832.339599609375,303.70001220703125,5788.5947265625,1523.6015625,1256.7100830078125,449.1990661621094,1918.978271484375,446.0631408691406,6114.78466796875,556.1179809570312,1286.640625,6954.67138671875,270.5756225585937,150.9499969482422,1042.826416015625,2714.643310546875,1337.2344970703125,1318.246337890625,829.333251953125,641.0651245117188,5347.34423828125,928.207763671875,2113.79931640625,1278.521484375,1824.2733154296875,9.4399995803833,840.7882080078125,1240.261474609375,146.96018981933594,295.986328125,1173.5592041015625,374.75299072265625,3573.001220703125,3181.19287109375,752.5585327148438,12918.26171875,2068.348388671875,1199.0362548828125,79.48999786376953,378.5,265.0,4682.33740234375,299.3999938964844,1401.6195068359375,1962.5,1050.8582763671875,23862.97265625,3205.14990234375,1773.651611328125,1066.0792236328125,191.46153259277344,2395.01611328125,1350.1142578125,4131.94189453125,3560.35546875,11022.0224609375,667.8463745117188,192.1060028076172
2026-03-19,6116.68115234375,1345.116943359375,1935.9344482421875,854.9000244140625,1350.3092041015625,417.8815612792969,7243.5673828125,1206.06982421875,8745.4228515625,1713.4378662109375,827.1155395507812,158.05999755859375,1804.2926025390625,286.0,5580.55908203125,1454.5286865234375,1227.682373046875,448.2122497558594,1867.6829833984373,424.6903991699219,5947.97216796875,535.5264892578125,1266.468505859375,6722.60205078125,264.9946594238281,144.27000427246094,1011.5553588867188,2599.80078125,1287.8804931640625,1274.1494140625,785.2130126953125,631.2501220703125,5097.51904296875,892.3945922851562,2056.383544921875,1239.6490478515625,1785.3212890625,8.9399995803833,814.97998046875,1194.9422607421875,141.46913146972656,290.0968017578125,1124.44140625,367.5155029296875,3401.278564453125,3013.7509765625,737.8756713867188,12473.7255859375,1993.943115234375,1180.624755859375,77.94000244140625,374.0499877929688,269.1000061035156,4586.86865234375,296.70001220703125,1378.4267578125,1903.0999755859373,1030.3282470703125,23274.501953125,3063.94384765625,1739.8402099609375,1035.8350830078125,186.66053771972656,2311.806640625,1306.64404296875,4024.693603515625,3442.16845703125,10597.6845703125,654.4205932617188,186.2825164794922
2026-03-20,6198.380859375,1373.4530029296875,1926.23876953125,863.0999755859375,1359.6697998046875,418.47857666015625,7355.93701171875,1202.9722900390625,8925.390625,1708.8419189453125,825.4755859375,158.44000244140625,1823.1551513671875,287.79998779296875,5526.4599609375,1439.9344482421875,1244.72265625,461.9783325195313,1874.0084228515625,425.18402099609375,6074.94873046875,534.0451049804688,1290.7147216796875,6837.39990234375,266.19061279296875,142.8699951171875,1007.0032348632812,2608.1748046875,1274.8453369140625,1295.4207763671875,767.7518310546875,621.4351196289062,5199.02587890625,869.7129516601562,2061.72900390625,1234.9884033203125,1770.4775390625,9.34000015258789,817.2762451171875,1229.2987060546875,143.32261657714844,291.9950866699219,1162.9202880859375,366.117919921875,3401.57568359375,3034.236083984375,740.9118041992188,12475.7060546875,2036.502197265625,1187.8897705078125,79.77999877929688,380.9500122070313,265.3999938964844,4700.375,297.6000061035156,1407.8905029296875,1896.9000244140625,1039.26708984375,23473.984375,3114.29638671875,1772.4547119140625,1041.3880615234375,192.79405212402344,2345.7578125,1349.7244873046875,4093.169189453125,3450.140625,10715.2841796875,661.1581420898438,188.744384765625
2026-03-23,5946.88232421875,1322.14990234375,1832.1807861328125,816.4500122070312,1298.1290283203125,393.4027099609375,7136.69189453125,1169.6978759765625,8654.20703125,1674.071533203125,807.63525390625,148.33999633789062,1773.5791015625,271.29998779296875,5400.0654296875,1380.35791015625,1210.4442138671875,449.2483825683594,1827.6549072265625,412.0049743652344,5988.80419921875,508.3674926757813,1245.402099609375,6612.25732421875,253.4840087890625,135.39999389648438,991.9615478515624,2523.239501953125,1224.8944091796875,1319.606201171875,732.04248046875,589.9971313476562,4991.5771484375,835.889404296875,2031.5361328125,1212.4781494140625,1715.6856689453125,8.699999809265137,777.09130859375,1230.1796875,136.8899383544922,282.7470397949219,1103.262939453125,355.9354858398437,3310.0693359375,2925.082275390625,721.998291015625,12232.15234375,2009.72021484375,1161.218017578125,75.08999633789062,372.3999938964844,265.45001220703125,4708.1474609375,302.1000061035156,1401.3209228515625,1832.300048828125,1013.6292724609376,22666.083984375,2973.687255859375,1753.8035888671875,1015.0112915039062,183.38803100585935,2339.085205078125,1348.9447021484375,3840.498291015625,3400.61376953125,10154.7255859375,635.142578125,185.42233276367188
2026-03-24,6065.4951171875,1326.6240234375,1817.0875244140625,839.5499877929688,1338.5587158203125,405.5426025390625,7404.38037109375,1191.78076171875,8774.513671875,1702.9468994140625,843.8129272460938,149.99000549316406,1779.7020263671875,282.25,5423.18017578125,1418.3428955078125,1208.0665283203125,436.2717590332031,1855.4276123046875,416.0030822753906,6001.25244140625,514.5399780273438,1251.662353515625,6799.79345703125,261.60626220703125,137.6699981689453,996.4147338867188,2541.482421875,1228.0784912109375,1333.88427734375,752.454833984375,600.8584594726562,5176.85205078125,850.2146606445312,2064.005859375,1240.7398681640625,1723.5557861328125,8.880000114440918,795.9608154296875,1251.224365234375,137.4747314453125,283.5258178710937,1127.225341796875,366.2177429199219,3482.782470703125,2999.797607421875,735.7354736328125,12340.068359375,2061.53125,1177.5394287109375,76.7699966430664,375.5499877929688,268.04998779296875,4896.69287109375,299.0,1405.302490234375,1836.0,1012.5487670898438,23264.529296875,2987.121337890625,1748.717041015625,1044.2637939453125,186.93487548828125,2353.803955078125,1396.4111328125,3886.746337890625,3467.579833984375,10548.6845703125,640.896484375,186.6087951660156
2026-03-25,6115.2041015625,1360.0306396484375,1885.7568359375,853.7999877929688,1370.125732421875,419.722412109375,7571.685546875,1221.158203125,8922.9248046875,1744.711181640625,877.356689453125,153.4199981689453,1812.0943603515625,284.54998779296875,5554.4931640625,1473.221435546875,1232.8341064453125,437.8506774902344,1898.025390625,425.4801635742188,5989.7998046875,527.7244262695312,1292.5032958984375,6920.0341796875,270.0274963378906,139.1999969482422,1028.774169921875,2639.5771484375,1262.10888671875,1341.6546630859375,769.5717163085938,610.7233276367188,5212.82275390625,864.1420288085938,2113.304443359375,1249.1688232421875,1763.603759765625,9.039999961853027,817.0765991210938,1252.00732421875,139.27865600585938,287.8578186035156,1149.39794921875,370.4604187011719,3614.000732421875,3095.591796875,750.3187866210938,12584.6123046875,2076.431640625,1198.3394775390625,77.8499984741211,378.3999938964844,270.20001220703125,4911.740234375,295.0,1406.596435546875,1851.800048828125,1041.821044921875,24167.181640625,3086.134765625,1790.7069091796875,1047.2386474609375,192.6764678955078,2332.80517578125,1372.82421875,4026.08935546875,3530.858642578125,10979.8828125,658.6500244140625,186.915283203125
2026-03-27,6009.3876953125,1306.8385009765625,1822.185302734375,832.5,1332.1856689453125,406.8362121582031,7540.22216796875,1204.271240234375,8777.4716796875,1693.255126953125,838.6446533203125,148.91000366210938,1820.9825439453125,282.70001220703125,5409.9013671875,1415.7440185546875,1230.753662109375,439.1828308105469,1855.32861328125,414.2261657714844,5972.86962890625,516.5151977539062,1273.623046875,6740.91015625,268.3830871582031,137.19000244140625,998.1959228515624,2620.037841796875,1225.4913330078125,1325.23974609375,743.8963623046875,608.0328979492188,5068.44677734375,862.2021484375,2053.512451171875,1223.4854736328125,1740.391845703125,8.890000343322754,791.2683715820312,1242.806396484375,136.54302978515625,286.88433837890625,1123.8448486328125,365.5189514160156,3529.625,3009.69384765625,739.0702514648438,12265.8134765625,2061.725830078125,1187.4915771484375,77.19999694824219,375.6499938964844,281.95001220703125,4882.8408203125,295.5,1341.8956298828125,1837.5999755859373,1001.4487915039062,23643.54296875,3033.990966796875,1788.91162109375,1039.702392578125,189.31578063964844,2344.97265625,1356.3521728515625,3968.478271484375,3433.199951171875,10827.9833984375,649.4000244140625,189.43649291992188
2026-03-30,5848.44873046875,1247.3824462890625,1758.0140380859375,806.9000244140625,1307.09130859375,399.2736511230469,7410.37353515625,1160.4051513671875,8659.630859375,1630.4088134765625,796.6527709960938,141.35000610351562,1760.2469482421875,281.0,5334.16259765625,1354.1680908203125,1212.82177734375,444.5116882324219,1767.8597412109375,405.193359375,5922.5771484375,497.84954833984375,1246.9920654296875,6517.7470703125,258.5168151855469,137.7100067138672,974.5447998046876,2549.7568359375,1184.6947021484375,1303.093994140625,719.6473999023438,588.50244140625,4989.6064453125,879.8600463867188,2034.505859375,1195.8187255859375,1704.1295166015625,8.529999732971191,751.2332153320312,1224.1109619140625,134.20387268066406,280.0699768066406,1116.08935546875,352.7909240722656,3470.205322265625,2923.99365234375,732.599853515625,12183.638671875,1999.39697265625,1169.1798095703125,76.2699966430664,370.6499938964844,284.6499938964844,4860.3193359375,296.1000061035156,1337.7149658203125,1777.300048828125,962.058837890625,22960.318359375,2920.64794921875,1752.606689453125,1006.28515625,187.98326110839844,2314.652099609375,1348.9447021484375,3938.4765625,3363.800048828125,10530.064453125,654.7999877929688,185.52120971679688
2026-04-01,5968.04541015625,1320.2607421875,1841.676513671875,851.9500122070312,1379.5858154296875,418.2795715332031,7297.00537109375,1192.1805419921875,8772.048828125,1645.5958251953125,812.3065795898438,147.6699981689453,1759.7530517578125,281.25,5384.3271484375,1373.0606689453125,1184.784912109375,443.4754943847656,1798.49853515625,409.6357116699219,5882.24365234375,503.4294738769531,1201.9774169921875,6754.76513671875,266.6889038085937,140.6699981689453,987.1619873046876,2584.747802734375,1180.01806640625,1315.5267333984375,730.17333984375,570.9151611328125,5047.7509765625,899.9053955078125,2043.91015625,1202.561767578125,1688.4888916015625,8.640000343322754,784.3795776367188,1248.6793212890625,134.52105712890625,283.9638977050781,1133.8870849609375,355.43634033203125,3572.60498046875,2999.99560546875,741.1109008789062,12384.62109375,2080.814208984375,1175.1510009765625,78.16999816894531,364.6499938964844,288.04998779296875,5031.6240234375,292.79998779296875,1362.8984375,1790.5,999.7789306640624,23204.68359375,3002.2470703125,1723.9818115234375,1015.2095947265624,190.66790771484372,2363.02734375,1368.925537109375,4052.20361328125,3425.800048828125,10499.6845703125,677.2000122070312,189.02122497558597
2026-04-02,6045.80810546875,1318.2723388671875,1833.3802490234373,856.0,1371.8184814453125,416.3889465332031,7308.9912109375,1196.9769287109375,8636.94921875,1639.3011474609375,821.7982177734375,146.33999633789062,1767.4560546875,278.1499938964844,5352.8515625,1355.767578125,1181.3175048828125,443.4261779785156,1808.1844482421875,411.90625,5832.44873046875,515.7744750976562,1209.6290283203125,6580.5888671875,264.6458740234375,141.72999572753906,984.440673828125,2556.136962890625,1174.744384765625,1361.9547119140625,738.6826171875,564.0894775390625,4938.85302734375,911.4949951171876,2044.5042724609373,1205.635986328125,1682.7108154296875,8.579999923706055,777.4407958984375,1273.247802734375,132.9451141357422,285.0834045410156,1134.781982421875,357.38299560546875,3578.151123046875,2980.4013671875,757.8841552734375,12505.4072265625,2152.2001953125,1185.600830078125,78.08000183105469,359.6499938964844,287.20001220703125,5209.60595703125,289.95001220703125,1344.2845458984375,1774.0,1000.3683471679688,23065.046875,3011.800048828125,1689.1729736328125,1033.2569580078125,190.2171936035156,2404.730224609375,1404.98828125,4083.800048828125,3391.39990234375,10407.564453125,687.6500244140625,192.7091217041016
2026-04-06,6096.501953125,1354.2640380859375,1901.349853515625,921.0999755859376,1381.2786865234375,427.9317932128906,7364.4267578125,1244.34033203125,8818.396484375,1670.874267578125,845.6515502929688,152.5800018310547,1770.5177001953125,278.70001220703125,5444.328125,1392.6529541015625,1189.7384033203125,453.49169921875,1808.382080078125,408.4017333984375,5797.0947265625,522.6383056640625,1210.1258544921875,6527.6435546875,270.5756225585937,143.13999938964844,991.5162353515624,2606.28076171875,1200.6153564453125,1363.023193359375,758.45556640625,578.3387451171875,5029.51904296875,922.6368408203124,2063.807861328125,1221.10546875,1706.5205078125,8.760000228881836,784.9286499023438,1278.5333251953125,132.86581420898438,287.0303649902344,1127.1258544921875,359.9285888671875,3691.642333984375,2990.198486328125,747.1333618164062,12561.8408203125,2176.839599609375,1210.1826171875,81.4000015258789,366.1000061035156,281.8500061035156,5291.02294921875,295.1499938964844,1298.6953125,1836.800048828125,1014.4642333984376,23633.568359375,3033.095458984375,1690.17041015625,1046.3460693359375,192.13758850097656,2427.4951171875,1412.7857666015625,4232.212890625,3487.800048828125,10735.86328125,690.0,195.06224060058597
2026-04-07,6170.8193359375,1332.2911376953125,1881.2587890625,925.3499755859376,1375.2042236328125,418.3790893554688,7317.98095703125,1249.1365966796875,8923.9111328125,1682.9639892578125,849.8756103515625,149.1300048828125,1807.5516357421875,277.45001220703125,5451.21337890625,1414.4444580078125,1191.2244873046875,456.8962097167969,1828.8409423828125,408.9446716308594,5825.9755859375,527.4775390625,1188.5625,6537.044921875,274.21319580078125,145.3800048828125,1018.4329833984376,2612.8603515625,1227.97900390625,1400.223876953125,759.4392700195312,579.6340942382812,4977.7802734375,949.5464477539062,2089.34814453125,1235.0875244140625,1720.0689697265625,8.630000114440918,783.5308837890625,1311.0301513671875,133.2523651123047,290.5348815917969,1145.3214111328125,362.3244934082031,3687.284912109375,2975.3544921875,749.821044921875,12670.7470703125,2267.314208984375,1216.9500732421875,81.73999786376953,368.8500061035156,286.6499938964844,5367.5576171875,295.3999938964844,1298.5958251953125,1841.4000244140625,1012.1558227539062,23289.462890625,3060.4609375,1713.5091552734375,1053.089111328125,194.12657165527344,2492.1591796875,1436.080322265625,4216.763671875,3470.60009765625,10717.244140625,713.25,202.4083404541016
2026-04-08,6462.18408203125,1402.8826904296875,2042.8865966796875,1029.6500244140625,1447.200927734375,444.5495300292969,7392.8935546875,1331.9727783203125,9236.0185546875,1783.0784912109375,909.4593505859376,164.75,1838.4625244140625,298.1000061035156,5502.853515625,1553.6898193359375,1204.5989990234375,443.3274841308594,1884.781494140625,421.7781677246094,5857.84423828125,565.7470703125,1183.8922119140625,7057.09912109375,283.4815368652344,153.3000030517578,1063.9539794921875,2747.640380859375,1240.218017578125,1419.067138671875,802.82177734375,596.1751098632812,5210.85205078125,946.8604736328124,2123.995849609375,1298.2550048828125,1743.878662109375,9.199999809265137,834.5982055664062,1317.68603515625,142.0836639404297,294.4288024902344,1187.479248046875,379.4948120117188,3967.1513671875,3176.739501953125,744.0474853515625,13466.7529296875,2289.421630859375,1207.8935546875,82.91000366210938,374.1499938964844,285.5,5355.2998046875,294.8500061035156,1341.5970458984375,1907.5999755859373,1042.656005859375,24296.845703125,3210.324462890625,1710.1180419921875,1059.5345458984375,200.05430603027344,2511.195068359375,1414.6375732421875,4477.80712890625,3701.39990234375,11370.9013671875,721.4000244140625,201.12301635742188
2026-04-09,6510.41650390625,1383.892578125,2039.5880126953125,1044.550048828125,1441.32568359375,431.9120788574219,7472.80078125,1317.48388671875,9384.9228515625,1766.19287109375,897.7314453125,165.94000244140625,1836.2899169921875,297.3500061035156,5385.31103515625,1532.498046875,1213.02001953125,448.1135559082031,1884.48486328125,423.900634765625,5928.0546875,555.9698486328125,1204.262939453125,7073.42822265625,282.3354187011719,152.22000122070312,1052.27685546875,2731.9892578125,1250.765380859375,1422.855224609375,784.72119140625,589.1004028320312,5207.40283203125,980.5348510742188,2111.720458984375,1270.58837890625,1761.91015625,9.119999885559082,813.2327880859375,1303.395263671875,140.41848754882812,294.9642028808594,1202.791259765625,371.259033203125,3858.512451171875,3133.889404296875,743.9478759765625,13453.8818359375,2323.020751953125,1222.82177734375,84.44000244140625,378.6499938964844,288.6000061035156,5452.16357421875,298.1000061035156,1323.87890625,1904.0,1022.5189819335938,23927.8046875,3206.7421875,1712.611572265625,1068.954833984375,201.0537109375,2540.436279296875,1424.5792236328125,4425.279296875,3727.10009765625,11219.001953125,737.0,200.5792236328125
2026-04-10,6752.0712890625,1416.4044189453125,2085.867431640625,1085.3499755859375,1469.1085205078125,443.0071716308594,7502.76611328125,1349.759033203125,9677.30859375,1807.657470703125,918.9013061523438,168.07000732421875,1846.758056640625,299.3500061035156,5466.45947265625,1580.5791015625,1218.0726318359375,428.3772277832031,1916.5074462890625,430.1199645996094,6091.380859375,562.537353515625,1224.4349365234375,7347.0625,290.70684814453125,154.0800018310547,1066.8731689453125,2734.082763671875,1275.3428955078125,1409.5484619140625,797.1161499023438,602.00439453125,5387.25732421875,986.9512939453124,2133.59814453125,1310.848876953125,1779.244384765625,9.25,829.556396484375,1265.12353515625,141.69711303710938,296.1810607910156,1207.8621826171875,373.9044494628906,3921.59619140625,3225.923095703125,759.7755737304688,13572.6884765625,2265.95068359375,1243.3233642578125,85.06999969482422,380.1499938964844,286.5,5408.31591796875,302.75,1343.9859619140625,1923.199951171875,1047.8131103515625,24276.896484375,3371.930419921875,1650.57421875,1084.5230712890625,202.4352264404297,2476.94970703125,1403.72119140625,4490.26611328125,3839.89990234375,11357.181640625,745.1500244140625,202.5665435791016
2026-04-13,6721.556640625,1402.3856201171875,2128.048583984375,1085.449951171875,1459.1505126953125,438.8278503417969,7507.76025390625,1352.556884765625,9679.7734375,1786.775390625,893.457763671875,166.72999572753906,1847.64697265625,292.95001220703125,5497.443359375,1506.608154296875,1199.8436279296875,429.3640441894531,1893.5777587890625,419.3102111816406,6045.07177734375,561.352294921875,1228.1116943359375,6976.9384765625,287.2187805175781,153.7100067138672,1048.86279296875,2704.574462890625,1267.5816650390625,1388.3741455078125,781.7699584960938,616.9012451171875,5170.93896484375,973.1732177734376,2105.781005859375,1339.8046875,1775.4586181640625,9.25,817.5758056640625,1249.756103515625,139.83370971679688,290.72955322265625,1197.3226318359375,371.259033203125,3916.050537109375,3186.734375,749.6717529296875,12945.982421875,2255.627685546875,1220.2342529296875,85.80999755859375,386.25,287.54998779296875,5358.78759765625,300.3500061035156,1309.0474853515625,1914.4000244140625,1044.7188720703125,24237.0,3327.150390625,1647.881103515625,1081.1517333984375,202.21966552734372,2426.2197265625,1399.0428466796875,4424.78076171875,3738.10009765625,11271.921875,752.5499877929688,200.6781005859375
2026-04-15,6765.35986328125,1422.9664306640625,2143.441650390625,1096.050048828125,1505.455322265625,451.7638244628906,7633.1142578125,1354.4554443359375,9728.09375,1824.243408203125,907.5709838867188,173.77000427246094,1832.6357421875,310.45001220703125,5561.87060546875,1549.9912109375,1215.5958251953125,430.0547790527344,1924.0189208984373,427.7013244628906,6152.13037109375,580.1660766601562,1210.1258544921875,7054.1298828125,285.87335205078125,156.1199951171875,1074.1961669921875,2732.88623046875,1278.8255615234375,1409.6455078125,796.72265625,638.1754760742188,5210.85205078125,1006.200927734375,2135.875,1336.829833984375,1850.971923828125,9.4399995803833,838.741455078125,1277.6524658203125,143.9371337890625,294.0393981933594,1211.6405029296875,381.7409362792969,4036.87060546875,3222.6572265625,752.110595703125,13156.865234375,2346.39404296875,1250.58837890625,87.16999816894531,392.6000061035156,287.6000061035156,5469.50341796875,312.45001220703125,1337.9140625,1971.0,1052.528076171875,24900.27734375,3558.613037109375,1692.1651611328125,1085.0189208984375,204.5025787353516,2506.975830078125,1446.2169189453125,4507.41015625,3783.300048828125,11549.2607421875,766.0499877929688,207.3815460205078
2026-04-16,6775.69580078125,1434.4998779296875,2202.715087890625,1118.9000244140625,1543.2958984375,455.7938537597656,7544.2177734375,1348.5599365234375,9688.6484375,1828.33984375,900.3652954101562,174.17999267578125,1817.7235107421875,307.95001220703125,5494.49267578125,1569.28369140625,1219.0633544921875,427.0450134277344,1954.3612060546875,422.0743103027344,6267.654296875,582.38818359375,1213.703125,7057.09912109375,283.43170166015625,158.9199981689453,1069.8914794921875,2708.861328125,1284.6962890625,1408.5770263671875,782.5077514648438,629.2572631835938,5084.70751953125,1034.5032958984375,2117.561279296875,1334.2515869140625,1879.5633544921875,9.529999732971191,846.5289306640625,1291.2579345703125,142.91622924804688,295.35357666015625,1207.961669921875,378.4965515136719,4079.949462890625,3188.812744140625,741.0113525390625,13202.4072265625,2378.045654296875,1251.384521484375,87.16000366210938,390.7999877929688,282.75,5481.4619140625,312.25,1337.1177978515625,1974.699951171875,1048.255126953125,25044.900390625,3546.373291015625,1688.67431640625,1093.348388671875,206.4327850341797,2528.56298828125,1453.234619140625,4446.80859375,3757.199951171875,11589.4404296875,782.8499755859375,207.88577270507807
2026-04-17,6919.4091796875,1423.960693359375,2217.30859375,1127.300048828125,1566.796875,456.73919677734375,7690.0478515625,1358.0526123046875,9637.86328125,1837.3321533203125,902.700927734375,174.47000122070312,1823.9451904296875,312.1000061035156,5641.54345703125,1578.3800048828125,1229.2677001953125,432.9659118652344,2081.462890625,437.1784057617188,6203.4189453125,594.2887573242188,1227.9129638671875,7114.99267578125,292.7498474121094,157.82000732421875,1097.847412109375,2712.05126953125,1299.92041015625,1400.90380859375,786.8853759765625,614.2606811523438,5154.67822265625,1033.60791015625,2218.237060546875,1335.540771484375,1884.44482421875,9.609999656677246,852.5192260742188,1290.7685546875,144.59130859375,298.6634216308594,1233.216552734375,382.9388732910156,4056.47900390625,3166.9423828125,753.8526000976562,13319.234375,2397.912841796875,1279.4495849609375,89.77999877929688,393.6000061035156,284.04998779296875,5427.6484375,318.1000061035156,1358.7178955078125,1970.9000244140625,1061.1231689453125,25224.43359375,3689.768310546875,1671.120361328125,1103.8594970703125,207.83387756347656,2533.07666015625,1473.117919921875,4511.09765625,3735.800048828125,11648.240234375,787.5,202.0128631591797
2026-04-20,7045.896484375,1420.580322265625,2228.603759765625,1152.699951171875,1571.77587890625,452.6593933105469,7648.0966796875,1353.656005859375,9666.9541015625,1829.0391845703125,912.1428833007812,175.42999267578125,1823.1551513671875,316.04998779296875,5606.625,1568.6839599609375,1218.0726318359375,435.9263610839844,2104.19482421875,436.0431213378906,6254.20947265625,589.005126953125,1224.83251953125,7167.9384765625,293.3478088378906,157.6999969482422,1093.2952880859375,2751.5283203125,1295.6417236328125,1387.3056640625,782.5077514648438,607.58447265625,5205.92431640625,1009.981201171875,2209.03076171875,1344.862060546875,1869.4019775390625,9.470000267028809,850.5723266601562,1284.7977294921875,145.5725555419922,296.9111633300781,1267.22119140625,378.5464782714844,4011.815185546875,3188.1201171875,757.2371826171875,13316.263671875,2353.89306640625,1280.245849609375,88.9000015258789,398.0,283.3500061035156,5306.7685546875,319.70001220703125,1357.0257568359375,1982.5,1088.2344970703125,25423.916015625,3690.863037109375,1664.23828125,1110.9991455078125,207.4419708251953,2531.212646484375,1466.295166015625,4498.23974609375,3761.89990234375,11678.6201171875,771.0,200.19363403320312
2026-04-21,7141.376953125,1429.7274169921875,2225.005126953125,1150.0,1587.409912109375,454.0027465820313,7734.99560546875,1376.6383056640625,9657.0927734375,1849.821533203125,933.1139526367188,176.1300048828125,1831.944580078125,318.04998779296875,5741.87255859375,1588.5760498046875,1221.044677734375,437.3078918457031,2082.055908203125,446.2112121582031,6260.18505859375,600.016845703125,1212.9080810546875,7165.46435546875,294.7430419921875,160.77000427246094,1113.33447265625,2769.073486328125,1322.2093505859375,1399.8353271484375,798.5425415039062,612.0186767578125,5182.76513671875,1016.3480224609376,2287.43310546875,1376.79296875,1833.0400390625,9.550000190734863,855.01513671875,1285.385009765625,146.0086669921875,301.4378356933594,1272.2921142578125,381.4913635253906,4035.97900390625,3213.552978515625,759.0289306640625,13327.154296875,2355.8408203125,1373.2984619140625,88.47000122070312,396.2000122070313,283.1000061035156,5311.4521484375,319.3500061035156,1347.07177734375,1911.5999755859373,1092.1636962890625,25473.78515625,3703.5009765625,1660.84716796875,1132.4178466796875,207.72610473632807,2561.532958984375,1462.786376953125,4465.048828125,3752.699951171875,11798.1796875,766.7999877929688,202.695068359375
2026-04-22,7468.177734375,1438.0791015625,2259.78955078125,1198.949951171875,1581.9329833984375,458.62982177734375,7653.0908203125,1378.536865234375,9468.7431640625,1841.3287353515625,929.0390014648438,176.52000427246094,1806.2677001953125,314.3999938964844,5635.6416015625,1564.9853515625,1224.8094482421875,438.2947082519531,2093.61962890625,454.1087341308594,6259.68701171875,603.0784301757812,1209.330810546875,7155.0732421875,295.440673828125,166.1199951171875,1127.683349609375,2767.97705078125,1342.0106201171875,1248.4100341796875,786.8853759765625,601.9047241210938,5113.77978515625,1034.5032958984375,2344.9482421875,1356.166748046875,1822.0816650390625,9.539999961853027,868.6929321289062,1241.729736328125,146.0582275390625,297.3978881835937,1256.1846923828125,376.2005310058594,3982.20458984375,3116.967041015625,768.9834594726562,13204.3876953125,2270.138427734375,1389.1224365234375,88.58999633789062,405.3999938964844,283.6499938964844,5055.740234375,319.75,1355.8311767578125,1884.800048828125,1083.76513671875,25668.28125,3825.50146484375,1665.435302734375,1168.710693359375,208.7254943847656,2490.883544921875,1425.5538330078125,4440.03125,3660.699951171875,11949.099609375,757.0,201.69647216796875
2026-04-23,7456.85791015625,1414.9130859375,2298.97216796875,1214.1500244140625,1596.1729736328125,448.1815490722656,7771.95263671875,1368.5445556640625,9417.9580078125,1791.0716552734375,912.7391967773438,173.89999389648438,1818.3160400390625,309.79998779296875,5578.591796875,1542.7940673828125,1293.7625732421875,444.7090148925781,2125.14794921875,454.1087341308594,6352.30517578125,585.44970703125,1322.6124267578125,7018.998046875,294.39422607421875,164.9600067138672,1131.0478515625,2726.50634765625,1254.049072265625,1240.9310302734375,771.5883178710938,596.52392578125,4959.0556640625,1035.9456787109375,2342.572265625,1336.730712890625,1803.053955078125,9.579999923706056,858.958740234375,1214.32275390625,144.19483947753906,297.20318603515625,1249.8211669921875,369.7616271972656,4014.88525390625,3016.027099609375,775.3543090820312,13029.1474609375,2217.54833984375,1403.7520751953125,87.30999755859375,402.25,286.25,5047.66845703125,319.1499938964844,1337.21728515625,1828.0999755859373,1074.875244140625,25403.966796875,3845.503173828125,1675.708251953125,1174.462158203125,206.64833068847656,2474.496826171875,1385.494873046875,4441.9248046875,3513.0,11923.619140625,735.5999755859375,200.4704742431641
2026-04-24,7213.72607421875,1404.5728759765625,2286.57763671875,1235.800048828125,1578.4476318359375,448.9776306152344,7723.5087890625,1364.847412109375,9443.1044921875,1769.1903076171875,915.9196166992188,174.6699981689453,1791.9478759765625,308.1000061035156,5636.62548828125,1567.584228515625,1282.9638671875,449.9884948730469,2146.002197265625,445.3227233886719,6335.375,579.77099609375,1308.800048828125,7037.80126953125,292.0024108886719,165.61000061035156,1078.5504150390625,2730.79296875,1232.4566650390625,1191.040283203125,772.0802001953125,586.1110229492188,4889.57763671875,1042.909423828125,2303.8662109375,1315.1129150390625,1765.3968505859375,9.520000457763672,846.5787963867188,1130.144287109375,142.2025909423828,293.6013488769531,1248.528564453125,370.2108459472656,3975.47021484375,3006.82373046875,779.7342529296875,12918.26171875,2118.99072265625,1414.50048828125,89.29000091552734,401.8500061035156,284.79998779296875,4730.86865234375,316.3999938964844,1321.6890869140625,1768.9000244140625,1081.60400390625,24885.31640625,3790.2744140625,1616.164306640625,1164.1494140625,205.8253173828125,2351.939453125,1324.0906982421875,4395.57666015625,3488.199951171875,11758.0,720.9500122070312,197.1088714599609
2026-04-27,7314.12841796875,1431.51708984375,2320.762451171875,1229.699951171875,1621.66552734375,458.2318115234375,7815.9013671875,1323.179443359375,9527.9111328125,1770.68896484375,916.1680908203124,181.8699951171875,1797.478271484375,312.6499938964844,5623.83837890625,1560.087158203125,1304.95751953125,446.5346374511719,2116.05517578125,446.2112121582031,6450.400390625,585.1040649414062,1326.09033203125,7099.6533203125,293.048828125,165.74000549316406,1077.9071044921875,2769.572021484375,1267.7806396484375,1215.78759765625,776.9496459960938,595.1787109375,4969.89599609375,1056.2896728515625,2304.856201171875,1303.114013671875,1763.802978515625,9.6899995803833,898.6943969726562,1145.5118408203125,144.9679412841797,295.7916564941406,1275.3743896484375,376.1505737304688,4014.39013671875,3070.15869140625,783.4174194335938,13090.53125,2205.76416015625,1410.5196533203125,90.41999816894533,410.2000122070313,285.8999938964844,4800.82568359375,320.8999938964844,1359.51416015625,1815.4000244140625,1092.1636962890625,25059.861328125,3837.144287109375,1728.96875,1150.7625732421875,208.9606475830078,2401.6884765625,1360.73828125,4427.2724609375,3552.60009765625,11769.759765625,742.5,202.734619140625
2026-04-28,7173.8603515625,1431.0198974609375,2411.32177734375,1249.949951171875,1630.7274169921875,456.5401611328125,7743.98486328125,1288.0067138671875,9363.7216796875,1777.4832763671875,918.0068359375,178.64999389648438,1820.8837890625,307.75,5569.24755859375,1535.7967529296875,1294.35693359375,460.8434753417969,2100.439208984375,444.3848876953125,6406.08349609375,580.6104736328125,1346.063720703125,6998.2158203125,289.610595703125,165.67999267578125,1080.6285400390625,2774.357177734375,1265.8900146484375,1183.9130859375,769.817626953125,588.0541381835938,4994.53369140625,1068.724853515625,2266.44677734375,1281.1988525390625,1765.09814453125,9.949999809265137,884.1179809570312,1127.697265625,144.1056365966797,296.3757629394531,1274.2806396484375,377.2986145019531,3998.643798828125,3056.00732421875,777.29541015625,12763.8125,2211.0234375,1433.1109619140625,90.9000015258789,406.8500061035156,301.29998779296875,4786.8740234375,319.0,1382.5078125,1808.300048828125,1071.9775390625,24825.470703125,3808.584716796875,1742.732666015625,1138.0699462890625,210.7046813964844,2398.8427734375,1372.434326171875,4402.5537109375,3495.89990234375,11580.62109375,739.2999877929688,199.3038024902344
2026-04-29,7150.728515625,1428.33544921875,2424.815673828125,1244.800048828125,1654.1287841796875,452.3608703613281,7700.0361328125,1295.4010009765625,9411.0556640625,1762.69580078125,924.3179931640624,198.3000030517578,1864.6331787109373,303.8999938964844,5615.4775390625,1552.690185546875,1305.353759765625,473.5734252929688,2107.654052734375,450.1599731445313,6507.16650390625,587.0792846679688,1321.4200439453125,7114.99267578125,283.7804870605469,165.66000366210938,1078.6988525390625,2794.494384765625,1246.2877197265625,1188.0706787109375,766.3253784179688,592.2890014648438,5040.35986328125,1061.6614990234375,2291.095947265625,1270.290771484375,1763.902587890625,10.289999961853027,912.2723999023438,1142.7711181640625,142.91622924804688,307.86279296875,1272.3914794921875,381.3416442871094,4056.47900390625,3119.540283203125,775.75244140625,13125.18359375,2191.93505859375,1458.5885009765625,91.7300033569336,401.2999877929688,301.3999938964844,4789.166015625,320.3500061035156,1418.83984375,1816.199951171875,1067.655517578125,24491.33984375,3758.33154296875,1774.050537109375,1158.19970703125,211.51791381835935,2428.280029296875,1422.8248291015625,4425.279296875,3553.89990234375,11596.30078125,773.5999755859375,198.41395568847656
2026-04-30,7145.8759765625,1413.9188232421875,2407.323486328125,1227.1500244140625,1650.3447265625,442.0121154785156,7627.62060546875,1267.3226318359375,9855.3037109375,1745.7103271484375,931.2752685546876,199.72000122070312,1863.349365234375,300.45001220703125,5632.19921875,1562.286376953125,1297.4281005859375,475.1029968261719,2071.777099609375,435.8456726074219,6475.7958984375,579.7216186523438,1314.5634765625,7035.3271484375,285.9730224609375,163.22999572753906,1055.98779296875,2785.821533203125,1234.44677734375,1186.9818115234375,759.1441650390625,584.815673828125,5025.08447265625,1032.6131591796875,2228.2353515625,1252.8380126953125,1756.530517578125,10.220000267028809,914.5686645507812,1156.768310546875,140.99337768554688,306.548583984375,1257.2783203125,382.6393737792969,3975.173095703125,3065.3095703125,771.4720458984375,13181.6162109375,2217.256103515625,1451.6219482421875,90.37000274658205,399.1499938964844,299.54998779296875,4783.38623046875,318.3500061035156,1424.215087890625,1819.0,1049.5321044921875,24132.2734375,3789.577880859375,1803.5732421875,1134.9959716796875,207.0892333984375,2427.4951171875,1436.1778564453125,4370.85791015625,3492.89990234375,11354.2412109375,271.54998779296875,198.38429260253903
2026-05-01,7145.8759765625,1413.9188232421875,2407.323486328125,1227.1500244140625,1650.3447265625,442.0121154785156,7627.62060546875,1267.3226318359375,9855.3037109375,1745.7103271484375,931.2752685546876,199.72000122070312,1863.349365234375,300.45001220703125,5632.19921875,1562.286376953125,1297.4281005859375,475.1029968261719,2071.777099609375,435.8456726074219,6475.7958984375,579.7216186523438,1314.5634765625,7035.3271484375,285.9730224609375,163.22999572753906,1055.98779296875,2785.821533203125,1234.44677734375,1186.9818115234375,759.1441650390625,584.815673828125,5025.08447265625,1032.6131591796875,2228.2353515625,1252.8380126953125,1756.530517578125,10.220000267028809,914.5686645507812,1156.768310546875,140.99337768554688,306.548583984375,1257.2783203125,382.6393737792969,3975.173095703125,3065.3095703125,771.4720458984375,13181.6162109375,2217.256103515625,1451.6219482421875,90.37000274658205,399.1499938964844,299.54998779296875,4783.38623046875,318.3500061035156,1424.215087890625,1819.0,1049.5321044921875,24132.2734375,3789.577880859375,1803.5732421875,1134.9959716796875,207.0892333984375,2427.4951171875,1436.1778564453125,4370.85791015625,3492.89990234375,11354.2412109375,271.54998779296875,198.38429260253903
2026-05-04,7152.30029296875,1390.15625,2484.589111328125,1290.699951171875,1735.2867431640625,443.1066589355469,7728.5029296875,1274.1173095703125,9991.388671875,1768.890625,944.3945922851562,206.75999450683597,1804.3912353515625,301.70001220703125,5697.60986328125,1638.8563232421875,1322.592041015625,473.6227722167969,2147.583251953125,439.9425354003906,6592.3154296875,599.6712036132812,1279.08837890625,7253.046875,288.16552734375,164.47999572753906,1061.33154296875,2847.13037109375,1250.367431640625,1188.36767578125,766.7189331054688,586.2604370117188,4993.0556640625,1037.2886962890625,2286.04736328125,1260.1761474609375,1750.15478515625,10.520000457763672,912.4221801757812,1143.652099609375,141.00328063964844,302.8493957519531,1259.3663330078125,371.0094604492188,4061.13330078125,3074.216064453125,780.9785766601562,13444.9716796875,2217.158935546875,1450.129150390625,89.08999633789062,400.0499877929688,292.8999938964844,4771.52783203125,319.04998779296875,1456.3663330078125,1820.0999755859373,1049.4830322265625,24675.859375,3815.3515625,1818.7333984375,1150.6634521484375,207.9514617919922,2385.6943359375,1434.325927734375,4348.73046875,3495.5,11522.80078125,294.6499938964844,198.4831695556641
2026-05-05,7242.73583984375,1384.5885009765625,2460.899658203125,1331.4000244140625,1717.7606201171875,430.9667663574219,7762.962890625,1258.729248046875,9906.58203125,1793.0699462890625,952.7432861328124,206.44000244140625,1783.65234375,298.5,5738.921875,1656.749267578125,1321.3040771484375,466.3696594238281,2153.513427734375,454.6517028808594,6623.68603515625,589.8939208984375,1263.189208984375,7225.83203125,291.6037902832031,163.6999969482422,1090.029541015625,2862.582275390625,1233.45166015625,1188.0706787109375,759.734375,591.9900512695312,5034.939453125,1049.2264404296875,2303.965087890625,1240.839111328125,1770.1788330078125,10.800000190734863,909.2273559570312,1153.1466064453125,140.88433837890625,303.19012451171875,1245.2474365234375,370.7099914550781,4015.28125,3177.43212890625,803.5255126953125,13292.5029296875,2152.10302734375,1470.730224609375,88.83000183105469,398.6499938964844,289.95001220703125,4799.6298828125,319.45001220703125,1456.864013671875,1821.199951171875,1041.133544921875,24780.587890625,3827.790283203125,1816.04052734375,1143.8214111328125,207.050048828125,2381.76953125,1415.417236328125,4359.2958984375,3534.39990234375,11723.7001953125,303.8999938964844,197.5241241455078
2026-05-06,7098.9287109375,1405.865478515625,2539.164794921875,1353.0,1740.962890625,444.6987915039063,7751.4765625,1293.20263671875,10175.79296875,1834.5345458984373,974.7579345703124,208.8800048828125,1810.9091796875,314.04998779296875,5688.265625,1711.2279052734375,1351.7188720703125,464.0013122558594,2131.967529296875,460.2787170410156,6674.4765625,602.0413818359375,1302.738525390625,7234.73876953125,292.0024108886719,165.67999267578125,1082.7066650390625,2905.747802734375,1251.06396484375,1177.0828857421875,783.58984375,604.196533203125,5095.05517578125,1040.3726806640625,2293.768798828125,1268.8033447265625,1803.053955078125,11.300000190734863,945.2190551757812,1142.4774169921875,146.90072631835938,302.4599914550781,1266.028076171875,375.9509582519531,3969.726318359375,3266.496826171875,811.0908813476562,13585.5595703125,2160.57568359375,1478.9903564453125,89.18000030517578,394.8500061035156,280.79998779296875,4996.6455078125,315.95001220703125,1431.2823486328125,1859.0,1076.5943603515625,24910.25,3823.013671875,1845.3636474609373,1142.5322265625,211.1161956787109,2389.71728515625,1429.550048828125,4345.341796875,3617.89990234375,11851.099609375,316.3999938964844,196.8715667724609
2026-05-07,7104.36474609375,1406.4620361328125,2512.57666015625,1365.0,1725.5279541015625,448.4303283691406,7827.88720703125,1291.7037353515625,10457.82421875,1822.9444580078125,966.8068237304688,207.6300048828125,1803.8974609375,307.6000061035156,5718.7578125,1688.5367431640625,1349.638427734375,460.4980773925781,2141.752197265625,463.9806823730469,6674.974609375,611.1766967773438,1299.35986328125,7251.5625,296.0386047363281,167.25999450683594,1025.8052978515625,2951.40576171875,1262.6064453125,1171.4404296875,783.0979614257812,623.178955078125,5265.54736328125,1050.22119140625,2249.32080078125,1268.3074951171875,1843.201416015625,11.229999542236328,945.418701171875,1138.07275390625,145.59237670898438,299.2474975585937,1276.0704345703125,378.7461242675781,3984.0859375,3335.67041015625,828.3619384765625,13633.08203125,2135.839111328125,1468.938720703125,90.13999938964844,400.3500061035156,283.8999938964844,4966.74951171875,313.79998779296875,1429.590087890625,1872.199951171875,1072.6651611328125,25528.642578125,3852.568603515625,1829.60498046875,1142.036376953125,212.70346069335935,2356.35498046875,1411.5185546875,4293.412109375,3706.699951171875,11903.0400390625,305.3999938964844,195.13145446777344
2026-05-08,6930.90673828125,1383.892578125,2504.780029296875,1355.800048828125,1753.0120849609375,442.1116027832031,8087.5849609375,1267.3226318359375,10562.845703125,1816.749755859375,949.5131225585938,206.1100006103516,1811.6993408203125,302.75,5429.57373046875,1673.4427490234375,1334.4805908203125,450.3832092285156,2171.7978515625,481.4540100097656,6682.94140625,600.7081298828125,1285.7462158203125,7226.82177734375,296.2379455566406,166.49000549316406,1031.544921875,2959.380859375,1248.974365234375,1186.2889404296875,768.145263671875,619.4920654296875,5244.85205078125,1038.97998046875,2264.664794921875,1254.226318359375,1821.08544921875,11.239999771118164,949.2125854492188,1154.2232666015625,143.4118194580078,299.29620361328125,1270.50244140625,380.1436767578125,3936.05517578125,3295.7890625,827.5157470703125,13589.51953125,2156.387939453125,1475.30810546875,88.80000305175781,402.1499938964844,279.20001220703125,5095.90087890625,313.95001220703125,1428.5947265625,1872.0999755859373,1001.2523193359376,25369.05859375,3803.90771484375,1843.0697021484373,1166.330810546875,210.156005859375,2349.486083984375,1425.9437255859375,4494.2529296875,3695.199951171875,11710.9599609375,296.45001220703125,195.6752471923828
2026-05-11,6313.1787109375,1350.0882568359375,2499.08251953125,1387.699951171875,1759.883056640625,434.051513671875,8072.6025390625,1271.319580078125,10448.4560546875,1792.6702880859375,930.3310546875,201.22999572753903,1737.9278564453125,294.45001220703125,5321.86767578125,1623.8621826171875,1292.7718505859375,458.3271179199219,2114.078369140625,467.3865051269531,6686.42724609375,582.9313354492188,1271.83447265625,7127.85791015625,291.45428466796875,162.50999450683594,1000.373046875,2974.932373046875,1223.8992919921875,1182.82421875,751.2251586914062,620.488525390625,5152.70703125,1018.1884155273438,2283.968505859375,1255.8128662109375,1821.6832275390625,12.18000030517578,920.8085327148438,1152.0699462890625,139.12997436523438,297.7386169433594,1255.38916015625,380.3932495117188,3902.0869140625,3212.167236328125,838.7145385742188,13348.935546875,2143.7275390625,1474.810546875,86.79000091552734,392.9500122070313,281.0,5080.45458984375,310.8999938964844,1381.81103515625,1884.4000244140625,956.3615112304688,25139.654296875,3587.96875,1867.8048095703125,1260.33544921875,207.7946929931641,2348.014404296875,1420.485595703125,4191.84521484375,3613.699951171875,11628.640625,298.3999938964844,194.4591217041016
2026-05-12,6254.865234375,1339.2508544921875,2404.125,1308.0,1681.114990234375,424.8470764160156,8013.171875,1259.12890625,10252.7109375,1743.3125,898.6756591796875,196.07000732421875,1734.965087890625,287.8500061035156,5246.62060546875,1560.3870849609375,1280.2889404296875,456.945556640625,2100.439208984375,467.1890563964844,6616.71484375,562.142333984375,1261.996826171875,7052.15087890625,283.830322265625,160.35000610351562,1024.5394287109375,2893.984619140625,1184.9932861328125,1134.220458984375,738.2399291992188,599.6627197265625,5008.82373046875,1035.9954833984375,2239.2236328125,1229.93115234375,1776.0565185546875,11.890000343322754,891.4061889648438,1116.1473388671875,136.4340057373047,292.7252197265625,1245.1480712890625,375.35198974609375,3819.196533203125,3142.993896484375,826.2216796875,13041.0283203125,2090.45556640625,1461.5740966796875,86.62000274658203,392.7000122070313,294.5,4860.2197265625,306.29998779296875,1357.722412109375,1833.9000244140625,957.3438110351562,24795.548828125,3556.921142578125,1840.8753662109373,1242.4864501953125,207.71630859375,2257.151611328125,1357.619384765625,4042.036865234375,3561.0,11285.6416015625,305.04998779296875,187.42941284179688
2026-05-13,6231.638671875,1358.539306640625,2496.883544921875,1366.699951171875,1730.5069580078125,436.24066162109375,7995.19287109375,1254.7322998046875,10119.583984375,1727.426025390625,890.6748657226562,194.8800048828125,1766.9622802734375,297.1000061035156,5248.587890625,1573.9818115234375,1315.2608642578125,456.1560974121094,2109.630859375,457.1690368652344,6768.09033203125,567.031005859375,1257.3265380859375,6899.251953125,279.09649658203125,163.30999755859375,1024.837890625,2936.452392578125,1193.2520751953125,1131.646728515625,737.4037475585938,600.6591796875,4922.591796875,1067.531005859375,2244.47021484375,1225.2703857421875,1797.37548828125,12.829999923706056,891.0567626953125,1099.3115234375,140.43832397460938,296.3757629394531,1267.6190185546875,376.9991149902344,3877.923095703125,3079.461181640625,829.6062622070312,12972.71484375,2089.189453125,1461.8726806640625,91.11000061035156,390.4500122070313,297.1499938964844,4828.23046875,301.5,1352.54638671875,1837.5,952.9234619140624,24930.19921875,3514.927734375,1820.0301513671875,1224.6375732421875,215.1823272705078,2230.167236328125,1340.1727294921875,4077.321044921875,3527.199951171875,11341.501953125,323.3500061035156,185.6793975830078
2026-05-14,6354.19580078125,1370.2713623046875,2711.6875,1414.9000244140625,1765.95751953125,441.7135620117188,8109.5595703125,1253.6331787109375,10305.9609375,1738.71630859375,906.5770874023438,199.0399932861328,1860.09033203125,295.0,5284.490234375,1566.4847412109375,1423.3468017578125,448.0641784667969,2121.590087890625,458.79791259765625,6893.0751953125,576.0181274414062,1295.3851318359375,6961.1044921875,279.2958374023437,162.61000061035156,1027.62255859375,2929.573486328125,1204.794677734375,1112.6407470703125,757.0291748046875,610.37451171875,5003.4033203125,1097.5743408203125,2226.057373046875,1235.5833740234375,1841.9063720703125,12.970000267028809,906.431884765625,1071.8067626953125,139.0209503173828,299.0528259277344,1289.4932861328125,382.5395812988281,3902.284912109375,3140.91552734375,831.1989135742188,12944.9931640625,2059.87548828125,1452.6171875,93.20999908447266,396.2999877929688,300.8999938964844,4612.77880859375,301.75,1355.5325927734375,1866.699951171875,962.5499877929688,24960.12109375,3675.737548828125,1858.32958984375,1217.9937744140625,216.66183471679688,2203.8701171875,1309.3731689453125,4121.67578125,3460.800048828125,11458.12109375,338.8999938964844,186.1737518310547
2026-05-15,6306.75439453125,1354.9600830078125,2714.7861328125,1379.0,1787.56640625,431.6135559082031,8073.10205078125,1243.8408203125,10233.4814453125,1726.6265869140625,904.887451171875,194.4600067138672,1881.7181396484373,284.45001220703125,5317.44140625,1545.6929931640625,1418.78955078125,456.1067810058594,2134.833740234375,461.7101440429688,6732.736328125,559.7227172851562,1328.2764892578125,6941.80615234375,280.3422241210937,162.1300048828125,1033.489990234375,2924.68896484375,1203.6004638671875,1121.15380859375,755.0125122070312,606.5382080078125,4991.08447265625,1061.9600830078125,2249.32080078125,1234.095947265625,1828.2581787109373,12.949999809265137,884.9666748046875,1095.2984619140625,133.29200744628906,301.2431640625,1271.4967041015625,386.3829345703125,3871.188720703125,3090.643798828125,837.3209838867188,13089.541015625,2028.808349609375,1423.6563720703125,91.41000366210938,395.25,299.3500061035156,4685.8251953125,305.8500061035156,1330.24951171875,1864.5,963.2000122070312,24905.263671875,3570.355224609375,1873.2904052734373,1223.6458740234375,212.45851135253903,2221.532470703125,1335.7867431640625,4155.46484375,3466.800048828125,11257.2216796875,331.04998779296875,187.85455322265625
2026-05-18,6338.8759765625,1351.7784423828125,2688.597900390625,1369.0,1780.1973876953125,428.0312805175781,8011.173828125,1236.946044921875,10056.9658203125,1751.6053466796875,915.4723510742188,190.33999633789065,1914.01171875,280.79998779296875,5292.35888671875,1527.3001708984375,1412.9443359375,456.0080871582031,2126.13623046875,450.5054931640625,6806.93017578125,566.0433959960938,1322.8111572265625,6841.3583984375,282.9832458496094,160.22000122070312,1008.8263549804688,2934.657958984375,1188.8740234375,1135.0123291015625,756.143798828125,602.801513671875,4885.14306640625,1047.634765625,2231.502197265625,1240.6407470703125,1806.1422119140625,12.859999656677246,890.7073364257812,1118.3006591796875,130.64559936523438,301.924560546875,1285.416748046875,391.1247253417969,3879.903564453125,3051.653076171875,829.95458984375,12886.5791015625,2092.403564453125,1424.8505859375,90.13999938964844,388.2999877929688,297.20001220703125,4926.98779296875,296.54998779296875,1329.7518310546875,1860.4000244140625,939.4000244140624,24411.546875,3517.8134765625,1900.818359375,1220.671142578125,205.4725799560547,2240.3720703125,1393.7796630859375,4156.06298828125,3291.0,11329.7412109375,327.0,190.0000457763672
2026-05-19,6255.359375,1351.480224609375,2723.7822265625,1377.800048828125,1755.4019775390625,429.57366943359375,8016.66748046875,1237.3458251953125,10063.375,1748.3082275390625,917.9074096679688,191.2100067138672,1889.7174072265625,286.45001220703125,5327.76904296875,1510.806640625,1396.6968994140625,450.9259948730469,2162.80419921875,447.0009460449219,6883.6142578125,570.24072265625,1326.785888671875,6811.17431640625,285.62420654296875,156.1199951171875,1016.3845825195312,2926.08447265625,1201.21240234375,1167.48095703125,750.044677734375,608.232177734375,4934.91064453125,1042.8597412109375,2210.41650390625,1230.4268798828125,1815.9051513671875,13.520000457763672,893.8023071289062,1171.5484619140625,133.8074188232422,302.0705871582031,1277.860107421875,381.291748046875,3883.07275390625,3060.163818359375,827.6651000976562,12827.17578125,2162.5234375,1424.5521240234375,89.0199966430664,389.3999938964844,296.5,5048.7646484375,298.6000061035156,1316.6124267578125,1881.4000244140625,948.7999877929688,24361.67578125,3533.5361328125,1877.3797607421875,1200.73974609375,205.06106567382807,2283.448974609375,1429.93994140625,4088.584228515625,3283.39990234375,11140.6025390625,337.6499938964844,192.96617126464844
2026-05-20,6528.14794921875,1343.824462890625,2703.59130859375,1363.199951171875,1765.1607666015625,428.13079833984375,8069.1064453125,1248.8369140625,10317.3017578125,1770.4892578125,917.4601440429688,192.1499938964844,1881.224365234375,293.75,5256.94873046875,1518.3037109375,1386.4925537109375,452.6529235839844,2159.937744140625,445.1252746582031,6864.69189453125,576.0675048828125,1313.56982421875,6778.51611328125,288.9129638671875,155.63999938964844,1017.2796630859376,2961.873046875,1201.8094482421875,1157.9779052734375,747.1427001953125,602.9509887695312,4895.9833984375,1079.8665771484375,2187.05419921875,1226.9561767578125,1778.0489501953125,13.579999923706056,895.6992797851562,1168.4161376953125,136.820556640625,299.3935241699219,1275.8714599609375,382.5395812988281,3872.872314453125,3089.7529296875,834.6332397460938,12873.708984375,2169.82763671875,1413.30615234375,88.4800033569336,392.4500122070313,298.29998779296875,5066.5029296875,299.8999938964844,1353.442138671875,1864.199951171875,950.9000244140624,24356.689453125,3678.32470703125,1875.385009765625,1198.55810546875,202.8271331787109,2283.7431640625,1402.5516357421875,4092.9697265625,3361.89990234375,11180.7822265625,333.75,194.89414978027344
2026-05-21,6521.2294921875,1352.9715576171875,2696.39453125,1358.199951171875,1785.7740478515625,434.30029296875,8298.8388671875,1252.334228515625,10518.9638671875,1750.7060546875,902.1046142578124,191.0800018310547,1861.8680419921875,296.3999938964844,5245.63720703125,1503.4095458984375,1388.870361328125,454.1331481933594,2139.676513671875,441.1271667480469,6829.8359375,580.6598510742188,1310.191162109375,6820.57568359375,282.7839050292969,155.89999389648438,1011.7103881835938,3144.703369140625,1203.699951171875,1156.39404296875,746.7984008789062,612.1681518554688,4897.4619140625,1093.5950927734375,2157.059326171875,1232.41015625,1794.1876220703125,13.619999885559082,898.4947509765625,1156.180908203125,139.28855895996094,299.8802490234375,1273.982421875,380.1936340332031,3890.5,3066.7939453125,828.063232421875,12880.638671875,2169.438232421875,1399.771240234375,88.16000366210938,388.7999877929688,295.8500061035156,5001.62841796875,299.54998779296875,1343.388671875,1859.9000244140625,950.9000244140624,24541.2109375,3702.406494140625,1886.3563232421875,1184.8740234375,204.36541748046875,2283.546875,1384.032958984375,4069.74609375,3380.699951171875,11244.4814453125,329.75,197.4845733642578
2026-05-22,6611.6650390625,1352.1761474609375,2716.085693359375,1362.300048828125,1779.40087890625,434.2007751464844,8352.7763671875,1284.409423828125,10403.09375,1764.494384765625,910.9501953125,194.6100006103516,1848.1407470703125,295.6000061035156,5244.16162109375,1539.195556640625,1386.1953125,450.53125,2131.769775390625,445.2733459472656,6858.716796875,579.4253540039062,1298.96240234375,6909.1484375,286.22216796875,160.77000427246094,1021.8543701171876,3145.5009765625,1200.9000244140625,1152.236572265625,754.3239135742188,614.41015625,4894.01220703125,1103.443603515625,2181.411865234375,1253.73046875,1819.292236328125,13.729999542236328,908.67822265625,1149.622802734375,138.23793029785156,293.6986999511719,1278.158447265625,383.4879150390625,3926.60009765625,3049.278076171875,820.6969604492188,12857.8681640625,2164.373779296875,1416.291748046875,87.8499984741211,388.6499938964844,290.0,4953.0966796875,294.29998779296875,1348.26611328125,1870.699951171875,949.2000122070312,24720.744140625,3793.060791015625,1839.7783203125,1181.800048828125,204.9630889892578,2273.83251953125,1386.1771240234375,4066.456787109375,3417.5,11337.58203125,329.95001220703125,200.8165283203125
2026-05-25,6676.40283203125,1374.347900390625,2848.42626953125,1411.0999755859375,1795.333740234375,439.773193359375,8394.228515625,1310.189453125,10345.40625,1805.8590087890625,936.1453247070312,196.97000122070312,1851.49853515625,308.25,5239.7353515625,1590.3753662109375,1400.7587890625,451.9621276855469,2072.56787109375,441.4726867675781,6728.75244140625,584.9559326171875,1323.0098876953125,7337.166015625,288.2651672363281,168.6699981689453,1014.7933959960938,3161.75048828125,1203.800048828125,1153.9193115234375,774.0476684570312,617.798095703125,4906.82421875,1093.8934326171875,2174.383056640625,1281.0006103515625,1847.2860107421875,14.039999961853027,924.6024169921876,1143.75,142.6783447265625,295.8890075683594,1282.0361328125,392.1729431152344,4033.39990234375,3106.37841796875,819.6019287109375,13039.0478515625,2185.409912109375,1406.8372802734375,90.19000244140624,390.0499877929688,284.95001220703125,5020.5625,295.3500061035156,1360.7086181640625,1901.9000244140625,969.5999755859376,25289.265625,3649.566162109375,1835.7886962890625,1187.199951171875,205.97227478027344,2295.61328125,1399.1402587890625,4145.59716796875,3469.5,11491.44140625,332.5,204.50439453125
2026-05-26,6724.83251953125,1404.4735107421875,2967.972900390625,1457.4000244140625,1803.5987548828125,447.4850158691406,8248.8974609375,1298.298828125,10445.990234375,1799.1646728515625,924.5167846679688,200.3999938964844,1823.9451904296875,304.6000061035156,5250.55517578125,1566.6846923828125,1404.3253173828125,452.1101379394531,2052.899658203125,441.8675537109375,6725.26708984375,582.4868774414062,1319.531982421875,7299.56005859375,289.2119445800781,167.6300048828125,1026.1307373046875,3155.1708984375,1201.0,1150.15771484375,766.22705078125,616.6521606445312,4910.76611328125,1098.0716552734375,2187.153076171875,1268.4066162109375,1853.2633056640625,14.140000343322754,930.7924194335938,1142.966796875,141.12222290039062,293.6499938964844,1286.212158203125,387.9801635742188,4037.800048828125,3075.0078125,826.2216796875,13076.669921875,2206.15380859375,1421.7655029296875,90.66999816894533,389.7000122070313,287.5,5088.1279296875,292.54998779296875,1350.0579833984375,1883.199951171875,968.5,25114.71875,3659.218505859375,1835.98828125,1187.5999755859375,206.21722412109372,2263.78759765625,1421.752685546875,4092.47119140625,3454.89990234375,11390.5009765625,344.8999938964844,201.4295196533203
2026-05-27,7135.00390625,1418.3929443359375,2971.771484375,1489.9000244140625,1816.843017578125,457.4855041503906,8262.880859375,1303.094970703125,10658.5,1807.5576171875,925.4609985351562,205.8300018310547,1829.1793212890625,307.1499938964844,5248.09619140625,1578.5799560546875,1405.0186767578125,456.945556640625,2063.07958984375,439.7451171875,6769.58447265625,586.5361328125,1310.6881103515625,7342.1142578125,287.9163513183594,169.0,1038.6614990234375,3160.1552734375,1211.0,1153.42431640625,746.3065185546875,607.4349975585938,5001.43212890625,1143.7333984375,2176.263916015625,1262.0601806640625,1843.5999755859373,14.18000030517578,930.7924194335938,1135.3321533203125,142.66844177246094,291.95001220703125,1301.822509765625,388.0300903320313,4047.5,3089.1591796875,830.00439453125,13231.119140625,2174.599609375,1420.6707763671875,92.27999877929688,398.1499938964844,274.04998779296875,5080.75341796875,300.1499938964844,1344.2845458984375,1864.5,967.7999877929688,25334.1484375,3859.733154296875,1839.4791259765625,1204.5999755859375,210.36175537109372,2271.744140625,1418.731201171875,4124.36669921875,3384.60009765625,11455.181640625,354.70001220703125,199.3038024902344
2026-05-28,7135.00390625,1418.3929443359375,2971.771484375,1489.9000244140625,1816.843017578125,457.4855041503906,8262.880859375,1303.094970703125,10658.5,1807.5576171875,925.4609985351562,205.8300018310547,1829.1793212890625,307.1499938964844,5248.09619140625,1578.5799560546875,1405.0186767578125,456.945556640625,2063.07958984375,439.7451171875,6769.58447265625,586.5361328125,1310.6881103515625,7342.1142578125,287.9163513183594,169.0,1038.6614990234375,3160.1552734375,1211.0,1153.42431640625,746.3065185546875,607.4349975585938,5001.43212890625,1143.7333984375,2176.263916015625,1262.0601806640625,1843.5999755859373,14.18000030517578,930.7924194335938,1135.3321533203125,142.66844177246094,291.95001220703125,1301.822509765625,388.0300903320313,4047.5,3089.1591796875,830.00439453125,13231.119140625,2174.599609375,1420.6707763671875,92.27999877929688,398.1499938964844,274.04998779296875,5080.75341796875,300.1499938964844,1344.2845458984375,1864.5,967.7999877929688,25334.1484375,3859.733154296875,1839.4791259765625,1204.5999755859375,210.36175537109372,2271.744140625,1418.731201171875,4124.36669921875,3384.60009765625,11455.181640625,354.70001220703125,199.3038024902344
2026-05-29,7168.6083984375,1391.2501220703125,2936.087158203125,1475.4000244140625,1797.0264892578125,445.6441345214844,8166.99267578125,1285.6085205078125,10460.0,1782.079345703125,902.700927734375,208.3000030517578,1806.2677001953125,298.1000061035156,5119.2421875,1537.09619140625,1387.9786376953125,451.8634338378906,2035.89990234375,437.7213439941406,6639.6201171875,583.2769775390625,1295.2857666015625,7102.6220703125,287.9662170410156,164.50999450683594,1023.64453125,3112.703125,1176.800048828125,1171.83642578125,732.4359130859375,592.6875610351562,4831.92578125,1120.852783203125,2131.816162109375,1245.896484375,1792.199951171875,13.989999771118164,912.8713989257812,1136.3109130859375,139.00112915039062,286.8999938964844,1270.7012939453125,383.537841796875,4076.5,3013.94921875,817.95947265625,12996.4755859375,2212.094482421875,1414.699462890625,87.98999786376953,386.8999938964844,265.3999938964844,5176.3212890625,290.54998779296875,1315.119384765625,1830.0999755859373,964.4000244140624,25209.47265625,3825.202880859375,1794.4969482421875,1178.4000244140625,203.8167266845703,2246.58203125,1446.314453125,4061.57275390625,3355.699951171875,11252.322265625,352.6000061035156,201.9436492919922
2026-06-01,6945.73193359375,1352.1761474609375,2908.099609375,1446.9000244140625,1776.0150146484375,432.7579040527344,8099.07177734375,1274.916748046875,10376.0,1757.400390625,883.6182250976562,207.13999938964844,1788.0963134765625,296.8500061035156,5073.01220703125,1492.3138427734375,1377.378173828125,466.3696594238281,1990.0999755859373,419.162109375,6526.58642578125,572.8577880859375,1282.268310546875,7026.9150390625,287.2187805175781,163.74000549316406,1003.4559936523438,3092.96484375,1143.199951171875,1183.022216796875,730.6160278320312,584.4668579101562,4750.0302734375,1135.3770751953125,2063.31298828125,1229.3360595703125,1747.9000244140625,13.949999809265137,899.6928100585938,1177.02978515625,137.5738525390625,279.6499938964844,1291.97900390625,376.7495422363281,4010.800048828125,2939.33251953125,802.0322875976562,12817.275390625,2250.173583984375,1385.1416015625,92.37000274658205,378.7000122070313,264.29998779296875,5383.302734375,286.1499938964844,1313.9249267578125,1812.5,954.0999755859376,24995.03125,3693.15185546875,1791.8040771484375,1143.300048828125,206.31521606445312,2284.8720703125,1504.1123046875,4011.437255859375,3344.39990234375,11007.322265625,337.1499938964844,204.0792694091797
2026-06-02,7062.85302734375,1362.0191650390625,2966.773681640625,1449.4000244140625,1806.885009765625,437.1860046386719,8080.09375,1250.1358642578125,10281.0,1739.915283203125,876.6112670898438,206.3300018310547,1791.651611328125,294.3999938964844,5033.17578125,1482.2178955078125,1366.4803466796875,465.9255981445313,1998.800048828125,420.0505981445313,6506.17041015625,584.511474609375,1265.9716796875,7067.490234375,292.0522155761719,164.8300018310547,993.6104125976562,3087.980224609375,1174.5999755859375,1230.93310546875,736.0757446289062,577.8405151367188,4804.33154296875,1140.3511962890625,2072.6181640625,1216.3455810546875,1746.5,14.15999984741211,911.0244140625,1243.8831787109375,137.6035919189453,283.25,1303.31396484375,378.3966979980469,4000.89990234375,2967.140625,807.2584228515625,12892.51953125,2325.35791015625,1392.008544921875,95.30999755859376,367.3999938964844,265.04998779296875,5451.5654296875,282.1499938964844,1308.5498046875,1801.699951171875,956.6500244140624,24930.19921875,3711.4619140625,1785.2213134765625,1154.699951171875,206.3446044921875,2433.556884765625,1531.59814453125,4064.762451171875,3366.89990234375,10941.6630859375,333.54998779296875,207.47052001953125
2026-06-03,7112.271484375,1343.1285400390625,2924.29248046875,1427.5,1796.22998046875,424.8470764160156,8280.8603515625,1254.232666015625,10259.0,1732.9212646484375,871.4430541992188,207.6199951171875,1801.4285888671875,292.1000061035156,4981.0439453125,1470.0225830078125,1362.4183349609375,466.0736083984375,2018.5999755859373,412.4985656738281,6549.49169921875,574.3391723632812,1255.339111328125,7056.109375,300.0249938964844,163.86000061035156,981.0796508789062,3091.9677734375,1156.4000244140625,1167.0849609375,741.3878784179688,572.3600463867188,4770.7255859375,1132.989501953125,2069.549560546875,1231.6168212890625,1740.800048828125,14.850000381469728,898.4947509765625,1196.7039794921875,136.16639709472656,277.0,1305.4019775390625,380.3433532714844,3953.199951171875,2979.8076171875,807.5570678710938,12914.30078125,2228.748046875,1384.843017578125,96.04000091552734,366.7999877929688,267.75,5079.8564453125,285.04998779296875,1307.15625,1784.199951171875,970.4500122070312,24710.76953125,3691.460205078125,1783.824951171875,1144.0,207.6085357666016,2229.475830078125,1435.00830078125,4075.42724609375,3316.89990234375,10878.943359375,328.20001220703125,201.79534912109372
2026-06-04,7072.73681640625,1343.029052734375,2971.471435546875,1423.300048828125,1783.384033203125,424.2500305175781,8239.408203125,1252.334228515625,10362.0,1708.34228515625,869.0577392578125,205.44000244140625,1796.293212890625,295.1499938964844,5006.61767578125,1485.4166259765625,1385.699951171875,475.3003540039063,2004.4000244140625,419.2114562988281,6569.40966796875,570.6356811523438,1259.5125732421875,7036.31640625,299.0782470703125,167.5500030517578,989.9307861328124,3093.86181640625,1166.4000244140625,1156.4931640625,741.9288940429688,571.7123413085938,4811.525390625,1119.758544921875,2058.462158203125,1241.2357177734375,1732.9000244140625,14.93000030517578,901.7394409179688,1175.855224609375,137.72251892089844,280.29998779296875,1293.6693115234375,380.8424987792969,3942.10009765625,2984.755615234375,813.1315307617188,12934.1025390625,2255.4326171875,1376.2841796875,94.6999969482422,366.3999938964844,267.54998779296875,5103.7734375,284.6000061035156,1297.699951171875,1764.9000244140625,979.25,24421.521484375,3668.87109375,1775.4468994140625,1149.300048828125,206.31521606445312,2228.77978515625,1449.6282958984375,4217.162109375,3362.5,10777.0234375,327.5,202.0128631591797
2026-06-05,7084.10302734375,1322.14990234375,3046.837646484375,1525.699951171875,1816.544189453125,415.4933471679688,8294.84375,1271.319580078125,10342.0,1701.747802734375,883.9661254882812,205.8699951171875,1775.8504638671875,295.0,5036.6181640625,1502.6097412109375,1401.300048828125,466.0736083984375,1999.5,418.7178649902344,6595.80078125,570.5369873046875,1270.1451416015625,6996.73095703125,303.11444091796875,167.39999389648438,992.5164794921876,3078.11083984375,1150.5,1143.0303955078125,734.8952026367188,573.2568359375,4764.91162109375,1086.9298095703125,2100.138427734375,1251.548828125,1758.0,14.949999809265137,903.3368530273438,1172.1357421875,137.0386199951172,280.70001220703125,1276.6669921875,376.7994995117188,3953.199951171875,3008.902099609375,806.9597778320312,12920.2412109375,2269.16455078125,1379.568359375,92.9000015258789,361.6499938964844,264.75,5021.06103515625,285.6499938964844,1291.0,1782.800048828125,977.7000122070312,24022.55859375,3682.703369140625,1777.5413818359375,1130.9000244140625,202.5919952392578,2186.9091796875,1445.924560546875,4246.26708984375,3383.89990234375,10693.7236328125,315.6000061035156,196.13003540039065
2026-06-08,6877.04052734375,1312.10791015625,2968.672607421875,1490.5,1797.4248046875,413.2544250488281,8348.78125,1267.1226806640625,10231.0,1673.1722412109375,865.77783203125,202.91000366210935,1790.7628173828125,285.1499938964844,4995.30615234375,1455.4283447265625,1387.9000244140625,458.7711486816406,2005.5,414.3742370605469,6494.2197265625,554.3402709960938,1267.5615234375,6976.9384765625,303.5629272460937,168.60000610351562,991.52197265625,3040.627685546875,1140.300048828125,1139.6649169921875,726.6319580078125,562.5449829101562,4706.27392578125,1056.886474609375,2088.853271484375,1239.748291015625,1738.4000244140625,14.399999618530272,893.6026000976562,1162.4453125,134.40213012695312,279.45001220703125,1253.5,376.4500732421875,3875.5,2935.17626953125,805.3172607421875,12783.61328125,2273.15771484375,1392.2076416015625,89.58999633789062,362.3999938964844,264.6499938964844,5047.46923828125,290.29998779296875,1263.300048828125,1764.4000244140625,981.9500122070312,23473.984375,3606.27880859375,1784.1241455078125,1107.0,198.6238250732422,2139.668212890625,1465.320556640625,4178.6884765625,3317.60009765625,10579.064453125,304.25,179.7075958251953
2026-06-09,6850.35498046875,1317.0791015625,2978.568115234375,1534.5,1818.735107421875,413.9509887695313,8514.0888671875,1291.404052734375,10184.0,1691.656494140625,881.4813842773438,206.94000244140625,1776.6405029296875,289.1000061035156,5023.8310546875,1494.8128662109375,1376.5,460.7447814941406,2023.4000244140625,420.6922607421875,6725.26708984375,568.0186157226562,1260.50634765625,7128.35302734375,314.02716064453125,167.58999633789062,1007.6329345703124,3085.88671875,1150.5,1134.7154541015625,726.3367919921875,558.6090087890625,4785.015625,1071.1123046875,2111.32470703125,1264.3409423828125,1777.699951171875,14.140000343322754,921.3077392578124,1155.300048828125,136.90977478027344,280.0,1254.4942626953125,381.0421752929688,3900.60009765625,2959.02587890625,809.4981689453125,12989.544921875,2279.390380859375,1403.652587890625,90.04000091552734,355.6499938964844,259.0,5000.6318359375,285.70001220703125,1269.199951171875,1769.0999755859375,1002.7000122070312,23354.294921875,3602.099365234375,1774.3497314453125,1106.5,199.07452392578125,2139.2705078125,1446.2169189453125,4091.474609375,3358.0,10692.744140625,306.25,179.61862182617188
2026-06-10,6721.86767578125,1308.6280517578125,2929.7900390625,1483.0,1813.5567626953125,407.7815246582031,8478.6298828125,1313.487060546875,10144.0,1662.7811279296875,878.6984252929688,199.75999450683597,1753.1363525390625,288.0,5086.291015625,1472.0218505859375,1377.0,445.0544128417969,2056.300048828125,422.41986083984375,6611.2373046875,556.2167358398438,1263.68603515625,7144.681640625,310.0408020019531,168.00999450683594,1021.9537963867188,3061.662109375,1155.5,1120.658935546875,734.698486328125,547.5982666015625,4786.296875,1033.906494140625,2147.655029296875,1282.488037109375,1732.199951171875,13.880000114440918,882.5206298828125,1145.300048828125,135.67080688476562,283.6499938964844,1262.548095703125,387.4311218261719,3917.5,2921.816650390625,816.1676635742188,12943.0126953125,2237.805419921875,1431.419189453125,88.44999694824219,351.6499938964844,251.8999938964844,4910.943359375,287.20001220703125,1258.800048828125,1728.699951171875,1003.25,23788.16796875,3565.1806640625,1781.73046875,1108.0,195.28271484375,2142.154541015625,1441.4410400390625,4028.880126953125,3334.89990234375,10648.6435546875,299.29998779296875,176.9095458984375
2026-06-11,6640.82177734375,1296.199951171875,2907.5,1454.5,1779.5999755859375,404.0499877929688,8483.125,1316.284912109375,10114.0,1643.6973876953125,865.231201171875,193.8999938964844,1760.4443359375,286.3500061035156,5029.2412109375,1454.328857421875,1383.300048828125,440.3177185058594,2028.5999755859373,416.29925537109375,6628.16748046875,556.0192260742188,1267.958984375,7105.09619140625,308.69537353515625,166.08999633789062,1003.3565673828124,3079.9052734375,1129.0,1098.980224609375,732.485107421875,543.3135375976562,4766.09423828125,1018.9842529296876,2118.254150390625,1305.9898681640625,1712.4000244140625,14.170000076293944,887.5125122070312,1114.5999755859375,133.05413818359375,282.3999938964844,1274.9766845703125,392.6720886230469,3862.0,2969.71337890625,807.1090698242188,12967.763671875,2218.32763671875,1415.6947021484375,88.47000122070312,351.8500061035156,252.6000061035156,4857.13037109375,286.6499938964844,1263.0,1719.0999755859375,1000.7000122070312,23638.556640625,3504.777587890625,1789.510009765625,1108.5999755859375,193.9600067138672,2123.95458984375,1427.9906005859375,4012.03515625,3287.39990234375,10613.3642578125,304.8999938964844,175.36717224121094
2026-06-12,6691.72216796875,1336.5999755859375,2921.60009765625,1485.699951171875,1812.9000244140625,423.1000061035156,8488.119140625,1355.2548828125,10063.0,1687.659912109375,912.6895141601562,204.6000061035156,1799.8485107421875,302.3500061035156,5080.880859375,1567.484375,1389.4000244140625,437.6532897949219,2079.0,420.9390563964844,6610.7392578125,579.77099609375,1267.36279296875,7236.22314453125,314.6251220703125,170.5,1027.62255859375,3095.855712890625,1154.0999755859375,1098.38623046875,759.8819580078125,553.377685546875,4890.66162109375,1016.2982177734376,2146.962158203125,1329.5909423828125,1695.699951171875,14.899999618530272,915.8665771484376,1116.4000244140625,139.6949462890625,285.1000061035156,1290.1893310546875,402.60491943359375,4049.300048828125,3011.27685546875,815.321533203125,13233.099609375,2211.12060546875,1369.1185302734375,90.93000030517578,353.8999938964844,246.1999969482422,4794.34814453125,284.79998779296875,1293.0,1706.0,1017.1500244140624,24112.32421875,3552.144775390625,1802.9747314453125,1100.699951171875,197.8600006103516,2149.61376953125,1392.9998779296875,4170.31591796875,3312.800048828125,10894.623046875,309.6499938964844,178.10589599609375
2026-06-15,6841.95361328125,1356.4000244140625,2942.5,1482.5999755859375,1804.800048828125,428.8500061035156,8458.6533203125,1367.24560546875,9943.0,1748.707763671875,936.5428466796876,210.8800048828125,1818.3160400390625,310.6000061035156,5114.32421875,1652.9508056640625,1381.300048828125,438.1960144042969,2057.699951171875,423.6538391113281,6581.3603515625,606.831298828125,1271.43701171875,7545.48486328125,316.0203552246094,175.41000366210938,1031.103271484375,3154.67236328125,1171.0999755859375,1107.98828125,764.7022094726562,579.1358642578125,4951.171875,1008.6382446289062,2134.39013671875,1316.501220703125,1734.0999755859375,14.949999809265137,931.6909790039062,1134.9000244140625,143.21359252929688,287.8999938964844,1289.0955810546875,405.0506896972656,4169.7998046875,3101.727294921875,805.96435546875,13667.734375,2249.39453125,1368.123291015625,88.47000122070312,348.1000061035156,243.6499938964844,4873.5732421875,285.70001220703125,1307.0,1759.5,1020.8499755859376,24760.638671875,3584.187255859375,1801.2791748046875,1100.4000244140625,197.27999877929688,2150.21044921875,1389.4910888671875,4269.49072265625,3459.5,11236.6416015625,302.5,179.33189392089844
2026-06-16,6939.3076171875,1349.0,2943.60009765625,1482.5,1822.0,426.0499877929688,8380.744140625,1364.6474609375,9939.0,1785.7762451171875,953.786865234375,216.7400054931641,1829.9693603515625,312.1000061035156,5132.029296875,1679.740234375,1373.199951171875,445.0050964355469,2096.89990234375,429.8731689453125,6684.93359375,621.4971313476562,1268.8533935546875,7482.14794921875,319.5084533691406,176.08999633789062,1028.81591796875,3130.547607421875,1180.199951171875,1147.2869873046875,772.1294555664062,572.3600463867188,4958.0703125,977.3016967773438,2177.748779296875,1323.145263671875,1783.5999755859375,14.619999885559082,924.5025634765624,1143.5999755859375,143.82810974121094,291.6499938964844,1267.0224609375,407.1470947265625,4186.39990234375,3105.289794921875,804.769775390625,13554.8681640625,2266.4375,1385.0419921875,88.08999633789062,355.54998779296875,248.1999969482422,4999.13720703125,285.1499938964844,1328.800048828125,1767.5999755859375,1015.2999877929688,24805.5234375,3619.115478515625,1795.9930419921875,1130.9000244140625,196.0,2187.0087890625,1410.1541748046875,4323.8125,3435.5,11163.142578125,299.95001220703125,180.6073303222656
2026-06-17,7080.64404296875,1350.0,2951.89990234375,1465.800048828125,1828.5999755859373,426.4500122070313,8417.701171875,1349.8590087890625,10042.0,1763.095458984375,952.5445556640624,213.75999450683597,1852.38720703125,317.95001220703125,5146.29150390625,1678.5406494140625,1350.800048828125,449.7417907714844,2034.199951171875,423.5057678222656,6636.134765625,615.8184204101562,1261.003173828125,7431.181640625,321.601318359375,175.02999877929688,1014.3955688476562,3140.615966796875,1196.800048828125,1155.00830078125,774.2935791015625,579.7337646484375,4943.681640625,1002.6693725585938,2175.47216796875,1325.6243896484375,1790.5,14.920000076293944,934.6860961914062,1157.699951171875,144.13536071777344,290.75,1279.8486328125,403.8028564453125,4207.7001953125,3100.341552734375,801.3355102539062,13494.474609375,2279.09814453125,1400.5675048828125,88.0,355.54998779296875,245.0,5027.53857421875,286.3500061035156,1332.699951171875,1793.5999755859375,1026.5,24905.263671875,3707.182861328125,1815.6416015625,1124.5,199.00999450683597,2210.8779296875,1425.3590087890625,4366.17333984375,3448.699951171875,11145.501953125,306.5,182.3870086669922
2026-06-18,7144.8876953125,1358.9000244140625,3013.39990234375,1506.800048828125,1842.0999755859373,430.0,8401.7197265625,1359.0518798828125,10077.0,1770.189453125,952.9917602539062,214.27999877929688,1851.49853515625,316.29998779296875,5159.07861328125,1688.2369384765625,1355.5,446.0412292480469,2027.300048828125,423.2096252441406,6739.20947265625,632.7557983398438,1259.5125732421875,7522.22802734375,319.3589782714844,176.44000244140625,1003.6549072265624,3135.332763671875,1194.4000244140625,1150.058837890625,786.0,589.2000122070312,4948.806640625,1003.2662353515624,2196.16162109375,1331.078369140625,1839.0,15.010000228881836,937.2319946289062,1127.5,144.81927490234375,291.1499938964844,1286.510498046875,402.2555541992188,4190.0,3103.904296875,817.0137939453125,13349.92578125,2275.59228515625,1393.700439453125,88.52999877929688,361.9500122070313,245.3000030517578,4923.39990234375,288.70001220703125,1328.0999755859375,1807.5999755859373,1042.699951171875,25344.123046875,3727.881103515625,1820.0301513671875,1111.4000244140625,200.5200042724609,2191.285400390625,1411.03125,4373.548828125,3457.60009765625,11201.3623046875,306.0,180.77540588378903
2026-06-19,7163.66650390625,1343.300048828125,3038.39990234375,1502.4000244140625,1835.300048828125,423.9500122070313,8479.62890625,1356.8536376953125,10066.0,1767.8914794921875,955.9237060546876,208.08999633789065,1887.051025390625,306.6000061035156,5109.89794921875,1692.7352294921875,1351.800048828125,445.3504333496094,1997.800048828125,418.0762023925781,6715.30810546875,616.7566528320312,1264.0836181640625,7532.12451171875,322.8470458984375,173.89999389648438,995.1021728515624,3139.718994140625,1176.300048828125,1120.262939453125,779.7999877929688,591.8499755859375,4902.783203125,1004.7584228515624,2172.50244140625,1335.2431640625,1870.0999755859373,14.920000076293944,945.9179077148438,1051.4000244140625,142.16293334960938,292.5,1280.3458251953125,398.5619201660156,4209.39990234375,3042.845703125,813.3306274414062,13261.810546875,2208.29638671875,1408.0316162109375,88.41999816894531,365.7999877929688,246.25,4812.2861328125,292.25,1309.5,1800.199951171875,1035.0999755859375,25009.9921875,3741.2158203125,1833.4947509765625,1111.5,198.9600067138672,2113.412353515625,1373.8963623046875,4405.4443359375,3442.89990234375,11139.6220703125,300.79998779296875,178.75843811035156
2026-06-22,7173.55029296875,1349.800048828125,3059.60009765625,1549.9000244140625,1827.199951171875,428.0,8459.15234375,1357.552978515625,10191.0,1780.680419921875,962.384033203125,208.3300018310547,1892.7789306640625,308.6000061035156,5132.029296875,1718.125244140625,1415.699951171875,443.0807800292969,1982.0,416.84222412109375,6759.62548828125,619.8181762695312,1282.56640625,7560.3291015625,322.29888916015625,177.3000030517578,1013.8983154296876,3165.339111328125,1181.300048828125,1119.0750732421875,786.4000244140625,597.1500244140625,4911.4560546875,1008.9366455078124,2162.89990234375,1341.0938720703125,1860.199951171875,14.81999969482422,919.5606079101562,1065.4000244140625,143.10455322265625,291.25,1275.076171875,401.4569091796875,4201.2998046875,3031.56396484375,808.7515869140625,13287.552734375,2220.567626953125,1395.1932373046875,88.19000244140625,367.0499877929688,245.4499969482422,4843.6767578125,289.75,1326.5,1805.5,1040.75,24930.19921875,3749.375732421875,1858.030517578125,1112.9000244140625,198.97000122070312,2116.197021484375,1398.847900390625,4358.19921875,3488.699951171875,11173.921875,305.8500061035156,178.1454315185547
2026-06-23,7075.2080078125,1329.4000244140625,2962.89990234375,1511.199951171875,1784.0,414.8500061035156,8477.630859375,1362.44921875,10025.0,1763.4952392578125,956.5200805664062,207.1199951171875,1877.96533203125,308.54998779296875,5155.14404296875,1725.222412109375,1433.0999755859375,438.4920959472656,1980.5,414.423583984375,6719.29150390625,604.7572631835938,1293.099609375,7499.466796875,318.8108215332031,173.83999633789062,1015.0917358398438,3134.53515625,1174.800048828125,1098.287353515625,774.6500244140625,597.4500122070312,4902.48779296875,981.6788330078124,2160.10009765625,1327.11181640625,1832.5,14.449999809265137,903.98583984375,1029.300048828125,141.90524291992188,290.0,1235.1055908203125,400.957763671875,4179.39990234375,3005.7353515625,817.3124389648438,13317.25390625,2185.994384765625,1385.53955078125,85.26000213623047,364.6000061035156,244.3500061035156,4819.759765625,291.95001220703125,1309.5,1786.199951171875,1024.199951171875,24970.095703125,3667.8759765625,1863.1170654296875,1103.800048828125,193.55999755859372,2048.368896484375,1379.744384765625,4291.21923828125,3456.199951171875,11080.822265625,281.70001220703125,172.5196990966797
2026-06-24,6886.43017578125,1347.0,3069.699951171875,1525.4000244140625,1813.300048828125,426.8500061035156,8563.53125,1383.43310546875,9750.0,1778.98193359375,984.8956298828124,211.75999450683597,1853.9674072265625,315.70001220703125,5176.2919921875,1792.196044921875,1437.9000244140625,435.9263610839844,1965.300048828125,418.6685180664063,6725.76513671875,610.4854125976562,1320.02880859375,7493.52880859375,324.0928039550781,174.92999267578125,1014.892822265625,3118.18603515625,1186.199951171875,1102.642822265625,793.2000122070312,591.75,4826.2099609375,971.53173828125,2157.800048828125,1362.11669921875,1821.0999755859373,14.3100004196167,926.0999755859376,1056.5999755859375,145.00759887695312,290.3500061035156,1224.16845703125,405.2503662109375,4181.7001953125,3032.652587890625,815.7197265625,13116.2724609375,2202.0634765625,1375.985595703125,85.69999694824219,357.04998779296875,240.0,4911.44140625,290.8999938964844,1313.5999755859375,1767.699951171875,1034.5999755859375,26002.412109375,3544.08447265625,1869.5003662109373,1098.0999755859375,190.16000366210935,2097.49951171875,1424.5792236328125,4309.65869140625,3440.60009765625,11201.3623046875,282.54998779296875,172.50979614257812
2026-06-25,6911.63330078125,1337.9000244140625,3038.0,1526.0999755859375,1796.0,423.75,8582.009765625,1376.138671875,9843.0,1763.095458984375,974.4100952148438,201.75999450683597,1827.6978759765625,309.75,5151.2099609375,1798.4935302734375,1440.0999755859375,429.6600646972656,1993.0,418.4710693359375,6685.92919921875,613.6456909179688,1341.989501953125,7519.25927734375,322.9466857910156,172.85000610351562,1028.915283203125,3116.89013671875,1178.300048828125,1089.576171875,796.2999877929688,585.4500122070312,4825.1259765625,948.2532348632812,2174.199951171875,1375.9005126953125,1813.5999755859373,14.0600004196167,918.9500122070312,1041.199951171875,142.61888122558594,290.0,1223.9696044921875,408.2951049804688,4216.39990234375,3149.12939453125,822.040771484375,13608.3310546875,2204.303466796875,1395.889892578125,84.94000244140625,352.04998779296875,233.1000061035156,4824.74267578125,283.8999938964844,1318.0999755859375,1744.9000244140625,1045.4000244140625,25668.28125,3610.15966796875,1857.9307861328125,1131.300048828125,188.7100067138672,2083.27734375,1400.69970703125,4277.2646484375,3569.699951171875,11259.181640625,273.45001220703125,173.02394104003906
2026-06-26,6911.63330078125,1337.9000244140625,3038.0,1526.0999755859375,1796.0,423.75,8582.009765625,1376.138671875,9843.0,1763.095458984375,974.4100952148438,201.75999450683597,1827.6978759765625,309.75,5151.2099609375,1798.4935302734375,1440.0999755859375,429.6600646972656,1993.0,418.4710693359375,6685.92919921875,613.6456909179688,1341.989501953125,7519.25927734375,322.9466857910156,172.85000610351562,1028.915283203125,3116.89013671875,1178.300048828125,1089.576171875,796.2999877929688,585.4500122070312,4825.1259765625,948.2532348632812,2174.199951171875,1375.9005126953125,1813.5999755859373,14.0600004196167,918.9500122070312,1041.199951171875,142.61888122558594,290.0,1223.9696044921875,408.2951049804688,4216.39990234375,3149.12939453125,822.040771484375,13608.3310546875,2204.303466796875,1395.889892578125,84.94000244140625,352.04998779296875,233.1000061035156,4824.74267578125,283.8999938964844,1318.0999755859375,1744.9000244140625,1045.4000244140625,25668.28125,3610.15966796875,1857.9307861328125,1131.300048828125,188.7100067138672,2083.27734375,1400.69970703125,4277.2646484375,3569.699951171875,11259.181640625,273.45001220703125,173.02394104003906
2026-06-29,7045.0625,1333.4000244140625,2962.5,1502.5,1776.0999755859375,424.25,8644.9365234375,1355.7545166015625,9630.0,1757.800048828125,976.0499877929688,202.3300018310547,1818.21728515625,300.79998779296875,5018.42138671875,1773.303466796875,1454.0999755859375,438.9855041503906,1999.199951171875,420.84033203125,6530.56982421875,607.1275634765625,1367.03076171875,7349.0419921875,322.9466857910156,172.22000122070312,1016.28515625,3070.634033203125,1156.0999755859375,1091.259033203125,798.9000244140625,583.25,4743.82177734375,958.7982177734376,2151.300048828125,1375.9996337890625,1768.0999755859375,14.43000030517578,915.4000244140624,1036.699951171875,137.9504852294922,290.70001220703125,1225.3616943359375,394.818359375,4165.2001953125,3060.8564453125,836.1264038085938,13278.6416015625,2150.1552734375,1380.6630859375,85.44999694824219,356.1000061035156,234.0500030517578,4283.6220703125,286.25,1301.0,1755.4000244140625,1036.0999755859375,25079.810546875,3555.627685546875,1869.8994140625,1112.800048828125,189.57000732421875,2086.4599609375,1397.4833984375,4263.21142578125,3456.800048828125,11109.2421875,284.54998779296875,173.49850463867188
2026-06-30,6949.19140625,1327.199951171875,3036.0,1492.199951171875,1810.199951171875,421.8500061035156,8671.9052734375,1344.6629638671875,9716.0,1780.199951171875,1004.75,204.17999267578125,1828.9818115234373,303.54998779296875,5062.1923828125,1789.0972900390625,1465.4000244140625,433.2619323730469,1997.9000244140625,416.7928771972656,6551.9814453125,612.36181640625,1348.5479736328125,7000.19482421875,328.92626953125,173.4600067138672,1004.4505004882812,3090.372802734375,1159.300048828125,1060.9683837890625,797.9500122070312,575.8499755859375,4724.80126953125,951.6355590820312,2118.199951171875,1363.7032470703125,1741.699951171875,14.460000038146973,924.2000122070312,1000.4000244140624,138.1487274169922,286.95001220703125,1219.39599609375,391.573974609375,4143.39990234375,3036.907958984375,832.4432373046875,13974.65234375,2105.16162109375,1398.4774169921875,85.16000366210938,356.6499938964844,234.8999938964844,4311.525390625,286.29998779296875,1293.9000244140625,1765.699951171875,1026.9000244140625,25184.537109375,3582.296630859375,1857.6314697265625,1075.5999755859375,188.05999755859372,2020.422119140625,1369.120361328125,4389.59619140625,3460.60009765625,11027.90234375,280.75,168.4659881591797
2026-07-01,6856.28515625,1332.199951171875,3143.60009765625,1535.0,1848.199951171875,418.8500061035156,8608.478515625,1367.6451416015625,9842.0,1797.5999755859375,1014.9000244140624,205.0399932861328,1847.7457275390625,304.20001220703125,5175.80029296875,1802.592041015625,1456.699951171875,429.0186462402344,2071.89990234375,439.0540466308594,6518.619140625,640.6566162109375,1331.4564208984375,7065.01611328125,330.27166748046875,174.5,1037.8658447265625,3130.647216796875,1188.800048828125,1023.7482299804688,796.1500244140625,569.9500122070312,4764.81298828125,934.8233032226562,2182.0,1368.264892578125,1757.5999755859375,14.640000343322754,941.5999755859376,985.2999877929688,138.59475708007812,290.29998779296875,1209.254150390625,399.7598571777344,4092.60009765625,3097.471923828125,847.1260986328125,14251.8681640625,2071.27001953125,1446.844970703125,84.30000305175781,357.8999938964844,234.9900054931641,4315.21240234375,287.54998779296875,1308.0,1790.9000244140625,1047.4000244140625,25852.80078125,3543.288330078125,1861.32177734375,1090.9000244140625,185.1699981689453,1971.788818359375,1327.6968994140625,4384.21435546875,3494.0,11226.841796875,275.54998779296875,168.20892333984375
2026-07-02,6781.16943359375,1350.699951171875,3177.5,1555.199951171875,1883.199951171875,428.9500122070313,8685.888671875,1361.5499267578125,9857.0,1855.699951171875,1018.4000244140624,205.1000061035156,1851.6959228515625,310.45001220703125,5285.96533203125,1787.7978515625,1456.0,433.1139221191406,2061.5,441.2752380371094,6655.056640625,650.038818359375,1337.2197265625,7174.86572265625,329.873046875,174.2899932861328,1071.28125,3159.357666015625,1186.699951171875,1067.20458984375,795.9000244140625,571.3499755859375,4796.54638671875,944.2739868164062,2210.60009765625,1388.2960205078125,1761.0,14.479999542236328,943.5,1040.9000244140625,140.36892700195312,289.8999938964844,1216.810791015625,398.61181640625,4059.39990234375,3142.39990234375,852.1033325195312,14205.3349609375,2186.7734375,1439.28125,85.56999969482422,358.25,235.9600067138672,4564.74560546875,288.20001220703125,1303.5,1784.4000244140625,1051.5999755859375,26152.0234375,3562.891845703125,1866.1092529296875,1107.199951171875,187.6699981689453,2056.82275390625,1385.300048828125,4466.4443359375,3626.800048828125,11305.2421875,276.1000061035156,172.0352325439453
2026-07-03,6869.6279296875,1393.800048828125,3212.10009765625,1556.199951171875,1874.199951171875,443.3999938964844,8883.1591796875,1341.065673828125,9785.5,1895.5999755859373,1031.4000244140625,200.6000061035156,1886.656005859375,308.1499938964844,5290.8837890625,1789.0972900390625,1458.199951171875,432.9165649414063,2047.0,438.6591796875,6729.25048828125,667.5193481445312,1365.4407958984375,7263.4384765625,326.2852783203125,174.14999389648438,1070.98291015625,3171.021240234375,1181.0999755859375,1127.4891357421875,801.0499877929688,567.7000122070312,4782.25634765625,948.2532348632812,2201.199951171875,1399.6007080078125,1772.800048828125,14.25,974.3499755859376,1047.199951171875,140.30946350097656,289.95001220703125,1223.1741943359375,396.0662231445313,4026.60009765625,3136.89990234375,834.7327270507812,14223.15625,2236.63671875,1452.8162841796875,85.4000015258789,356.45001220703125,237.83999633789065,4666.49267578125,287.8500061035156,1304.0,1788.699951171875,1040.0,26695.609375,3519.007568359375,1899.8209228515625,1116.699951171875,189.8000030517578,2082.083984375,1410.0999755859375,4446.509765625,3627.39990234375,11488.5009765625,280.3999938964844,174.09173583984375
2026-07-06,6990.70263671875,1397.0999755859375,3206.60009765625,1549.199951171875,1864.4000244140625,441.3999938964844,8878.1650390625,1338.567626953125,10036.5,1870.699951171875,1029.0999755859375,207.38999938964844,1901.7657470703125,308.1499938964844,5365.14697265625,1849.7734375,1472.300048828125,426.6502990722656,2079.60009765625,443.9900207519531,6829.337890625,664.9515991210938,1359.2799072265625,7394.0703125,329.1754150390625,175.02999877929688,1094.552734375,3203.021728515625,1181.5,1122.7376708984375,829.8499755859375,564.2000122070312,4872.7255859375,975.3120727539062,2202.0,1414.9710693359375,1785.4000244140625,14.09000015258789,1009.7999877929688,1042.199951171875,140.42840576171875,288.25,1236.0999755859375,380.642822265625,4041.0,3201.199951171875,834.2847900390625,14312.26171875,2246.959716796875,1466.649658203125,85.06999969482422,356.25,243.8999938964844,4699.4775390625,285.3999938964844,1321.300048828125,1787.699951171875,1037.699951171875,26560.9609375,3554.135009765625,1907.800048828125,1117.9000244140625,190.8699951171875,2046.3798828125,1406.5,4469.7333984375,3705.0,11427.7412109375,282.0,172.35162353515625
2026-07-07,6896.80810546875,1384.4000244140625,3107.199951171875,1519.0,1833.9000244140625,435.8999938964844,8826.724609375,1339.966552734375,10109.5,1885.300048828125,1042.5,205.1000061035156,1901.8646240234373,313.95001220703125,5357.76953125,1852.67236328125,1451.800048828125,423.2951049804688,2077.199951171875,447.6919860839844,6743.69091796875,643.0267944335938,1346.063720703125,7457.90185546875,330.421142578125,174.00999450683594,1091.17138671875,3180.990234375,1225.0,1156.39404296875,829.2999877929688,572.4500122070312,4922.986328125,964.4686279296876,2208.800048828125,1402.873046875,1794.300048828125,13.850000381469728,1022.25,1071.800048828125,140.92398071289062,288.75,1246.4000244140625,381.0421752929688,3991.89990234375,3196.39990234375,843.7913818359375,14393.4462890625,2312.60009765625,1464.7589111328125,84.3499984741211,354.20001220703125,244.17999267578125,4867.892578125,284.3500061035156,1308.4000244140625,1832.300048828125,1038.0999755859375,26640.751953125,3477.90966796875,1903.4000244140625,1125.0,189.7899932861328,2084.669921875,1447.5,4589.14208984375,3712.699951171875,11415.9814453125,275.04998779296875,171.04652404785156
2026-07-08,6692.7109375,1335.0999755859375,3046.89990234375,1504.5999755859375,1791.699951171875,421.1000061035156,8743.3212890625,1308.4908447265625,10164.0,1854.9000244140625,1010.4000244140624,196.0399932861328,1864.6331787109373,303.54998779296875,5228.423828125,1768.705322265625,1431.800048828125,423.3937683105469,2020.0999755859373,430.9590759277344,6727.2587890625,626.1388549804688,1340.4990234375,7341.61962890625,325.43817138671875,169.24000549316406,1069.292236328125,3125.064697265625,1207.800048828125,1134.0224609375,810.2999877929688,555.7000122070312,4821.87353515625,966.6074829101562,2135.800048828125,1369.05810546875,1804.199951171875,13.93000030517578,994.6500244140624,1069.300048828125,136.4141845703125,280.6499938964844,1219.5,369.462158203125,3892.10009765625,3102.5,836.2756958007812,13812.2822265625,2241.89990234375,1443.560791015625,83.73999786376953,348.70001220703125,247.0,4752.99169921875,279.70001220703125,1275.9000244140625,1789.0,1016.9000244140624,25842.826171875,3429.248779296875,1888.199951171875,1089.800048828125,188.1999969482422,2046.2803955078125,1428.800048828125,4571.39990234375,3639.699951171875,11125.90234375,272.29998779296875,170.76968383789062
2026-07-09,6740.646484375,1362.199951171875,3083.60009765625,1486.5999755859375,1800.0999755859375,428.1499938964844,8835.21484375,1296.5999755859375,10155.0,1895.0,1003.7999877929688,199.8600006103516,1907.0986328125,308.20001220703125,5273.67041015625,1791.196533203125,1441.300048828125,424.2325744628906,2063.0,437.47454833984375,6785.0205078125,651.4214477539062,1261.5,7284.71533203125,326.63409423828125,170.1999969482422,1081.42529296875,3181.9873046875,1190.800048828125,1138.77392578125,817.5499877929688,551.8499755859375,4827.49072265625,958.4500122070312,2144.5,1369.1572265625,1794.699951171875,14.039999961853027,1015.1500244140624,1050.800048828125,137.0386199951172,282.04998779296875,1225.800048828125,376.5,3886.0,3085.39990234375,856.1348876953125,13591.5,2261.300048828125,1456.199951171875,84.41999816894531,343.70001220703125,243.6499938964844,4813.1826171875,281.3500061035156,1279.800048828125,1821.699951171875,1022.0999755859376,26226.828125,3459.400390625,1938.699951171875,1106.699951171875,187.91000366210935,2038.323974609375,1426.300048828125,4555.7998046875,3626.10009765625,11293.4814453125,271.3500061035156,170.80921936035156
2026-07-10,6756.46044921875,1384.5,3157.300048828125,1536.5999755859375,1828.0999755859373,436.4500122070313,8830.7197265625,1323.699951171875,10156.0,1916.0,1020.5,210.0,1896.53173828125,309.75,5265.3095703125,1807.09033203125,1439.4000244140625,423.6404724121094,2052.39990234375,437.820068359375,6807.92626953125,677.2471923828125,1244.300048828125,7289.1689453125,328.7269592285156,173.72999572753906,1082.4197998046875,3203.6201171875,1188.4000244140625,1152.33544921875,824.9500122070312,567.7000122070312,4877.357421875,967.4500122070312,2150.60009765625,1389.48583984375,1826.199951171875,14.1899995803833,1015.7999877929688,1068.0,137.73243713378906,281.75,1245.4000244140625,376.94921875,3945.800048828125,3129.39990234375,848.6192626953125,13716.2470703125,2321.89990234375,1455.199951171875,84.91999816894531,344.54998779296875,244.9600067138672,5036.4072265625,283.1000061035156,1307.800048828125,1862.9000244140625,1036.0,26545.998046875,3479.40234375,1935.5,1111.9000244140625,191.19000244140625,2057.717529296875,1454.800048828125,4584.39990234375,3623.10009765625,11476.7412109375,272.54998779296875,173.47874450683594
2026-07-13,6727.7978515625,1378.800048828125,3177.5,1546.5,1810.300048828125,432.1499938964844,8772.2880859375,1319.4000244140625,10381.0,1908.0999755859373,1022.5999755859376,213.1499938964844,1878.1629638671875,307.54998779296875,5260.88330078125,1810.1890869140625,1426.699951171875,424.5286254882813,2025.0,433.2789611816406,6910.00537109375,673.8893432617188,1234.5,7220.8837890625,331.367919921875,173.1199951171875,1062.8280029296875,3134.53515625,1178.800048828125,1208.8583984375,817.9500122070312,573.4000244140625,4880.31396484375,966.8499755859376,2130.60009765625,1397.716552734375,1787.300048828125,13.960000038146973,1012.9000244140624,1102.5999755859375,138.71368408203125,279.6499938964844,1237.4000244140625,383.987060546875,3928.5,3160.39990234375,842.8954467773438,13558.828125,2390.39990234375,1427.0,84.12999725341797,351.75,248.4499969482422,5174.42822265625,286.0,1296.9000244140625,1855.9000244140625,1037.0,26351.50390625,3460.793701171875,1921.4000244140625,1098.5999755859375,187.1100006103516,2169.604248046875,1504.5,4601.5,3676.89990234375,11339.5419921875,269.6499938964844,176.41519165039062
2026-07-14,6811.80859375,1361.9000244140625,3188.89990234375,1604.5,1821.9000244140625,429.7999877929688,8890.150390625,1317.5999755859375,10166.0,1869.199951171875,1006.5999755859376,207.8699951171875,1912.431640625,305.3500061035156,5196.9482421875,1770.804443359375,1438.0999755859375,424.9233703613281,2008.699951171875,428.885986328125,7158.978515625,663.12451171875,1246.199951171875,7204.06005859375,326.38494873046875,171.50999450683594,1055.7669677734375,3103.63134765625,1187.300048828125,1154.9091796875,809.4000244140625,555.2000122070312,4807.58349609375,974.2999877929688,2120.199951171875,1395.9315185546875,1788.0999755859375,13.829999923706056,997.3499755859376,1092.9000244140625,135.8393096923828,275.54998779296875,1247.699951171875,377.9974060058594,3848.699951171875,3093.300048828125,844.3886108398438,13354.8759765625,2372.300048828125,1427.0999755859375,84.98999786376953,348.1499938964844,248.8999938964844,5111.34716796875,286.1499938964844,1293.0,1840.300048828125,1015.4000244140624,26211.8671875,3493.134765625,1942.5999755859373,1097.5999755859375,188.2700042724609,2188.60009765625,1484.300048828125,4573.7001953125,3608.39990234375,11266.0419921875,267.70001220703125,175.1397705078125
2026-07-15,7120.67236328125,1383.199951171875,3150.60009765625,1555.4000244140625,1829.0999755859373,435.25,8923.6123046875,1312.300048828125,10323.0,1849.5999755859373,1021.2999877929688,216.5200042724609,1894.4578857421875,309.6000061035156,5228.423828125,1803.1917724609373,1438.0,421.9135437011719,2011.800048828125,425.77630615234375,7243.13134765625,649.5943603515625,1229.5,7327.7646484375,326.43475341796875,173.14999389648438,1046.9158935546875,3076.515869140625,1177.4000244140625,1156.196044921875,815.4500122070312,568.75,4805.51416015625,955.7999877929688,2102.60009765625,1404.3604736328125,1814.5999755859373,13.670000076293944,1009.7000122070312,1076.300048828125,139.00112915039062,276.6499938964844,1226.9000244140625,377.7478332519531,3783.89990234375,3082.89990234375,840.6058959960938,13447.94140625,2339.199951171875,1424.4000244140625,84.88999938964844,344.3500061035156,247.17999267578125,5058.2314453125,280.70001220703125,1295.5,1866.4000244140625,1030.0999755859375,26855.1953125,3554.333984375,1951.5,1085.5,185.25999450683597,2189.199951171875,1498.699951171875,4579.39990234375,3612.300048828125,11575.720703125,260.54998779296875,172.67788696289062
2026-07-16,7578.28515625,1373.300048828125,3151.39990234375,1543.699951171875,1826.4000244140625,433.6000061035156,8877.6650390625,1307.5999755859375,10331.5,1838.5999755859373,1037.5999755859375,214.4199981689453,1897.914306640625,312.0,5223.505859375,1788.3975830078125,1429.5,421.7161865234375,2001.0999755859373,423.9500122070313,7285.955078125,640.0640258789062,1224.4000244140625,7341.61962890625,325.4880065917969,171.7100067138672,1051.888427734375,3063.356689453125,1170.5999755859375,1175.4000244140625,808.2999877929688,567.5999755859375,4826.998046875,959.2999877929688,2098.39990234375,1406.34375,1623.800048828125,13.890000343322754,1013.5,1082.4000244140625,140.54734802246094,279.3500061035156,1221.0,376.5,3775.60009765625,3117.800048828125,835.5291137695312,13645.953125,2352.0,1423.5,84.08000183105469,342.45001220703125,246.75,5041.78857421875,280.75,1296.5999755859375,1822.0999755859373,1031.199951171875,26930.0,3639.714599609375,1950.0999755859373,1088.5,185.4900054931641,2201.0,1510.300048828125,4625.7998046875,3563.5,11535.541015625,257.8999938964844,175.73300170898438
2026-07-17,7418.66455078125,1377.699951171875,3160.699951171875,1513.9000244140625,1837.4000244140625,438.5,8815.7373046875,1328.5,10443.0,1854.0,1056.300048828125,213.25,1885.075927734375,315.54998779296875,5323.8349609375,1804.19140625,1418.699951171875,422.0122375488281,2042.4000244140625,427.2000122070313,7217.736328125,659.519775390625,1211.199951171875,7485.11669921875,347.8117370605469,171.1999969482422,1066.0103759765625,3100.04248046875,1187.300048828125,1203.9000244140625,819.5999755859375,563.6500244140625,4838.7255859375,944.1500244140624,2143.800048828125,1432.2257080078125,1612.199951171875,13.739999771118164,1027.199951171875,1096.5,140.43832397460938,280.70001220703125,1237.300048828125,389.9500122070313,3814.5,3179.199951171875,840.157958984375,13665.75390625,2394.199951171875,1427.199951171875,83.22000122070312,341.8500061035156,247.2899932861328,5165.95751953125,283.54998779296875,1327.199951171875,1829.4000244140625,1044.300048828125,26515.0,3640.90869140625,1932.5999755859373,1088.5999755859375,185.88999938964844,2269.0,1572.9000244140625,4638.10009765625,3618.199951171875,11492.4208984375,253.0500030517578,174.0126495361328
2026-07-20,7429.53662109375,1381.4000244140625,3183.300048828125,1530.0,1844.0,437.7999877929688,8894.6455078125,1256.0,10522.5,1861.5,1064.0,211.33999633789065,1915.98681640625,317.6000061035156,5380.39306640625,1782.10009765625,1441.5999755859375,423.7391662597656,2113.10009765625,426.5,7287.94677734375,660.309814453125,1223.0999755859375,7485.11669921875,349.5557861328125,173.00999450683594,1058.949462890625,3134.03662109375,1200.300048828125,1221.300048828125,777.5999755859375,564.6500244140625,4905.54296875,947.7999877929688,2139.699951171875,1447.99267578125,1621.5999755859375,13.510000228881836,1032.8499755859375,1087.0999755859375,141.15196228027344,282.70001220703125,1257.0,382.0499877929688,3838.800048828125,3165.5,851.406494140625,13379.6279296875,2413.39990234375,1446.300048828125,83.8499984741211,347.25,249.5800018310547,5170.7412109375,288.70001220703125,1323.0999755859375,1824.5,1060.0,26850.0,3660.41259765625,1956.4000244140625,1091.9000244140625,186.41000366210935,2251.10009765625,1576.4000244140625,4643.39990234375,3590.199951171875,11664.900390625,261.8500061035156,174.3883514404297
2026-07-21,7444.36181640625,1387.800048828125,3182.699951171875,1541.9000244140625,1846.5,440.8500061035156,8916.1201171875,1258.199951171875,10403.5,1900.5999755859373,1069.199951171875,208.8300018310547,1924.1837158203125,319.3500061035156,5392.1962890625,1758.800048828125,1432.5,425.5647888183594,2092.89990234375,426.1000061035156,7299.8974609375,665.2972412109375,1206.0,7609.81103515625,354.8377380371094,173.99000549316406,1048.4075927734375,3169.9248046875,1217.5999755859375,1239.5,761.4500122070312,561.0,4961.12548828125,951.4000244140624,2142.5,1450.868408203125,1624.0,13.489999771118164,1063.449951171875,1073.5,142.0341033935547,281.0,1267.4000244140625,385.9500122070313,3846.60009765625,3201.699951171875,849.6644897460938,13461.802734375,2380.10009765625,1451.9000244140625,83.93000030517578,348.54998779296875,249.88999938964844,5200.93603515625,286.70001220703125,1303.699951171875,1827.9000244140625,1044.4000244140625,27245.0,3649.86474609375,1961.9000244140625,1081.5,187.2400054931641,2221.10009765625,1576.300048828125,4688.7001953125,3792.0,11852.080078125,264.8500061035156,172.99427795410156
2026-07-22,7418.66455078125,1359.0,3147.699951171875,1472.300048828125,1819.4000244140625,430.7999877929688,8927.607421875,1238.4000244140625,10998.5,1876.4000244140625,1060.300048828125,173.5,1924.7762451171875,314.0,5395.63916015625,1728.0,1415.0999755859375,422.7523498535156,2107.10009765625,426.5,7356.16552734375,643.421875,1182.800048828125,7552.9072265625,352.0472717285156,173.00999450683594,1062.927490234375,3156.466796875,1207.0999755859375,1237.300048828125,753.1500244140625,553.0999755859375,4914.806640625,950.0,2154.60009765625,1428.6556396484375,1583.5,13.539999961853027,1069.300048828125,1052.0999755859375,140.7753143310547,280.79998779296875,1266.9000244140625,381.1499938964844,3817.39990234375,3175.300048828125,858.7230834960938,13410.3193359375,2273.800048828125,1493.5999755859375,83.33999633789062,350.5,251.8999938964844,5081.15185546875,289.29998779296875,1288.5999755859375,1806.699951171875,1025.0,26720.0,3631.554443359375,1943.0,1094.9000244140625,186.52999877929688,2208.300048828125,1560.5999755859375,4711.60009765625,3907.60009765625,11655.1005859375,262.29998779296875,172.4702606201172
2026-07-23,7440.40869140625,1333.9000244140625,3010.0,1379.9000244140625,1778.5,423.5499877929688,8851.6953125,1223.0,11283.5,1889.4000244140625,1039.800048828125,165.83999633789062,1907.0,309.8500061035156,5299.736328125,1717.300048828125,1393.0,421.4201354980469,2085.800048828125,423.1499938964844,7275.0,634.2371826171875,1166.300048828125,7641.4794921875,353.193359375,171.99000549316406,1052.783447265625,3103.332275390625,1209.9000244140625,1244.699951171875,747.25,550.9500122070312,5098.7998046875,955.6500244140624,2161.800048828125,1422.606689453125,1619.0,13.199999809265137,1005.5,1047.4000244140625,138.6839599609375,281.29998779296875,1246.800048828125,383.3500061035156,3792.39990234375,3229.699951171875,849.3161010742188,13269.7314453125,2232.39990234375,1447.9000244140625,82.63999938964844,348.6000061035156,252.3699951171875,4984.58740234375,289.79998779296875,1272.199951171875,1853.5,1012.5999755859376,26825.0,3668.274169921875,1954.0,1107.699951171875,184.22999572753903,2242.89990234375,1555.800048828125,4697.2998046875,3919.800048828125,11669.80078125,264.6000061035156,172.84597778320312
2026-07-24,7289.68310546875,1340.9000244140625,3026.39990234375,1395.0999755859375,1768.300048828125,425.1499938964844,8795.26171875,1227.300048828125,11130.0,1876.699951171875,1012.7999877929688,165.92999267578125,1898.199951171875,310.1499938964844,5291.37548828125,1724.4000244140625,1410.5999755859375,421.7655334472656,2086.10009765625,423.2000122070313,7248.5,637.2000122070312,1151.699951171875,7548.9482421875,353.0936889648437,170.02000427246094,1053.6785888671875,3079.805419921875,1226.9000244140625,1271.0,742.7999877929688,555.0499877929688,5011.10009765625,942.7999877929688,2145.0,1420.9208984375,1661.800048828125,13.130000114440918,996.0499877929688,1040.9000244140625,137.24676513671875,283.45001220703125,1240.800048828125,384.75,3785.60009765625,3161.39990234375,851.7051391601562,13308.34375,2288.10009765625,1443.5,83.55999755859375,347.20001220703125,248.75999450683597,5182.5,288.20001220703125,1278.0,1858.5999755859373,1015.0,26740.0,3671.757080078125,1941.0999755859373,1088.0,182.6699981689453,2254.300048828125,1559.5,4677.0,3870.199951171875,11609.041015625,264.6499938964844,175.1199951171875
2026-07-27,7242.2412109375,1358.0999755859375,3036.60009765625,1399.699951171875,1770.4000244140625,430.9500122070313,8833.216796875,1227.5,11183.5,1913.0,1048.300048828125,169.42999267578125,1905.300048828125,316.25,5296.29345703125,1785.199951171875,1409.4000244140625,421.8642272949219,2136.60009765625,427.3500061035156,7414.0,650.9000244140625,1150.800048828125,7688.98193359375,355.2862243652344,174.22999572753906,1067.8004150390625,3102.734130859375,1237.4000244140625,1295.9000244140625,739.5499877929688,552.8499755859375,5113.7998046875,945.25,2174.60009765625,1433.6138916015625,1681.0,13.0600004196167,1006.6500244140624,1079.199951171875,140.2698211669922,285.8500061035156,1244.5999755859375,384.6499938964844,3806.0,3238.60009765625,854.7412719726562,13593.48046875,2332.699951171875,1446.0999755859375,83.5199966430664,350.79998779296875,238.55999755859372,5268.2001953125,288.8500061035156,1280.0,1866.800048828125,1020.5999755859376,26860.0,3699.819091796875,1973.699951171875,1107.4000244140625,184.25,2295.60009765625,1575.0,4740.10009765625,3876.39990234375,11643.3408203125,264.6499938964844,178.52999877929688
2026-07-28,7159.21875,1341.800048828125,3002.300048828125,1377.800048828125,1774.699951171875,426.0,8892.6474609375,1223.5,11374.0,1927.9000244140625,1048.4000244140625,168.83999633789062,1901.800048828125,320.04998779296875,5388.75341796875,1753.0,1444.5999755859375,404.7429504394531,2138.10009765625,424.6000061035156,7425.0,663.0499877929688,1135.5999755859375,7754.79296875,356.0336608886719,175.14999389648438,1061.0379638671875,3106.5224609375,1227.0999755859375,1318.5999755859375,735.4000244140625,558.75,5154.2998046875,936.4000244140624,2022.699951171875,1418.8385009765625,1683.800048828125,12.949999809265137,991.9500122070312,1105.699951171875,140.0319366455078,284.6499938964844,1246.9000244140625,385.2999877929688,3832.0,3271.199951171875,879.2293090820312,13664.763671875,2413.5,1491.800048828125,83.91999816894531,343.75,238.91000366210935,5428.39990234375,285.29998779296875,1267.699951171875,1889.0999755859373,1013.2000122070312,26875.0,3663.0,1976.699951171875,1082.0999755859375,182.6300048828125,2398.0,1635.199951171875,4849.7001953125,3993.5,11716.83984375,259.3500061035156,181.1199951171875
2026-07-29,7225.439453125,1370.800048828125,3024.5,1373.0999755859375,1719.699951171875,435.2999877929688,8924.6103515625,1235.4000244140625,11338.0,1924.4000244140625,1054.4000244140625,173.5800018310547,1950.199951171875,317.3999938964844,5427.11474609375,1802.9000244140625,1474.300048828125,404.6442565917969,2166.39990234375,433.7000122070313,7784.5,670.25,1142.300048828125,7698.3837890625,357.9271850585937,175.1199951171875,1070.5850830078125,3103.332275390625,1237.0,1344.300048828125,748.2000122070312,556.7000122070312,5149.10009765625,962.4500122070312,2117.800048828125,1425.879150390625,1648.800048828125,13.050000190734863,1012.2999877929688,1155.5999755859375,138.87228393554688,286.25,1276.5999755859375,390.2000122070313,3931.39990234375,3221.800048828125,874.7000122070312,13809.3125,2361.300048828125,1503.300048828125,85.8499984741211,343.5,238.30999755859372,5483.2998046875,282.8500061035156,1275.9000244140625,1894.9000244140625,1013.7000122070312,26825.0,3650.800048828125,1989.9000244140625,1096.0999755859375,187.2700042724609,2446.60009765625,1644.199951171875,4850.2001953125,4075.60009765625,11758.0,264.5,183.6100006103516
2026-07-30,7206.66015625,1356.5,3049.10009765625,1358.699951171875,1664.0999755859375,434.2000122070313,8977.548828125,1228.9000244140625,11432.0,1909.4000244140625,1053.5,172.72000122070312,1956.800048828125,315.79998779296875,5434.0,1773.800048828125,1466.4000244140625,411.7000122070313,2084.800048828125,426.1000061035156,7835.0,654.8499755859375,1144.800048828125,7830.5,352.9442138671875,173.63999938964844,1066.209228515625,3095.157958984375,1261.699951171875,1352.699951171875,753.9500122070312,545.4000244140625,5325.0,970.4000244140624,2107.89990234375,1421.91259765625,1637.9000244140625,12.869999885559082,1011.4500122070312,1155.0999755859375,138.7037811279297,285.04998779296875,1270.800048828125,389.3999938964844,3937.699951171875,3283.699951171875,885.3499755859375,14046.92578125,2346.699951171875,1520.699951171875,85.01000213623047,344.8500061035156,241.58999633789065,5514.7001953125,285.70001220703125,1292.9000244140625,1877.5,1025.300048828125,26455.0,3658.800048828125,2001.0999755859373,1094.199951171875,186.9199981689453,2431.800048828125,1669.0,4850.0,4208.39990234375,11847.0,267.5,186.3300018310547
2026-07-31,7199.74169921875,1357.4000244140625,3009.5,1383.0,1696.5,432.2000122070313,8946.5849609375,1229.5,11520.5,2029.0999755859373,1141.199951171875,174.1300048828125,1972.0,319.75,5416.5,1849.9000244140625,1473.199951171875,414.1499938964844,2076.10009765625,421.4500122070313,8056.0,659.2999877929688,1148.0999755859375,7833.5,357.6282043457031,181.44000244140625,1064.5186767578125,3091.170166015625,1260.699951171875,1346.9000244140625,748.1500244140625,548.5,5386.0,974.4500122070312,2101.300048828125,1423.4000244140625,1623.699951171875,13.010000228881836,1012.4500122070312,1130.0999755859375,138.93174743652344,281.0,1270.0,390.2999877929688,3938.89990234375,3398.5,870.6500244140625,14092.46875,2342.300048828125,1509.5999755859375,85.04000091552734,347.25,242.52999877929688,5549.0,284.25,1307.800048828125,1882.0,1027.4000244140625,26055.0,3760.0,1990.5,1083.0999755859375,189.69000244140625,2365.60009765625,1651.300048828125,4875.2001953125,4313.10009765625,11903.0,264.25,183.6499938964844
2026-08-03,7512.55908203125,1398.0,3068.0,1395.0,1701.0,444.0,8809.744140625,1272.0,11856.0,2096.0,1153.0,173.64999389648438,1970.5,329.95001220703125,5531.0,1888.199951171875,1474.4000244140625,416.0,2077.0,425.7999877929688,8585.0,668.5499877929688,1180.0,8050.0,370.4344787597656,174.3000030517578,1079.9334716796875,3249.875732421875,1285.0,1377.0,753.0,553.0999755859375,5460.0,994.9000244140624,2138.0,1460.0,1675.0,12.859999656677246,1028.9000244140625,1180.0,142.43055725097656,287.0,1292.300048828125,397.5,4025.0,3428.60009765625,880.9500122070312,14009.3037109375,2429.0,1530.0,83.80000305175781,350.8999938964844,242.0,5575.0,287.0,1319.0,1915.0,1045.0,27000.0,3900.0,1963.5,1110.0,191.0,2473.699951171875,1649.0,5000.0,4389.0,12054.0,267.25,188.66000366210935
2026-08-04,7610.4072265625,1384.699951171875,3050.0,1384.0,1706.699951171875,436.0499877929688,9039.4765625,1261.800048828125,11600.0,2105.0,1149.0,173.60000610351562,1970.0999755859373,324.0,5478.0,1875.0,1460.0,417.6000061035156,2010.0,409.6499938964844,8378.0,643.4000244140625,1172.5999755859375,7935.0,361.2159729003906,175.0,1052.3856201171875,3128.254638671875,1295.0,1369.9000244140625,742.0,535.9500122070312,5548.0,1020.0,2096.5,1454.5999755859375,1644.800048828125,12.899999618530272,1026.0,1167.5,140.34912109375,289.0,1300.0,398.0,3990.0,3433.0,875.0,14027.125,2380.0,1520.0,84.19999694824219,343.6499938964844,242.0,5499.0,283.3999938964844,1290.9000244140625,1899.0,1042.699951171875,26900.0,4000.5,1964.0,1092.0,190.9499969482422,2460.0,1648.5,4935.0,4360.0,12050.0,269.0,186.3000030517578
2026-08-05,7601.017578125,1394.0,3050.0,1380.0,1700.0,445.0,8899.6396484375,1253.9000244140625,11800.0,2086.0,1158.800048828125,170.4600067138672,1978.0,326.25,5440.0,1880.0,1458.800048828125,415.5,2040.0,414.0,8388.0,649.0999755859375,1176.0,7986.5,355.23638916015625,176.9600067138672,1063.1263427734375,3213.987548828125,1290.0,1350.0,735.0,545.0,5690.0,1040.0,2085.300048828125,1450.0999755859375,1684.0,12.800000190734863,1019.0,1174.0,142.7279052734375,286.95001220703125,1330.0,400.0,4057.0,3455.39990234375,852.0,14048.90625,2460.0,1520.0,85.80000305175781,349.8999938964844,240.1999969482422,5520.0,281.75,1280.0,1879.9000244140625,1055.0,26900.0,3980.0,1940.0,1096.300048828125,192.9900054931641,2413.0,1650.0,4912.39990234375,4455.2001953125,12190.0,277.0,186.9900054931641
2026-08-06,7645.0,1378.4000244140625,3026.0,1371.5,1695.0,436.5,8964.064453125,1256.0,11620.0,2086.0,1144.800048828125,174.66000366210938,1948.0,323.70001220703125,5404.0,1940.0,1477.0,415.6000061035156,2028.4000244140625,411.2999877929688,8349.0,642.0,1171.0,7967.5,352.34625244140625,176.39999389648438,1071.3807373046875,3210.0,1285.5,1335.0,734.2999877929688,542.5,5550.5,1027.0,2079.5,1457.5,1658.0,12.630000114440918,1016.2000122070312,1165.0,141.39974975585938,285.8999938964844,1307.9000244140625,394.0,4061.800048828125,3406.0,860.0,13940.0,2421.89990234375,1535.0,86.19999694824219,345.0,237.8000030517578,5459.5,270.75,1325.0,1861.5,1085.0,26245.0,3952.0,1951.0,1090.0,189.3000030517578,2373.0,1632.199951171875,4998.0,4375.0,12075.0,275.0,186.1199951171875
2026-08-07,7600.0,1362.800048828125,3020.0,1372.4000244140625,1693.5,434.0,8934.5986328125,1238.0,11662.0,2008.9000244140625,1078.0,176.02000427246094,1959.9000244140625,321.0,5510.0,1866.199951171875,1463.800048828125,415.25,2030.0,410.0,8275.0,642.0,1172.0,8020.0,355.0370483398437,173.6300048828125,1044.230712890625,3323.0,1288.0,1356.5999755859375,731.0,540.0,5725.0,1059.5999755859375,2096.0,1421.0,1639.0,12.729999542236328,1022.0,1175.0999755859375,142.11338806152344,286.1000061035156,1299.5,390.75,4056.0,3502.0,862.0,14037.0,2475.0,1540.0,84.91999816894531,342.5,238.8500061035156,5475.0,271.6000061035156,1334.800048828125,1855.5,1097.199951171875,26010.0,3940.10009765625,1945.0,1082.300048828125,187.5500030517578,2452.699951171875,1635.0,4941.0,4440.89990234375,12105.0,278.8500061035156,187.52999877929688
2026-08-10,7649.5,1357.5999755859375,3010.0,1369.0,1681.0,430.8500061035156,8901.6376953125,1247.300048828125,11677.0,2021.300048828125,1102.199951171875,172.6199951171875,1943.0,318.5,5623.5,1920.0,1467.699951171875,411.0,2019.5,414.2000122070313,8300.0,660.0,1158.800048828125,7975.0,357.1299133300781,172.5,1027.3240966796875,3380.5,1285.0,1357.199951171875,731.0,540.0,5860.0,1054.050048828125,2087.199951171875,1431.800048828125,1648.800048828125,12.920000076293944,1027.300048828125,1183.0,140.74557495117188,282.6499938964844,1302.0,393.5,4080.0,3517.0,863.5,14097.0,2508.0,1528.5999755859375,85.4800033569336,340.45001220703125,239.83999633789065,5474.0,270.1000061035156,1327.300048828125,1855.0,1071.0,26100.0,3914.300048828125,1944.4000244140625,1108.699951171875,190.2400054931641,2425.699951171875,1640.0,5090.0,4466.2001953125,12038.0,283.6499938964844,185.5
2026-08-11,7611.5,1339.800048828125,2995.5,1366.0,1668.199951171875,424.0,8740.3251953125,1229.800048828125,11717.0,2032.0,1093.300048828125,174.0,1915.199951171875,317.79998779296875,5598.0,1914.4000244140625,1463.0,412.6000061035156,2008.0,412.6499938964844,8578.5,650.0999755859375,1205.0,8000.0,353.34283447265625,175.33999633789062,1019.3681030273438,3322.199951171875,1274.4000244140625,1365.4000244140625,729.0,536.0,5865.5,1049.0999755859375,2064.89990234375,1429.5999755859375,1643.5,12.890000343322754,1008.9000244140624,1190.699951171875,138.76324462890625,279.0,1283.4000244140625,392.8999938964844,4037.39990234375,3460.10009765625,855.0,13990.0,2530.0,1493.199951171875,85.44999694824219,338.45001220703125,239.4499969482422,5536.0,267.95001220703125,1323.9000244140625,1837.5999755859373,1066.0,25510.0,4011.0,1942.0,1078.0,188.25,2445.699951171875,1643.0,5128.0,4400.0,11780.0,275.0,184.6000061035156
2026-08-12,7710.0,1332.800048828125,2985.699951171875,1332.300048828125,1665.0,421.0,8587.00390625,1230.0,11700.0,2020.5,1094.199951171875,176.0,1945.0,317.0,5645.5,1917.5999755859373,1463.0,409.2999877929688,2005.0,411.25,8600.0,661.75,1200.0,8049.0,355.6350402832031,177.9499969482422,905.0,3307.800048828125,1265.0,1365.4000244140625,729.0,537.0,5895.0,1078.5,2063.0,1431.699951171875,1635.0,13.5,1017.5,1176.0999755859375,139.3579559326172,276.1499938964844,1269.0999755859375,390.5,4020.0,3403.60009765625,855.0,13875.0,2537.60009765625,1507.0,85.9000015258789,339.45001220703125,239.0500030517578,5474.0,269.45001220703125,1329.0,1830.0,1082.0,25570.0,4019.0,1944.0,1061.9000244140625,186.1999969482422,2349.699951171875,1625.0,5099.0,4375.0,11891.0,275.79998779296875,183.94000244140625
2026-08-13,7710.0,1324.699951171875,2964.89990234375,1319.0,1658.0,419.3999938964844,8590.0,1221.800048828125,11661.0,2025.0,1090.800048828125,175.89999389648438,1939.0999755859373,315.0,5615.0,1927.9000244140625,1458.800048828125,410.5,1995.5,410.0,8500.0,664.0,1206.0,8100.0,351.25,175.89999389648438,936.9000244140624,3257.0,1270.0,1370.0,725.0,538.0499877929688,5850.0,1046.25,2092.0,1406.800048828125,1628.0,13.510000228881836,1024.699951171875,1175.0,140.25,278.5,1275.0,392.3999938964844,4070.699951171875,3428.199951171875,864.4500122070312,13905.0,2541.0,1506.9000244140625,85.0,344.25,239.8999938964844,5523.0,266.6000061035156,1317.0,1812.0,1083.0,25245.0,3987.0,1932.0,1090.5,184.8500061035156,2375.0,1639.0,5063.7001953125,4342.2001953125,11706.0,271.1000061035156,183.1000061035156
2026-08-14,7649.0,1321.4,3035.1,1348.0,1700.0,417.5,8920.5,1217.4,11700.0,2008.3,1087.0,174.55,1992.1,319.45,5558.0,1894.4,1450.0,407.1,1981.0,405.25,8477.0,665.0,1200.0,8066.5,351.3,174.9,934.3,3248.7,1298.0,1360.0,727.0,535.85,5790.0,1029.5,2077.0,1417.0,1630.0,14.11,1020.8,1169.2,139.4,278.2,1270.0,391.15,4057.0,3428.3,865.2,13834.0,2545.0,1499.1,84.4,340.0,236.4,5580.0,266.05,1310.0,1795.0,1067.7,24795.0,3940.0,1930.0,1079.5,183.5,2361.0,1632.8,5056.2,4307.0,11619.0,267.5,184.0
